[Simulation Monitor: 14]
[2026-09-01 06:32:49.734 Z] [PROCESS] [cadence.virtuoso.ade.simulationMonitor] - Simulation Monitor has successfully started up. Trying to set up communication channels to other components ... {"hostname": "edatools", "processid": 116468, "logfile": "/home/saul/projects/LF_BG/logs_saul/logs5/Job14.log"}
[2026-09-01 06:32:49.735 Z] [PROCESS] [cadence.virtuoso.ade.simulationMonitor] - Communication channels have been successfully set up. Start processing events ... {"hostname": "edatools", "processid": 116468, "logfile": "/home/saul/projects/LF_BG/logs_saul/logs5/Job14.log"}
[2026-09-01 06:32:49.735 Z] [PROCESS] [cadence.virtuoso.ade.simulationMonitor] - Considering to start history {"hostname": "edatools", "processid": 116468, "history": "Interactive.246", "logfile": "/home/saul/projects/LF_BG/logs_saul/logs5/Job14.log"}
[2026-09-01 06:32:49.736 Z] [PROCESS] [cadence.virtuoso.ade.simulationMonitor] - HostInfo:
Host name (type):	edatools (x86_64)
Operating system:	Linux 7.0.0-30-generic #30~24.04.1-Ubuntu SMP PREEMPT_DYNAMIC Fri Aug  7 13:27:52 UTC 2 {"hostname": "edatools", "processid": 116468, "history": "Interactive.246", "logfile": "/home/saul/projects/LF_BG/logs_saul/logs5/Job14.log", "nodename": "edatools", "domainname": "(none)", "machine": "x86_64", "sysname": "Linux", "release": "7.0.0-30-generic", "version": "#30~24.04.1-Ubuntu SMP PREEMPT_DYNAMIC Fri Aug  7 13:27:52 UTC 2"}
[2026-09-01 06:32:49.736 Z] [PROCESS] [cadence.virtuoso.ade.simulationMonitor] - UsageInfo:
pid=116468
totalPhysicalMemory=62.541851GB,Used=23.789173GB,totalVirtualMemory=70.541847GB,Used=23.789173GB
Cpu: Cores=16, Load average:0.510000,0.510000,0.480000 {"hostname": "edatools", "processid": 116468, "history": "Interactive.246", "logfile": "/home/saul/projects/LF_BG/logs_saul/logs5/Job14.log", "pid": "116468", "totalPhysicalMemory": "62.541851", "physicalMemoryUsed": "23.789173", "totalVirtualMemory": "70.541847", "virtualMemoryUsed": "23.789173", "cpuCores": "16", "processes": "2131", "loadAverage1": "0.510000", "loadAverage5": "0.510000", "loadAverage15": "0.480000", "loadAverage1Percent": "0.031875"}
[2026-09-01 06:32:49.736 Z] [EVENT] [cadence.virtuoso.ade.simulationMonitor] - NewPoint {"history": "Interactive.246", "point": 1, "testname": "OP", "cornername": "Nominal", "event": "NewPoint", "EventSource": "Simulation Monitor", "HistoryName": "Interactive.246", "logFile": "/home/saul/projects/LF_BG/logs_saul/logs5/Job14.log", "logFileSize": "2144"}
[2026-09-01 06:32:49.837 Z] [EVENT] [cadence.virtuoso.ade.simulationMonitor] - NewPoint {"history": "Interactive.246", "point": 1, "testname": "OP", "cornername": "Nominal", "event": "NewPoint", "EventSource": "spectre", "HistoryName": "Interactive.246", "logFile": "/home/saul/simulation/REF_GEN/REF_GEN_f_TB/maestro/results/maestro/Interactive.246/1/OP/psf/spectre.out", "logFileSize": "-1"}
[2026-09-01 06:32:49.855 Z] [PROCESS] [cadence.virtuoso.ade.simulationMonitor] - Simulator launched {"hostname": "edatools", "processid": 116468, "history": "Interactive.246", "testname": "OP", "cornername": "Nominal", "point": 1, "logfile": "/home/saul/projects/LF_BG/logs_saul/logs5/Job14.log", "simid": "1"}
[2026-09-01 06:32:49.857 Z] [PROCESS] [cadence.virtuoso.ade.simulationMonitor] - Expression evaluator launched {"hostname": "edatools", "processid": 116468, "history": "Interactive.246", "testname": "OP", "cornername": "Nominal", "point": 1, "logfile": "/home/saul/projects/LF_BG/logs_saul/logs5/Job14.log"}
[2026-09-01 06:32:49.902 Z] [PROCESS] [cadence.virtuoso.ade.simulationMonitor] - Started Simulation {"hostname": "edatools", "processid": 116468, "history": "Interactive.246", "testname": "OP", "cornername": "Nominal", "point": 1, "logfile": "/home/saul/projects/LF_BG/logs_saul/logs5/Job14.log", "event": "started", "task": "simulation"}
[2026-09-01 06:32:50.902 Z] [INFO] [cadence.virtuoso.ade.simulationMonitor] - Peak resident memory used = 170 Mbytes. {"history": "Interactive.246", "point": 1, "testname": "OP", "cornername": "Nominal"}
[2026-09-01 06:32:50.903 Z] [WARN] [cadence.virtuoso.ade.simulationMonitor] -     WARNING (VACOMP-1116): "/home/saul/projects/LF_BG/REF_GEN/REF_GEN_fL_2/veriloga/veriloga.va", line 240: Transition filter contains a continuous signal in the expression. Since a transition filter can only be applied to piecewise constant signals, redefine the expression to ensure that the transition filter applies only to a piecewise constant signal. {"history": "Interactive.246", "point": 1, "testname": "OP", "cornername": "Nominal"}
[2026-09-01 06:32:50.903 Z] [WARN] [cadence.virtuoso.ade.simulationMonitor] -     WARNING (VACOMP-1116): "/home/saul/projects/LF_BG/REF_GEN/REF_GEN_fL_2/veriloga/veriloga.va", line 241: Transition filter contains a continuous signal in the expression. Since a transition filter can only be applied to piecewise constant signals, redefine the expression to ensure that the transition filter applies only to a piecewise constant signal. {"history": "Interactive.246", "point": 1, "testname": "OP", "cornername": "Nominal"}
[2026-09-01 06:32:50.904 Z] [WARN] [cadence.virtuoso.ade.simulationMonitor] -     WARNING (VACOMP-1116): "/home/saul/projects/LF_BG/REF_GEN/REF_GEN_fL_2/veriloga/veriloga.va", line 242: Transition filter contains a continuous signal in the expression. Since a transition filter can only be applied to piecewise constant signals, redefine the expression to ensure that the transition filter applies only to a piecewise constant signal. {"history": "Interactive.246", "point": 1, "testname": "OP", "cornername": "Nominal"}
[2026-09-01 06:32:50.904 Z] [WARN] [cadence.virtuoso.ade.simulationMonitor] -     WARNING (VACOMP-1116): "/home/saul/projects/LF_BG/REF_GEN/REF_GEN_fL_2/veriloga/veriloga.va", line 243: Transition filter contains a continuous signal in the expression. Since a transition filter can only be applied to piecewise constant signals, redefine the expression to ensure that the transition filter applies only to a piecewise constant signal. {"history": "Interactive.246", "point": 1, "testname": "OP", "cornername": "Nominal"}
[2026-09-01 06:32:50.904 Z] [WARN] [cadence.virtuoso.ade.simulationMonitor] -     WARNING (VACOMP-1116): "/home/saul/projects/LF_BG/REF_GEN/REF_GEN_fL_2/veriloga/veriloga.va", line 248: Transition filter contains a continuous signal in the expression. Since a transition filter can only be applied to piecewise constant signals, redefine the expression to ensure that the transition filter applies only to a piecewise constant signal.
        Further occurrences of this warning will be suppressed. {"history": "Interactive.246", "point": 1, "testname": "OP", "cornername": "Nominal"}
[2026-09-01 06:32:52.406 Z] [INFO] [cadence.virtuoso.ade.simulationMonitor] - Peak resident memory used = 203 Mbytes. {"history": "Interactive.246", "point": 1, "testname": "OP", "cornername": "Nominal"}
[2026-09-01 06:32:52.407 Z] [INFO] [cadence.virtuoso.ade.simulationMonitor] - Notice from spectre during hierarchy flattening.
    The value 'psf' specified for the 'checklimitdest' option will no longer be supported in future releases. Use 'spectre -h' to see other recommended values for the 'checklimitdest' option. {"history": "Interactive.246", "point": 1, "testname": "OP", "cornername": "Nominal"}
[2026-09-01 06:32:52.407 Z] [WARN] [cadence.virtuoso.ade.simulationMonitor] -     WARNING (SPECTRE-16718): inlinesubcktcurrent option is set as `subckt', all the inline subckts will be treated as normal subckts when you access the current of their terminals. {"history": "Interactive.246", "point": 1, "testname": "OP", "cornername": "Nominal"}
[2026-09-01 06:32:52.408 Z] [WARN] [cadence.virtuoso.ade.simulationMonitor] -     WARNING (SPECTRE-8527): There are some nodes and instances removed from the netlist topology check. Check the circuit and correct the topology. Or use preserve_inst to keep them if necessary. {"history": "Interactive.246", "point": 1, "testname": "OP", "cornername": "Nominal"}
[2026-09-01 06:32:52.408 Z] [WARN] [cadence.virtuoso.ade.simulationMonitor] -     WARNING (SPECTRE-8529): Dangling instance. V9 is removed. {"history": "Interactive.246", "point": 1, "testname": "OP", "cornername": "Nominal"}
[2026-09-01 06:32:52.409 Z] [WARN] [cadence.virtuoso.ade.simulationMonitor] -     WARNING (SPECTRE-8530): Dangling node. net9 is removed. {"history": "Interactive.246", "point": 1, "testname": "OP", "cornername": "Nominal"}
[2026-09-01 06:32:52.409 Z] [INFO] [cadence.virtuoso.ade.simulationMonitor] - Peak resident memory used = 204 Mbytes. {"history": "Interactive.246", "point": 1, "testname": "OP", "cornername": "Nominal"}
[2026-09-01 06:32:52.410 Z] [INFO] [cadence.virtuoso.ade.simulationMonitor] - Notice from spectre during topology check.
    No DC path from node `VbgT' to ground, Gmin installed to provide path.
    No DC path from node `V1000' to ground, Gmin installed to provide path.
    No DC path from node `V550' to ground, Gmin installed to provide path. {"history": "Interactive.246", "point": 1, "testname": "OP", "cornername": "Nominal"}
[2026-09-01 06:32:52.411 Z] [INFO] [cadence.virtuoso.ade.simulationMonitor] - Notice from spectre during initial setup.
    Multithreading is disabled due to the size of the design being too small. {"history": "Interactive.246", "point": 1, "testname": "OP", "cornername": "Nominal"}
[2026-09-01 06:32:52.411 Z] [INFO] [cadence.virtuoso.ade.simulationMonitor] -               nodes 56 {"history": "Interactive.246", "point": 1, "testname": "OP", "cornername": "Nominal"}
[2026-09-01 06:32:52.412 Z] [INFO] [cadence.virtuoso.ade.simulationMonitor] - Notice from spectre during initial setup.
    Fast APS enabled.
    7 warnings suppressed. {"history": "Interactive.246", "point": 1, "testname": "OP", "cornername": "Nominal"}
[2026-09-01 06:32:52.412 Z] [INFO] [cadence.virtuoso.ade.simulationMonitor] - Peak resident memory used = 207 Mbytes. {"history": "Interactive.246", "point": 1, "testname": "OP", "cornername": "Nominal"}
[2026-09-01 06:32:52.412 Z] [INFO] [cadence.virtuoso.ade.simulationMonitor] -    -   (Fast APS) Multi-threading. The recommended number of threads is 1, consider adding +mt=1 on command line. {"history": "Interactive.246", "point": 1, "testname": "OP", "cornername": "Nominal"}
[2026-09-01 06:32:52.413 Z] [INFO] [cadence.virtuoso.ade.simulationMonitor] - Total time required for dc analysis `dcOp': CPU = 1.381 ms, elapsed = 5.0602 ms, util. = 27.3%. {"history": "Interactive.246", "point": 1, "testname": "OP", "cornername": "Nominal"}
[2026-09-01 06:32:52.413 Z] [INFO] [cadence.virtuoso.ade.simulationMonitor] - Peak resident memory used = 207 Mbytes. {"history": "Interactive.246", "point": 1, "testname": "OP", "cornername": "Nominal"}
[2026-09-01 06:32:52.413 Z] [INFO] [cadence.virtuoso.ade.simulationMonitor] - Time used: CPU = 270 ms, elapsed = 1.97 s, util. = 13.7%. {"history": "Interactive.246", "point": 1, "testname": "OP", "cornername": "Nominal"}
[2026-09-01 06:32:52.414 Z] [INFO] [cadence.virtuoso.ade.simulationMonitor] - Time spent in licensing: elapsed = 260 ms, percentage of total = 13.2%. {"history": "Interactive.246", "point": 1, "testname": "OP", "cornername": "Nominal"}
[2026-09-01 06:32:52.414 Z] [INFO] [cadence.virtuoso.ade.simulationMonitor] - Peak memory used = 207 Mbytes. {"history": "Interactive.246", "point": 1, "testname": "OP", "cornername": "Nominal"}
[2026-09-01 06:32:52.414 Z] [PROCESS] [cadence.virtuoso.ade.simulationMonitor] - Simulation started at: 6:32:50 AM, Tue Sep 1, 2026, ended at: 6:32:51 AM, Tue Sep 1, 2026, with elapsed time (wall clock): 1.97 s. {"history": "Interactive.246", "point": 1, "testname": "OP", "cornername": "Nominal"}
[2026-09-01 06:32:52.415 Z] [PROCESS] [cadence.virtuoso.ade.simulationMonitor] - spectre completes with 0 errors, 9 warnings, and 8 notices. {"history": "Interactive.246", "point": 1, "testname": "OP", "cornername": "Nominal"}
[2026-09-01 06:32:52.415 Z] [PROCESS] [cadence.virtuoso.ade.simulationMonitor] - Finished simulating for one point {"hostname": "edatools", "processid": 116468, "history": "Interactive.246", "testname": "OP", "cornername": "Nominal", "point": 1, "logfile": "/home/saul/projects/LF_BG/logs_saul/logs5/Job14.log", "simid": "1"}
[2026-09-01 06:32:52.415 Z] [PROCESS] [cadence.virtuoso.ade.simulationMonitor] - Simulator exited {"hostname": "edatools", "processid": 116468, "history": "Interactive.246", "testname": "OP", "cornername": "Nominal", "point": 1, "logfile": "/home/saul/projects/LF_BG/logs_saul/logs5/Job14.log", "exitStatus": "0"}
[2026-09-01 06:32:52.415 Z] [PROCESS] [cadence.virtuoso.ade.simulationMonitor] - Finished Simulation {"hostname": "edatools", "processid": 116468, "history": "Interactive.246", "testname": "OP", "cornername": "Nominal", "point": 1, "logfile": "/home/saul/projects/LF_BG/logs_saul/logs5/Job14.log", "simid": "1"}
[2026-09-01 06:32:53.422 Z] [PROCESS] [cadence.virtuoso.ade.simulationMonitor] - Point Finished {"hostname": "edatools", "processid": 116468, "history": "Interactive.246", "testname": "OP", "cornername": "Nominal", "point": 1, "logfile": "/home/saul/projects/LF_BG/logs_saul/logs5/Job14.log"}
[2026-09-01 06:33:15.703 Z] [PROCESS] [cadence.virtuoso.ade.simulationMonitor] - Started History {"hostname": "edatools", "processid": 116468, "history": "Interactive.247", "testname": "OP", "cornername": "Nominal", "point": 1, "logfile": "/home/saul/projects/LF_BG/logs_saul/logs5/Job14.log"}
[2026-09-01 06:33:15.704 Z] [PROCESS] [cadence.virtuoso.ade.simulationMonitor] - HostInfo:
Host name (type):	edatools (x86_64)
Operating system:	Linux 7.0.0-30-generic #30~24.04.1-Ubuntu SMP PREEMPT_DYNAMIC Fri Aug  7 13:27:52 UTC 2 {"hostname": "edatools", "processid": 116468, "history": "Interactive.247", "testname": "OP", "cornername": "Nominal", "point": 1, "logfile": "/home/saul/projects/LF_BG/logs_saul/logs5/Job14.log", "nodename": "edatools", "domainname": "(none)", "machine": "x86_64", "sysname": "Linux", "release": "7.0.0-30-generic", "version": "#30~24.04.1-Ubuntu SMP PREEMPT_DYNAMIC Fri Aug  7 13:27:52 UTC 2"}
[2026-09-01 06:33:15.704 Z] [PROCESS] [cadence.virtuoso.ade.simulationMonitor] - UsageInfo:
pid=116468
totalPhysicalMemory=62.541851GB,Used=23.798080GB,totalVirtualMemory=70.541847GB,Used=23.798080GB
Cpu: Cores=16, Load average:0.660000,0.550000,0.490000 {"hostname": "edatools", "processid": 116468, "history": "Interactive.247", "testname": "OP", "cornername": "Nominal", "point": 1, "logfile": "/home/saul/projects/LF_BG/logs_saul/logs5/Job14.log", "pid": "116468", "totalPhysicalMemory": "62.541851", "physicalMemoryUsed": "23.798080", "totalVirtualMemory": "70.541847", "virtualMemoryUsed": "23.798080", "cpuCores": "16", "processes": "2132", "loadAverage1": "0.660000", "loadAverage5": "0.550000", "loadAverage15": "0.490000", "loadAverage1Percent": "0.041250"}
[2026-09-01 06:33:15.705 Z] [EVENT] [cadence.virtuoso.ade.simulationMonitor] - NewPoint {"history": "Interactive.247", "point": 1, "testname": "OP", "cornername": "Nominal", "event": "NewPoint", "EventSource": "Simulation Monitor", "HistoryName": "Interactive.247", "logFile": "/home/saul/projects/LF_BG/logs_saul/logs5/Job14.log", "logFileSize": "14911"}
[2026-09-01 06:33:15.808 Z] [EVENT] [cadence.virtuoso.ade.simulationMonitor] - NewPoint {"history": "Interactive.247", "point": 1, "testname": "OP", "cornername": "Nominal", "event": "NewPoint", "EventSource": "spectre", "HistoryName": "Interactive.247", "logFile": "/home/saul/simulation/REF_GEN/REF_GEN_f_TB/maestro/results/maestro/Interactive.247/1/OP/psf/spectre.out", "logFileSize": "-1"}
[2026-09-01 06:33:15.826 Z] [PROCESS] [cadence.virtuoso.ade.simulationMonitor] - Simulator launched {"hostname": "edatools", "processid": 116468, "history": "Interactive.247", "testname": "OP", "cornername": "Nominal", "point": 1, "logfile": "/home/saul/projects/LF_BG/logs_saul/logs5/Job14.log", "simid": "2"}
[2026-09-01 06:33:15.828 Z] [PROCESS] [cadence.virtuoso.ade.simulationMonitor] - Expression evaluator launched {"hostname": "edatools", "processid": 116468, "history": "Interactive.247", "testname": "OP", "cornername": "Nominal", "point": 1, "logfile": "/home/saul/projects/LF_BG/logs_saul/logs5/Job14.log"}
[2026-09-01 06:33:15.868 Z] [PROCESS] [cadence.virtuoso.ade.simulationMonitor] - Started Simulation {"hostname": "edatools", "processid": 116468, "history": "Interactive.247", "testname": "OP", "cornername": "Nominal", "point": 1, "logfile": "/home/saul/projects/LF_BG/logs_saul/logs5/Job14.log", "event": "started", "task": "simulation"}
[2026-09-01 06:33:16.869 Z] [INFO] [cadence.virtuoso.ade.simulationMonitor] - Peak resident memory used = 170 Mbytes. {"history": "Interactive.247", "point": 1, "testname": "OP", "cornername": "Nominal"}
[2026-09-01 06:33:16.870 Z] [INFO] [cadence.virtuoso.ade.simulationMonitor] - Peak resident memory used = 179 Mbytes. {"history": "Interactive.247", "point": 1, "testname": "OP", "cornername": "Nominal"}
[2026-09-01 06:33:16.870 Z] [INFO] [cadence.virtuoso.ade.simulationMonitor] - Notice from spectre during hierarchy flattening.
    The value 'psf' specified for the 'checklimitdest' option will no longer be supported in future releases. Use 'spectre -h' to see other recommended values for the 'checklimitdest' option. {"history": "Interactive.247", "point": 1, "testname": "OP", "cornername": "Nominal"}
[2026-09-01 06:33:16.871 Z] [WARN] [cadence.virtuoso.ade.simulationMonitor] -     WARNING (SPECTRE-16718): inlinesubcktcurrent option is set as `subckt', all the inline subckts will be treated as normal subckts when you access the current of their terminals. {"history": "Interactive.247", "point": 1, "testname": "OP", "cornername": "Nominal"}
[2026-09-01 06:33:16.871 Z] [WARN] [cadence.virtuoso.ade.simulationMonitor] -     WARNING (SPECTRE-8527): There are some nodes and instances removed from the netlist topology check. Check the circuit and correct the topology. Or use preserve_inst to keep them if necessary. {"history": "Interactive.247", "point": 1, "testname": "OP", "cornername": "Nominal"}
[2026-09-01 06:33:16.872 Z] [WARN] [cadence.virtuoso.ade.simulationMonitor] -     WARNING (SPECTRE-8529): Dangling instance. V9 is removed. {"history": "Interactive.247", "point": 1, "testname": "OP", "cornername": "Nominal"}
[2026-09-01 06:33:16.872 Z] [WARN] [cadence.virtuoso.ade.simulationMonitor] -     WARNING (SPECTRE-8530): Dangling node. net9 is removed. {"history": "Interactive.247", "point": 1, "testname": "OP", "cornername": "Nominal"}
[2026-09-01 06:33:16.872 Z] [INFO] [cadence.virtuoso.ade.simulationMonitor] - Peak resident memory used = 181 Mbytes. {"history": "Interactive.247", "point": 1, "testname": "OP", "cornername": "Nominal"}
[2026-09-01 06:33:16.873 Z] [INFO] [cadence.virtuoso.ade.simulationMonitor] - Notice from spectre during topology check.
    No DC path from node `VbgT' to ground, Gmin installed to provide path.
    No DC path from node `V1000' to ground, Gmin installed to provide path.
    No DC path from node `V550' to ground, Gmin installed to provide path. {"history": "Interactive.247", "point": 1, "testname": "OP", "cornername": "Nominal"}
[2026-09-01 06:33:16.873 Z] [INFO] [cadence.virtuoso.ade.simulationMonitor] - Notice from spectre during initial setup.
    Multithreading is disabled due to the size of the design being too small. {"history": "Interactive.247", "point": 1, "testname": "OP", "cornername": "Nominal"}
[2026-09-01 06:33:16.874 Z] [INFO] [cadence.virtuoso.ade.simulationMonitor] -               nodes 56 {"history": "Interactive.247", "point": 1, "testname": "OP", "cornername": "Nominal"}
[2026-09-01 06:33:16.874 Z] [INFO] [cadence.virtuoso.ade.simulationMonitor] - Notice from spectre during initial setup.
    Fast APS enabled. {"history": "Interactive.247", "point": 1, "testname": "OP", "cornername": "Nominal"}
[2026-09-01 06:33:16.874 Z] [INFO] [cadence.virtuoso.ade.simulationMonitor] - Peak resident memory used = 184 Mbytes. {"history": "Interactive.247", "point": 1, "testname": "OP", "cornername": "Nominal"}
[2026-09-01 06:33:16.875 Z] [INFO] [cadence.virtuoso.ade.simulationMonitor] -    -   (Fast APS) Multi-threading. The recommended number of threads is 1, consider adding +mt=1 on command line. {"history": "Interactive.247", "point": 1, "testname": "OP", "cornername": "Nominal"}
[2026-09-01 06:33:16.875 Z] [INFO] [cadence.virtuoso.ade.simulationMonitor] - Total time required for dc analysis `dcOp': CPU = 1.423 ms, elapsed = 4.58407 ms, util. = 31%. {"history": "Interactive.247", "point": 1, "testname": "OP", "cornername": "Nominal"}
[2026-09-01 06:33:16.875 Z] [INFO] [cadence.virtuoso.ade.simulationMonitor] - Peak resident memory used = 187 Mbytes. {"history": "Interactive.247", "point": 1, "testname": "OP", "cornername": "Nominal"}
[2026-09-01 06:33:16.876 Z] [INFO] [cadence.virtuoso.ade.simulationMonitor] - Time used: CPU = 172 ms, elapsed = 510 ms, util. = 33.8%. {"history": "Interactive.247", "point": 1, "testname": "OP", "cornername": "Nominal"}
[2026-09-01 06:33:16.876 Z] [INFO] [cadence.virtuoso.ade.simulationMonitor] - Time spent in licensing: elapsed = 27.3 ms, percentage of total = 5.36%. {"history": "Interactive.247", "point": 1, "testname": "OP", "cornername": "Nominal"}
[2026-09-01 06:33:16.876 Z] [INFO] [cadence.virtuoso.ade.simulationMonitor] - Peak memory used = 189 Mbytes. {"history": "Interactive.247", "point": 1, "testname": "OP", "cornername": "Nominal"}
[2026-09-01 06:33:16.876 Z] [PROCESS] [cadence.virtuoso.ade.simulationMonitor] - Simulation started at: 6:33:15 AM, Tue Sep 1, 2026, ended at: 6:33:16 AM, Tue Sep 1, 2026, with elapsed time (wall clock): 510 ms. {"history": "Interactive.247", "point": 1, "testname": "OP", "cornername": "Nominal"}
[2026-09-01 06:33:16.877 Z] [PROCESS] [cadence.virtuoso.ade.simulationMonitor] - spectre completes with 0 errors, 4 warnings, and 7 notices. {"history": "Interactive.247", "point": 1, "testname": "OP", "cornername": "Nominal"}
[2026-09-01 06:33:16.877 Z] [PROCESS] [cadence.virtuoso.ade.simulationMonitor] - Finished simulating for one point {"hostname": "edatools", "processid": 116468, "history": "Interactive.247", "testname": "OP", "cornername": "Nominal", "point": 1, "logfile": "/home/saul/projects/LF_BG/logs_saul/logs5/Job14.log", "simid": "2"}
[2026-09-01 06:33:16.877 Z] [PROCESS] [cadence.virtuoso.ade.simulationMonitor] - Simulator exited {"hostname": "edatools", "processid": 116468, "history": "Interactive.247", "testname": "OP", "cornername": "Nominal", "point": 1, "logfile": "/home/saul/projects/LF_BG/logs_saul/logs5/Job14.log", "exitStatus": "0"}
[2026-09-01 06:33:16.878 Z] [PROCESS] [cadence.virtuoso.ade.simulationMonitor] - Finished Simulation {"hostname": "edatools", "processid": 116468, "history": "Interactive.247", "testname": "OP", "cornername": "Nominal", "point": 1, "logfile": "/home/saul/projects/LF_BG/logs_saul/logs5/Job14.log", "simid": "2"}
[2026-09-01 06:33:18.886 Z] [PROCESS] [cadence.virtuoso.ade.simulationMonitor] - Point Finished {"hostname": "edatools", "processid": 116468, "history": "Interactive.247", "testname": "OP", "cornername": "Nominal", "point": 1, "logfile": "/home/saul/projects/LF_BG/logs_saul/logs5/Job14.log"}
[2026-09-01 06:36:34.904 Z] [PROCESS] [cadence.virtuoso.ade.simulationMonitor] - Started History {"hostname": "edatools", "processid": 116468, "history": "Interactive.248", "testname": "OP", "cornername": "Nominal", "point": 1, "logfile": "/home/saul/projects/LF_BG/logs_saul/logs5/Job14.log"}
[2026-09-01 06:36:34.905 Z] [PROCESS] [cadence.virtuoso.ade.simulationMonitor] - HostInfo:
Host name (type):	edatools (x86_64)
Operating system:	Linux 7.0.0-30-generic #30~24.04.1-Ubuntu SMP PREEMPT_DYNAMIC Fri Aug  7 13:27:52 UTC 2 {"hostname": "edatools", "processid": 116468, "history": "Interactive.248", "testname": "OP", "cornername": "Nominal", "point": 1, "logfile": "/home/saul/projects/LF_BG/logs_saul/logs5/Job14.log", "nodename": "edatools", "domainname": "(none)", "machine": "x86_64", "sysname": "Linux", "release": "7.0.0-30-generic", "version": "#30~24.04.1-Ubuntu SMP PREEMPT_DYNAMIC Fri Aug  7 13:27:52 UTC 2"}
[2026-09-01 06:36:34.906 Z] [PROCESS] [cadence.virtuoso.ade.simulationMonitor] - UsageInfo:
pid=116468
totalPhysicalMemory=62.541851GB,Used=24.002747GB,totalVirtualMemory=70.541847GB,Used=24.002747GB
Cpu: Cores=16, Load average:0.660000,0.610000,0.520000 {"hostname": "edatools", "processid": 116468, "history": "Interactive.248", "testname": "OP", "cornername": "Nominal", "point": 1, "logfile": "/home/saul/projects/LF_BG/logs_saul/logs5/Job14.log", "pid": "116468", "totalPhysicalMemory": "62.541851", "physicalMemoryUsed": "24.002747", "totalVirtualMemory": "70.541847", "virtualMemoryUsed": "24.002747", "cpuCores": "16", "processes": "2176", "loadAverage1": "0.660000", "loadAverage5": "0.610000", "loadAverage15": "0.520000", "loadAverage1Percent": "0.041250"}
[2026-09-01 06:36:34.906 Z] [EVENT] [cadence.virtuoso.ade.simulationMonitor] - NewPoint {"history": "Interactive.248", "point": 1, "testname": "OP", "cornername": "Nominal", "event": "NewPoint", "EventSource": "Simulation Monitor", "HistoryName": "Interactive.248", "logFile": "/home/saul/projects/LF_BG/logs_saul/logs5/Job14.log", "logFileSize": "24983"}
[2026-09-01 06:36:35.009 Z] [EVENT] [cadence.virtuoso.ade.simulationMonitor] - NewPoint {"history": "Interactive.248", "point": 1, "testname": "OP", "cornername": "Nominal", "event": "NewPoint", "EventSource": "spectre", "HistoryName": "Interactive.248", "logFile": "/home/saul/simulation/REF_GEN/REF_GEN_f_TB/maestro/results/maestro/Interactive.248/1/OP/psf/spectre.out", "logFileSize": "-1"}
[2026-09-01 06:36:35.019 Z] [PROCESS] [cadence.virtuoso.ade.simulationMonitor] - Simulator launched {"hostname": "edatools", "processid": 116468, "history": "Interactive.248", "testname": "OP", "cornername": "Nominal", "point": 1, "logfile": "/home/saul/projects/LF_BG/logs_saul/logs5/Job14.log", "simid": "3"}
[2026-09-01 06:36:35.022 Z] [PROCESS] [cadence.virtuoso.ade.simulationMonitor] - Expression evaluator launched {"hostname": "edatools", "processid": 116468, "history": "Interactive.248", "testname": "OP", "cornername": "Nominal", "point": 1, "logfile": "/home/saul/projects/LF_BG/logs_saul/logs5/Job14.log"}
[2026-09-01 06:36:35.055 Z] [PROCESS] [cadence.virtuoso.ade.simulationMonitor] - Started Simulation {"hostname": "edatools", "processid": 116468, "history": "Interactive.248", "testname": "OP", "cornername": "Nominal", "point": 1, "logfile": "/home/saul/projects/LF_BG/logs_saul/logs5/Job14.log", "event": "started", "task": "simulation"}
[2026-09-01 06:36:36.056 Z] [INFO] [cadence.virtuoso.ade.simulationMonitor] - Peak resident memory used = 170 Mbytes. {"history": "Interactive.248", "point": 1, "testname": "OP", "cornername": "Nominal"}
[2026-09-01 06:36:36.057 Z] [INFO] [cadence.virtuoso.ade.simulationMonitor] - Peak resident memory used = 179 Mbytes. {"history": "Interactive.248", "point": 1, "testname": "OP", "cornername": "Nominal"}
[2026-09-01 06:36:36.057 Z] [INFO] [cadence.virtuoso.ade.simulationMonitor] - Notice from spectre during hierarchy flattening.
    The value 'psf' specified for the 'checklimitdest' option will no longer be supported in future releases. Use 'spectre -h' to see other recommended values for the 'checklimitdest' option. {"history": "Interactive.248", "point": 1, "testname": "OP", "cornername": "Nominal"}
[2026-09-01 06:36:36.058 Z] [WARN] [cadence.virtuoso.ade.simulationMonitor] -     WARNING (SPECTRE-16718): inlinesubcktcurrent option is set as `subckt', all the inline subckts will be treated as normal subckts when you access the current of their terminals. {"history": "Interactive.248", "point": 1, "testname": "OP", "cornername": "Nominal"}
[2026-09-01 06:36:36.059 Z] [WARN] [cadence.virtuoso.ade.simulationMonitor] -     WARNING (SPECTRE-8527): There are some nodes and instances removed from the netlist topology check. Check the circuit and correct the topology. Or use preserve_inst to keep them if necessary. {"history": "Interactive.248", "point": 1, "testname": "OP", "cornername": "Nominal"}
[2026-09-01 06:36:36.059 Z] [WARN] [cadence.virtuoso.ade.simulationMonitor] -     WARNING (SPECTRE-8529): Dangling instance. V9 is removed. {"history": "Interactive.248", "point": 1, "testname": "OP", "cornername": "Nominal"}
[2026-09-01 06:36:36.059 Z] [WARN] [cadence.virtuoso.ade.simulationMonitor] -     WARNING (SPECTRE-8530): Dangling node. net9 is removed. {"history": "Interactive.248", "point": 1, "testname": "OP", "cornername": "Nominal"}
[2026-09-01 06:36:36.060 Z] [INFO] [cadence.virtuoso.ade.simulationMonitor] - Peak resident memory used = 181 Mbytes. {"history": "Interactive.248", "point": 1, "testname": "OP", "cornername": "Nominal"}
[2026-09-01 06:36:36.060 Z] [INFO] [cadence.virtuoso.ade.simulationMonitor] - Notice from spectre during topology check.
    No DC path from node `VbgT' to ground, Gmin installed to provide path.
    No DC path from node `V1000' to ground, Gmin installed to provide path.
    No DC path from node `V550' to ground, Gmin installed to provide path. {"history": "Interactive.248", "point": 1, "testname": "OP", "cornername": "Nominal"}
[2026-09-01 06:36:36.061 Z] [INFO] [cadence.virtuoso.ade.simulationMonitor] - Notice from spectre during initial setup.
    Multithreading is disabled due to the size of the design being too small. {"history": "Interactive.248", "point": 1, "testname": "OP", "cornername": "Nominal"}
[2026-09-01 06:36:36.062 Z] [INFO] [cadence.virtuoso.ade.simulationMonitor] -               nodes 56 {"history": "Interactive.248", "point": 1, "testname": "OP", "cornername": "Nominal"}
[2026-09-01 06:36:36.062 Z] [INFO] [cadence.virtuoso.ade.simulationMonitor] - Notice from spectre during initial setup.
    Fast APS enabled. {"history": "Interactive.248", "point": 1, "testname": "OP", "cornername": "Nominal"}
[2026-09-01 06:36:36.062 Z] [INFO] [cadence.virtuoso.ade.simulationMonitor] - Peak resident memory used = 184 Mbytes. {"history": "Interactive.248", "point": 1, "testname": "OP", "cornername": "Nominal"}
[2026-09-01 06:36:36.063 Z] [INFO] [cadence.virtuoso.ade.simulationMonitor] -    -   (Fast APS) Multi-threading. The recommended number of threads is 1, consider adding +mt=1 on command line. {"history": "Interactive.248", "point": 1, "testname": "OP", "cornername": "Nominal"}
[2026-09-01 06:36:36.063 Z] [INFO] [cadence.virtuoso.ade.simulationMonitor] - Total time required for dc analysis `dcOp': CPU = 1.524 ms, elapsed = 5.09715 ms, util. = 29.9%. {"history": "Interactive.248", "point": 1, "testname": "OP", "cornername": "Nominal"}
[2026-09-01 06:36:36.064 Z] [INFO] [cadence.virtuoso.ade.simulationMonitor] - Peak resident memory used = 187 Mbytes. {"history": "Interactive.248", "point": 1, "testname": "OP", "cornername": "Nominal"}
[2026-09-01 06:36:36.064 Z] [INFO] [cadence.virtuoso.ade.simulationMonitor] - Time used: CPU = 169 ms, elapsed = 528 ms, util. = 32%. {"history": "Interactive.248", "point": 1, "testname": "OP", "cornername": "Nominal"}
[2026-09-01 06:36:36.064 Z] [INFO] [cadence.virtuoso.ade.simulationMonitor] - Time spent in licensing: elapsed = 27.6 ms, percentage of total = 5.23%. {"history": "Interactive.248", "point": 1, "testname": "OP", "cornername": "Nominal"}
[2026-09-01 06:36:36.065 Z] [INFO] [cadence.virtuoso.ade.simulationMonitor] - Peak memory used = 189 Mbytes. {"history": "Interactive.248", "point": 1, "testname": "OP", "cornername": "Nominal"}
[2026-09-01 06:36:36.065 Z] [PROCESS] [cadence.virtuoso.ade.simulationMonitor] - Simulation started at: 6:36:35 AM, Tue Sep 1, 2026, ended at: 6:36:35 AM, Tue Sep 1, 2026, with elapsed time (wall clock): 528 ms. {"history": "Interactive.248", "point": 1, "testname": "OP", "cornername": "Nominal"}
[2026-09-01 06:36:36.066 Z] [PROCESS] [cadence.virtuoso.ade.simulationMonitor] - spectre completes with 0 errors, 4 warnings, and 7 notices. {"history": "Interactive.248", "point": 1, "testname": "OP", "cornername": "Nominal"}
[2026-09-01 06:36:36.066 Z] [PROCESS] [cadence.virtuoso.ade.simulationMonitor] - Finished simulating for one point {"hostname": "edatools", "processid": 116468, "history": "Interactive.248", "testname": "OP", "cornername": "Nominal", "point": 1, "logfile": "/home/saul/projects/LF_BG/logs_saul/logs5/Job14.log", "simid": "3"}
[2026-09-01 06:36:36.067 Z] [PROCESS] [cadence.virtuoso.ade.simulationMonitor] - Simulator exited {"hostname": "edatools", "processid": 116468, "history": "Interactive.248", "testname": "OP", "cornername": "Nominal", "point": 1, "logfile": "/home/saul/projects/LF_BG/logs_saul/logs5/Job14.log", "exitStatus": "0"}
[2026-09-01 06:36:36.067 Z] [PROCESS] [cadence.virtuoso.ade.simulationMonitor] - Finished Simulation {"hostname": "edatools", "processid": 116468, "history": "Interactive.248", "testname": "OP", "cornername": "Nominal", "point": 1, "logfile": "/home/saul/projects/LF_BG/logs_saul/logs5/Job14.log", "simid": "3"}
[2026-09-01 06:36:38.081 Z] [PROCESS] [cadence.virtuoso.ade.simulationMonitor] - Point Finished {"hostname": "edatools", "processid": 116468, "history": "Interactive.248", "testname": "OP", "cornername": "Nominal", "point": 1, "logfile": "/home/saul/projects/LF_BG/logs_saul/logs5/Job14.log"}
[2026-09-01 06:38:00.593 Z] [PROCESS] [cadence.virtuoso.ade.simulationMonitor] - Started History {"hostname": "edatools", "processid": 116468, "history": "Interactive.249", "testname": "OP", "cornername": "Nominal", "point": 1, "logfile": "/home/saul/projects/LF_BG/logs_saul/logs5/Job14.log"}
[2026-09-01 06:38:00.594 Z] [PROCESS] [cadence.virtuoso.ade.simulationMonitor] - HostInfo:
Host name (type):	edatools (x86_64)
Operating system:	Linux 7.0.0-30-generic #30~24.04.1-Ubuntu SMP PREEMPT_DYNAMIC Fri Aug  7 13:27:52 UTC 2 {"hostname": "edatools", "processid": 116468, "history": "Interactive.249", "testname": "OP", "cornername": "Nominal", "point": 1, "logfile": "/home/saul/projects/LF_BG/logs_saul/logs5/Job14.log", "nodename": "edatools", "domainname": "(none)", "machine": "x86_64", "sysname": "Linux", "release": "7.0.0-30-generic", "version": "#30~24.04.1-Ubuntu SMP PREEMPT_DYNAMIC Fri Aug  7 13:27:52 UTC 2"}
[2026-09-01 06:38:00.594 Z] [PROCESS] [cadence.virtuoso.ade.simulationMonitor] - UsageInfo:
pid=116468
totalPhysicalMemory=62.541851GB,Used=24.021194GB,totalVirtualMemory=70.541847GB,Used=24.021194GB
Cpu: Cores=16, Load average:0.440000,0.560000,0.510000 {"hostname": "edatools", "processid": 116468, "history": "Interactive.249", "testname": "OP", "cornername": "Nominal", "point": 1, "logfile": "/home/saul/projects/LF_BG/logs_saul/logs5/Job14.log", "pid": "116468", "totalPhysicalMemory": "62.541851", "physicalMemoryUsed": "24.021194", "totalVirtualMemory": "70.541847", "virtualMemoryUsed": "24.021194", "cpuCores": "16", "processes": "2173", "loadAverage1": "0.440000", "loadAverage5": "0.560000", "loadAverage15": "0.510000", "loadAverage1Percent": "0.027500"}
[2026-09-01 06:38:00.595 Z] [EVENT] [cadence.virtuoso.ade.simulationMonitor] - NewPoint {"history": "Interactive.249", "point": 1, "testname": "OP", "cornername": "Nominal", "event": "NewPoint", "EventSource": "Simulation Monitor", "HistoryName": "Interactive.249", "logFile": "/home/saul/projects/LF_BG/logs_saul/logs5/Job14.log", "logFileSize": "35055"}
[2026-09-01 06:38:00.697 Z] [EVENT] [cadence.virtuoso.ade.simulationMonitor] - NewPoint {"history": "Interactive.249", "point": 1, "testname": "OP", "cornername": "Nominal", "event": "NewPoint", "EventSource": "spectre", "HistoryName": "Interactive.249", "logFile": "/home/saul/simulation/REF_GEN/REF_GEN_f_TB/maestro/results/maestro/Interactive.249/1/OP/psf/spectre.out", "logFileSize": "-1"}
[2026-09-01 06:38:00.710 Z] [PROCESS] [cadence.virtuoso.ade.simulationMonitor] - Simulator launched {"hostname": "edatools", "processid": 116468, "history": "Interactive.249", "testname": "OP", "cornername": "Nominal", "point": 1, "logfile": "/home/saul/projects/LF_BG/logs_saul/logs5/Job14.log", "simid": "4"}
[2026-09-01 06:38:00.713 Z] [PROCESS] [cadence.virtuoso.ade.simulationMonitor] - Expression evaluator launched {"hostname": "edatools", "processid": 116468, "history": "Interactive.249", "testname": "OP", "cornername": "Nominal", "point": 1, "logfile": "/home/saul/projects/LF_BG/logs_saul/logs5/Job14.log"}
[2026-09-01 06:38:00.752 Z] [PROCESS] [cadence.virtuoso.ade.simulationMonitor] - Started Simulation {"hostname": "edatools", "processid": 116468, "history": "Interactive.249", "testname": "OP", "cornername": "Nominal", "point": 1, "logfile": "/home/saul/projects/LF_BG/logs_saul/logs5/Job14.log", "event": "started", "task": "simulation"}
[2026-09-01 06:38:01.753 Z] [INFO] [cadence.virtuoso.ade.simulationMonitor] - Peak resident memory used = 170 Mbytes. {"history": "Interactive.249", "point": 1, "testname": "OP", "cornername": "Nominal"}
[2026-09-01 06:38:01.753 Z] [WARN] [cadence.virtuoso.ade.simulationMonitor] -     WARNING (VACOMP-1116): "/home/saul/projects/LF_BG/REF_GEN/REF_GEN_fL_2/veriloga/veriloga.va", line 240: Transition filter contains a continuous signal in the expression. Since a transition filter can only be applied to piecewise constant signals, redefine the expression to ensure that the transition filter applies only to a piecewise constant signal. {"history": "Interactive.249", "point": 1, "testname": "OP", "cornername": "Nominal"}
[2026-09-01 06:38:01.753 Z] [WARN] [cadence.virtuoso.ade.simulationMonitor] -     WARNING (VACOMP-1116): "/home/saul/projects/LF_BG/REF_GEN/REF_GEN_fL_2/veriloga/veriloga.va", line 241: Transition filter contains a continuous signal in the expression. Since a transition filter can only be applied to piecewise constant signals, redefine the expression to ensure that the transition filter applies only to a piecewise constant signal. {"history": "Interactive.249", "point": 1, "testname": "OP", "cornername": "Nominal"}
[2026-09-01 06:38:01.753 Z] [WARN] [cadence.virtuoso.ade.simulationMonitor] -     WARNING (VACOMP-1116): "/home/saul/projects/LF_BG/REF_GEN/REF_GEN_fL_2/veriloga/veriloga.va", line 242: Transition filter contains a continuous signal in the expression. Since a transition filter can only be applied to piecewise constant signals, redefine the expression to ensure that the transition filter applies only to a piecewise constant signal. {"history": "Interactive.249", "point": 1, "testname": "OP", "cornername": "Nominal"}
[2026-09-01 06:38:01.754 Z] [WARN] [cadence.virtuoso.ade.simulationMonitor] -     WARNING (VACOMP-1116): "/home/saul/projects/LF_BG/REF_GEN/REF_GEN_fL_2/veriloga/veriloga.va", line 243: Transition filter contains a continuous signal in the expression. Since a transition filter can only be applied to piecewise constant signals, redefine the expression to ensure that the transition filter applies only to a piecewise constant signal. {"history": "Interactive.249", "point": 1, "testname": "OP", "cornername": "Nominal"}
[2026-09-01 06:38:01.754 Z] [WARN] [cadence.virtuoso.ade.simulationMonitor] -     WARNING (VACOMP-1116): "/home/saul/projects/LF_BG/REF_GEN/REF_GEN_fL_2/veriloga/veriloga.va", line 248: Transition filter contains a continuous signal in the expression. Since a transition filter can only be applied to piecewise constant signals, redefine the expression to ensure that the transition filter applies only to a piecewise constant signal.
        Further occurrences of this warning will be suppressed. {"history": "Interactive.249", "point": 1, "testname": "OP", "cornername": "Nominal"}
[2026-09-01 06:38:02.754 Z] [INFO] [cadence.virtuoso.ade.simulationMonitor] - Peak resident memory used = 203 Mbytes. {"history": "Interactive.249", "point": 1, "testname": "OP", "cornername": "Nominal"}
[2026-09-01 06:38:02.754 Z] [INFO] [cadence.virtuoso.ade.simulationMonitor] - Notice from spectre during hierarchy flattening.
    The value 'psf' specified for the 'checklimitdest' option will no longer be supported in future releases. Use 'spectre -h' to see other recommended values for the 'checklimitdest' option. {"history": "Interactive.249", "point": 1, "testname": "OP", "cornername": "Nominal"}
[2026-09-01 06:38:02.754 Z] [WARN] [cadence.virtuoso.ade.simulationMonitor] -     WARNING (SPECTRE-16718): inlinesubcktcurrent option is set as `subckt', all the inline subckts will be treated as normal subckts when you access the current of their terminals. {"history": "Interactive.249", "point": 1, "testname": "OP", "cornername": "Nominal"}
[2026-09-01 06:38:02.754 Z] [WARN] [cadence.virtuoso.ade.simulationMonitor] -     WARNING (SPECTRE-8527): There are some nodes and instances removed from the netlist topology check. Check the circuit and correct the topology. Or use preserve_inst to keep them if necessary. {"history": "Interactive.249", "point": 1, "testname": "OP", "cornername": "Nominal"}
[2026-09-01 06:38:02.755 Z] [WARN] [cadence.virtuoso.ade.simulationMonitor] -     WARNING (SPECTRE-8529): Dangling instance. V9 is removed. {"history": "Interactive.249", "point": 1, "testname": "OP", "cornername": "Nominal"}
[2026-09-01 06:38:02.755 Z] [WARN] [cadence.virtuoso.ade.simulationMonitor] -     WARNING (SPECTRE-8530): Dangling node. net9 is removed. {"history": "Interactive.249", "point": 1, "testname": "OP", "cornername": "Nominal"}
[2026-09-01 06:38:02.755 Z] [INFO] [cadence.virtuoso.ade.simulationMonitor] - Peak resident memory used = 204 Mbytes. {"history": "Interactive.249", "point": 1, "testname": "OP", "cornername": "Nominal"}
[2026-09-01 06:38:02.755 Z] [INFO] [cadence.virtuoso.ade.simulationMonitor] - Notice from spectre during topology check.
    No DC path from node `VbgT' to ground, Gmin installed to provide path.
    No DC path from node `V1000' to ground, Gmin installed to provide path.
    No DC path from node `V550' to ground, Gmin installed to provide path. {"history": "Interactive.249", "point": 1, "testname": "OP", "cornername": "Nominal"}
[2026-09-01 06:38:02.755 Z] [INFO] [cadence.virtuoso.ade.simulationMonitor] - Notice from spectre during initial setup.
    Multithreading is disabled due to the size of the design being too small. {"history": "Interactive.249", "point": 1, "testname": "OP", "cornername": "Nominal"}
[2026-09-01 06:38:02.755 Z] [INFO] [cadence.virtuoso.ade.simulationMonitor] -               nodes 56 {"history": "Interactive.249", "point": 1, "testname": "OP", "cornername": "Nominal"}
[2026-09-01 06:38:02.755 Z] [INFO] [cadence.virtuoso.ade.simulationMonitor] - Notice from spectre during initial setup.
    Fast APS enabled.
    7 warnings suppressed. {"history": "Interactive.249", "point": 1, "testname": "OP", "cornername": "Nominal"}
[2026-09-01 06:38:02.755 Z] [INFO] [cadence.virtuoso.ade.simulationMonitor] - Peak resident memory used = 207 Mbytes. {"history": "Interactive.249", "point": 1, "testname": "OP", "cornername": "Nominal"}
[2026-09-01 06:38:02.755 Z] [INFO] [cadence.virtuoso.ade.simulationMonitor] -    -   (Fast APS) Multi-threading. The recommended number of threads is 1, consider adding +mt=1 on command line. {"history": "Interactive.249", "point": 1, "testname": "OP", "cornername": "Nominal"}
[2026-09-01 06:38:02.755 Z] [INFO] [cadence.virtuoso.ade.simulationMonitor] - Total time required for dc analysis `dcOp': CPU = 1.526 ms, elapsed = 5.04184 ms, util. = 30.3%. {"history": "Interactive.249", "point": 1, "testname": "OP", "cornername": "Nominal"}
[2026-09-01 06:38:02.755 Z] [INFO] [cadence.virtuoso.ade.simulationMonitor] - Peak resident memory used = 207 Mbytes. {"history": "Interactive.249", "point": 1, "testname": "OP", "cornername": "Nominal"}
[2026-09-01 06:38:02.755 Z] [INFO] [cadence.virtuoso.ade.simulationMonitor] - Time used: CPU = 261 ms, elapsed = 1.68 s, util. = 15.5%. {"history": "Interactive.249", "point": 1, "testname": "OP", "cornername": "Nominal"}
[2026-09-01 06:38:02.755 Z] [INFO] [cadence.virtuoso.ade.simulationMonitor] - Time spent in licensing: elapsed = 32.9 ms. {"history": "Interactive.249", "point": 1, "testname": "OP", "cornername": "Nominal"}
[2026-09-01 06:38:02.755 Z] [INFO] [cadence.virtuoso.ade.simulationMonitor] - Peak memory used = 207 Mbytes. {"history": "Interactive.249", "point": 1, "testname": "OP", "cornername": "Nominal"}
[2026-09-01 06:38:02.756 Z] [PROCESS] [cadence.virtuoso.ade.simulationMonitor] - Simulation started at: 6:38:00 AM, Tue Sep 1, 2026, ended at: 6:38:02 AM, Tue Sep 1, 2026, with elapsed time (wall clock): 1.68 s. {"history": "Interactive.249", "point": 1, "testname": "OP", "cornername": "Nominal"}
[2026-09-01 06:38:02.756 Z] [PROCESS] [cadence.virtuoso.ade.simulationMonitor] - spectre completes with 0 errors, 9 warnings, and 8 notices. {"history": "Interactive.249", "point": 1, "testname": "OP", "cornername": "Nominal"}
[2026-09-01 06:38:02.756 Z] [PROCESS] [cadence.virtuoso.ade.simulationMonitor] - Finished simulating for one point {"hostname": "edatools", "processid": 116468, "history": "Interactive.249", "testname": "OP", "cornername": "Nominal", "point": 1, "logfile": "/home/saul/projects/LF_BG/logs_saul/logs5/Job14.log", "simid": "4"}
[2026-09-01 06:38:02.756 Z] [PROCESS] [cadence.virtuoso.ade.simulationMonitor] - Simulator exited {"hostname": "edatools", "processid": 116468, "history": "Interactive.249", "testname": "OP", "cornername": "Nominal", "point": 1, "logfile": "/home/saul/projects/LF_BG/logs_saul/logs5/Job14.log", "exitStatus": "0"}
[2026-09-01 06:38:02.756 Z] [PROCESS] [cadence.virtuoso.ade.simulationMonitor] - Finished Simulation {"hostname": "edatools", "processid": 116468, "history": "Interactive.249", "testname": "OP", "cornername": "Nominal", "point": 1, "logfile": "/home/saul/projects/LF_BG/logs_saul/logs5/Job14.log", "simid": "4"}
[2026-09-01 06:38:03.763 Z] [PROCESS] [cadence.virtuoso.ade.simulationMonitor] - Point Finished {"hostname": "edatools", "processid": 116468, "history": "Interactive.249", "testname": "OP", "cornername": "Nominal", "point": 1, "logfile": "/home/saul/projects/LF_BG/logs_saul/logs5/Job14.log"}
[2026-09-01 06:38:16.550 Z] [PROCESS] [cadence.virtuoso.ade.simulationMonitor] - Started History {"hostname": "edatools", "processid": 116468, "history": "Interactive.250", "testname": "OP", "cornername": "Nominal", "point": 1, "logfile": "/home/saul/projects/LF_BG/logs_saul/logs5/Job14.log"}
[2026-09-01 06:38:16.551 Z] [PROCESS] [cadence.virtuoso.ade.simulationMonitor] - HostInfo:
Host name (type):	edatools (x86_64)
Operating system:	Linux 7.0.0-30-generic #30~24.04.1-Ubuntu SMP PREEMPT_DYNAMIC Fri Aug  7 13:27:52 UTC 2 {"hostname": "edatools", "processid": 116468, "history": "Interactive.250", "testname": "OP", "cornername": "Nominal", "point": 1, "logfile": "/home/saul/projects/LF_BG/logs_saul/logs5/Job14.log", "nodename": "edatools", "domainname": "(none)", "machine": "x86_64", "sysname": "Linux", "release": "7.0.0-30-generic", "version": "#30~24.04.1-Ubuntu SMP PREEMPT_DYNAMIC Fri Aug  7 13:27:52 UTC 2"}
[2026-09-01 06:38:16.552 Z] [PROCESS] [cadence.virtuoso.ade.simulationMonitor] - UsageInfo:
pid=116468
totalPhysicalMemory=62.541851GB,Used=23.991695GB,totalVirtualMemory=70.541847GB,Used=23.991695GB
Cpu: Cores=16, Load average:0.410000,0.540000,0.510000 {"hostname": "edatools", "processid": 116468, "history": "Interactive.250", "testname": "OP", "cornername": "Nominal", "point": 1, "logfile": "/home/saul/projects/LF_BG/logs_saul/logs5/Job14.log", "pid": "116468", "totalPhysicalMemory": "62.541851", "physicalMemoryUsed": "23.991695", "totalVirtualMemory": "70.541847", "virtualMemoryUsed": "23.991695", "cpuCores": "16", "processes": "2168", "loadAverage1": "0.410000", "loadAverage5": "0.540000", "loadAverage15": "0.510000", "loadAverage1Percent": "0.025625"}
[2026-09-01 06:38:16.553 Z] [EVENT] [cadence.virtuoso.ade.simulationMonitor] - NewPoint {"history": "Interactive.250", "point": 1, "testname": "OP", "cornername": "Nominal", "event": "NewPoint", "EventSource": "Simulation Monitor", "HistoryName": "Interactive.250", "logFile": "/home/saul/projects/LF_BG/logs_saul/logs5/Job14.log", "logFileSize": "47796"}
[2026-09-01 06:38:16.656 Z] [EVENT] [cadence.virtuoso.ade.simulationMonitor] - NewPoint {"history": "Interactive.250", "point": 1, "testname": "OP", "cornername": "Nominal", "event": "NewPoint", "EventSource": "spectre", "HistoryName": "Interactive.250", "logFile": "/home/saul/simulation/REF_GEN/REF_GEN_f_TB/maestro/results/maestro/Interactive.250/1/OP/psf/spectre.out", "logFileSize": "-1"}
[2026-09-01 06:38:16.673 Z] [PROCESS] [cadence.virtuoso.ade.simulationMonitor] - Simulator launched {"hostname": "edatools", "processid": 116468, "history": "Interactive.250", "testname": "OP", "cornername": "Nominal", "point": 1, "logfile": "/home/saul/projects/LF_BG/logs_saul/logs5/Job14.log", "simid": "5"}
[2026-09-01 06:38:16.677 Z] [PROCESS] [cadence.virtuoso.ade.simulationMonitor] - Expression evaluator launched {"hostname": "edatools", "processid": 116468, "history": "Interactive.250", "testname": "OP", "cornername": "Nominal", "point": 1, "logfile": "/home/saul/projects/LF_BG/logs_saul/logs5/Job14.log"}
[2026-09-01 06:38:16.716 Z] [PROCESS] [cadence.virtuoso.ade.simulationMonitor] - Started Simulation {"hostname": "edatools", "processid": 116468, "history": "Interactive.250", "testname": "OP", "cornername": "Nominal", "point": 1, "logfile": "/home/saul/projects/LF_BG/logs_saul/logs5/Job14.log", "event": "started", "task": "simulation"}
[2026-09-01 06:38:17.718 Z] [INFO] [cadence.virtuoso.ade.simulationMonitor] - Peak resident memory used = 170 Mbytes. {"history": "Interactive.250", "point": 1, "testname": "OP", "cornername": "Nominal"}
[2026-09-01 06:38:17.718 Z] [INFO] [cadence.virtuoso.ade.simulationMonitor] - Peak resident memory used = 179 Mbytes. {"history": "Interactive.250", "point": 1, "testname": "OP", "cornername": "Nominal"}
[2026-09-01 06:38:17.719 Z] [INFO] [cadence.virtuoso.ade.simulationMonitor] - Notice from spectre during hierarchy flattening.
    The value 'psf' specified for the 'checklimitdest' option will no longer be supported in future releases. Use 'spectre -h' to see other recommended values for the 'checklimitdest' option. {"history": "Interactive.250", "point": 1, "testname": "OP", "cornername": "Nominal"}
[2026-09-01 06:38:17.719 Z] [WARN] [cadence.virtuoso.ade.simulationMonitor] -     WARNING (SPECTRE-16718): inlinesubcktcurrent option is set as `subckt', all the inline subckts will be treated as normal subckts when you access the current of their terminals. {"history": "Interactive.250", "point": 1, "testname": "OP", "cornername": "Nominal"}
[2026-09-01 06:38:17.719 Z] [WARN] [cadence.virtuoso.ade.simulationMonitor] -     WARNING (SPECTRE-8527): There are some nodes and instances removed from the netlist topology check. Check the circuit and correct the topology. Or use preserve_inst to keep them if necessary. {"history": "Interactive.250", "point": 1, "testname": "OP", "cornername": "Nominal"}
[2026-09-01 06:38:17.720 Z] [WARN] [cadence.virtuoso.ade.simulationMonitor] -     WARNING (SPECTRE-8529): Dangling instance. V9 is removed. {"history": "Interactive.250", "point": 1, "testname": "OP", "cornername": "Nominal"}
[2026-09-01 06:38:17.720 Z] [WARN] [cadence.virtuoso.ade.simulationMonitor] -     WARNING (SPECTRE-8530): Dangling node. net9 is removed. {"history": "Interactive.250", "point": 1, "testname": "OP", "cornername": "Nominal"}
[2026-09-01 06:38:17.720 Z] [INFO] [cadence.virtuoso.ade.simulationMonitor] - Peak resident memory used = 181 Mbytes. {"history": "Interactive.250", "point": 1, "testname": "OP", "cornername": "Nominal"}
[2026-09-01 06:38:17.721 Z] [INFO] [cadence.virtuoso.ade.simulationMonitor] - Notice from spectre during topology check.
    No DC path from node `VbgT' to ground, Gmin installed to provide path.
    No DC path from node `V1000' to ground, Gmin installed to provide path.
    No DC path from node `V550' to ground, Gmin installed to provide path. {"history": "Interactive.250", "point": 1, "testname": "OP", "cornername": "Nominal"}
[2026-09-01 06:38:17.721 Z] [INFO] [cadence.virtuoso.ade.simulationMonitor] - Notice from spectre during initial setup.
    Multithreading is disabled due to the size of the design being too small. {"history": "Interactive.250", "point": 1, "testname": "OP", "cornername": "Nominal"}
[2026-09-01 06:38:17.721 Z] [INFO] [cadence.virtuoso.ade.simulationMonitor] -               nodes 56 {"history": "Interactive.250", "point": 1, "testname": "OP", "cornername": "Nominal"}
[2026-09-01 06:38:17.722 Z] [INFO] [cadence.virtuoso.ade.simulationMonitor] - Notice from spectre during initial setup.
    Fast APS enabled. {"history": "Interactive.250", "point": 1, "testname": "OP", "cornername": "Nominal"}
[2026-09-01 06:38:17.722 Z] [INFO] [cadence.virtuoso.ade.simulationMonitor] - Peak resident memory used = 184 Mbytes. {"history": "Interactive.250", "point": 1, "testname": "OP", "cornername": "Nominal"}
[2026-09-01 06:38:17.722 Z] [INFO] [cadence.virtuoso.ade.simulationMonitor] -    -   (Fast APS) Multi-threading. The recommended number of threads is 1, consider adding +mt=1 on command line. {"history": "Interactive.250", "point": 1, "testname": "OP", "cornername": "Nominal"}
[2026-09-01 06:38:17.723 Z] [INFO] [cadence.virtuoso.ade.simulationMonitor] - Total time required for dc analysis `dcOp': CPU = 1.663 ms, elapsed = 4.93097 ms, util. = 33.7%. {"history": "Interactive.250", "point": 1, "testname": "OP", "cornername": "Nominal"}
[2026-09-01 06:38:17.723 Z] [INFO] [cadence.virtuoso.ade.simulationMonitor] - Peak resident memory used = 187 Mbytes. {"history": "Interactive.250", "point": 1, "testname": "OP", "cornername": "Nominal"}
[2026-09-01 06:38:17.723 Z] [INFO] [cadence.virtuoso.ade.simulationMonitor] - Time used: CPU = 186 ms, elapsed = 539 ms, util. = 34.5%. {"history": "Interactive.250", "point": 1, "testname": "OP", "cornername": "Nominal"}
[2026-09-01 06:38:17.724 Z] [INFO] [cadence.virtuoso.ade.simulationMonitor] - Time spent in licensing: elapsed = 25.1 ms. {"history": "Interactive.250", "point": 1, "testname": "OP", "cornername": "Nominal"}
[2026-09-01 06:38:17.724 Z] [INFO] [cadence.virtuoso.ade.simulationMonitor] - Peak memory used = 189 Mbytes. {"history": "Interactive.250", "point": 1, "testname": "OP", "cornername": "Nominal"}
[2026-09-01 06:38:17.725 Z] [PROCESS] [cadence.virtuoso.ade.simulationMonitor] - Simulation started at: 6:38:16 AM, Tue Sep 1, 2026, ended at: 6:38:17 AM, Tue Sep 1, 2026, with elapsed time (wall clock): 539 ms. {"history": "Interactive.250", "point": 1, "testname": "OP", "cornername": "Nominal"}
[2026-09-01 06:38:17.725 Z] [PROCESS] [cadence.virtuoso.ade.simulationMonitor] - spectre completes with 0 errors, 4 warnings, and 7 notices. {"history": "Interactive.250", "point": 1, "testname": "OP", "cornername": "Nominal"}
[2026-09-01 06:38:17.725 Z] [PROCESS] [cadence.virtuoso.ade.simulationMonitor] - Finished simulating for one point {"hostname": "edatools", "processid": 116468, "history": "Interactive.250", "testname": "OP", "cornername": "Nominal", "point": 1, "logfile": "/home/saul/projects/LF_BG/logs_saul/logs5/Job14.log", "simid": "5"}
[2026-09-01 06:38:17.725 Z] [PROCESS] [cadence.virtuoso.ade.simulationMonitor] - Simulator exited {"hostname": "edatools", "processid": 116468, "history": "Interactive.250", "testname": "OP", "cornername": "Nominal", "point": 1, "logfile": "/home/saul/projects/LF_BG/logs_saul/logs5/Job14.log", "exitStatus": "0"}
[2026-09-01 06:38:17.726 Z] [PROCESS] [cadence.virtuoso.ade.simulationMonitor] - Finished Simulation {"hostname": "edatools", "processid": 116468, "history": "Interactive.250", "testname": "OP", "cornername": "Nominal", "point": 1, "logfile": "/home/saul/projects/LF_BG/logs_saul/logs5/Job14.log", "simid": "5"}
[2026-09-01 06:38:19.744 Z] [PROCESS] [cadence.virtuoso.ade.simulationMonitor] - Point Finished {"hostname": "edatools", "processid": 116468, "history": "Interactive.250", "testname": "OP", "cornername": "Nominal", "point": 1, "logfile": "/home/saul/projects/LF_BG/logs_saul/logs5/Job14.log"}
[2026-09-01 06:38:29.755 Z] [PROCESS] [cadence.virtuoso.ade.simulationMonitor] - Started History {"hostname": "edatools", "processid": 116468, "history": "Interactive.251", "testname": "OP", "cornername": "Nominal", "point": 1, "logfile": "/home/saul/projects/LF_BG/logs_saul/logs5/Job14.log"}
[2026-09-01 06:38:29.755 Z] [PROCESS] [cadence.virtuoso.ade.simulationMonitor] - HostInfo:
Host name (type):	edatools (x86_64)
Operating system:	Linux 7.0.0-30-generic #30~24.04.1-Ubuntu SMP PREEMPT_DYNAMIC Fri Aug  7 13:27:52 UTC 2 {"hostname": "edatools", "processid": 116468, "history": "Interactive.251", "testname": "OP", "cornername": "Nominal", "point": 1, "logfile": "/home/saul/projects/LF_BG/logs_saul/logs5/Job14.log", "nodename": "edatools", "domainname": "(none)", "machine": "x86_64", "sysname": "Linux", "release": "7.0.0-30-generic", "version": "#30~24.04.1-Ubuntu SMP PREEMPT_DYNAMIC Fri Aug  7 13:27:52 UTC 2"}
[2026-09-01 06:38:29.756 Z] [PROCESS] [cadence.virtuoso.ade.simulationMonitor] - UsageInfo:
pid=116468
totalPhysicalMemory=62.541851GB,Used=24.008114GB,totalVirtualMemory=70.541847GB,Used=24.008114GB
Cpu: Cores=16, Load average:0.470000,0.550000,0.510000 {"hostname": "edatools", "processid": 116468, "history": "Interactive.251", "testname": "OP", "cornername": "Nominal", "point": 1, "logfile": "/home/saul/projects/LF_BG/logs_saul/logs5/Job14.log", "pid": "116468", "totalPhysicalMemory": "62.541851", "physicalMemoryUsed": "24.008114", "totalVirtualMemory": "70.541847", "virtualMemoryUsed": "24.008114", "cpuCores": "16", "processes": "2164", "loadAverage1": "0.470000", "loadAverage5": "0.550000", "loadAverage15": "0.510000", "loadAverage1Percent": "0.029375"}
[2026-09-01 06:38:29.757 Z] [EVENT] [cadence.virtuoso.ade.simulationMonitor] - NewPoint {"history": "Interactive.251", "point": 1, "testname": "OP", "cornername": "Nominal", "event": "NewPoint", "EventSource": "Simulation Monitor", "HistoryName": "Interactive.251", "logFile": "/home/saul/projects/LF_BG/logs_saul/logs5/Job14.log", "logFileSize": "57841"}
[2026-09-01 06:38:29.859 Z] [EVENT] [cadence.virtuoso.ade.simulationMonitor] - NewPoint {"history": "Interactive.251", "point": 1, "testname": "OP", "cornername": "Nominal", "event": "NewPoint", "EventSource": "spectre", "HistoryName": "Interactive.251", "logFile": "/home/saul/simulation/REF_GEN/REF_GEN_f_TB/maestro/results/maestro/Interactive.251/1/OP/psf/spectre.out", "logFileSize": "-1"}
[2026-09-01 06:38:29.870 Z] [PROCESS] [cadence.virtuoso.ade.simulationMonitor] - Simulator launched {"hostname": "edatools", "processid": 116468, "history": "Interactive.251", "testname": "OP", "cornername": "Nominal", "point": 1, "logfile": "/home/saul/projects/LF_BG/logs_saul/logs5/Job14.log", "simid": "6"}
[2026-09-01 06:38:29.871 Z] [PROCESS] [cadence.virtuoso.ade.simulationMonitor] - Expression evaluator launched {"hostname": "edatools", "processid": 116468, "history": "Interactive.251", "testname": "OP", "cornername": "Nominal", "point": 1, "logfile": "/home/saul/projects/LF_BG/logs_saul/logs5/Job14.log"}
[2026-09-01 06:38:29.900 Z] [PROCESS] [cadence.virtuoso.ade.simulationMonitor] - Started Simulation {"hostname": "edatools", "processid": 116468, "history": "Interactive.251", "testname": "OP", "cornername": "Nominal", "point": 1, "logfile": "/home/saul/projects/LF_BG/logs_saul/logs5/Job14.log", "event": "started", "task": "simulation"}
[2026-09-01 06:38:30.901 Z] [INFO] [cadence.virtuoso.ade.simulationMonitor] - Peak resident memory used = 170 Mbytes. {"history": "Interactive.251", "point": 1, "testname": "OP", "cornername": "Nominal"}
[2026-09-01 06:38:32.402 Z] [INFO] [cadence.virtuoso.ade.simulationMonitor] - Peak resident memory used = 184 Mbytes. {"history": "Interactive.251", "point": 1, "testname": "OP", "cornername": "Nominal"}
[2026-09-01 06:38:32.403 Z] [INFO] [cadence.virtuoso.ade.simulationMonitor] - Notice from spectre during hierarchy flattening.
    The value 'psf' specified for the 'checklimitdest' option will no longer be supported in future releases. Use 'spectre -h' to see other recommended values for the 'checklimitdest' option. {"history": "Interactive.251", "point": 1, "testname": "OP", "cornername": "Nominal"}
[2026-09-01 06:38:32.403 Z] [WARN] [cadence.virtuoso.ade.simulationMonitor] -     WARNING (SPECTRE-16718): inlinesubcktcurrent option is set as `subckt', all the inline subckts will be treated as normal subckts when you access the current of their terminals. {"history": "Interactive.251", "point": 1, "testname": "OP", "cornername": "Nominal"}
[2026-09-01 06:38:32.403 Z] [WARN] [cadence.virtuoso.ade.simulationMonitor] -     WARNING (SPECTRE-8527): There are some nodes and instances removed from the netlist topology check. Check the circuit and correct the topology. Or use preserve_inst to keep them if necessary. {"history": "Interactive.251", "point": 1, "testname": "OP", "cornername": "Nominal"}
[2026-09-01 06:38:32.404 Z] [WARN] [cadence.virtuoso.ade.simulationMonitor] -     WARNING (SPECTRE-8529): Dangling instance. V9 is removed. {"history": "Interactive.251", "point": 1, "testname": "OP", "cornername": "Nominal"}
[2026-09-01 06:38:32.404 Z] [WARN] [cadence.virtuoso.ade.simulationMonitor] -     WARNING (SPECTRE-8530): Dangling node. net9 is removed. {"history": "Interactive.251", "point": 1, "testname": "OP", "cornername": "Nominal"}
[2026-09-01 06:38:32.405 Z] [INFO] [cadence.virtuoso.ade.simulationMonitor] - Peak resident memory used = 186 Mbytes. {"history": "Interactive.251", "point": 1, "testname": "OP", "cornername": "Nominal"}
[2026-09-01 06:38:32.405 Z] [INFO] [cadence.virtuoso.ade.simulationMonitor] - Notice from spectre during topology check.
    No DC path from node `VbgT' to ground, Gmin installed to provide path.
    No DC path from node `V1000' to ground, Gmin installed to provide path.
    No DC path from node `V550' to ground, Gmin installed to provide path. {"history": "Interactive.251", "point": 1, "testname": "OP", "cornername": "Nominal"}
[2026-09-01 06:38:32.405 Z] [INFO] [cadence.virtuoso.ade.simulationMonitor] - Notice from spectre during initial setup.
    Multithreading is disabled due to the size of the design being too small. {"history": "Interactive.251", "point": 1, "testname": "OP", "cornername": "Nominal"}
[2026-09-01 06:38:32.406 Z] [INFO] [cadence.virtuoso.ade.simulationMonitor] -               nodes 56 {"history": "Interactive.251", "point": 1, "testname": "OP", "cornername": "Nominal"}
[2026-09-01 06:38:32.407 Z] [INFO] [cadence.virtuoso.ade.simulationMonitor] - Notice from spectre during initial setup.
    Fast APS enabled. {"history": "Interactive.251", "point": 1, "testname": "OP", "cornername": "Nominal"}
[2026-09-01 06:38:32.407 Z] [INFO] [cadence.virtuoso.ade.simulationMonitor] - Peak resident memory used = 189 Mbytes. {"history": "Interactive.251", "point": 1, "testname": "OP", "cornername": "Nominal"}
[2026-09-01 06:38:32.407 Z] [INFO] [cadence.virtuoso.ade.simulationMonitor] -    -   (Fast APS) Multi-threading. The recommended number of threads is 1, consider adding +mt=1 on command line. {"history": "Interactive.251", "point": 1, "testname": "OP", "cornername": "Nominal"}
[2026-09-01 06:38:32.408 Z] [INFO] [cadence.virtuoso.ade.simulationMonitor] - Total time required for dc analysis `dcOp': CPU = 1.406 ms, elapsed = 4.668 ms, util. = 30.1%. {"history": "Interactive.251", "point": 1, "testname": "OP", "cornername": "Nominal"}
[2026-09-01 06:38:32.408 Z] [INFO] [cadence.virtuoso.ade.simulationMonitor] - Peak resident memory used = 190 Mbytes. {"history": "Interactive.251", "point": 1, "testname": "OP", "cornername": "Nominal"}
[2026-09-01 06:38:32.409 Z] [INFO] [cadence.virtuoso.ade.simulationMonitor] - Time used: CPU = 183 ms, elapsed = 2.04 s, util. = 8.97%. {"history": "Interactive.251", "point": 1, "testname": "OP", "cornername": "Nominal"}
[2026-09-01 06:38:32.409 Z] [INFO] [cadence.virtuoso.ade.simulationMonitor] - Time spent in licensing: elapsed = 248 ms, percentage of total = 12.1%. {"history": "Interactive.251", "point": 1, "testname": "OP", "cornername": "Nominal"}
[2026-09-01 06:38:32.409 Z] [INFO] [cadence.virtuoso.ade.simulationMonitor] - Peak memory used = 191 Mbytes. {"history": "Interactive.251", "point": 1, "testname": "OP", "cornername": "Nominal"}
[2026-09-01 06:38:32.410 Z] [PROCESS] [cadence.virtuoso.ade.simulationMonitor] - Simulation started at: 6:38:29 AM, Tue Sep 1, 2026, ended at: 6:38:32 AM, Tue Sep 1, 2026, with elapsed time (wall clock): 2.04 s. {"history": "Interactive.251", "point": 1, "testname": "OP", "cornername": "Nominal"}
[2026-09-01 06:38:32.410 Z] [PROCESS] [cadence.virtuoso.ade.simulationMonitor] - spectre completes with 0 errors, 4 warnings, and 7 notices. {"history": "Interactive.251", "point": 1, "testname": "OP", "cornername": "Nominal"}
[2026-09-01 06:38:32.410 Z] [PROCESS] [cadence.virtuoso.ade.simulationMonitor] - Finished simulating for one point {"hostname": "edatools", "processid": 116468, "history": "Interactive.251", "testname": "OP", "cornername": "Nominal", "point": 1, "logfile": "/home/saul/projects/LF_BG/logs_saul/logs5/Job14.log", "simid": "6"}
[2026-09-01 06:38:32.410 Z] [PROCESS] [cadence.virtuoso.ade.simulationMonitor] - Simulator exited {"hostname": "edatools", "processid": 116468, "history": "Interactive.251", "testname": "OP", "cornername": "Nominal", "point": 1, "logfile": "/home/saul/projects/LF_BG/logs_saul/logs5/Job14.log", "exitStatus": "0"}
[2026-09-01 06:38:32.410 Z] [PROCESS] [cadence.virtuoso.ade.simulationMonitor] - Finished Simulation {"hostname": "edatools", "processid": 116468, "history": "Interactive.251", "testname": "OP", "cornername": "Nominal", "point": 1, "logfile": "/home/saul/projects/LF_BG/logs_saul/logs5/Job14.log", "simid": "6"}
[2026-09-01 06:38:33.417 Z] [PROCESS] [cadence.virtuoso.ade.simulationMonitor] - Point Finished {"hostname": "edatools", "processid": 116468, "history": "Interactive.251", "testname": "OP", "cornername": "Nominal", "point": 1, "logfile": "/home/saul/projects/LF_BG/logs_saul/logs5/Job14.log"}
[2026-09-01 06:38:56.629 Z] [PROCESS] [cadence.virtuoso.ade.simulationMonitor] - Started History {"hostname": "edatools", "processid": 116468, "history": "Interactive.252", "testname": "OP", "cornername": "Nominal", "point": 1, "logfile": "/home/saul/projects/LF_BG/logs_saul/logs5/Job14.log"}
[2026-09-01 06:38:56.630 Z] [PROCESS] [cadence.virtuoso.ade.simulationMonitor] - HostInfo:
Host name (type):	edatools (x86_64)
Operating system:	Linux 7.0.0-30-generic #30~24.04.1-Ubuntu SMP PREEMPT_DYNAMIC Fri Aug  7 13:27:52 UTC 2 {"hostname": "edatools", "processid": 116468, "history": "Interactive.252", "testname": "OP", "cornername": "Nominal", "point": 1, "logfile": "/home/saul/projects/LF_BG/logs_saul/logs5/Job14.log", "nodename": "edatools", "domainname": "(none)", "machine": "x86_64", "sysname": "Linux", "release": "7.0.0-30-generic", "version": "#30~24.04.1-Ubuntu SMP PREEMPT_DYNAMIC Fri Aug  7 13:27:52 UTC 2"}
[2026-09-01 06:38:56.630 Z] [PROCESS] [cadence.virtuoso.ade.simulationMonitor] - UsageInfo:
pid=116468
totalPhysicalMemory=62.541851GB,Used=24.001274GB,totalVirtualMemory=70.541847GB,Used=24.001274GB
Cpu: Cores=16, Load average:0.630000,0.590000,0.530000 {"hostname": "edatools", "processid": 116468, "history": "Interactive.252", "testname": "OP", "cornername": "Nominal", "point": 1, "logfile": "/home/saul/projects/LF_BG/logs_saul/logs5/Job14.log", "pid": "116468", "totalPhysicalMemory": "62.541851", "physicalMemoryUsed": "24.001274", "totalVirtualMemory": "70.541847", "virtualMemoryUsed": "24.001274", "cpuCores": "16", "processes": "2165", "loadAverage1": "0.630000", "loadAverage5": "0.590000", "loadAverage15": "0.530000", "loadAverage1Percent": "0.039375"}
[2026-09-01 06:38:56.631 Z] [EVENT] [cadence.virtuoso.ade.simulationMonitor] - NewPoint {"history": "Interactive.252", "point": 1, "testname": "OP", "cornername": "Nominal", "event": "NewPoint", "EventSource": "Simulation Monitor", "HistoryName": "Interactive.252", "logFile": "/home/saul/projects/LF_BG/logs_saul/logs5/Job14.log", "logFileSize": "67912"}
[2026-09-01 06:38:56.733 Z] [EVENT] [cadence.virtuoso.ade.simulationMonitor] - NewPoint {"history": "Interactive.252", "point": 1, "testname": "OP", "cornername": "Nominal", "event": "NewPoint", "EventSource": "spectre", "HistoryName": "Interactive.252", "logFile": "/home/saul/simulation/REF_GEN/REF_GEN_f_TB/maestro/results/maestro/Interactive.252/1/OP/psf/spectre.out", "logFileSize": "-1"}
[2026-09-01 06:38:56.751 Z] [PROCESS] [cadence.virtuoso.ade.simulationMonitor] - Simulator launched {"hostname": "edatools", "processid": 116468, "history": "Interactive.252", "testname": "OP", "cornername": "Nominal", "point": 1, "logfile": "/home/saul/projects/LF_BG/logs_saul/logs5/Job14.log", "simid": "7"}
[2026-09-01 06:38:56.754 Z] [PROCESS] [cadence.virtuoso.ade.simulationMonitor] - Expression evaluator launched {"hostname": "edatools", "processid": 116468, "history": "Interactive.252", "testname": "OP", "cornername": "Nominal", "point": 1, "logfile": "/home/saul/projects/LF_BG/logs_saul/logs5/Job14.log"}
[2026-09-01 06:38:56.791 Z] [PROCESS] [cadence.virtuoso.ade.simulationMonitor] - Started Simulation {"hostname": "edatools", "processid": 116468, "history": "Interactive.252", "testname": "OP", "cornername": "Nominal", "point": 1, "logfile": "/home/saul/projects/LF_BG/logs_saul/logs5/Job14.log", "event": "started", "task": "simulation"}
[2026-09-01 06:38:57.792 Z] [INFO] [cadence.virtuoso.ade.simulationMonitor] - Peak resident memory used = 170 Mbytes. {"history": "Interactive.252", "point": 1, "testname": "OP", "cornername": "Nominal"}
[2026-09-01 06:38:57.793 Z] [INFO] [cadence.virtuoso.ade.simulationMonitor] - Peak resident memory used = 179 Mbytes. {"history": "Interactive.252", "point": 1, "testname": "OP", "cornername": "Nominal"}
[2026-09-01 06:38:57.793 Z] [INFO] [cadence.virtuoso.ade.simulationMonitor] - Notice from spectre during hierarchy flattening.
    The value 'psf' specified for the 'checklimitdest' option will no longer be supported in future releases. Use 'spectre -h' to see other recommended values for the 'checklimitdest' option. {"history": "Interactive.252", "point": 1, "testname": "OP", "cornername": "Nominal"}
[2026-09-01 06:38:57.793 Z] [WARN] [cadence.virtuoso.ade.simulationMonitor] -     WARNING (SPECTRE-16718): inlinesubcktcurrent option is set as `subckt', all the inline subckts will be treated as normal subckts when you access the current of their terminals. {"history": "Interactive.252", "point": 1, "testname": "OP", "cornername": "Nominal"}
[2026-09-01 06:38:57.794 Z] [WARN] [cadence.virtuoso.ade.simulationMonitor] -     WARNING (SPECTRE-8527): There are some nodes and instances removed from the netlist topology check. Check the circuit and correct the topology. Or use preserve_inst to keep them if necessary. {"history": "Interactive.252", "point": 1, "testname": "OP", "cornername": "Nominal"}
[2026-09-01 06:38:57.794 Z] [WARN] [cadence.virtuoso.ade.simulationMonitor] -     WARNING (SPECTRE-8529): Dangling instance. V9 is removed. {"history": "Interactive.252", "point": 1, "testname": "OP", "cornername": "Nominal"}
[2026-09-01 06:38:57.794 Z] [WARN] [cadence.virtuoso.ade.simulationMonitor] -     WARNING (SPECTRE-8530): Dangling node. net9 is removed. {"history": "Interactive.252", "point": 1, "testname": "OP", "cornername": "Nominal"}
[2026-09-01 06:38:57.794 Z] [INFO] [cadence.virtuoso.ade.simulationMonitor] - Peak resident memory used = 181 Mbytes. {"history": "Interactive.252", "point": 1, "testname": "OP", "cornername": "Nominal"}
[2026-09-01 06:38:57.795 Z] [INFO] [cadence.virtuoso.ade.simulationMonitor] - Notice from spectre during topology check.
    No DC path from node `VbgT' to ground, Gmin installed to provide path.
    No DC path from node `V1000' to ground, Gmin installed to provide path.
    No DC path from node `V550' to ground, Gmin installed to provide path. {"history": "Interactive.252", "point": 1, "testname": "OP", "cornername": "Nominal"}
[2026-09-01 06:38:57.795 Z] [INFO] [cadence.virtuoso.ade.simulationMonitor] - Notice from spectre during initial setup.
    Multithreading is disabled due to the size of the design being too small. {"history": "Interactive.252", "point": 1, "testname": "OP", "cornername": "Nominal"}
[2026-09-01 06:38:57.795 Z] [INFO] [cadence.virtuoso.ade.simulationMonitor] -               nodes 56 {"history": "Interactive.252", "point": 1, "testname": "OP", "cornername": "Nominal"}
[2026-09-01 06:38:57.796 Z] [INFO] [cadence.virtuoso.ade.simulationMonitor] - Notice from spectre during initial setup.
    Fast APS enabled. {"history": "Interactive.252", "point": 1, "testname": "OP", "cornername": "Nominal"}
[2026-09-01 06:38:57.796 Z] [INFO] [cadence.virtuoso.ade.simulationMonitor] - Peak resident memory used = 184 Mbytes. {"history": "Interactive.252", "point": 1, "testname": "OP", "cornername": "Nominal"}
[2026-09-01 06:38:57.796 Z] [INFO] [cadence.virtuoso.ade.simulationMonitor] -    -   (Fast APS) Multi-threading. The recommended number of threads is 1, consider adding +mt=1 on command line. {"history": "Interactive.252", "point": 1, "testname": "OP", "cornername": "Nominal"}
[2026-09-01 06:38:57.796 Z] [INFO] [cadence.virtuoso.ade.simulationMonitor] - Total time required for dc analysis `dcOp': CPU = 1.516 ms, elapsed = 4.98414 ms, util. = 30.4%. {"history": "Interactive.252", "point": 1, "testname": "OP", "cornername": "Nominal"}
[2026-09-01 06:38:57.797 Z] [INFO] [cadence.virtuoso.ade.simulationMonitor] - Peak resident memory used = 187 Mbytes. {"history": "Interactive.252", "point": 1, "testname": "OP", "cornername": "Nominal"}
[2026-09-01 06:38:57.797 Z] [INFO] [cadence.virtuoso.ade.simulationMonitor] - Time used: CPU = 172 ms, elapsed = 508 ms, util. = 33.9%. {"history": "Interactive.252", "point": 1, "testname": "OP", "cornername": "Nominal"}
[2026-09-01 06:38:57.797 Z] [INFO] [cadence.virtuoso.ade.simulationMonitor] - Time spent in licensing: elapsed = 25.2 ms. {"history": "Interactive.252", "point": 1, "testname": "OP", "cornername": "Nominal"}
[2026-09-01 06:38:57.797 Z] [INFO] [cadence.virtuoso.ade.simulationMonitor] - Peak memory used = 189 Mbytes. {"history": "Interactive.252", "point": 1, "testname": "OP", "cornername": "Nominal"}
[2026-09-01 06:38:57.798 Z] [PROCESS] [cadence.virtuoso.ade.simulationMonitor] - Simulation started at: 6:38:56 AM, Tue Sep 1, 2026, ended at: 6:38:57 AM, Tue Sep 1, 2026, with elapsed time (wall clock): 508 ms. {"history": "Interactive.252", "point": 1, "testname": "OP", "cornername": "Nominal"}
[2026-09-01 06:38:57.798 Z] [PROCESS] [cadence.virtuoso.ade.simulationMonitor] - spectre completes with 0 errors, 4 warnings, and 7 notices. {"history": "Interactive.252", "point": 1, "testname": "OP", "cornername": "Nominal"}
[2026-09-01 06:38:57.798 Z] [PROCESS] [cadence.virtuoso.ade.simulationMonitor] - Finished simulating for one point {"hostname": "edatools", "processid": 116468, "history": "Interactive.252", "testname": "OP", "cornername": "Nominal", "point": 1, "logfile": "/home/saul/projects/LF_BG/logs_saul/logs5/Job14.log", "simid": "7"}
[2026-09-01 06:38:57.798 Z] [PROCESS] [cadence.virtuoso.ade.simulationMonitor] - Simulator exited {"hostname": "edatools", "processid": 116468, "history": "Interactive.252", "testname": "OP", "cornername": "Nominal", "point": 1, "logfile": "/home/saul/projects/LF_BG/logs_saul/logs5/Job14.log", "exitStatus": "0"}
[2026-09-01 06:38:57.798 Z] [PROCESS] [cadence.virtuoso.ade.simulationMonitor] - Finished Simulation {"hostname": "edatools", "processid": 116468, "history": "Interactive.252", "testname": "OP", "cornername": "Nominal", "point": 1, "logfile": "/home/saul/projects/LF_BG/logs_saul/logs5/Job14.log", "simid": "7"}
[2026-09-01 06:38:59.805 Z] [PROCESS] [cadence.virtuoso.ade.simulationMonitor] - Point Finished {"hostname": "edatools", "processid": 116468, "history": "Interactive.252", "testname": "OP", "cornername": "Nominal", "point": 1, "logfile": "/home/saul/projects/LF_BG/logs_saul/logs5/Job14.log"}
[2026-09-01 06:39:09.966 Z] [PROCESS] [cadence.virtuoso.ade.simulationMonitor] - Started History {"hostname": "edatools", "processid": 116468, "history": "Interactive.253", "testname": "OP", "cornername": "Nominal", "point": 1, "logfile": "/home/saul/projects/LF_BG/logs_saul/logs5/Job14.log"}
[2026-09-01 06:39:09.967 Z] [PROCESS] [cadence.virtuoso.ade.simulationMonitor] - HostInfo:
Host name (type):	edatools (x86_64)
Operating system:	Linux 7.0.0-30-generic #30~24.04.1-Ubuntu SMP PREEMPT_DYNAMIC Fri Aug  7 13:27:52 UTC 2 {"hostname": "edatools", "processid": 116468, "history": "Interactive.253", "testname": "OP", "cornername": "Nominal", "point": 1, "logfile": "/home/saul/projects/LF_BG/logs_saul/logs5/Job14.log", "nodename": "edatools", "domainname": "(none)", "machine": "x86_64", "sysname": "Linux", "release": "7.0.0-30-generic", "version": "#30~24.04.1-Ubuntu SMP PREEMPT_DYNAMIC Fri Aug  7 13:27:52 UTC 2"}
[2026-09-01 06:39:09.967 Z] [PROCESS] [cadence.virtuoso.ade.simulationMonitor] - UsageInfo:
pid=116468
totalPhysicalMemory=62.541851GB,Used=24.007191GB,totalVirtualMemory=70.541847GB,Used=24.007191GB
Cpu: Cores=16, Load average:0.640000,0.590000,0.530000 {"hostname": "edatools", "processid": 116468, "history": "Interactive.253", "testname": "OP", "cornername": "Nominal", "point": 1, "logfile": "/home/saul/projects/LF_BG/logs_saul/logs5/Job14.log", "pid": "116468", "totalPhysicalMemory": "62.541851", "physicalMemoryUsed": "24.007191", "totalVirtualMemory": "70.541847", "virtualMemoryUsed": "24.007191", "cpuCores": "16", "processes": "2163", "loadAverage1": "0.640000", "loadAverage5": "0.590000", "loadAverage15": "0.530000", "loadAverage1Percent": "0.040000"}
[2026-09-01 06:39:09.968 Z] [EVENT] [cadence.virtuoso.ade.simulationMonitor] - NewPoint {"history": "Interactive.253", "point": 1, "testname": "OP", "cornername": "Nominal", "event": "NewPoint", "EventSource": "Simulation Monitor", "HistoryName": "Interactive.253", "logFile": "/home/saul/projects/LF_BG/logs_saul/logs5/Job14.log", "logFileSize": "77957"}
[2026-09-01 06:39:10.070 Z] [EVENT] [cadence.virtuoso.ade.simulationMonitor] - NewPoint {"history": "Interactive.253", "point": 1, "testname": "OP", "cornername": "Nominal", "event": "NewPoint", "EventSource": "spectre", "HistoryName": "Interactive.253", "logFile": "/home/saul/simulation/REF_GEN/REF_GEN_f_TB/maestro/results/maestro/Interactive.253/1/OP/psf/spectre.out", "logFileSize": "-1"}
[2026-09-01 06:39:10.076 Z] [PROCESS] [cadence.virtuoso.ade.simulationMonitor] - Simulator launched {"hostname": "edatools", "processid": 116468, "history": "Interactive.253", "testname": "OP", "cornername": "Nominal", "point": 1, "logfile": "/home/saul/projects/LF_BG/logs_saul/logs5/Job14.log", "simid": "8"}
[2026-09-01 06:39:10.077 Z] [PROCESS] [cadence.virtuoso.ade.simulationMonitor] - Expression evaluator launched {"hostname": "edatools", "processid": 116468, "history": "Interactive.253", "testname": "OP", "cornername": "Nominal", "point": 1, "logfile": "/home/saul/projects/LF_BG/logs_saul/logs5/Job14.log"}
[2026-09-01 06:39:10.106 Z] [PROCESS] [cadence.virtuoso.ade.simulationMonitor] - Started Simulation {"hostname": "edatools", "processid": 116468, "history": "Interactive.253", "testname": "OP", "cornername": "Nominal", "point": 1, "logfile": "/home/saul/projects/LF_BG/logs_saul/logs5/Job14.log", "event": "started", "task": "simulation"}
[2026-09-01 06:39:11.106 Z] [INFO] [cadence.virtuoso.ade.simulationMonitor] - Peak resident memory used = 170 Mbytes. {"history": "Interactive.253", "point": 1, "testname": "OP", "cornername": "Nominal"}
[2026-09-01 06:39:11.107 Z] [INFO] [cadence.virtuoso.ade.simulationMonitor] - Peak resident memory used = 179 Mbytes. {"history": "Interactive.253", "point": 1, "testname": "OP", "cornername": "Nominal"}
[2026-09-01 06:39:11.107 Z] [INFO] [cadence.virtuoso.ade.simulationMonitor] - Notice from spectre during hierarchy flattening.
    The value 'psf' specified for the 'checklimitdest' option will no longer be supported in future releases. Use 'spectre -h' to see other recommended values for the 'checklimitdest' option. {"history": "Interactive.253", "point": 1, "testname": "OP", "cornername": "Nominal"}
[2026-09-01 06:39:11.107 Z] [WARN] [cadence.virtuoso.ade.simulationMonitor] -     WARNING (SPECTRE-16718): inlinesubcktcurrent option is set as `subckt', all the inline subckts will be treated as normal subckts when you access the current of their terminals. {"history": "Interactive.253", "point": 1, "testname": "OP", "cornername": "Nominal"}
[2026-09-01 06:39:11.107 Z] [WARN] [cadence.virtuoso.ade.simulationMonitor] -     WARNING (SPECTRE-8527): There are some nodes and instances removed from the netlist topology check. Check the circuit and correct the topology. Or use preserve_inst to keep them if necessary. {"history": "Interactive.253", "point": 1, "testname": "OP", "cornername": "Nominal"}
[2026-09-01 06:39:11.107 Z] [WARN] [cadence.virtuoso.ade.simulationMonitor] -     WARNING (SPECTRE-8529): Dangling instance. V9 is removed. {"history": "Interactive.253", "point": 1, "testname": "OP", "cornername": "Nominal"}
[2026-09-01 06:39:11.107 Z] [WARN] [cadence.virtuoso.ade.simulationMonitor] -     WARNING (SPECTRE-8530): Dangling node. net9 is removed. {"history": "Interactive.253", "point": 1, "testname": "OP", "cornername": "Nominal"}
[2026-09-01 06:39:11.107 Z] [INFO] [cadence.virtuoso.ade.simulationMonitor] - Peak resident memory used = 181 Mbytes. {"history": "Interactive.253", "point": 1, "testname": "OP", "cornername": "Nominal"}
[2026-09-01 06:39:11.108 Z] [INFO] [cadence.virtuoso.ade.simulationMonitor] - Notice from spectre during topology check.
    No DC path from node `VbgT' to ground, Gmin installed to provide path.
    No DC path from node `V1000' to ground, Gmin installed to provide path.
    No DC path from node `V550' to ground, Gmin installed to provide path. {"history": "Interactive.253", "point": 1, "testname": "OP", "cornername": "Nominal"}
[2026-09-01 06:39:11.108 Z] [INFO] [cadence.virtuoso.ade.simulationMonitor] - Notice from spectre during initial setup.
    Multithreading is disabled due to the size of the design being too small. {"history": "Interactive.253", "point": 1, "testname": "OP", "cornername": "Nominal"}
[2026-09-01 06:39:11.108 Z] [INFO] [cadence.virtuoso.ade.simulationMonitor] -               nodes 56 {"history": "Interactive.253", "point": 1, "testname": "OP", "cornername": "Nominal"}
[2026-09-01 06:39:11.108 Z] [INFO] [cadence.virtuoso.ade.simulationMonitor] - Notice from spectre during initial setup.
    Fast APS enabled. {"history": "Interactive.253", "point": 1, "testname": "OP", "cornername": "Nominal"}
[2026-09-01 06:39:11.108 Z] [INFO] [cadence.virtuoso.ade.simulationMonitor] - Peak resident memory used = 184 Mbytes. {"history": "Interactive.253", "point": 1, "testname": "OP", "cornername": "Nominal"}
[2026-09-01 06:39:11.108 Z] [INFO] [cadence.virtuoso.ade.simulationMonitor] -    -   (Fast APS) Multi-threading. The recommended number of threads is 1, consider adding +mt=1 on command line. {"history": "Interactive.253", "point": 1, "testname": "OP", "cornername": "Nominal"}
[2026-09-01 06:39:11.108 Z] [INFO] [cadence.virtuoso.ade.simulationMonitor] - Total time required for dc analysis `dcOp': CPU = 1.461 ms, elapsed = 4.71687 ms, util. = 31%. {"history": "Interactive.253", "point": 1, "testname": "OP", "cornername": "Nominal"}
[2026-09-01 06:39:11.108 Z] [INFO] [cadence.virtuoso.ade.simulationMonitor] - Peak resident memory used = 187 Mbytes. {"history": "Interactive.253", "point": 1, "testname": "OP", "cornername": "Nominal"}
[2026-09-01 06:39:11.108 Z] [INFO] [cadence.virtuoso.ade.simulationMonitor] - Time used: CPU = 170 ms, elapsed = 546 ms, util. = 31.2%. {"history": "Interactive.253", "point": 1, "testname": "OP", "cornername": "Nominal"}
[2026-09-01 06:39:11.109 Z] [INFO] [cadence.virtuoso.ade.simulationMonitor] - Time spent in licensing: elapsed = 24.4 ms. {"history": "Interactive.253", "point": 1, "testname": "OP", "cornername": "Nominal"}
[2026-09-01 06:39:11.109 Z] [INFO] [cadence.virtuoso.ade.simulationMonitor] - Peak memory used = 189 Mbytes. {"history": "Interactive.253", "point": 1, "testname": "OP", "cornername": "Nominal"}
[2026-09-01 06:39:11.109 Z] [PROCESS] [cadence.virtuoso.ade.simulationMonitor] - Simulation started at: 6:39:10 AM, Tue Sep 1, 2026, ended at: 6:39:10 AM, Tue Sep 1, 2026, with elapsed time (wall clock): 546 ms. {"history": "Interactive.253", "point": 1, "testname": "OP", "cornername": "Nominal"}
[2026-09-01 06:39:11.109 Z] [PROCESS] [cadence.virtuoso.ade.simulationMonitor] - spectre completes with 0 errors, 4 warnings, and 7 notices. {"history": "Interactive.253", "point": 1, "testname": "OP", "cornername": "Nominal"}
[2026-09-01 06:39:11.109 Z] [PROCESS] [cadence.virtuoso.ade.simulationMonitor] - Finished simulating for one point {"hostname": "edatools", "processid": 116468, "history": "Interactive.253", "testname": "OP", "cornername": "Nominal", "point": 1, "logfile": "/home/saul/projects/LF_BG/logs_saul/logs5/Job14.log", "simid": "8"}
[2026-09-01 06:39:11.109 Z] [PROCESS] [cadence.virtuoso.ade.simulationMonitor] - Simulator exited {"hostname": "edatools", "processid": 116468, "history": "Interactive.253", "testname": "OP", "cornername": "Nominal", "point": 1, "logfile": "/home/saul/projects/LF_BG/logs_saul/logs5/Job14.log", "exitStatus": "0"}
[2026-09-01 06:39:11.109 Z] [PROCESS] [cadence.virtuoso.ade.simulationMonitor] - Finished Simulation {"hostname": "edatools", "processid": 116468, "history": "Interactive.253", "testname": "OP", "cornername": "Nominal", "point": 1, "logfile": "/home/saul/projects/LF_BG/logs_saul/logs5/Job14.log", "simid": "8"}
[2026-09-01 06:39:13.118 Z] [PROCESS] [cadence.virtuoso.ade.simulationMonitor] - Point Finished {"hostname": "edatools", "processid": 116468, "history": "Interactive.253", "testname": "OP", "cornername": "Nominal", "point": 1, "logfile": "/home/saul/projects/LF_BG/logs_saul/logs5/Job14.log"}
[2026-09-01 06:39:25.619 Z] [PROCESS] [cadence.virtuoso.ade.simulationMonitor] - Started History {"hostname": "edatools", "processid": 116468, "history": "Interactive.254", "testname": "OP", "cornername": "Nominal", "point": 1, "logfile": "/home/saul/projects/LF_BG/logs_saul/logs5/Job14.log"}
[2026-09-01 06:39:25.620 Z] [PROCESS] [cadence.virtuoso.ade.simulationMonitor] - HostInfo:
Host name (type):	edatools (x86_64)
Operating system:	Linux 7.0.0-30-generic #30~24.04.1-Ubuntu SMP PREEMPT_DYNAMIC Fri Aug  7 13:27:52 UTC 2 {"hostname": "edatools", "processid": 116468, "history": "Interactive.254", "testname": "OP", "cornername": "Nominal", "point": 1, "logfile": "/home/saul/projects/LF_BG/logs_saul/logs5/Job14.log", "nodename": "edatools", "domainname": "(none)", "machine": "x86_64", "sysname": "Linux", "release": "7.0.0-30-generic", "version": "#30~24.04.1-Ubuntu SMP PREEMPT_DYNAMIC Fri Aug  7 13:27:52 UTC 2"}
[2026-09-01 06:39:25.620 Z] [PROCESS] [cadence.virtuoso.ade.simulationMonitor] - UsageInfo:
pid=116468
totalPhysicalMemory=62.541851GB,Used=24.000546GB,totalVirtualMemory=70.541847GB,Used=24.000546GB
Cpu: Cores=16, Load average:0.640000,0.590000,0.530000 {"hostname": "edatools", "processid": 116468, "history": "Interactive.254", "testname": "OP", "cornername": "Nominal", "point": 1, "logfile": "/home/saul/projects/LF_BG/logs_saul/logs5/Job14.log", "pid": "116468", "totalPhysicalMemory": "62.541851", "physicalMemoryUsed": "24.000546", "totalVirtualMemory": "70.541847", "virtualMemoryUsed": "24.000546", "cpuCores": "16", "processes": "2162", "loadAverage1": "0.640000", "loadAverage5": "0.590000", "loadAverage15": "0.530000", "loadAverage1Percent": "0.040000"}
[2026-09-01 06:39:25.621 Z] [EVENT] [cadence.virtuoso.ade.simulationMonitor] - NewPoint {"history": "Interactive.254", "point": 1, "testname": "OP", "cornername": "Nominal", "event": "NewPoint", "EventSource": "Simulation Monitor", "HistoryName": "Interactive.254", "logFile": "/home/saul/projects/LF_BG/logs_saul/logs5/Job14.log", "logFileSize": "88000"}
[2026-09-01 06:39:25.723 Z] [EVENT] [cadence.virtuoso.ade.simulationMonitor] - NewPoint {"history": "Interactive.254", "point": 1, "testname": "OP", "cornername": "Nominal", "event": "NewPoint", "EventSource": "spectre", "HistoryName": "Interactive.254", "logFile": "/home/saul/simulation/REF_GEN/REF_GEN_f_TB/maestro/results/maestro/Interactive.254/1/OP/psf/spectre.out", "logFileSize": "-1"}
[2026-09-01 06:39:25.741 Z] [PROCESS] [cadence.virtuoso.ade.simulationMonitor] - Simulator launched {"hostname": "edatools", "processid": 116468, "history": "Interactive.254", "testname": "OP", "cornername": "Nominal", "point": 1, "logfile": "/home/saul/projects/LF_BG/logs_saul/logs5/Job14.log", "simid": "9"}
[2026-09-01 06:39:25.744 Z] [PROCESS] [cadence.virtuoso.ade.simulationMonitor] - Expression evaluator launched {"hostname": "edatools", "processid": 116468, "history": "Interactive.254", "testname": "OP", "cornername": "Nominal", "point": 1, "logfile": "/home/saul/projects/LF_BG/logs_saul/logs5/Job14.log"}
[2026-09-01 06:39:25.773 Z] [PROCESS] [cadence.virtuoso.ade.simulationMonitor] - Started Simulation {"hostname": "edatools", "processid": 116468, "history": "Interactive.254", "testname": "OP", "cornername": "Nominal", "point": 1, "logfile": "/home/saul/projects/LF_BG/logs_saul/logs5/Job14.log", "event": "started", "task": "simulation"}
[2026-09-01 06:39:26.773 Z] [INFO] [cadence.virtuoso.ade.simulationMonitor] - Peak resident memory used = 170 Mbytes. {"history": "Interactive.254", "point": 1, "testname": "OP", "cornername": "Nominal"}
[2026-09-01 06:39:26.774 Z] [INFO] [cadence.virtuoso.ade.simulationMonitor] - Peak resident memory used = 179 Mbytes. {"history": "Interactive.254", "point": 1, "testname": "OP", "cornername": "Nominal"}
[2026-09-01 06:39:26.774 Z] [INFO] [cadence.virtuoso.ade.simulationMonitor] - Notice from spectre during hierarchy flattening.
    The value 'psf' specified for the 'checklimitdest' option will no longer be supported in future releases. Use 'spectre -h' to see other recommended values for the 'checklimitdest' option. {"history": "Interactive.254", "point": 1, "testname": "OP", "cornername": "Nominal"}
[2026-09-01 06:39:26.774 Z] [WARN] [cadence.virtuoso.ade.simulationMonitor] -     WARNING (SPECTRE-16718): inlinesubcktcurrent option is set as `subckt', all the inline subckts will be treated as normal subckts when you access the current of their terminals. {"history": "Interactive.254", "point": 1, "testname": "OP", "cornername": "Nominal"}
[2026-09-01 06:39:26.774 Z] [WARN] [cadence.virtuoso.ade.simulationMonitor] -     WARNING (SPECTRE-8527): There are some nodes and instances removed from the netlist topology check. Check the circuit and correct the topology. Or use preserve_inst to keep them if necessary. {"history": "Interactive.254", "point": 1, "testname": "OP", "cornername": "Nominal"}
[2026-09-01 06:39:26.775 Z] [WARN] [cadence.virtuoso.ade.simulationMonitor] -     WARNING (SPECTRE-8529): Dangling instance. V9 is removed. {"history": "Interactive.254", "point": 1, "testname": "OP", "cornername": "Nominal"}
[2026-09-01 06:39:26.775 Z] [WARN] [cadence.virtuoso.ade.simulationMonitor] -     WARNING (SPECTRE-8530): Dangling node. net9 is removed. {"history": "Interactive.254", "point": 1, "testname": "OP", "cornername": "Nominal"}
[2026-09-01 06:39:26.775 Z] [INFO] [cadence.virtuoso.ade.simulationMonitor] - Peak resident memory used = 181 Mbytes. {"history": "Interactive.254", "point": 1, "testname": "OP", "cornername": "Nominal"}
[2026-09-01 06:39:26.775 Z] [INFO] [cadence.virtuoso.ade.simulationMonitor] - Notice from spectre during topology check.
    No DC path from node `VbgT' to ground, Gmin installed to provide path.
    No DC path from node `V1000' to ground, Gmin installed to provide path.
    No DC path from node `V550' to ground, Gmin installed to provide path. {"history": "Interactive.254", "point": 1, "testname": "OP", "cornername": "Nominal"}
[2026-09-01 06:39:26.775 Z] [INFO] [cadence.virtuoso.ade.simulationMonitor] - Notice from spectre during initial setup.
    Multithreading is disabled due to the size of the design being too small. {"history": "Interactive.254", "point": 1, "testname": "OP", "cornername": "Nominal"}
[2026-09-01 06:39:26.776 Z] [INFO] [cadence.virtuoso.ade.simulationMonitor] -               nodes 56 {"history": "Interactive.254", "point": 1, "testname": "OP", "cornername": "Nominal"}
[2026-09-01 06:39:26.776 Z] [INFO] [cadence.virtuoso.ade.simulationMonitor] - Notice from spectre during initial setup.
    Fast APS enabled. {"history": "Interactive.254", "point": 1, "testname": "OP", "cornername": "Nominal"}
[2026-09-01 06:39:26.776 Z] [INFO] [cadence.virtuoso.ade.simulationMonitor] - Peak resident memory used = 184 Mbytes. {"history": "Interactive.254", "point": 1, "testname": "OP", "cornername": "Nominal"}
[2026-09-01 06:39:26.776 Z] [INFO] [cadence.virtuoso.ade.simulationMonitor] -    -   (Fast APS) Multi-threading. The recommended number of threads is 1, consider adding +mt=1 on command line. {"history": "Interactive.254", "point": 1, "testname": "OP", "cornername": "Nominal"}
[2026-09-01 06:39:26.777 Z] [INFO] [cadence.virtuoso.ade.simulationMonitor] - Total time required for dc analysis `dcOp': CPU = 2.074 ms, elapsed = 5.64909 ms, util. = 36.7%. {"history": "Interactive.254", "point": 1, "testname": "OP", "cornername": "Nominal"}
[2026-09-01 06:39:26.777 Z] [INFO] [cadence.virtuoso.ade.simulationMonitor] - Peak resident memory used = 187 Mbytes. {"history": "Interactive.254", "point": 1, "testname": "OP", "cornername": "Nominal"}
[2026-09-01 06:39:26.777 Z] [INFO] [cadence.virtuoso.ade.simulationMonitor] - Time used: CPU = 170 ms, elapsed = 545 ms, util. = 31.2%. {"history": "Interactive.254", "point": 1, "testname": "OP", "cornername": "Nominal"}
[2026-09-01 06:39:26.777 Z] [INFO] [cadence.virtuoso.ade.simulationMonitor] - Time spent in licensing: elapsed = 24.6 ms. {"history": "Interactive.254", "point": 1, "testname": "OP", "cornername": "Nominal"}
[2026-09-01 06:39:26.778 Z] [INFO] [cadence.virtuoso.ade.simulationMonitor] - Peak memory used = 188 Mbytes. {"history": "Interactive.254", "point": 1, "testname": "OP", "cornername": "Nominal"}
[2026-09-01 06:39:26.778 Z] [PROCESS] [cadence.virtuoso.ade.simulationMonitor] - Simulation started at: 6:39:25 AM, Tue Sep 1, 2026, ended at: 6:39:26 AM, Tue Sep 1, 2026, with elapsed time (wall clock): 545 ms. {"history": "Interactive.254", "point": 1, "testname": "OP", "cornername": "Nominal"}
[2026-09-01 06:39:26.778 Z] [PROCESS] [cadence.virtuoso.ade.simulationMonitor] - spectre completes with 0 errors, 4 warnings, and 7 notices. {"history": "Interactive.254", "point": 1, "testname": "OP", "cornername": "Nominal"}
[2026-09-01 06:39:26.778 Z] [PROCESS] [cadence.virtuoso.ade.simulationMonitor] - Finished simulating for one point {"hostname": "edatools", "processid": 116468, "history": "Interactive.254", "testname": "OP", "cornername": "Nominal", "point": 1, "logfile": "/home/saul/projects/LF_BG/logs_saul/logs5/Job14.log", "simid": "9"}
[2026-09-01 06:39:26.779 Z] [PROCESS] [cadence.virtuoso.ade.simulationMonitor] - Simulator exited {"hostname": "edatools", "processid": 116468, "history": "Interactive.254", "testname": "OP", "cornername": "Nominal", "point": 1, "logfile": "/home/saul/projects/LF_BG/logs_saul/logs5/Job14.log", "exitStatus": "0"}
[2026-09-01 06:39:26.779 Z] [PROCESS] [cadence.virtuoso.ade.simulationMonitor] - Finished Simulation {"hostname": "edatools", "processid": 116468, "history": "Interactive.254", "testname": "OP", "cornername": "Nominal", "point": 1, "logfile": "/home/saul/projects/LF_BG/logs_saul/logs5/Job14.log", "simid": "9"}
[2026-09-01 06:39:28.798 Z] [PROCESS] [cadence.virtuoso.ade.simulationMonitor] - Point Finished {"hostname": "edatools", "processid": 116468, "history": "Interactive.254", "testname": "OP", "cornername": "Nominal", "point": 1, "logfile": "/home/saul/projects/LF_BG/logs_saul/logs5/Job14.log"}
[2026-09-01 06:39:46.990 Z] [PROCESS] [cadence.virtuoso.ade.simulationMonitor] - Started History {"hostname": "edatools", "processid": 116468, "history": "Interactive.255", "testname": "OP", "cornername": "Nominal", "point": 1, "logfile": "/home/saul/projects/LF_BG/logs_saul/logs5/Job14.log"}
[2026-09-01 06:39:46.991 Z] [PROCESS] [cadence.virtuoso.ade.simulationMonitor] - HostInfo:
Host name (type):	edatools (x86_64)
Operating system:	Linux 7.0.0-30-generic #30~24.04.1-Ubuntu SMP PREEMPT_DYNAMIC Fri Aug  7 13:27:52 UTC 2 {"hostname": "edatools", "processid": 116468, "history": "Interactive.255", "testname": "OP", "cornername": "Nominal", "point": 1, "logfile": "/home/saul/projects/LF_BG/logs_saul/logs5/Job14.log", "nodename": "edatools", "domainname": "(none)", "machine": "x86_64", "sysname": "Linux", "release": "7.0.0-30-generic", "version": "#30~24.04.1-Ubuntu SMP PREEMPT_DYNAMIC Fri Aug  7 13:27:52 UTC 2"}
[2026-09-01 06:39:46.991 Z] [PROCESS] [cadence.virtuoso.ade.simulationMonitor] - UsageInfo:
pid=116468
totalPhysicalMemory=62.541851GB,Used=24.139744GB,totalVirtualMemory=70.541847GB,Used=24.139744GB
Cpu: Cores=16, Load average:0.520000,0.570000,0.530000 {"hostname": "edatools", "processid": 116468, "history": "Interactive.255", "testname": "OP", "cornername": "Nominal", "point": 1, "logfile": "/home/saul/projects/LF_BG/logs_saul/logs5/Job14.log", "pid": "116468", "totalPhysicalMemory": "62.541851", "physicalMemoryUsed": "24.139744", "totalVirtualMemory": "70.541847", "virtualMemoryUsed": "24.139744", "cpuCores": "16", "processes": "2171", "loadAverage1": "0.520000", "loadAverage5": "0.570000", "loadAverage15": "0.530000", "loadAverage1Percent": "0.032500"}
[2026-09-01 06:39:46.992 Z] [EVENT] [cadence.virtuoso.ade.simulationMonitor] - NewPoint {"history": "Interactive.255", "point": 1, "testname": "OP", "cornername": "Nominal", "event": "NewPoint", "EventSource": "Simulation Monitor", "HistoryName": "Interactive.255", "logFile": "/home/saul/projects/LF_BG/logs_saul/logs5/Job14.log", "logFileSize": "98045"}
[2026-09-01 06:39:47.094 Z] [EVENT] [cadence.virtuoso.ade.simulationMonitor] - NewPoint {"history": "Interactive.255", "point": 1, "testname": "OP", "cornername": "Nominal", "event": "NewPoint", "EventSource": "spectre", "HistoryName": "Interactive.255", "logFile": "/home/saul/simulation/REF_GEN/REF_GEN_f_TB/maestro/results/maestro/Interactive.255/1/OP/psf/spectre.out", "logFileSize": "-1"}
[2026-09-01 06:39:47.099 Z] [PROCESS] [cadence.virtuoso.ade.simulationMonitor] - Simulator launched {"hostname": "edatools", "processid": 116468, "history": "Interactive.255", "testname": "OP", "cornername": "Nominal", "point": 1, "logfile": "/home/saul/projects/LF_BG/logs_saul/logs5/Job14.log", "simid": "10"}
[2026-09-01 06:39:47.100 Z] [PROCESS] [cadence.virtuoso.ade.simulationMonitor] - Expression evaluator launched {"hostname": "edatools", "processid": 116468, "history": "Interactive.255", "testname": "OP", "cornername": "Nominal", "point": 1, "logfile": "/home/saul/projects/LF_BG/logs_saul/logs5/Job14.log"}
[2026-09-01 06:39:47.120 Z] [PROCESS] [cadence.virtuoso.ade.simulationMonitor] - Started Simulation {"hostname": "edatools", "processid": 116468, "history": "Interactive.255", "testname": "OP", "cornername": "Nominal", "point": 1, "logfile": "/home/saul/projects/LF_BG/logs_saul/logs5/Job14.log", "event": "started", "task": "simulation"}
[2026-09-01 06:39:48.120 Z] [INFO] [cadence.virtuoso.ade.simulationMonitor] - Peak resident memory used = 170 Mbytes. {"history": "Interactive.255", "point": 1, "testname": "OP", "cornername": "Nominal"}
[2026-09-01 06:39:48.120 Z] [INFO] [cadence.virtuoso.ade.simulationMonitor] - Peak resident memory used = 179 Mbytes. {"history": "Interactive.255", "point": 1, "testname": "OP", "cornername": "Nominal"}
[2026-09-01 06:39:48.121 Z] [INFO] [cadence.virtuoso.ade.simulationMonitor] - Notice from spectre during hierarchy flattening.
    The value 'psf' specified for the 'checklimitdest' option will no longer be supported in future releases. Use 'spectre -h' to see other recommended values for the 'checklimitdest' option. {"history": "Interactive.255", "point": 1, "testname": "OP", "cornername": "Nominal"}
[2026-09-01 06:39:48.121 Z] [WARN] [cadence.virtuoso.ade.simulationMonitor] -     WARNING (SPECTRE-16718): inlinesubcktcurrent option is set as `subckt', all the inline subckts will be treated as normal subckts when you access the current of their terminals. {"history": "Interactive.255", "point": 1, "testname": "OP", "cornername": "Nominal"}
[2026-09-01 06:39:48.121 Z] [WARN] [cadence.virtuoso.ade.simulationMonitor] -     WARNING (SPECTRE-8527): There are some nodes and instances removed from the netlist topology check. Check the circuit and correct the topology. Or use preserve_inst to keep them if necessary. {"history": "Interactive.255", "point": 1, "testname": "OP", "cornername": "Nominal"}
[2026-09-01 06:39:48.121 Z] [WARN] [cadence.virtuoso.ade.simulationMonitor] -     WARNING (SPECTRE-8529): Dangling instance. V9 is removed. {"history": "Interactive.255", "point": 1, "testname": "OP", "cornername": "Nominal"}
[2026-09-01 06:39:48.121 Z] [WARN] [cadence.virtuoso.ade.simulationMonitor] -     WARNING (SPECTRE-8530): Dangling node. net9 is removed. {"history": "Interactive.255", "point": 1, "testname": "OP", "cornername": "Nominal"}
[2026-09-01 06:39:48.121 Z] [INFO] [cadence.virtuoso.ade.simulationMonitor] - Peak resident memory used = 181 Mbytes. {"history": "Interactive.255", "point": 1, "testname": "OP", "cornername": "Nominal"}
[2026-09-01 06:39:48.121 Z] [INFO] [cadence.virtuoso.ade.simulationMonitor] - Notice from spectre during topology check.
    No DC path from node `VbgT' to ground, Gmin installed to provide path.
    No DC path from node `V1000' to ground, Gmin installed to provide path.
    No DC path from node `V550' to ground, Gmin installed to provide path. {"history": "Interactive.255", "point": 1, "testname": "OP", "cornername": "Nominal"}
[2026-09-01 06:39:48.121 Z] [INFO] [cadence.virtuoso.ade.simulationMonitor] - Notice from spectre during initial setup.
    Multithreading is disabled due to the size of the design being too small. {"history": "Interactive.255", "point": 1, "testname": "OP", "cornername": "Nominal"}
[2026-09-01 06:39:48.121 Z] [INFO] [cadence.virtuoso.ade.simulationMonitor] -               nodes 56 {"history": "Interactive.255", "point": 1, "testname": "OP", "cornername": "Nominal"}
[2026-09-01 06:39:48.121 Z] [INFO] [cadence.virtuoso.ade.simulationMonitor] - Notice from spectre during initial setup.
    Fast APS enabled. {"history": "Interactive.255", "point": 1, "testname": "OP", "cornername": "Nominal"}
[2026-09-01 06:39:48.121 Z] [INFO] [cadence.virtuoso.ade.simulationMonitor] - Peak resident memory used = 184 Mbytes. {"history": "Interactive.255", "point": 1, "testname": "OP", "cornername": "Nominal"}
[2026-09-01 06:39:48.121 Z] [INFO] [cadence.virtuoso.ade.simulationMonitor] -    -   (Fast APS) Multi-threading. The recommended number of threads is 1, consider adding +mt=1 on command line. {"history": "Interactive.255", "point": 1, "testname": "OP", "cornername": "Nominal"}
[2026-09-01 06:39:48.122 Z] [INFO] [cadence.virtuoso.ade.simulationMonitor] - Total time required for dc analysis `dcOp': CPU = 1.571 ms, elapsed = 4.78482 ms, util. = 32.8%. {"history": "Interactive.255", "point": 1, "testname": "OP", "cornername": "Nominal"}
[2026-09-01 06:39:48.122 Z] [INFO] [cadence.virtuoso.ade.simulationMonitor] - Peak resident memory used = 187 Mbytes. {"history": "Interactive.255", "point": 1, "testname": "OP", "cornername": "Nominal"}
[2026-09-01 06:39:48.122 Z] [INFO] [cadence.virtuoso.ade.simulationMonitor] - Time used: CPU = 166 ms, elapsed = 532 ms, util. = 31.2%. {"history": "Interactive.255", "point": 1, "testname": "OP", "cornername": "Nominal"}
[2026-09-01 06:39:48.122 Z] [INFO] [cadence.virtuoso.ade.simulationMonitor] - Time spent in licensing: elapsed = 24.5 ms. {"history": "Interactive.255", "point": 1, "testname": "OP", "cornername": "Nominal"}
[2026-09-01 06:39:48.122 Z] [INFO] [cadence.virtuoso.ade.simulationMonitor] - Peak memory used = 189 Mbytes. {"history": "Interactive.255", "point": 1, "testname": "OP", "cornername": "Nominal"}
[2026-09-01 06:39:48.122 Z] [PROCESS] [cadence.virtuoso.ade.simulationMonitor] - Simulation started at: 6:39:47 AM, Tue Sep 1, 2026, ended at: 6:39:47 AM, Tue Sep 1, 2026, with elapsed time (wall clock): 532 ms. {"history": "Interactive.255", "point": 1, "testname": "OP", "cornername": "Nominal"}
[2026-09-01 06:39:48.122 Z] [PROCESS] [cadence.virtuoso.ade.simulationMonitor] - spectre completes with 0 errors, 4 warnings, and 7 notices. {"history": "Interactive.255", "point": 1, "testname": "OP", "cornername": "Nominal"}
[2026-09-01 06:39:48.122 Z] [PROCESS] [cadence.virtuoso.ade.simulationMonitor] - Finished simulating for one point {"hostname": "edatools", "processid": 116468, "history": "Interactive.255", "testname": "OP", "cornername": "Nominal", "point": 1, "logfile": "/home/saul/projects/LF_BG/logs_saul/logs5/Job14.log", "simid": "10"}
[2026-09-01 06:39:48.122 Z] [PROCESS] [cadence.virtuoso.ade.simulationMonitor] - Simulator exited {"hostname": "edatools", "processid": 116468, "history": "Interactive.255", "testname": "OP", "cornername": "Nominal", "point": 1, "logfile": "/home/saul/projects/LF_BG/logs_saul/logs5/Job14.log", "exitStatus": "0"}
[2026-09-01 06:39:48.122 Z] [PROCESS] [cadence.virtuoso.ade.simulationMonitor] - Finished Simulation {"hostname": "edatools", "processid": 116468, "history": "Interactive.255", "testname": "OP", "cornername": "Nominal", "point": 1, "logfile": "/home/saul/projects/LF_BG/logs_saul/logs5/Job14.log", "simid": "10"}
[2026-09-01 06:39:50.130 Z] [PROCESS] [cadence.virtuoso.ade.simulationMonitor] - Point Finished {"hostname": "edatools", "processid": 116468, "history": "Interactive.255", "testname": "OP", "cornername": "Nominal", "point": 1, "logfile": "/home/saul/projects/LF_BG/logs_saul/logs5/Job14.log"}
[2026-09-01 06:40:06.459 Z] [PROCESS] [cadence.virtuoso.ade.simulationMonitor] - Started History {"hostname": "edatools", "processid": 116468, "history": "Interactive.256", "testname": "OP", "cornername": "Nominal", "point": 1, "logfile": "/home/saul/projects/LF_BG/logs_saul/logs5/Job14.log"}
[2026-09-01 06:40:06.459 Z] [PROCESS] [cadence.virtuoso.ade.simulationMonitor] - HostInfo:
Host name (type):	edatools (x86_64)
Operating system:	Linux 7.0.0-30-generic #30~24.04.1-Ubuntu SMP PREEMPT_DYNAMIC Fri Aug  7 13:27:52 UTC 2 {"hostname": "edatools", "processid": 116468, "history": "Interactive.256", "testname": "OP", "cornername": "Nominal", "point": 1, "logfile": "/home/saul/projects/LF_BG/logs_saul/logs5/Job14.log", "nodename": "edatools", "domainname": "(none)", "machine": "x86_64", "sysname": "Linux", "release": "7.0.0-30-generic", "version": "#30~24.04.1-Ubuntu SMP PREEMPT_DYNAMIC Fri Aug  7 13:27:52 UTC 2"}
[2026-09-01 06:40:06.460 Z] [PROCESS] [cadence.virtuoso.ade.simulationMonitor] - UsageInfo:
pid=116468
totalPhysicalMemory=62.541851GB,Used=24.107365GB,totalVirtualMemory=70.541847GB,Used=24.107365GB
Cpu: Cores=16, Load average:0.370000,0.530000,0.510000 {"hostname": "edatools", "processid": 116468, "history": "Interactive.256", "testname": "OP", "cornername": "Nominal", "point": 1, "logfile": "/home/saul/projects/LF_BG/logs_saul/logs5/Job14.log", "pid": "116468", "totalPhysicalMemory": "62.541851", "physicalMemoryUsed": "24.107365", "totalVirtualMemory": "70.541847", "virtualMemoryUsed": "24.107365", "cpuCores": "16", "processes": "2157", "loadAverage1": "0.370000", "loadAverage5": "0.530000", "loadAverage15": "0.510000", "loadAverage1Percent": "0.023125"}
[2026-09-01 06:40:06.461 Z] [EVENT] [cadence.virtuoso.ade.simulationMonitor] - NewPoint {"history": "Interactive.256", "point": 1, "testname": "OP", "cornername": "Nominal", "event": "NewPoint", "EventSource": "Simulation Monitor", "HistoryName": "Interactive.256", "logFile": "/home/saul/projects/LF_BG/logs_saul/logs5/Job14.log", "logFileSize": "108093"}
[2026-09-01 06:40:06.563 Z] [EVENT] [cadence.virtuoso.ade.simulationMonitor] - NewPoint {"history": "Interactive.256", "point": 1, "testname": "OP", "cornername": "Nominal", "event": "NewPoint", "EventSource": "spectre", "HistoryName": "Interactive.256", "logFile": "/home/saul/simulation/REF_GEN/REF_GEN_f_TB/maestro/results/maestro/Interactive.256/1/OP/psf/spectre.out", "logFileSize": "-1"}
[2026-09-01 06:40:06.579 Z] [PROCESS] [cadence.virtuoso.ade.simulationMonitor] - Simulator launched {"hostname": "edatools", "processid": 116468, "history": "Interactive.256", "testname": "OP", "cornername": "Nominal", "point": 1, "logfile": "/home/saul/projects/LF_BG/logs_saul/logs5/Job14.log", "simid": "11"}
[2026-09-01 06:40:06.582 Z] [PROCESS] [cadence.virtuoso.ade.simulationMonitor] - Expression evaluator launched {"hostname": "edatools", "processid": 116468, "history": "Interactive.256", "testname": "OP", "cornername": "Nominal", "point": 1, "logfile": "/home/saul/projects/LF_BG/logs_saul/logs5/Job14.log"}
[2026-09-01 06:40:06.619 Z] [PROCESS] [cadence.virtuoso.ade.simulationMonitor] - Started Simulation {"hostname": "edatools", "processid": 116468, "history": "Interactive.256", "testname": "OP", "cornername": "Nominal", "point": 1, "logfile": "/home/saul/projects/LF_BG/logs_saul/logs5/Job14.log", "event": "started", "task": "simulation"}
[2026-09-01 06:40:07.619 Z] [INFO] [cadence.virtuoso.ade.simulationMonitor] - Peak resident memory used = 170 Mbytes. {"history": "Interactive.256", "point": 1, "testname": "OP", "cornername": "Nominal"}
[2026-09-01 06:40:07.619 Z] [INFO] [cadence.virtuoso.ade.simulationMonitor] - Peak resident memory used = 179 Mbytes. {"history": "Interactive.256", "point": 1, "testname": "OP", "cornername": "Nominal"}
[2026-09-01 06:40:07.619 Z] [INFO] [cadence.virtuoso.ade.simulationMonitor] - Notice from spectre during hierarchy flattening.
    The value 'psf' specified for the 'checklimitdest' option will no longer be supported in future releases. Use 'spectre -h' to see other recommended values for the 'checklimitdest' option. {"history": "Interactive.256", "point": 1, "testname": "OP", "cornername": "Nominal"}
[2026-09-01 06:40:07.619 Z] [WARN] [cadence.virtuoso.ade.simulationMonitor] -     WARNING (SPECTRE-16718): inlinesubcktcurrent option is set as `subckt', all the inline subckts will be treated as normal subckts when you access the current of their terminals. {"history": "Interactive.256", "point": 1, "testname": "OP", "cornername": "Nominal"}
[2026-09-01 06:40:07.619 Z] [WARN] [cadence.virtuoso.ade.simulationMonitor] -     WARNING (SPECTRE-8527): There are some nodes and instances removed from the netlist topology check. Check the circuit and correct the topology. Or use preserve_inst to keep them if necessary. {"history": "Interactive.256", "point": 1, "testname": "OP", "cornername": "Nominal"}
[2026-09-01 06:40:07.620 Z] [WARN] [cadence.virtuoso.ade.simulationMonitor] -     WARNING (SPECTRE-8529): Dangling instance. V9 is removed. {"history": "Interactive.256", "point": 1, "testname": "OP", "cornername": "Nominal"}
[2026-09-01 06:40:07.620 Z] [WARN] [cadence.virtuoso.ade.simulationMonitor] -     WARNING (SPECTRE-8530): Dangling node. net9 is removed. {"history": "Interactive.256", "point": 1, "testname": "OP", "cornername": "Nominal"}
[2026-09-01 06:40:07.620 Z] [INFO] [cadence.virtuoso.ade.simulationMonitor] - Peak resident memory used = 181 Mbytes. {"history": "Interactive.256", "point": 1, "testname": "OP", "cornername": "Nominal"}
[2026-09-01 06:40:07.620 Z] [INFO] [cadence.virtuoso.ade.simulationMonitor] - Notice from spectre during topology check.
    No DC path from node `VbgT' to ground, Gmin installed to provide path.
    No DC path from node `V1000' to ground, Gmin installed to provide path.
    No DC path from node `V550' to ground, Gmin installed to provide path. {"history": "Interactive.256", "point": 1, "testname": "OP", "cornername": "Nominal"}
[2026-09-01 06:40:07.620 Z] [INFO] [cadence.virtuoso.ade.simulationMonitor] - Notice from spectre during initial setup.
    Multithreading is disabled due to the size of the design being too small. {"history": "Interactive.256", "point": 1, "testname": "OP", "cornername": "Nominal"}
[2026-09-01 06:40:07.620 Z] [INFO] [cadence.virtuoso.ade.simulationMonitor] -               nodes 56 {"history": "Interactive.256", "point": 1, "testname": "OP", "cornername": "Nominal"}
[2026-09-01 06:40:07.620 Z] [INFO] [cadence.virtuoso.ade.simulationMonitor] - Notice from spectre during initial setup.
    Fast APS enabled. {"history": "Interactive.256", "point": 1, "testname": "OP", "cornername": "Nominal"}
[2026-09-01 06:40:07.620 Z] [INFO] [cadence.virtuoso.ade.simulationMonitor] - Peak resident memory used = 184 Mbytes. {"history": "Interactive.256", "point": 1, "testname": "OP", "cornername": "Nominal"}
[2026-09-01 06:40:07.620 Z] [INFO] [cadence.virtuoso.ade.simulationMonitor] -    -   (Fast APS) Multi-threading. The recommended number of threads is 1, consider adding +mt=1 on command line. {"history": "Interactive.256", "point": 1, "testname": "OP", "cornername": "Nominal"}
[2026-09-01 06:40:07.620 Z] [INFO] [cadence.virtuoso.ade.simulationMonitor] - Total time required for dc analysis `dcOp': CPU = 1.322 ms, elapsed = 4.62985 ms, util. = 28.6%. {"history": "Interactive.256", "point": 1, "testname": "OP", "cornername": "Nominal"}
[2026-09-01 06:40:07.620 Z] [INFO] [cadence.virtuoso.ade.simulationMonitor] - Peak resident memory used = 187 Mbytes. {"history": "Interactive.256", "point": 1, "testname": "OP", "cornername": "Nominal"}
[2026-09-01 06:40:07.620 Z] [INFO] [cadence.virtuoso.ade.simulationMonitor] - Time used: CPU = 173 ms, elapsed = 516 ms, util. = 33.5%. {"history": "Interactive.256", "point": 1, "testname": "OP", "cornername": "Nominal"}
[2026-09-01 06:40:07.620 Z] [INFO] [cadence.virtuoso.ade.simulationMonitor] - Time spent in licensing: elapsed = 24.5 ms. {"history": "Interactive.256", "point": 1, "testname": "OP", "cornername": "Nominal"}
[2026-09-01 06:40:07.620 Z] [INFO] [cadence.virtuoso.ade.simulationMonitor] - Peak memory used = 189 Mbytes. {"history": "Interactive.256", "point": 1, "testname": "OP", "cornername": "Nominal"}
[2026-09-01 06:40:07.620 Z] [PROCESS] [cadence.virtuoso.ade.simulationMonitor] - Simulation started at: 6:40:06 AM, Tue Sep 1, 2026, ended at: 6:40:07 AM, Tue Sep 1, 2026, with elapsed time (wall clock): 516 ms. {"history": "Interactive.256", "point": 1, "testname": "OP", "cornername": "Nominal"}
[2026-09-01 06:40:07.620 Z] [PROCESS] [cadence.virtuoso.ade.simulationMonitor] - spectre completes with 0 errors, 4 warnings, and 7 notices. {"history": "Interactive.256", "point": 1, "testname": "OP", "cornername": "Nominal"}
[2026-09-01 06:40:07.620 Z] [PROCESS] [cadence.virtuoso.ade.simulationMonitor] - Finished simulating for one point {"hostname": "edatools", "processid": 116468, "history": "Interactive.256", "testname": "OP", "cornername": "Nominal", "point": 1, "logfile": "/home/saul/projects/LF_BG/logs_saul/logs5/Job14.log", "simid": "11"}
[2026-09-01 06:40:07.620 Z] [PROCESS] [cadence.virtuoso.ade.simulationMonitor] - Simulator exited {"hostname": "edatools", "processid": 116468, "history": "Interactive.256", "testname": "OP", "cornername": "Nominal", "point": 1, "logfile": "/home/saul/projects/LF_BG/logs_saul/logs5/Job14.log", "exitStatus": "0"}
[2026-09-01 06:40:07.620 Z] [PROCESS] [cadence.virtuoso.ade.simulationMonitor] - Finished Simulation {"hostname": "edatools", "processid": 116468, "history": "Interactive.256", "testname": "OP", "cornername": "Nominal", "point": 1, "logfile": "/home/saul/projects/LF_BG/logs_saul/logs5/Job14.log", "simid": "11"}
[2026-09-01 06:40:09.628 Z] [PROCESS] [cadence.virtuoso.ade.simulationMonitor] - Point Finished {"hostname": "edatools", "processid": 116468, "history": "Interactive.256", "testname": "OP", "cornername": "Nominal", "point": 1, "logfile": "/home/saul/projects/LF_BG/logs_saul/logs5/Job14.log"}
[2026-09-01 06:40:38.453 Z] [PROCESS] [cadence.virtuoso.ade.simulationMonitor] - Started History {"hostname": "edatools", "processid": 116468, "history": "Interactive.257", "testname": "OP", "cornername": "Nominal", "point": 1, "logfile": "/home/saul/projects/LF_BG/logs_saul/logs5/Job14.log"}
[2026-09-01 06:40:38.453 Z] [PROCESS] [cadence.virtuoso.ade.simulationMonitor] - HostInfo:
Host name (type):	edatools (x86_64)
Operating system:	Linux 7.0.0-30-generic #30~24.04.1-Ubuntu SMP PREEMPT_DYNAMIC Fri Aug  7 13:27:52 UTC 2 {"hostname": "edatools", "processid": 116468, "history": "Interactive.257", "testname": "OP", "cornername": "Nominal", "point": 1, "logfile": "/home/saul/projects/LF_BG/logs_saul/logs5/Job14.log", "nodename": "edatools", "domainname": "(none)", "machine": "x86_64", "sysname": "Linux", "release": "7.0.0-30-generic", "version": "#30~24.04.1-Ubuntu SMP PREEMPT_DYNAMIC Fri Aug  7 13:27:52 UTC 2"}
[2026-09-01 06:40:38.453 Z] [PROCESS] [cadence.virtuoso.ade.simulationMonitor] - UsageInfo:
pid=116468
totalPhysicalMemory=62.541851GB,Used=24.132080GB,totalVirtualMemory=70.541847GB,Used=24.132080GB
Cpu: Cores=16, Load average:0.630000,0.570000,0.530000 {"hostname": "edatools", "processid": 116468, "history": "Interactive.257", "testname": "OP", "cornername": "Nominal", "point": 1, "logfile": "/home/saul/projects/LF_BG/logs_saul/logs5/Job14.log", "pid": "116468", "totalPhysicalMemory": "62.541851", "physicalMemoryUsed": "24.132080", "totalVirtualMemory": "70.541847", "virtualMemoryUsed": "24.132080", "cpuCores": "16", "processes": "2160", "loadAverage1": "0.630000", "loadAverage5": "0.570000", "loadAverage15": "0.530000", "loadAverage1Percent": "0.039375"}
[2026-09-01 06:40:38.453 Z] [EVENT] [cadence.virtuoso.ade.simulationMonitor] - NewPoint {"history": "Interactive.257", "point": 1, "testname": "OP", "cornername": "Nominal", "event": "NewPoint", "EventSource": "Simulation Monitor", "HistoryName": "Interactive.257", "logFile": "/home/saul/projects/LF_BG/logs_saul/logs5/Job14.log", "logFileSize": "118142"}
[2026-09-01 06:40:38.554 Z] [EVENT] [cadence.virtuoso.ade.simulationMonitor] - NewPoint {"history": "Interactive.257", "point": 1, "testname": "OP", "cornername": "Nominal", "event": "NewPoint", "EventSource": "spectre", "HistoryName": "Interactive.257", "logFile": "/home/saul/simulation/REF_GEN/REF_GEN_f_TB/maestro/results/maestro/Interactive.257/1/OP/psf/spectre.out", "logFileSize": "-1"}
[2026-09-01 06:40:38.563 Z] [PROCESS] [cadence.virtuoso.ade.simulationMonitor] - Simulator launched {"hostname": "edatools", "processid": 116468, "history": "Interactive.257", "testname": "OP", "cornername": "Nominal", "point": 1, "logfile": "/home/saul/projects/LF_BG/logs_saul/logs5/Job14.log", "simid": "12"}
[2026-09-01 06:40:38.565 Z] [PROCESS] [cadence.virtuoso.ade.simulationMonitor] - Expression evaluator launched {"hostname": "edatools", "processid": 116468, "history": "Interactive.257", "testname": "OP", "cornername": "Nominal", "point": 1, "logfile": "/home/saul/projects/LF_BG/logs_saul/logs5/Job14.log"}
[2026-09-01 06:40:38.603 Z] [PROCESS] [cadence.virtuoso.ade.simulationMonitor] - Started Simulation {"hostname": "edatools", "processid": 116468, "history": "Interactive.257", "testname": "OP", "cornername": "Nominal", "point": 1, "logfile": "/home/saul/projects/LF_BG/logs_saul/logs5/Job14.log", "event": "started", "task": "simulation"}
[2026-09-01 06:40:39.603 Z] [INFO] [cadence.virtuoso.ade.simulationMonitor] - Peak resident memory used = 170 Mbytes. {"history": "Interactive.257", "point": 1, "testname": "OP", "cornername": "Nominal"}
[2026-09-01 06:40:39.604 Z] [INFO] [cadence.virtuoso.ade.simulationMonitor] - Peak resident memory used = 179 Mbytes. {"history": "Interactive.257", "point": 1, "testname": "OP", "cornername": "Nominal"}
[2026-09-01 06:40:39.604 Z] [INFO] [cadence.virtuoso.ade.simulationMonitor] - Notice from spectre during hierarchy flattening.
    The value 'psf' specified for the 'checklimitdest' option will no longer be supported in future releases. Use 'spectre -h' to see other recommended values for the 'checklimitdest' option. {"history": "Interactive.257", "point": 1, "testname": "OP", "cornername": "Nominal"}
[2026-09-01 06:40:39.604 Z] [WARN] [cadence.virtuoso.ade.simulationMonitor] -     WARNING (SPECTRE-16718): inlinesubcktcurrent option is set as `subckt', all the inline subckts will be treated as normal subckts when you access the current of their terminals. {"history": "Interactive.257", "point": 1, "testname": "OP", "cornername": "Nominal"}
[2026-09-01 06:40:39.604 Z] [WARN] [cadence.virtuoso.ade.simulationMonitor] -     WARNING (SPECTRE-8527): There are some nodes and instances removed from the netlist topology check. Check the circuit and correct the topology. Or use preserve_inst to keep them if necessary. {"history": "Interactive.257", "point": 1, "testname": "OP", "cornername": "Nominal"}
[2026-09-01 06:40:39.604 Z] [WARN] [cadence.virtuoso.ade.simulationMonitor] -     WARNING (SPECTRE-8529): Dangling instance. V9 is removed. {"history": "Interactive.257", "point": 1, "testname": "OP", "cornername": "Nominal"}
[2026-09-01 06:40:39.604 Z] [WARN] [cadence.virtuoso.ade.simulationMonitor] -     WARNING (SPECTRE-8530): Dangling node. net9 is removed. {"history": "Interactive.257", "point": 1, "testname": "OP", "cornername": "Nominal"}
[2026-09-01 06:40:39.604 Z] [INFO] [cadence.virtuoso.ade.simulationMonitor] - Peak resident memory used = 181 Mbytes. {"history": "Interactive.257", "point": 1, "testname": "OP", "cornername": "Nominal"}
[2026-09-01 06:40:39.604 Z] [INFO] [cadence.virtuoso.ade.simulationMonitor] - Notice from spectre during topology check.
    No DC path from node `VbgT' to ground, Gmin installed to provide path.
    No DC path from node `V1000' to ground, Gmin installed to provide path.
    No DC path from node `V550' to ground, Gmin installed to provide path. {"history": "Interactive.257", "point": 1, "testname": "OP", "cornername": "Nominal"}
[2026-09-01 06:40:39.604 Z] [INFO] [cadence.virtuoso.ade.simulationMonitor] - Notice from spectre during initial setup.
    Multithreading is disabled due to the size of the design being too small. {"history": "Interactive.257", "point": 1, "testname": "OP", "cornername": "Nominal"}
[2026-09-01 06:40:39.604 Z] [INFO] [cadence.virtuoso.ade.simulationMonitor] -               nodes 56 {"history": "Interactive.257", "point": 1, "testname": "OP", "cornername": "Nominal"}
[2026-09-01 06:40:39.605 Z] [INFO] [cadence.virtuoso.ade.simulationMonitor] - Notice from spectre during initial setup.
    Fast APS enabled. {"history": "Interactive.257", "point": 1, "testname": "OP", "cornername": "Nominal"}
[2026-09-01 06:40:39.605 Z] [INFO] [cadence.virtuoso.ade.simulationMonitor] - Peak resident memory used = 184 Mbytes. {"history": "Interactive.257", "point": 1, "testname": "OP", "cornername": "Nominal"}
[2026-09-01 06:40:39.605 Z] [INFO] [cadence.virtuoso.ade.simulationMonitor] -    -   (Fast APS) Multi-threading. The recommended number of threads is 1, consider adding +mt=1 on command line. {"history": "Interactive.257", "point": 1, "testname": "OP", "cornername": "Nominal"}
[2026-09-01 06:40:39.605 Z] [INFO] [cadence.virtuoso.ade.simulationMonitor] - Total time required for dc analysis `dcOp': CPU = 1.549 ms, elapsed = 4.75407 ms, util. = 32.6%. {"history": "Interactive.257", "point": 1, "testname": "OP", "cornername": "Nominal"}
[2026-09-01 06:40:39.605 Z] [INFO] [cadence.virtuoso.ade.simulationMonitor] - Peak resident memory used = 187 Mbytes. {"history": "Interactive.257", "point": 1, "testname": "OP", "cornername": "Nominal"}
[2026-09-01 06:40:39.605 Z] [INFO] [cadence.virtuoso.ade.simulationMonitor] - Time used: CPU = 175 ms, elapsed = 564 ms, util. = 31.1%. {"history": "Interactive.257", "point": 1, "testname": "OP", "cornername": "Nominal"}
[2026-09-01 06:40:39.605 Z] [INFO] [cadence.virtuoso.ade.simulationMonitor] - Time spent in licensing: elapsed = 29 ms, percentage of total = 5.13%. {"history": "Interactive.257", "point": 1, "testname": "OP", "cornername": "Nominal"}
[2026-09-01 06:40:39.605 Z] [INFO] [cadence.virtuoso.ade.simulationMonitor] - Peak memory used = 189 Mbytes. {"history": "Interactive.257", "point": 1, "testname": "OP", "cornername": "Nominal"}
[2026-09-01 06:40:39.605 Z] [PROCESS] [cadence.virtuoso.ade.simulationMonitor] - Simulation started at: 6:40:38 AM, Tue Sep 1, 2026, ended at: 6:40:39 AM, Tue Sep 1, 2026, with elapsed time (wall clock): 564 ms. {"history": "Interactive.257", "point": 1, "testname": "OP", "cornername": "Nominal"}
[2026-09-01 06:40:39.605 Z] [PROCESS] [cadence.virtuoso.ade.simulationMonitor] - spectre completes with 0 errors, 4 warnings, and 7 notices. {"history": "Interactive.257", "point": 1, "testname": "OP", "cornername": "Nominal"}
[2026-09-01 06:40:39.605 Z] [PROCESS] [cadence.virtuoso.ade.simulationMonitor] - Finished simulating for one point {"hostname": "edatools", "processid": 116468, "history": "Interactive.257", "testname": "OP", "cornername": "Nominal", "point": 1, "logfile": "/home/saul/projects/LF_BG/logs_saul/logs5/Job14.log", "simid": "12"}
[2026-09-01 06:40:39.605 Z] [PROCESS] [cadence.virtuoso.ade.simulationMonitor] - Simulator exited {"hostname": "edatools", "processid": 116468, "history": "Interactive.257", "testname": "OP", "cornername": "Nominal", "point": 1, "logfile": "/home/saul/projects/LF_BG/logs_saul/logs5/Job14.log", "exitStatus": "0"}
[2026-09-01 06:40:39.605 Z] [PROCESS] [cadence.virtuoso.ade.simulationMonitor] - Finished Simulation {"hostname": "edatools", "processid": 116468, "history": "Interactive.257", "testname": "OP", "cornername": "Nominal", "point": 1, "logfile": "/home/saul/projects/LF_BG/logs_saul/logs5/Job14.log", "simid": "12"}
[2026-09-01 06:40:41.613 Z] [PROCESS] [cadence.virtuoso.ade.simulationMonitor] - Point Finished {"hostname": "edatools", "processid": 116468, "history": "Interactive.257", "testname": "OP", "cornername": "Nominal", "point": 1, "logfile": "/home/saul/projects/LF_BG/logs_saul/logs5/Job14.log"}
[2026-09-01 06:45:42.269 Z] [PROCESS] [cadence.virtuoso.ade.simulationMonitor] - Current memory used: 52.9336 MBytes, peak memory used: 52.9336 MBytes {"hostname": "edatools", "processid": 116468, "history": "Interactive.257", "testname": "OP", "cornername": "Nominal", "point": 1, "logfile": "/home/saul/projects/LF_BG/logs_saul/logs5/Job14.log"}
[2026-09-01 06:45:42.270 Z] [PROCESS] [cadence.virtuoso.ade.simulationMonitor] - Simulation Monitor process exit. {"hostname": "edatools", "processid": 116468, "history": "Interactive.257", "testname": "OP", "cornername": "Nominal", "point": 1, "logfile": "/home/saul/projects/LF_BG/logs_saul/logs5/Job14.log"}
