[Simulation Monitor: 17]
[2026-09-01 07:20:05.677 Z] [PROCESS] [cadence.virtuoso.ade.simulationMonitor] - Simulation Monitor has successfully started up. Trying to set up communication channels to other components ... {"hostname": "edatools", "processid": 132885, "logfile": "/home/saul/projects/LF_BG/logs_saul/logs5/Job17.log"}
[2026-09-01 07:20:05.677 Z] [PROCESS] [cadence.virtuoso.ade.simulationMonitor] - Communication channels have been successfully set up. Start processing events ... {"hostname": "edatools", "processid": 132885, "logfile": "/home/saul/projects/LF_BG/logs_saul/logs5/Job17.log"}
[2026-09-01 07:20:05.677 Z] [PROCESS] [cadence.virtuoso.ade.simulationMonitor] - Considering to start history {"hostname": "edatools", "processid": 132885, "history": "Interactive.270", "logfile": "/home/saul/projects/LF_BG/logs_saul/logs5/Job17.log"}
[2026-09-01 07:20:05.678 Z] [PROCESS] [cadence.virtuoso.ade.simulationMonitor] - HostInfo:
Host name (type):	edatools (x86_64)
Operating system:	Linux 7.0.0-30-generic #30~24.04.1-Ubuntu SMP PREEMPT_DYNAMIC Fri Aug  7 13:27:52 UTC 2 {"hostname": "edatools", "processid": 132885, "history": "Interactive.270", "logfile": "/home/saul/projects/LF_BG/logs_saul/logs5/Job17.log", "nodename": "edatools", "domainname": "(none)", "machine": "x86_64", "sysname": "Linux", "release": "7.0.0-30-generic", "version": "#30~24.04.1-Ubuntu SMP PREEMPT_DYNAMIC Fri Aug  7 13:27:52 UTC 2"}
[2026-09-01 07:20:05.678 Z] [PROCESS] [cadence.virtuoso.ade.simulationMonitor] - UsageInfo:
pid=132885
totalPhysicalMemory=62.541851GB,Used=24.304478GB,totalVirtualMemory=70.541847GB,Used=24.304478GB
Cpu: Cores=16, Load average:0.340000,0.220000,0.230000 {"hostname": "edatools", "processid": 132885, "history": "Interactive.270", "logfile": "/home/saul/projects/LF_BG/logs_saul/logs5/Job17.log", "pid": "132885", "totalPhysicalMemory": "62.541851", "physicalMemoryUsed": "24.304478", "totalVirtualMemory": "70.541847", "virtualMemoryUsed": "24.304478", "cpuCores": "16", "processes": "2120", "loadAverage1": "0.340000", "loadAverage5": "0.220000", "loadAverage15": "0.230000", "loadAverage1Percent": "0.021250"}
[2026-09-01 07:20:05.678 Z] [EVENT] [cadence.virtuoso.ade.simulationMonitor] - NewPoint {"history": "Interactive.270", "point": 1, "testname": "OP", "cornername": "Nominal", "event": "NewPoint", "EventSource": "Simulation Monitor", "HistoryName": "Interactive.270", "logFile": "/home/saul/projects/LF_BG/logs_saul/logs5/Job17.log", "logFileSize": "2144"}
[2026-09-01 07:20:05.779 Z] [EVENT] [cadence.virtuoso.ade.simulationMonitor] - NewPoint {"history": "Interactive.270", "point": 1, "testname": "OP", "cornername": "Nominal", "event": "NewPoint", "EventSource": "spectre", "HistoryName": "Interactive.270", "logFile": "/home/saul/simulation/REF_GEN/REF_GEN_f_TB/maestro/results/maestro/Interactive.270/1/OP/psf/spectre.out", "logFileSize": "-1"}
[2026-09-01 07:20:05.798 Z] [PROCESS] [cadence.virtuoso.ade.simulationMonitor] - Simulator launched {"hostname": "edatools", "processid": 132885, "history": "Interactive.270", "testname": "OP", "cornername": "Nominal", "point": 1, "logfile": "/home/saul/projects/LF_BG/logs_saul/logs5/Job17.log", "simid": "1"}
[2026-09-01 07:20:05.801 Z] [PROCESS] [cadence.virtuoso.ade.simulationMonitor] - Expression evaluator launched {"hostname": "edatools", "processid": 132885, "history": "Interactive.270", "testname": "OP", "cornername": "Nominal", "point": 1, "logfile": "/home/saul/projects/LF_BG/logs_saul/logs5/Job17.log"}
[2026-09-01 07:20:05.829 Z] [PROCESS] [cadence.virtuoso.ade.simulationMonitor] - Started Simulation {"hostname": "edatools", "processid": 132885, "history": "Interactive.270", "testname": "OP", "cornername": "Nominal", "point": 1, "logfile": "/home/saul/projects/LF_BG/logs_saul/logs5/Job17.log", "event": "started", "task": "simulation"}
[2026-09-01 07:20:06.829 Z] [INFO] [cadence.virtuoso.ade.simulationMonitor] - Peak resident memory used = 170 Mbytes. {"history": "Interactive.270", "point": 1, "testname": "OP", "cornername": "Nominal"}
[2026-09-01 07:20:06.829 Z] [WARN] [cadence.virtuoso.ade.simulationMonitor] -     WARNING (VACOMP-1116): "/home/saul/projects/LF_BG/REF_GEN/REF_GEN_fL_2/veriloga/veriloga.va", line 251: Transition filter contains a continuous signal in the expression. Since a transition filter can only be applied to piecewise constant signals, redefine the expression to ensure that the transition filter applies only to a piecewise constant signal. {"history": "Interactive.270", "point": 1, "testname": "OP", "cornername": "Nominal"}
[2026-09-01 07:20:06.829 Z] [WARN] [cadence.virtuoso.ade.simulationMonitor] -     WARNING (VACOMP-1116): "/home/saul/projects/LF_BG/REF_GEN/REF_GEN_fL_2/veriloga/veriloga.va", line 252: Transition filter contains a continuous signal in the expression. Since a transition filter can only be applied to piecewise constant signals, redefine the expression to ensure that the transition filter applies only to a piecewise constant signal. {"history": "Interactive.270", "point": 1, "testname": "OP", "cornername": "Nominal"}
[2026-09-01 07:20:06.830 Z] [WARN] [cadence.virtuoso.ade.simulationMonitor] -     WARNING (VACOMP-1116): "/home/saul/projects/LF_BG/REF_GEN/REF_GEN_fL_2/veriloga/veriloga.va", line 256: Transition filter contains a continuous signal in the expression. Since a transition filter can only be applied to piecewise constant signals, redefine the expression to ensure that the transition filter applies only to a piecewise constant signal. {"history": "Interactive.270", "point": 1, "testname": "OP", "cornername": "Nominal"}
[2026-09-01 07:20:06.830 Z] [WARN] [cadence.virtuoso.ade.simulationMonitor] -     WARNING (VACOMP-1116): "/home/saul/projects/LF_BG/REF_GEN/REF_GEN_fL_2/veriloga/veriloga.va", line 257: Transition filter contains a continuous signal in the expression. Since a transition filter can only be applied to piecewise constant signals, redefine the expression to ensure that the transition filter applies only to a piecewise constant signal. {"history": "Interactive.270", "point": 1, "testname": "OP", "cornername": "Nominal"}
[2026-09-01 07:20:06.830 Z] [WARN] [cadence.virtuoso.ade.simulationMonitor] -     WARNING (VACOMP-1116): "/home/saul/projects/LF_BG/REF_GEN/REF_GEN_fL_2/veriloga/veriloga.va", line 258: Transition filter contains a continuous signal in the expression. Since a transition filter can only be applied to piecewise constant signals, redefine the expression to ensure that the transition filter applies only to a piecewise constant signal.
        Further occurrences of this warning will be suppressed. {"history": "Interactive.270", "point": 1, "testname": "OP", "cornername": "Nominal"}
[2026-09-01 07:20:07.830 Z] [INFO] [cadence.virtuoso.ade.simulationMonitor] - Peak resident memory used = 204 Mbytes. {"history": "Interactive.270", "point": 1, "testname": "OP", "cornername": "Nominal"}
[2026-09-01 07:20:07.830 Z] [INFO] [cadence.virtuoso.ade.simulationMonitor] - Notice from spectre during hierarchy flattening.
    The value 'psf' specified for the 'checklimitdest' option will no longer be supported in future releases. Use 'spectre -h' to see other recommended values for the 'checklimitdest' option. {"history": "Interactive.270", "point": 1, "testname": "OP", "cornername": "Nominal"}
[2026-09-01 07:20:07.831 Z] [WARN] [cadence.virtuoso.ade.simulationMonitor] -     WARNING (SPECTRE-16718): inlinesubcktcurrent option is set as `subckt', all the inline subckts will be treated as normal subckts when you access the current of their terminals. {"history": "Interactive.270", "point": 1, "testname": "OP", "cornername": "Nominal"}
[2026-09-01 07:20:07.831 Z] [WARN] [cadence.virtuoso.ade.simulationMonitor] -     WARNING (SPECTRE-8527): There are some nodes and instances removed from the netlist topology check. Check the circuit and correct the topology. Or use preserve_inst to keep them if necessary. {"history": "Interactive.270", "point": 1, "testname": "OP", "cornername": "Nominal"}
[2026-09-01 07:20:07.831 Z] [WARN] [cadence.virtuoso.ade.simulationMonitor] -     WARNING (SPECTRE-8529): Dangling instance. V9 is removed. {"history": "Interactive.270", "point": 1, "testname": "OP", "cornername": "Nominal"}
[2026-09-01 07:20:07.831 Z] [WARN] [cadence.virtuoso.ade.simulationMonitor] -     WARNING (SPECTRE-8530): Dangling node. net9 is removed. {"history": "Interactive.270", "point": 1, "testname": "OP", "cornername": "Nominal"}
[2026-09-01 07:20:07.831 Z] [INFO] [cadence.virtuoso.ade.simulationMonitor] - Peak resident memory used = 205 Mbytes. {"history": "Interactive.270", "point": 1, "testname": "OP", "cornername": "Nominal"}
[2026-09-01 07:20:07.831 Z] [INFO] [cadence.virtuoso.ade.simulationMonitor] - Notice from spectre during topology check.
    No DC path from node `VbgT' to ground, Gmin installed to provide path. {"history": "Interactive.270", "point": 1, "testname": "OP", "cornername": "Nominal"}
[2026-09-01 07:20:07.831 Z] [INFO] [cadence.virtuoso.ade.simulationMonitor] - Notice from spectre during initial setup.
    Multithreading is disabled due to the size of the design being too small. {"history": "Interactive.270", "point": 1, "testname": "OP", "cornername": "Nominal"}
[2026-09-01 07:20:07.831 Z] [INFO] [cadence.virtuoso.ade.simulationMonitor] -               nodes 56 {"history": "Interactive.270", "point": 1, "testname": "OP", "cornername": "Nominal"}
[2026-09-01 07:20:07.831 Z] [INFO] [cadence.virtuoso.ade.simulationMonitor] - Notice from spectre during initial setup.
    Fast APS enabled.
    9 warnings suppressed. {"history": "Interactive.270", "point": 1, "testname": "OP", "cornername": "Nominal"}
[2026-09-01 07:20:07.831 Z] [INFO] [cadence.virtuoso.ade.simulationMonitor] - Peak resident memory used = 208 Mbytes. {"history": "Interactive.270", "point": 1, "testname": "OP", "cornername": "Nominal"}
[2026-09-01 07:20:07.831 Z] [INFO] [cadence.virtuoso.ade.simulationMonitor] -    -   (Fast APS) Multi-threading. The recommended number of threads is 1, consider adding +mt=1 on command line. {"history": "Interactive.270", "point": 1, "testname": "OP", "cornername": "Nominal"}
[2026-09-01 07:20:07.831 Z] [INFO] [cadence.virtuoso.ade.simulationMonitor] - Total time required for dc analysis `dcOp': CPU = 1.492 ms, elapsed = 4.74596 ms, util. = 31.4%. {"history": "Interactive.270", "point": 1, "testname": "OP", "cornername": "Nominal"}
[2026-09-01 07:20:07.831 Z] [INFO] [cadence.virtuoso.ade.simulationMonitor] - Peak resident memory used = 208 Mbytes. {"history": "Interactive.270", "point": 1, "testname": "OP", "cornername": "Nominal"}
[2026-09-01 07:20:07.831 Z] [INFO] [cadence.virtuoso.ade.simulationMonitor] - Time used: CPU = 257 ms, elapsed = 1.67 s, util. = 15.4%. {"history": "Interactive.270", "point": 1, "testname": "OP", "cornername": "Nominal"}
[2026-09-01 07:20:07.831 Z] [INFO] [cadence.virtuoso.ade.simulationMonitor] - Time spent in licensing: elapsed = 24 ms. {"history": "Interactive.270", "point": 1, "testname": "OP", "cornername": "Nominal"}
[2026-09-01 07:20:07.831 Z] [INFO] [cadence.virtuoso.ade.simulationMonitor] - Peak memory used = 208 Mbytes. {"history": "Interactive.270", "point": 1, "testname": "OP", "cornername": "Nominal"}
[2026-09-01 07:20:07.832 Z] [PROCESS] [cadence.virtuoso.ade.simulationMonitor] - Simulation started at: 7:20:05 AM, Tue Sep 1, 2026, ended at: 7:20:07 AM, Tue Sep 1, 2026, with elapsed time (wall clock): 1.67 s. {"history": "Interactive.270", "point": 1, "testname": "OP", "cornername": "Nominal"}
[2026-09-01 07:20:07.832 Z] [PROCESS] [cadence.virtuoso.ade.simulationMonitor] - spectre completes with 0 errors, 9 warnings, and 6 notices. {"history": "Interactive.270", "point": 1, "testname": "OP", "cornername": "Nominal"}
[2026-09-01 07:20:07.832 Z] [PROCESS] [cadence.virtuoso.ade.simulationMonitor] - Finished simulating for one point {"hostname": "edatools", "processid": 132885, "history": "Interactive.270", "testname": "OP", "cornername": "Nominal", "point": 1, "logfile": "/home/saul/projects/LF_BG/logs_saul/logs5/Job17.log", "simid": "1"}
[2026-09-01 07:20:07.832 Z] [PROCESS] [cadence.virtuoso.ade.simulationMonitor] - Simulator exited {"hostname": "edatools", "processid": 132885, "history": "Interactive.270", "testname": "OP", "cornername": "Nominal", "point": 1, "logfile": "/home/saul/projects/LF_BG/logs_saul/logs5/Job17.log", "exitStatus": "0"}
[2026-09-01 07:20:07.832 Z] [PROCESS] [cadence.virtuoso.ade.simulationMonitor] - Finished Simulation {"hostname": "edatools", "processid": 132885, "history": "Interactive.270", "testname": "OP", "cornername": "Nominal", "point": 1, "logfile": "/home/saul/projects/LF_BG/logs_saul/logs5/Job17.log", "simid": "1"}
[2026-09-01 07:20:08.838 Z] [PROCESS] [cadence.virtuoso.ade.simulationMonitor] - Point Finished {"hostname": "edatools", "processid": 132885, "history": "Interactive.270", "testname": "OP", "cornername": "Nominal", "point": 1, "logfile": "/home/saul/projects/LF_BG/logs_saul/logs5/Job17.log"}
[2026-09-01 07:21:27.311 Z] [PROCESS] [cadence.virtuoso.ade.simulationMonitor] - Started History {"hostname": "edatools", "processid": 132885, "history": "Interactive.271", "testname": "OP", "cornername": "Nominal", "point": 1, "logfile": "/home/saul/projects/LF_BG/logs_saul/logs5/Job17.log"}
[2026-09-01 07:21:27.312 Z] [PROCESS] [cadence.virtuoso.ade.simulationMonitor] - HostInfo:
Host name (type):	edatools (x86_64)
Operating system:	Linux 7.0.0-30-generic #30~24.04.1-Ubuntu SMP PREEMPT_DYNAMIC Fri Aug  7 13:27:52 UTC 2 {"hostname": "edatools", "processid": 132885, "history": "Interactive.271", "testname": "OP", "cornername": "Nominal", "point": 1, "logfile": "/home/saul/projects/LF_BG/logs_saul/logs5/Job17.log", "nodename": "edatools", "domainname": "(none)", "machine": "x86_64", "sysname": "Linux", "release": "7.0.0-30-generic", "version": "#30~24.04.1-Ubuntu SMP PREEMPT_DYNAMIC Fri Aug  7 13:27:52 UTC 2"}
[2026-09-01 07:21:27.313 Z] [PROCESS] [cadence.virtuoso.ade.simulationMonitor] - UsageInfo:
pid=132885
totalPhysicalMemory=62.541851GB,Used=24.382175GB,totalVirtualMemory=70.541847GB,Used=24.382175GB
Cpu: Cores=16, Load average:0.420000,0.310000,0.270000 {"hostname": "edatools", "processid": 132885, "history": "Interactive.271", "testname": "OP", "cornername": "Nominal", "point": 1, "logfile": "/home/saul/projects/LF_BG/logs_saul/logs5/Job17.log", "pid": "132885", "totalPhysicalMemory": "62.541851", "physicalMemoryUsed": "24.382175", "totalVirtualMemory": "70.541847", "virtualMemoryUsed": "24.382175", "cpuCores": "16", "processes": "2135", "loadAverage1": "0.420000", "loadAverage5": "0.310000", "loadAverage15": "0.270000", "loadAverage1Percent": "0.026250"}
[2026-09-01 07:21:27.313 Z] [EVENT] [cadence.virtuoso.ade.simulationMonitor] - NewPoint {"history": "Interactive.271", "point": 1, "testname": "OP", "cornername": "Nominal", "event": "NewPoint", "EventSource": "Simulation Monitor", "HistoryName": "Interactive.271", "logFile": "/home/saul/projects/LF_BG/logs_saul/logs5/Job17.log", "logFileSize": "14731"}
[2026-09-01 07:21:27.415 Z] [EVENT] [cadence.virtuoso.ade.simulationMonitor] - NewPoint {"history": "Interactive.271", "point": 1, "testname": "OP", "cornername": "Nominal", "event": "NewPoint", "EventSource": "spectre", "HistoryName": "Interactive.271", "logFile": "/home/saul/simulation/REF_GEN/REF_GEN_f_TB/maestro/results/maestro/Interactive.271/1/OP/psf/spectre.out", "logFileSize": "-1"}
[2026-09-01 07:21:27.421 Z] [PROCESS] [cadence.virtuoso.ade.simulationMonitor] - Simulator launched {"hostname": "edatools", "processid": 132885, "history": "Interactive.271", "testname": "OP", "cornername": "Nominal", "point": 1, "logfile": "/home/saul/projects/LF_BG/logs_saul/logs5/Job17.log", "simid": "2"}
[2026-09-01 07:21:27.423 Z] [PROCESS] [cadence.virtuoso.ade.simulationMonitor] - Expression evaluator launched {"hostname": "edatools", "processid": 132885, "history": "Interactive.271", "testname": "OP", "cornername": "Nominal", "point": 1, "logfile": "/home/saul/projects/LF_BG/logs_saul/logs5/Job17.log"}
[2026-09-01 07:21:27.445 Z] [PROCESS] [cadence.virtuoso.ade.simulationMonitor] - Started Simulation {"hostname": "edatools", "processid": 132885, "history": "Interactive.271", "testname": "OP", "cornername": "Nominal", "point": 1, "logfile": "/home/saul/projects/LF_BG/logs_saul/logs5/Job17.log", "event": "started", "task": "simulation"}
[2026-09-01 07:21:28.445 Z] [INFO] [cadence.virtuoso.ade.simulationMonitor] - Peak resident memory used = 170 Mbytes. {"history": "Interactive.271", "point": 1, "testname": "OP", "cornername": "Nominal"}
[2026-09-01 07:21:29.446 Z] [WARN] [cadence.virtuoso.ade.simulationMonitor] -     WARNING (VACOMP-1116): "/home/saul/projects/LF_BG/REF_GEN/REF_GEN_fL_2/veriloga/veriloga.va", line 251: Transition filter contains a continuous signal in the expression. Since a transition filter can only be applied to piecewise constant signals, redefine the expression to ensure that the transition filter applies only to a piecewise constant signal. {"history": "Interactive.271", "point": 1, "testname": "OP", "cornername": "Nominal"}
[2026-09-01 07:21:29.446 Z] [WARN] [cadence.virtuoso.ade.simulationMonitor] -     WARNING (VACOMP-1116): "/home/saul/projects/LF_BG/REF_GEN/REF_GEN_fL_2/veriloga/veriloga.va", line 252: Transition filter contains a continuous signal in the expression. Since a transition filter can only be applied to piecewise constant signals, redefine the expression to ensure that the transition filter applies only to a piecewise constant signal. {"history": "Interactive.271", "point": 1, "testname": "OP", "cornername": "Nominal"}
[2026-09-01 07:21:29.446 Z] [WARN] [cadence.virtuoso.ade.simulationMonitor] -     WARNING (VACOMP-1116): "/home/saul/projects/LF_BG/REF_GEN/REF_GEN_fL_2/veriloga/veriloga.va", line 256: Transition filter contains a continuous signal in the expression. Since a transition filter can only be applied to piecewise constant signals, redefine the expression to ensure that the transition filter applies only to a piecewise constant signal. {"history": "Interactive.271", "point": 1, "testname": "OP", "cornername": "Nominal"}
[2026-09-01 07:21:29.446 Z] [WARN] [cadence.virtuoso.ade.simulationMonitor] -     WARNING (VACOMP-1116): "/home/saul/projects/LF_BG/REF_GEN/REF_GEN_fL_2/veriloga/veriloga.va", line 257: Transition filter contains a continuous signal in the expression. Since a transition filter can only be applied to piecewise constant signals, redefine the expression to ensure that the transition filter applies only to a piecewise constant signal. {"history": "Interactive.271", "point": 1, "testname": "OP", "cornername": "Nominal"}
[2026-09-01 07:21:29.446 Z] [WARN] [cadence.virtuoso.ade.simulationMonitor] -     WARNING (VACOMP-1116): "/home/saul/projects/LF_BG/REF_GEN/REF_GEN_fL_2/veriloga/veriloga.va", line 258: Transition filter contains a continuous signal in the expression. Since a transition filter can only be applied to piecewise constant signals, redefine the expression to ensure that the transition filter applies only to a piecewise constant signal.
        Further occurrences of this warning will be suppressed. {"history": "Interactive.271", "point": 1, "testname": "OP", "cornername": "Nominal"}
[2026-09-01 07:21:30.947 Z] [INFO] [cadence.virtuoso.ade.simulationMonitor] - Peak resident memory used = 204 Mbytes. {"history": "Interactive.271", "point": 1, "testname": "OP", "cornername": "Nominal"}
[2026-09-01 07:21:30.947 Z] [INFO] [cadence.virtuoso.ade.simulationMonitor] - Notice from spectre during hierarchy flattening.
    The value 'psf' specified for the 'checklimitdest' option will no longer be supported in future releases. Use 'spectre -h' to see other recommended values for the 'checklimitdest' option. {"history": "Interactive.271", "point": 1, "testname": "OP", "cornername": "Nominal"}
[2026-09-01 07:21:30.948 Z] [WARN] [cadence.virtuoso.ade.simulationMonitor] -     WARNING (SPECTRE-16718): inlinesubcktcurrent option is set as `subckt', all the inline subckts will be treated as normal subckts when you access the current of their terminals. {"history": "Interactive.271", "point": 1, "testname": "OP", "cornername": "Nominal"}
[2026-09-01 07:21:30.949 Z] [WARN] [cadence.virtuoso.ade.simulationMonitor] -     WARNING (SPECTRE-8527): There are some nodes and instances removed from the netlist topology check. Check the circuit and correct the topology. Or use preserve_inst to keep them if necessary. {"history": "Interactive.271", "point": 1, "testname": "OP", "cornername": "Nominal"}
[2026-09-01 07:21:30.949 Z] [WARN] [cadence.virtuoso.ade.simulationMonitor] -     WARNING (SPECTRE-8529): Dangling instance. V9 is removed. {"history": "Interactive.271", "point": 1, "testname": "OP", "cornername": "Nominal"}
[2026-09-01 07:21:30.950 Z] [WARN] [cadence.virtuoso.ade.simulationMonitor] -     WARNING (SPECTRE-8530): Dangling node. net9 is removed. {"history": "Interactive.271", "point": 1, "testname": "OP", "cornername": "Nominal"}
[2026-09-01 07:21:30.950 Z] [INFO] [cadence.virtuoso.ade.simulationMonitor] - Peak resident memory used = 205 Mbytes. {"history": "Interactive.271", "point": 1, "testname": "OP", "cornername": "Nominal"}
[2026-09-01 07:21:30.951 Z] [INFO] [cadence.virtuoso.ade.simulationMonitor] - Notice from spectre during topology check.
    No DC path from node `VbgT' to ground, Gmin installed to provide path. {"history": "Interactive.271", "point": 1, "testname": "OP", "cornername": "Nominal"}
[2026-09-01 07:21:30.951 Z] [INFO] [cadence.virtuoso.ade.simulationMonitor] - Notice from spectre during initial setup.
    Multithreading is disabled due to the size of the design being too small. {"history": "Interactive.271", "point": 1, "testname": "OP", "cornername": "Nominal"}
[2026-09-01 07:21:30.952 Z] [INFO] [cadence.virtuoso.ade.simulationMonitor] -               nodes 56 {"history": "Interactive.271", "point": 1, "testname": "OP", "cornername": "Nominal"}
[2026-09-01 07:21:30.952 Z] [INFO] [cadence.virtuoso.ade.simulationMonitor] - Notice from spectre during initial setup.
    Fast APS enabled.
    9 warnings suppressed. {"history": "Interactive.271", "point": 1, "testname": "OP", "cornername": "Nominal"}
[2026-09-01 07:21:30.952 Z] [INFO] [cadence.virtuoso.ade.simulationMonitor] - Peak resident memory used = 208 Mbytes. {"history": "Interactive.271", "point": 1, "testname": "OP", "cornername": "Nominal"}
[2026-09-01 07:21:30.953 Z] [INFO] [cadence.virtuoso.ade.simulationMonitor] -    -   (Fast APS) Multi-threading. The recommended number of threads is 1, consider adding +mt=1 on command line. {"history": "Interactive.271", "point": 1, "testname": "OP", "cornername": "Nominal"}
[2026-09-01 07:21:30.953 Z] [INFO] [cadence.virtuoso.ade.simulationMonitor] - Total time required for dc analysis `dcOp': CPU = 3.729 ms, elapsed = 7.14993 ms, util. = 52.2%. {"history": "Interactive.271", "point": 1, "testname": "OP", "cornername": "Nominal"}
[2026-09-01 07:21:30.954 Z] [INFO] [cadence.virtuoso.ade.simulationMonitor] - Peak resident memory used = 208 Mbytes. {"history": "Interactive.271", "point": 1, "testname": "OP", "cornername": "Nominal"}
[2026-09-01 07:21:31.455 Z] [INFO] [cadence.virtuoso.ade.simulationMonitor] - Time used: CPU = 289 ms, elapsed = 3.35 s, util. = 8.64%. {"history": "Interactive.271", "point": 1, "testname": "OP", "cornername": "Nominal"}
[2026-09-01 07:21:31.456 Z] [INFO] [cadence.virtuoso.ade.simulationMonitor] - Time spent in licensing: elapsed = 38 ms. {"history": "Interactive.271", "point": 1, "testname": "OP", "cornername": "Nominal"}
[2026-09-01 07:21:31.457 Z] [INFO] [cadence.virtuoso.ade.simulationMonitor] - Peak memory used = 208 Mbytes. {"history": "Interactive.271", "point": 1, "testname": "OP", "cornername": "Nominal"}
[2026-09-01 07:21:31.457 Z] [PROCESS] [cadence.virtuoso.ade.simulationMonitor] - Simulation started at: 7:21:27 AM, Tue Sep 1, 2026, ended at: 7:21:30 AM, Tue Sep 1, 2026, with elapsed time (wall clock): 3.35 s. {"history": "Interactive.271", "point": 1, "testname": "OP", "cornername": "Nominal"}
[2026-09-01 07:21:31.458 Z] [PROCESS] [cadence.virtuoso.ade.simulationMonitor] - spectre completes with 0 errors, 9 warnings, and 6 notices. {"history": "Interactive.271", "point": 1, "testname": "OP", "cornername": "Nominal"}
[2026-09-01 07:21:31.458 Z] [PROCESS] [cadence.virtuoso.ade.simulationMonitor] - Finished simulating for one point {"hostname": "edatools", "processid": 132885, "history": "Interactive.271", "testname": "OP", "cornername": "Nominal", "point": 1, "logfile": "/home/saul/projects/LF_BG/logs_saul/logs5/Job17.log", "simid": "2"}
[2026-09-01 07:21:31.458 Z] [PROCESS] [cadence.virtuoso.ade.simulationMonitor] - Simulator exited {"hostname": "edatools", "processid": 132885, "history": "Interactive.271", "testname": "OP", "cornername": "Nominal", "point": 1, "logfile": "/home/saul/projects/LF_BG/logs_saul/logs5/Job17.log", "exitStatus": "0"}
[2026-09-01 07:21:31.459 Z] [PROCESS] [cadence.virtuoso.ade.simulationMonitor] - Finished Simulation {"hostname": "edatools", "processid": 132885, "history": "Interactive.271", "testname": "OP", "cornername": "Nominal", "point": 1, "logfile": "/home/saul/projects/LF_BG/logs_saul/logs5/Job17.log", "simid": "2"}
[2026-09-01 07:21:32.470 Z] [PROCESS] [cadence.virtuoso.ade.simulationMonitor] - Point Finished {"hostname": "edatools", "processid": 132885, "history": "Interactive.271", "testname": "OP", "cornername": "Nominal", "point": 1, "logfile": "/home/saul/projects/LF_BG/logs_saul/logs5/Job17.log"}
[2026-09-01 07:21:41.941 Z] [PROCESS] [cadence.virtuoso.ade.simulationMonitor] - Started History {"hostname": "edatools", "processid": 132885, "history": "Interactive.272", "testname": "OP", "cornername": "Nominal", "point": 1, "logfile": "/home/saul/projects/LF_BG/logs_saul/logs5/Job17.log"}
[2026-09-01 07:21:41.942 Z] [PROCESS] [cadence.virtuoso.ade.simulationMonitor] - HostInfo:
Host name (type):	edatools (x86_64)
Operating system:	Linux 7.0.0-30-generic #30~24.04.1-Ubuntu SMP PREEMPT_DYNAMIC Fri Aug  7 13:27:52 UTC 2 {"hostname": "edatools", "processid": 132885, "history": "Interactive.272", "testname": "OP", "cornername": "Nominal", "point": 1, "logfile": "/home/saul/projects/LF_BG/logs_saul/logs5/Job17.log", "nodename": "edatools", "domainname": "(none)", "machine": "x86_64", "sysname": "Linux", "release": "7.0.0-30-generic", "version": "#30~24.04.1-Ubuntu SMP PREEMPT_DYNAMIC Fri Aug  7 13:27:52 UTC 2"}
[2026-09-01 07:21:41.942 Z] [PROCESS] [cadence.virtuoso.ade.simulationMonitor] - UsageInfo:
pid=132885
totalPhysicalMemory=62.541851GB,Used=24.399719GB,totalVirtualMemory=70.541847GB,Used=24.399719GB
Cpu: Cores=16, Load average:0.660000,0.370000,0.290000 {"hostname": "edatools", "processid": 132885, "history": "Interactive.272", "testname": "OP", "cornername": "Nominal", "point": 1, "logfile": "/home/saul/projects/LF_BG/logs_saul/logs5/Job17.log", "pid": "132885", "totalPhysicalMemory": "62.541851", "physicalMemoryUsed": "24.399719", "totalVirtualMemory": "70.541847", "virtualMemoryUsed": "24.399719", "cpuCores": "16", "processes": "2141", "loadAverage1": "0.660000", "loadAverage5": "0.370000", "loadAverage15": "0.290000", "loadAverage1Percent": "0.041250"}
[2026-09-01 07:21:41.943 Z] [EVENT] [cadence.virtuoso.ade.simulationMonitor] - NewPoint {"history": "Interactive.272", "point": 1, "testname": "OP", "cornername": "Nominal", "event": "NewPoint", "EventSource": "Simulation Monitor", "HistoryName": "Interactive.272", "logFile": "/home/saul/projects/LF_BG/logs_saul/logs5/Job17.log", "logFileSize": "27319"}
[2026-09-01 07:21:42.045 Z] [EVENT] [cadence.virtuoso.ade.simulationMonitor] - NewPoint {"history": "Interactive.272", "point": 1, "testname": "OP", "cornername": "Nominal", "event": "NewPoint", "EventSource": "spectre", "HistoryName": "Interactive.272", "logFile": "/home/saul/simulation/REF_GEN/REF_GEN_f_TB/maestro/results/maestro/Interactive.272/1/OP/psf/spectre.out", "logFileSize": "-1"}
[2026-09-01 07:21:42.062 Z] [PROCESS] [cadence.virtuoso.ade.simulationMonitor] - Simulator launched {"hostname": "edatools", "processid": 132885, "history": "Interactive.272", "testname": "OP", "cornername": "Nominal", "point": 1, "logfile": "/home/saul/projects/LF_BG/logs_saul/logs5/Job17.log", "simid": "3"}
[2026-09-01 07:21:42.064 Z] [PROCESS] [cadence.virtuoso.ade.simulationMonitor] - Expression evaluator launched {"hostname": "edatools", "processid": 132885, "history": "Interactive.272", "testname": "OP", "cornername": "Nominal", "point": 1, "logfile": "/home/saul/projects/LF_BG/logs_saul/logs5/Job17.log"}
[2026-09-01 07:21:42.095 Z] [PROCESS] [cadence.virtuoso.ade.simulationMonitor] - Started Simulation {"hostname": "edatools", "processid": 132885, "history": "Interactive.272", "testname": "OP", "cornername": "Nominal", "point": 1, "logfile": "/home/saul/projects/LF_BG/logs_saul/logs5/Job17.log", "event": "started", "task": "simulation"}
[2026-09-01 07:21:43.096 Z] [INFO] [cadence.virtuoso.ade.simulationMonitor] - Peak resident memory used = 170 Mbytes. {"history": "Interactive.272", "point": 1, "testname": "OP", "cornername": "Nominal"}
[2026-09-01 07:21:43.096 Z] [INFO] [cadence.virtuoso.ade.simulationMonitor] - Peak resident memory used = 179 Mbytes. {"history": "Interactive.272", "point": 1, "testname": "OP", "cornername": "Nominal"}
[2026-09-01 07:21:43.097 Z] [INFO] [cadence.virtuoso.ade.simulationMonitor] - Notice from spectre during hierarchy flattening.
    The value 'psf' specified for the 'checklimitdest' option will no longer be supported in future releases. Use 'spectre -h' to see other recommended values for the 'checklimitdest' option. {"history": "Interactive.272", "point": 1, "testname": "OP", "cornername": "Nominal"}
[2026-09-01 07:21:43.097 Z] [WARN] [cadence.virtuoso.ade.simulationMonitor] -     WARNING (SPECTRE-16718): inlinesubcktcurrent option is set as `subckt', all the inline subckts will be treated as normal subckts when you access the current of their terminals. {"history": "Interactive.272", "point": 1, "testname": "OP", "cornername": "Nominal"}
[2026-09-01 07:21:43.097 Z] [WARN] [cadence.virtuoso.ade.simulationMonitor] -     WARNING (SPECTRE-8527): There are some nodes and instances removed from the netlist topology check. Check the circuit and correct the topology. Or use preserve_inst to keep them if necessary. {"history": "Interactive.272", "point": 1, "testname": "OP", "cornername": "Nominal"}
[2026-09-01 07:21:43.097 Z] [WARN] [cadence.virtuoso.ade.simulationMonitor] -     WARNING (SPECTRE-8529): Dangling instance. V9 is removed. {"history": "Interactive.272", "point": 1, "testname": "OP", "cornername": "Nominal"}
[2026-09-01 07:21:43.097 Z] [WARN] [cadence.virtuoso.ade.simulationMonitor] -     WARNING (SPECTRE-8530): Dangling node. net9 is removed. {"history": "Interactive.272", "point": 1, "testname": "OP", "cornername": "Nominal"}
[2026-09-01 07:21:43.098 Z] [INFO] [cadence.virtuoso.ade.simulationMonitor] - Peak resident memory used = 181 Mbytes. {"history": "Interactive.272", "point": 1, "testname": "OP", "cornername": "Nominal"}
[2026-09-01 07:21:43.098 Z] [INFO] [cadence.virtuoso.ade.simulationMonitor] - Notice from spectre during topology check.
    No DC path from node `VbgT' to ground, Gmin installed to provide path. {"history": "Interactive.272", "point": 1, "testname": "OP", "cornername": "Nominal"}
[2026-09-01 07:21:43.098 Z] [INFO] [cadence.virtuoso.ade.simulationMonitor] - Notice from spectre during initial setup.
    Multithreading is disabled due to the size of the design being too small. {"history": "Interactive.272", "point": 1, "testname": "OP", "cornername": "Nominal"}
[2026-09-01 07:21:43.098 Z] [INFO] [cadence.virtuoso.ade.simulationMonitor] -               nodes 56 {"history": "Interactive.272", "point": 1, "testname": "OP", "cornername": "Nominal"}
[2026-09-01 07:21:43.099 Z] [INFO] [cadence.virtuoso.ade.simulationMonitor] - Notice from spectre during initial setup.
    Fast APS enabled. {"history": "Interactive.272", "point": 1, "testname": "OP", "cornername": "Nominal"}
[2026-09-01 07:21:43.099 Z] [INFO] [cadence.virtuoso.ade.simulationMonitor] - Peak resident memory used = 184 Mbytes. {"history": "Interactive.272", "point": 1, "testname": "OP", "cornername": "Nominal"}
[2026-09-01 07:21:43.099 Z] [INFO] [cadence.virtuoso.ade.simulationMonitor] -    -   (Fast APS) Multi-threading. The recommended number of threads is 1, consider adding +mt=1 on command line. {"history": "Interactive.272", "point": 1, "testname": "OP", "cornername": "Nominal"}
[2026-09-01 07:21:43.099 Z] [INFO] [cadence.virtuoso.ade.simulationMonitor] - Total time required for dc analysis `dcOp': CPU = 1.542 ms, elapsed = 4.97794 ms, util. = 31%. {"history": "Interactive.272", "point": 1, "testname": "OP", "cornername": "Nominal"}
[2026-09-01 07:21:43.099 Z] [INFO] [cadence.virtuoso.ade.simulationMonitor] - Peak resident memory used = 187 Mbytes. {"history": "Interactive.272", "point": 1, "testname": "OP", "cornername": "Nominal"}
[2026-09-01 07:21:43.099 Z] [INFO] [cadence.virtuoso.ade.simulationMonitor] - Time used: CPU = 173 ms, elapsed = 564 ms, util. = 30.7%. {"history": "Interactive.272", "point": 1, "testname": "OP", "cornername": "Nominal"}
[2026-09-01 07:21:43.100 Z] [INFO] [cadence.virtuoso.ade.simulationMonitor] - Time spent in licensing: elapsed = 25.9 ms. {"history": "Interactive.272", "point": 1, "testname": "OP", "cornername": "Nominal"}
[2026-09-01 07:21:43.100 Z] [INFO] [cadence.virtuoso.ade.simulationMonitor] - Peak memory used = 189 Mbytes. {"history": "Interactive.272", "point": 1, "testname": "OP", "cornername": "Nominal"}
[2026-09-01 07:21:43.100 Z] [PROCESS] [cadence.virtuoso.ade.simulationMonitor] - Simulation started at: 7:21:42 AM, Tue Sep 1, 2026, ended at: 7:21:42 AM, Tue Sep 1, 2026, with elapsed time (wall clock): 564 ms. {"history": "Interactive.272", "point": 1, "testname": "OP", "cornername": "Nominal"}
[2026-09-01 07:21:43.100 Z] [PROCESS] [cadence.virtuoso.ade.simulationMonitor] - spectre completes with 0 errors, 4 warnings, and 5 notices. {"history": "Interactive.272", "point": 1, "testname": "OP", "cornername": "Nominal"}
[2026-09-01 07:21:43.100 Z] [PROCESS] [cadence.virtuoso.ade.simulationMonitor] - Finished simulating for one point {"hostname": "edatools", "processid": 132885, "history": "Interactive.272", "testname": "OP", "cornername": "Nominal", "point": 1, "logfile": "/home/saul/projects/LF_BG/logs_saul/logs5/Job17.log", "simid": "3"}
[2026-09-01 07:21:43.100 Z] [PROCESS] [cadence.virtuoso.ade.simulationMonitor] - Simulator exited {"hostname": "edatools", "processid": 132885, "history": "Interactive.272", "testname": "OP", "cornername": "Nominal", "point": 1, "logfile": "/home/saul/projects/LF_BG/logs_saul/logs5/Job17.log", "exitStatus": "0"}
[2026-09-01 07:21:43.100 Z] [PROCESS] [cadence.virtuoso.ade.simulationMonitor] - Finished Simulation {"hostname": "edatools", "processid": 132885, "history": "Interactive.272", "testname": "OP", "cornername": "Nominal", "point": 1, "logfile": "/home/saul/projects/LF_BG/logs_saul/logs5/Job17.log", "simid": "3"}
[2026-09-01 07:21:45.107 Z] [PROCESS] [cadence.virtuoso.ade.simulationMonitor] - Point Finished {"hostname": "edatools", "processid": 132885, "history": "Interactive.272", "testname": "OP", "cornername": "Nominal", "point": 1, "logfile": "/home/saul/projects/LF_BG/logs_saul/logs5/Job17.log"}
[2026-09-01 07:22:20.782 Z] [PROCESS] [cadence.virtuoso.ade.simulationMonitor] - Started History {"hostname": "edatools", "processid": 132885, "history": "Interactive.273", "testname": "OP", "cornername": "Nominal", "point": 1, "logfile": "/home/saul/projects/LF_BG/logs_saul/logs5/Job17.log"}
[2026-09-01 07:22:20.783 Z] [PROCESS] [cadence.virtuoso.ade.simulationMonitor] - HostInfo:
Host name (type):	edatools (x86_64)
Operating system:	Linux 7.0.0-30-generic #30~24.04.1-Ubuntu SMP PREEMPT_DYNAMIC Fri Aug  7 13:27:52 UTC 2 {"hostname": "edatools", "processid": 132885, "history": "Interactive.273", "testname": "OP", "cornername": "Nominal", "point": 1, "logfile": "/home/saul/projects/LF_BG/logs_saul/logs5/Job17.log", "nodename": "edatools", "domainname": "(none)", "machine": "x86_64", "sysname": "Linux", "release": "7.0.0-30-generic", "version": "#30~24.04.1-Ubuntu SMP PREEMPT_DYNAMIC Fri Aug  7 13:27:52 UTC 2"}
[2026-09-01 07:22:20.784 Z] [PROCESS] [cadence.virtuoso.ade.simulationMonitor] - UsageInfo:
pid=132885
totalPhysicalMemory=62.541851GB,Used=24.367256GB,totalVirtualMemory=70.541847GB,Used=24.367256GB
Cpu: Cores=16, Load average:0.540000,0.370000,0.290000 {"hostname": "edatools", "processid": 132885, "history": "Interactive.273", "testname": "OP", "cornername": "Nominal", "point": 1, "logfile": "/home/saul/projects/LF_BG/logs_saul/logs5/Job17.log", "pid": "132885", "totalPhysicalMemory": "62.541851", "physicalMemoryUsed": "24.367256", "totalVirtualMemory": "70.541847", "virtualMemoryUsed": "24.367256", "cpuCores": "16", "processes": "2139", "loadAverage1": "0.540000", "loadAverage5": "0.370000", "loadAverage15": "0.290000", "loadAverage1Percent": "0.033750"}
[2026-09-01 07:22:20.784 Z] [EVENT] [cadence.virtuoso.ade.simulationMonitor] - NewPoint {"history": "Interactive.273", "point": 1, "testname": "TRAN", "cornername": "Nominal", "event": "NewPoint", "EventSource": "Simulation Monitor", "HistoryName": "Interactive.273", "logFile": "/home/saul/projects/LF_BG/logs_saul/logs5/Job17.log", "logFileSize": "37211"}
[2026-09-01 07:22:20.886 Z] [EVENT] [cadence.virtuoso.ade.simulationMonitor] - NewPoint {"history": "Interactive.273", "point": 1, "testname": "TRAN", "cornername": "Nominal", "event": "NewPoint", "EventSource": "spectre", "HistoryName": "Interactive.273", "logFile": "/home/saul/simulation/REF_GEN/REF_GEN_f_TB/maestro/results/maestro/Interactive.273/1/TRAN/psf/spectre.out", "logFileSize": "-1"}
[2026-09-01 07:22:20.896 Z] [PROCESS] [cadence.virtuoso.ade.simulationMonitor] - Simulator launched {"hostname": "edatools", "processid": 132885, "history": "Interactive.273", "testname": "TRAN", "cornername": "Nominal", "point": 1, "logfile": "/home/saul/projects/LF_BG/logs_saul/logs5/Job17.log", "simid": "4"}
[2026-09-01 07:22:20.897 Z] [PROCESS] [cadence.virtuoso.ade.simulationMonitor] - Expression evaluator launched {"hostname": "edatools", "processid": 132885, "history": "Interactive.273", "testname": "TRAN", "cornername": "Nominal", "point": 1, "logfile": "/home/saul/projects/LF_BG/logs_saul/logs5/Job17.log"}
[2026-09-01 07:22:20.933 Z] [PROCESS] [cadence.virtuoso.ade.simulationMonitor] - Started Simulation {"hostname": "edatools", "processid": 132885, "history": "Interactive.273", "testname": "TRAN", "cornername": "Nominal", "point": 1, "logfile": "/home/saul/projects/LF_BG/logs_saul/logs5/Job17.log", "event": "started", "task": "simulation"}
[2026-09-01 07:22:21.933 Z] [INFO] [cadence.virtuoso.ade.simulationMonitor] - Peak resident memory used = 170 Mbytes. {"history": "Interactive.273", "point": 1, "testname": "TRAN", "cornername": "Nominal"}
[2026-09-01 07:22:21.934 Z] [INFO] [cadence.virtuoso.ade.simulationMonitor] - Notice from spectre during hierarchy flattening.
    Parasitic optimization will filter out parasitic nodes, nodes only connected to RCs, by default. To view individual parasitic nodes use individual save statements (i.e. save out), or use the 'savefilter=none' option to save all parasitic nodes. Saving all parasitic nodes may slow down simulation and create large waveform files. {"history": "Interactive.273", "point": 1, "testname": "TRAN", "cornername": "Nominal"}
[2026-09-01 07:22:21.934 Z] [INFO] [cadence.virtuoso.ade.simulationMonitor] - Peak resident memory used = 179 Mbytes. {"history": "Interactive.273", "point": 1, "testname": "TRAN", "cornername": "Nominal"}
[2026-09-01 07:22:21.935 Z] [INFO] [cadence.virtuoso.ade.simulationMonitor] - Notice from spectre during hierarchy flattening.
    The value 'psf' specified for the 'checklimitdest' option will no longer be supported in future releases. Use 'spectre -h' to see other recommended values for the 'checklimitdest' option. {"history": "Interactive.273", "point": 1, "testname": "TRAN", "cornername": "Nominal"}
[2026-09-01 07:22:21.935 Z] [WARN] [cadence.virtuoso.ade.simulationMonitor] -     WARNING (SPECTRE-16718): inlinesubcktcurrent option is set as `subckt', all the inline subckts will be treated as normal subckts when you access the current of their terminals. {"history": "Interactive.273", "point": 1, "testname": "TRAN", "cornername": "Nominal"}
[2026-09-01 07:22:21.936 Z] [WARN] [cadence.virtuoso.ade.simulationMonitor] -     WARNING (SPECTRE-8527): There are some nodes and instances removed from the netlist topology check. Check the circuit and correct the topology. Or use preserve_inst to keep them if necessary. {"history": "Interactive.273", "point": 1, "testname": "TRAN", "cornername": "Nominal"}
[2026-09-01 07:22:21.936 Z] [WARN] [cadence.virtuoso.ade.simulationMonitor] -     WARNING (SPECTRE-8529): Dangling instance. V9 is removed. {"history": "Interactive.273", "point": 1, "testname": "TRAN", "cornername": "Nominal"}
[2026-09-01 07:22:21.937 Z] [WARN] [cadence.virtuoso.ade.simulationMonitor] -     WARNING (SPECTRE-8530): Dangling node. net9 is removed. {"history": "Interactive.273", "point": 1, "testname": "TRAN", "cornername": "Nominal"}
[2026-09-01 07:22:21.937 Z] [INFO] [cadence.virtuoso.ade.simulationMonitor] - Peak resident memory used = 181 Mbytes. {"history": "Interactive.273", "point": 1, "testname": "TRAN", "cornername": "Nominal"}
[2026-09-01 07:22:21.937 Z] [INFO] [cadence.virtuoso.ade.simulationMonitor] - Notice from spectre during topology check.
    No DC path from node `VbgT' to ground, Gmin installed to provide path. {"history": "Interactive.273", "point": 1, "testname": "TRAN", "cornername": "Nominal"}
[2026-09-01 07:22:21.937 Z] [INFO] [cadence.virtuoso.ade.simulationMonitor] - Notice from spectre during initial setup.
    Number of thread was limited to 1 because of small circuit size. {"history": "Interactive.273", "point": 1, "testname": "TRAN", "cornername": "Nominal"}
[2026-09-01 07:22:21.938 Z] [INFO] [cadence.virtuoso.ade.simulationMonitor] -               nodes 56 {"history": "Interactive.273", "point": 1, "testname": "TRAN", "cornername": "Nominal"}
[2026-09-01 07:22:21.938 Z] [INFO] [cadence.virtuoso.ade.simulationMonitor] - Notice from spectre during initial setup.
    Parasitics reduction enabled. 
         (Resistors reduced by 0.00%  Capacitors reduced by 0.00%, 0.00% of capacitors are coupled after RC reduction).  {"history": "Interactive.273", "point": 1, "testname": "TRAN", "cornername": "Nominal"}
[2026-09-01 07:22:21.938 Z] [INFO] [cadence.virtuoso.ade.simulationMonitor] - Notice from spectre during initial setup.
    1 vsources are shorted because their absolute value is less than or equal to 'vabsshort'.
    Fast APS enabled. {"history": "Interactive.273", "point": 1, "testname": "TRAN", "cornername": "Nominal"}
[2026-09-01 07:22:21.938 Z] [INFO] [cadence.virtuoso.ade.simulationMonitor] - Peak resident memory used = 190 Mbytes. {"history": "Interactive.273", "point": 1, "testname": "TRAN", "cornername": "Nominal"}
[2026-09-01 07:22:21.939 Z] [INFO] [cadence.virtuoso.ade.simulationMonitor] -    -   (Fast APS) Multi-threading. The recommended number of threads is 1, consider adding +mt=1 on command line. {"history": "Interactive.273", "point": 1, "testname": "TRAN", "cornername": "Nominal"}
[2026-09-01 07:22:21.939 Z] [INFO] [cadence.virtuoso.ade.simulationMonitor] - Total time required for dc analysis `dcOp': CPU = 2.044 ms, elapsed = 5.51105 ms, util. = 37.1%. {"history": "Interactive.273", "point": 1, "testname": "TRAN", "cornername": "Nominal"}
[2026-09-01 07:22:21.939 Z] [INFO] [cadence.virtuoso.ade.simulationMonitor] - Peak resident memory used = 193 Mbytes. {"history": "Interactive.273", "point": 1, "testname": "TRAN", "cornername": "Nominal"}
[2026-09-01 07:22:21.939 Z] [INFO] [cadence.virtuoso.ade.simulationMonitor] - Total time required for tran analysis `tran': CPU = 66.469 ms, elapsed = 70.0359 ms, util. = 94.9%. {"history": "Interactive.273", "point": 1, "testname": "TRAN", "cornername": "Nominal"}
[2026-09-01 07:22:21.940 Z] [INFO] [cadence.virtuoso.ade.simulationMonitor] - Peak resident memory used = 196 Mbytes. {"history": "Interactive.273", "point": 1, "testname": "TRAN", "cornername": "Nominal"}
[2026-09-01 07:22:21.940 Z] [INFO] [cadence.virtuoso.ade.simulationMonitor] - Time used: CPU = 253 ms, elapsed = 724 ms, util. = 34.9%. {"history": "Interactive.273", "point": 1, "testname": "TRAN", "cornername": "Nominal"}
[2026-09-01 07:22:21.940 Z] [INFO] [cadence.virtuoso.ade.simulationMonitor] - Time spent in licensing: elapsed = 218 ms, percentage of total = 30%. {"history": "Interactive.273", "point": 1, "testname": "TRAN", "cornername": "Nominal"}
[2026-09-01 07:22:21.941 Z] [INFO] [cadence.virtuoso.ade.simulationMonitor] - Peak memory used = 197 Mbytes. {"history": "Interactive.273", "point": 1, "testname": "TRAN", "cornername": "Nominal"}
[2026-09-01 07:22:21.941 Z] [PROCESS] [cadence.virtuoso.ade.simulationMonitor] - Simulation started at: 7:22:21 AM, Tue Sep 1, 2026, ended at: 7:22:21 AM, Tue Sep 1, 2026, with elapsed time (wall clock): 724 ms. {"history": "Interactive.273", "point": 1, "testname": "TRAN", "cornername": "Nominal"}
[2026-09-01 07:22:21.942 Z] [PROCESS] [cadence.virtuoso.ade.simulationMonitor] - spectre completes with 0 errors, 4 warnings, and 8 notices. {"history": "Interactive.273", "point": 1, "testname": "TRAN", "cornername": "Nominal"}
[2026-09-01 07:22:22.442 Z] [PROCESS] [cadence.virtuoso.ade.simulationMonitor] - Finished simulating for one point {"hostname": "edatools", "processid": 132885, "history": "Interactive.273", "testname": "TRAN", "cornername": "Nominal", "point": 1, "logfile": "/home/saul/projects/LF_BG/logs_saul/logs5/Job17.log", "simid": "4"}
[2026-09-01 07:22:22.443 Z] [PROCESS] [cadence.virtuoso.ade.simulationMonitor] - Simulator exited {"hostname": "edatools", "processid": 132885, "history": "Interactive.273", "testname": "TRAN", "cornername": "Nominal", "point": 1, "logfile": "/home/saul/projects/LF_BG/logs_saul/logs5/Job17.log", "exitStatus": "0"}
[2026-09-01 07:22:22.443 Z] [PROCESS] [cadence.virtuoso.ade.simulationMonitor] - Finished Simulation {"hostname": "edatools", "processid": 132885, "history": "Interactive.273", "testname": "TRAN", "cornername": "Nominal", "point": 1, "logfile": "/home/saul/projects/LF_BG/logs_saul/logs5/Job17.log", "simid": "4"}
[2026-09-01 07:22:23.950 Z] [PROCESS] [cadence.virtuoso.ade.simulationMonitor] - Point Finished {"hostname": "edatools", "processid": 132885, "history": "Interactive.273", "testname": "TRAN", "cornername": "Nominal", "point": 1, "logfile": "/home/saul/projects/LF_BG/logs_saul/logs5/Job17.log"}
[2026-09-01 07:23:01.478 Z] [PROCESS] [cadence.virtuoso.ade.simulationMonitor] - Started History {"hostname": "edatools", "processid": 132885, "history": "Interactive.274", "testname": "TRAN", "cornername": "Nominal", "point": 1, "logfile": "/home/saul/projects/LF_BG/logs_saul/logs5/Job17.log"}
[2026-09-01 07:23:01.479 Z] [PROCESS] [cadence.virtuoso.ade.simulationMonitor] - HostInfo:
Host name (type):	edatools (x86_64)
Operating system:	Linux 7.0.0-30-generic #30~24.04.1-Ubuntu SMP PREEMPT_DYNAMIC Fri Aug  7 13:27:52 UTC 2 {"hostname": "edatools", "processid": 132885, "history": "Interactive.274", "testname": "TRAN", "cornername": "Nominal", "point": 1, "logfile": "/home/saul/projects/LF_BG/logs_saul/logs5/Job17.log", "nodename": "edatools", "domainname": "(none)", "machine": "x86_64", "sysname": "Linux", "release": "7.0.0-30-generic", "version": "#30~24.04.1-Ubuntu SMP PREEMPT_DYNAMIC Fri Aug  7 13:27:52 UTC 2"}
[2026-09-01 07:23:01.479 Z] [PROCESS] [cadence.virtuoso.ade.simulationMonitor] - UsageInfo:
pid=132885
totalPhysicalMemory=62.541851GB,Used=24.375309GB,totalVirtualMemory=70.541847GB,Used=24.375309GB
Cpu: Cores=16, Load average:0.470000,0.370000,0.290000 {"hostname": "edatools", "processid": 132885, "history": "Interactive.274", "testname": "TRAN", "cornername": "Nominal", "point": 1, "logfile": "/home/saul/projects/LF_BG/logs_saul/logs5/Job17.log", "pid": "132885", "totalPhysicalMemory": "62.541851", "physicalMemoryUsed": "24.375309", "totalVirtualMemory": "70.541847", "virtualMemoryUsed": "24.375309", "cpuCores": "16", "processes": "2149", "loadAverage1": "0.470000", "loadAverage5": "0.370000", "loadAverage15": "0.290000", "loadAverage1Percent": "0.029375"}
[2026-09-01 07:23:01.480 Z] [EVENT] [cadence.virtuoso.ade.simulationMonitor] - NewPoint {"history": "Interactive.274", "point": 1, "testname": "TRAN", "cornername": "Nominal", "event": "NewPoint", "EventSource": "Simulation Monitor", "HistoryName": "Interactive.274", "logFile": "/home/saul/projects/LF_BG/logs_saul/logs5/Job17.log", "logFileSize": "48669"}
[2026-09-01 07:23:01.583 Z] [EVENT] [cadence.virtuoso.ade.simulationMonitor] - NewPoint {"history": "Interactive.274", "point": 1, "testname": "TRAN", "cornername": "Nominal", "event": "NewPoint", "EventSource": "spectre", "HistoryName": "Interactive.274", "logFile": "/home/saul/simulation/REF_GEN/REF_GEN_f_TB/maestro/results/maestro/Interactive.274/1/TRAN/psf/spectre.out", "logFileSize": "-1"}
[2026-09-01 07:23:01.600 Z] [PROCESS] [cadence.virtuoso.ade.simulationMonitor] - Simulator launched {"hostname": "edatools", "processid": 132885, "history": "Interactive.274", "testname": "TRAN", "cornername": "Nominal", "point": 1, "logfile": "/home/saul/projects/LF_BG/logs_saul/logs5/Job17.log", "simid": "5"}
[2026-09-01 07:23:01.604 Z] [PROCESS] [cadence.virtuoso.ade.simulationMonitor] - Expression evaluator launched {"hostname": "edatools", "processid": 132885, "history": "Interactive.274", "testname": "TRAN", "cornername": "Nominal", "point": 1, "logfile": "/home/saul/projects/LF_BG/logs_saul/logs5/Job17.log"}
[2026-09-01 07:23:01.637 Z] [PROCESS] [cadence.virtuoso.ade.simulationMonitor] - Started Simulation {"hostname": "edatools", "processid": 132885, "history": "Interactive.274", "testname": "TRAN", "cornername": "Nominal", "point": 1, "logfile": "/home/saul/projects/LF_BG/logs_saul/logs5/Job17.log", "event": "started", "task": "simulation"}
[2026-09-01 07:23:02.638 Z] [INFO] [cadence.virtuoso.ade.simulationMonitor] - Peak resident memory used = 170 Mbytes. {"history": "Interactive.274", "point": 1, "testname": "TRAN", "cornername": "Nominal"}
[2026-09-01 07:23:02.639 Z] [INFO] [cadence.virtuoso.ade.simulationMonitor] - Notice from spectre during hierarchy flattening.
    Parasitic optimization will filter out parasitic nodes, nodes only connected to RCs, by default. To view individual parasitic nodes use individual save statements (i.e. save out), or use the 'savefilter=none' option to save all parasitic nodes. Saving all parasitic nodes may slow down simulation and create large waveform files. {"history": "Interactive.274", "point": 1, "testname": "TRAN", "cornername": "Nominal"}
[2026-09-01 07:23:02.639 Z] [INFO] [cadence.virtuoso.ade.simulationMonitor] - Peak resident memory used = 179 Mbytes. {"history": "Interactive.274", "point": 1, "testname": "TRAN", "cornername": "Nominal"}
[2026-09-01 07:23:02.640 Z] [INFO] [cadence.virtuoso.ade.simulationMonitor] - Notice from spectre during hierarchy flattening.
    The value 'psf' specified for the 'checklimitdest' option will no longer be supported in future releases. Use 'spectre -h' to see other recommended values for the 'checklimitdest' option. {"history": "Interactive.274", "point": 1, "testname": "TRAN", "cornername": "Nominal"}
[2026-09-01 07:23:02.640 Z] [WARN] [cadence.virtuoso.ade.simulationMonitor] -     WARNING (SPECTRE-16718): inlinesubcktcurrent option is set as `subckt', all the inline subckts will be treated as normal subckts when you access the current of their terminals. {"history": "Interactive.274", "point": 1, "testname": "TRAN", "cornername": "Nominal"}
[2026-09-01 07:23:02.641 Z] [WARN] [cadence.virtuoso.ade.simulationMonitor] -     WARNING (SPECTRE-8527): There are some nodes and instances removed from the netlist topology check. Check the circuit and correct the topology. Or use preserve_inst to keep them if necessary. {"history": "Interactive.274", "point": 1, "testname": "TRAN", "cornername": "Nominal"}
[2026-09-01 07:23:02.641 Z] [WARN] [cadence.virtuoso.ade.simulationMonitor] -     WARNING (SPECTRE-8529): Dangling instance. V9 is removed. {"history": "Interactive.274", "point": 1, "testname": "TRAN", "cornername": "Nominal"}
[2026-09-01 07:23:02.642 Z] [WARN] [cadence.virtuoso.ade.simulationMonitor] -     WARNING (SPECTRE-8530): Dangling node. net9 is removed. {"history": "Interactive.274", "point": 1, "testname": "TRAN", "cornername": "Nominal"}
[2026-09-01 07:23:02.642 Z] [INFO] [cadence.virtuoso.ade.simulationMonitor] - Peak resident memory used = 181 Mbytes. {"history": "Interactive.274", "point": 1, "testname": "TRAN", "cornername": "Nominal"}
[2026-09-01 07:23:02.642 Z] [INFO] [cadence.virtuoso.ade.simulationMonitor] - Notice from spectre during topology check.
    No DC path from node `VbgT' to ground, Gmin installed to provide path. {"history": "Interactive.274", "point": 1, "testname": "TRAN", "cornername": "Nominal"}
[2026-09-01 07:23:02.642 Z] [INFO] [cadence.virtuoso.ade.simulationMonitor] - Notice from spectre during initial setup.
    Number of thread was limited to 1 because of small circuit size. {"history": "Interactive.274", "point": 1, "testname": "TRAN", "cornername": "Nominal"}
[2026-09-01 07:23:02.643 Z] [INFO] [cadence.virtuoso.ade.simulationMonitor] -               nodes 56 {"history": "Interactive.274", "point": 1, "testname": "TRAN", "cornername": "Nominal"}
[2026-09-01 07:23:02.643 Z] [INFO] [cadence.virtuoso.ade.simulationMonitor] - Notice from spectre during initial setup.
    Parasitics reduction enabled. 
         (Resistors reduced by 0.00%  Capacitors reduced by 0.00%, 0.00% of capacitors are coupled after RC reduction).  {"history": "Interactive.274", "point": 1, "testname": "TRAN", "cornername": "Nominal"}
[2026-09-01 07:23:02.644 Z] [INFO] [cadence.virtuoso.ade.simulationMonitor] - Notice from spectre during initial setup.
    1 vsources are shorted because their absolute value is less than or equal to 'vabsshort'.
    Fast APS enabled. {"history": "Interactive.274", "point": 1, "testname": "TRAN", "cornername": "Nominal"}
[2026-09-01 07:23:02.644 Z] [INFO] [cadence.virtuoso.ade.simulationMonitor] - Peak resident memory used = 190 Mbytes. {"history": "Interactive.274", "point": 1, "testname": "TRAN", "cornername": "Nominal"}
[2026-09-01 07:23:02.644 Z] [INFO] [cadence.virtuoso.ade.simulationMonitor] -    -   (Fast APS) Multi-threading. The recommended number of threads is 1, consider adding +mt=1 on command line. {"history": "Interactive.274", "point": 1, "testname": "TRAN", "cornername": "Nominal"}
[2026-09-01 07:23:02.644 Z] [INFO] [cadence.virtuoso.ade.simulationMonitor] - Total time required for dc analysis `dcOp': CPU = 1.943 ms, elapsed = 5.33819 ms, util. = 36.4%. {"history": "Interactive.274", "point": 1, "testname": "TRAN", "cornername": "Nominal"}
[2026-09-01 07:23:02.644 Z] [INFO] [cadence.virtuoso.ade.simulationMonitor] - Peak resident memory used = 193 Mbytes. {"history": "Interactive.274", "point": 1, "testname": "TRAN", "cornername": "Nominal"}
[2026-09-01 07:23:02.645 Z] [INFO] [cadence.virtuoso.ade.simulationMonitor] - Total time required for tran analysis `tran': CPU = 64.251 ms, elapsed = 67.6849 ms, util. = 94.9%. {"history": "Interactive.274", "point": 1, "testname": "TRAN", "cornername": "Nominal"}
[2026-09-01 07:23:02.645 Z] [INFO] [cadence.virtuoso.ade.simulationMonitor] - Peak resident memory used = 196 Mbytes. {"history": "Interactive.274", "point": 1, "testname": "TRAN", "cornername": "Nominal"}
[2026-09-01 07:23:02.645 Z] [INFO] [cadence.virtuoso.ade.simulationMonitor] - Time used: CPU = 239 ms, elapsed = 624 ms, util. = 38.2%. {"history": "Interactive.274", "point": 1, "testname": "TRAN", "cornername": "Nominal"}
[2026-09-01 07:23:02.645 Z] [INFO] [cadence.virtuoso.ade.simulationMonitor] - Time spent in licensing: elapsed = 24 ms. {"history": "Interactive.274", "point": 1, "testname": "TRAN", "cornername": "Nominal"}
[2026-09-01 07:23:02.646 Z] [INFO] [cadence.virtuoso.ade.simulationMonitor] - Peak memory used = 197 Mbytes. {"history": "Interactive.274", "point": 1, "testname": "TRAN", "cornername": "Nominal"}
[2026-09-01 07:23:02.646 Z] [PROCESS] [cadence.virtuoso.ade.simulationMonitor] - Simulation started at: 7:23:01 AM, Tue Sep 1, 2026, ended at: 7:23:02 AM, Tue Sep 1, 2026, with elapsed time (wall clock): 624 ms. {"history": "Interactive.274", "point": 1, "testname": "TRAN", "cornername": "Nominal"}
[2026-09-01 07:23:02.647 Z] [PROCESS] [cadence.virtuoso.ade.simulationMonitor] - spectre completes with 0 errors, 4 warnings, and 8 notices. {"history": "Interactive.274", "point": 1, "testname": "TRAN", "cornername": "Nominal"}
[2026-09-01 07:23:02.647 Z] [PROCESS] [cadence.virtuoso.ade.simulationMonitor] - Finished simulating for one point {"hostname": "edatools", "processid": 132885, "history": "Interactive.274", "testname": "TRAN", "cornername": "Nominal", "point": 1, "logfile": "/home/saul/projects/LF_BG/logs_saul/logs5/Job17.log", "simid": "5"}
[2026-09-01 07:23:02.647 Z] [PROCESS] [cadence.virtuoso.ade.simulationMonitor] - Simulator exited {"hostname": "edatools", "processid": 132885, "history": "Interactive.274", "testname": "TRAN", "cornername": "Nominal", "point": 1, "logfile": "/home/saul/projects/LF_BG/logs_saul/logs5/Job17.log", "exitStatus": "0"}
[2026-09-01 07:23:02.648 Z] [PROCESS] [cadence.virtuoso.ade.simulationMonitor] - Finished Simulation {"hostname": "edatools", "processid": 132885, "history": "Interactive.274", "testname": "TRAN", "cornername": "Nominal", "point": 1, "logfile": "/home/saul/projects/LF_BG/logs_saul/logs5/Job17.log", "simid": "5"}
[2026-09-01 07:23:04.667 Z] [PROCESS] [cadence.virtuoso.ade.simulationMonitor] - Point Finished {"hostname": "edatools", "processid": 132885, "history": "Interactive.274", "testname": "TRAN", "cornername": "Nominal", "point": 1, "logfile": "/home/saul/projects/LF_BG/logs_saul/logs5/Job17.log"}
[2026-09-01 07:25:15.987 Z] [PROCESS] [cadence.virtuoso.ade.simulationMonitor] - Started History {"hostname": "edatools", "processid": 132885, "history": "Interactive.275", "testname": "TRAN", "cornername": "Nominal", "point": 1, "logfile": "/home/saul/projects/LF_BG/logs_saul/logs5/Job17.log"}
[2026-09-01 07:25:15.988 Z] [PROCESS] [cadence.virtuoso.ade.simulationMonitor] - HostInfo:
Host name (type):	edatools (x86_64)
Operating system:	Linux 7.0.0-30-generic #30~24.04.1-Ubuntu SMP PREEMPT_DYNAMIC Fri Aug  7 13:27:52 UTC 2 {"hostname": "edatools", "processid": 132885, "history": "Interactive.275", "testname": "TRAN", "cornername": "Nominal", "point": 1, "logfile": "/home/saul/projects/LF_BG/logs_saul/logs5/Job17.log", "nodename": "edatools", "domainname": "(none)", "machine": "x86_64", "sysname": "Linux", "release": "7.0.0-30-generic", "version": "#30~24.04.1-Ubuntu SMP PREEMPT_DYNAMIC Fri Aug  7 13:27:52 UTC 2"}
[2026-09-01 07:25:15.989 Z] [PROCESS] [cadence.virtuoso.ade.simulationMonitor] - UsageInfo:
pid=132885
totalPhysicalMemory=62.541851GB,Used=24.408604GB,totalVirtualMemory=70.541847GB,Used=24.408604GB
Cpu: Cores=16, Load average:0.230000,0.310000,0.270000 {"hostname": "edatools", "processid": 132885, "history": "Interactive.275", "testname": "TRAN", "cornername": "Nominal", "point": 1, "logfile": "/home/saul/projects/LF_BG/logs_saul/logs5/Job17.log", "pid": "132885", "totalPhysicalMemory": "62.541851", "physicalMemoryUsed": "24.408604", "totalVirtualMemory": "70.541847", "virtualMemoryUsed": "24.408604", "cpuCores": "16", "processes": "2133", "loadAverage1": "0.230000", "loadAverage5": "0.310000", "loadAverage15": "0.270000", "loadAverage1Percent": "0.014375"}
[2026-09-01 07:25:15.990 Z] [EVENT] [cadence.virtuoso.ade.simulationMonitor] - NewPoint {"history": "Interactive.275", "point": 1, "testname": "TRAN", "cornername": "Nominal", "event": "NewPoint", "EventSource": "Simulation Monitor", "HistoryName": "Interactive.275", "logFile": "/home/saul/projects/LF_BG/logs_saul/logs5/Job17.log", "logFileSize": "60099"}
[2026-09-01 07:25:16.092 Z] [EVENT] [cadence.virtuoso.ade.simulationMonitor] - NewPoint {"history": "Interactive.275", "point": 1, "testname": "TRAN", "cornername": "Nominal", "event": "NewPoint", "EventSource": "spectre", "HistoryName": "Interactive.275", "logFile": "/home/saul/simulation/REF_GEN/REF_GEN_f_TB/maestro/results/maestro/Interactive.275/1/TRAN/psf/spectre.out", "logFileSize": "-1"}
[2026-09-01 07:25:16.096 Z] [PROCESS] [cadence.virtuoso.ade.simulationMonitor] - Simulator launched {"hostname": "edatools", "processid": 132885, "history": "Interactive.275", "testname": "TRAN", "cornername": "Nominal", "point": 1, "logfile": "/home/saul/projects/LF_BG/logs_saul/logs5/Job17.log", "simid": "6"}
[2026-09-01 07:25:16.097 Z] [PROCESS] [cadence.virtuoso.ade.simulationMonitor] - Expression evaluator launched {"hostname": "edatools", "processid": 132885, "history": "Interactive.275", "testname": "TRAN", "cornername": "Nominal", "point": 1, "logfile": "/home/saul/projects/LF_BG/logs_saul/logs5/Job17.log"}
[2026-09-01 07:25:16.120 Z] [PROCESS] [cadence.virtuoso.ade.simulationMonitor] - Started Simulation {"hostname": "edatools", "processid": 132885, "history": "Interactive.275", "testname": "TRAN", "cornername": "Nominal", "point": 1, "logfile": "/home/saul/projects/LF_BG/logs_saul/logs5/Job17.log", "event": "started", "task": "simulation"}
[2026-09-01 07:26:16.651 Z] [INFO] [cadence.virtuoso.ade.simulationMonitor] - Notice from spectre during license check-out.
    Waiting for available license for Spectre. {"history": "Interactive.275", "point": 1, "testname": "TRAN", "cornername": "Nominal"}
[2026-09-01 07:26:45.666 Z] [PROCESS] [cadence.virtuoso.ade.simulationMonitor] - Simulation cancelled {"hostname": "edatools", "processid": 132885, "history": "Interactive.275", "testname": "TRAN", "cornername": "Nominal", "point": 1, "logfile": "/home/saul/projects/LF_BG/logs_saul/logs5/Job17.log"}
[2026-09-01 07:26:45.667 Z] [INFO] [cadence.virtuoso.ade.simulationMonitor] - SimulationMonitor has terminated the  process '135999', reason: 'the simulation point gets cancelled by GUI' {"history": "Interactive.275", "point": 1, "testname": "TRAN", "cornername": "Nominal"}
[2026-09-01 07:26:45.839 Z] [PROCESS] [cadence.virtuoso.ade.simulationMonitor] - Finished simulating for one point {"hostname": "edatools", "processid": 132885, "history": "Interactive.275", "testname": "TRAN", "cornername": "Nominal", "point": 1, "logfile": "/home/saul/projects/LF_BG/logs_saul/logs5/Job17.log", "simid": "6"}
[2026-09-01 07:26:45.840 Z] [PROCESS] [cadence.virtuoso.ade.simulationMonitor] - Simulator exited {"hostname": "edatools", "processid": 132885, "history": "Interactive.275", "testname": "TRAN", "cornername": "Nominal", "point": 1, "logfile": "/home/saul/projects/LF_BG/logs_saul/logs5/Job17.log", "exitStatus": "0"}
[2026-09-01 07:26:45.840 Z] [PROCESS] [cadence.virtuoso.ade.simulationMonitor] - Finished Simulation {"hostname": "edatools", "processid": 132885, "history": "Interactive.275", "testname": "TRAN", "cornername": "Nominal", "point": 1, "logfile": "/home/saul/projects/LF_BG/logs_saul/logs5/Job17.log", "simid": "6"}
[2026-09-01 07:26:48.513 Z] [PROCESS] [cadence.virtuoso.ade.simulationMonitor] - Started History {"hostname": "edatools", "processid": 132885, "history": "Interactive.277", "testname": "TRAN", "cornername": "Nominal", "point": 1, "logfile": "/home/saul/projects/LF_BG/logs_saul/logs5/Job17.log"}
[2026-09-01 07:26:48.513 Z] [PROCESS] [cadence.virtuoso.ade.simulationMonitor] - HostInfo:
Host name (type):	edatools (x86_64)
Operating system:	Linux 7.0.0-30-generic #30~24.04.1-Ubuntu SMP PREEMPT_DYNAMIC Fri Aug  7 13:27:52 UTC 2 {"hostname": "edatools", "processid": 132885, "history": "Interactive.277", "testname": "TRAN", "cornername": "Nominal", "point": 1, "logfile": "/home/saul/projects/LF_BG/logs_saul/logs5/Job17.log", "nodename": "edatools", "domainname": "(none)", "machine": "x86_64", "sysname": "Linux", "release": "7.0.0-30-generic", "version": "#30~24.04.1-Ubuntu SMP PREEMPT_DYNAMIC Fri Aug  7 13:27:52 UTC 2"}
[2026-09-01 07:26:48.514 Z] [PROCESS] [cadence.virtuoso.ade.simulationMonitor] - UsageInfo:
pid=132885
totalPhysicalMemory=62.541851GB,Used=24.333214GB,totalVirtualMemory=70.541847GB,Used=24.333214GB
Cpu: Cores=16, Load average:0.180000,0.270000,0.260000 {"hostname": "edatools", "processid": 132885, "history": "Interactive.277", "testname": "TRAN", "cornername": "Nominal", "point": 1, "logfile": "/home/saul/projects/LF_BG/logs_saul/logs5/Job17.log", "pid": "132885", "totalPhysicalMemory": "62.541851", "physicalMemoryUsed": "24.333214", "totalVirtualMemory": "70.541847", "virtualMemoryUsed": "24.333214", "cpuCores": "16", "processes": "2128", "loadAverage1": "0.180000", "loadAverage5": "0.270000", "loadAverage15": "0.260000", "loadAverage1Percent": "0.011250"}
[2026-09-01 07:26:48.515 Z] [EVENT] [cadence.virtuoso.ade.simulationMonitor] - NewPoint {"history": "Interactive.277", "point": 1, "testname": "TRAN", "cornername": "Nominal", "event": "NewPoint", "EventSource": "Simulation Monitor", "HistoryName": "Interactive.277", "logFile": "/home/saul/projects/LF_BG/logs_saul/logs5/Job17.log", "logFileSize": "65309"}
[2026-09-01 07:26:48.617 Z] [EVENT] [cadence.virtuoso.ade.simulationMonitor] - NewPoint {"history": "Interactive.277", "point": 1, "testname": "TRAN", "cornername": "Nominal", "event": "NewPoint", "EventSource": "spectre", "HistoryName": "Interactive.277", "logFile": "/home/saul/simulation/REF_GEN/REF_GEN_f_TB/maestro/results/maestro/Interactive.277/1/TRAN/psf/spectre.out", "logFileSize": "-1"}
[2026-09-01 07:26:48.622 Z] [PROCESS] [cadence.virtuoso.ade.simulationMonitor] - Simulator launched {"hostname": "edatools", "processid": 132885, "history": "Interactive.277", "testname": "TRAN", "cornername": "Nominal", "point": 1, "logfile": "/home/saul/projects/LF_BG/logs_saul/logs5/Job17.log", "simid": "7"}
[2026-09-01 07:26:48.623 Z] [PROCESS] [cadence.virtuoso.ade.simulationMonitor] - Expression evaluator launched {"hostname": "edatools", "processid": 132885, "history": "Interactive.277", "testname": "TRAN", "cornername": "Nominal", "point": 1, "logfile": "/home/saul/projects/LF_BG/logs_saul/logs5/Job17.log"}
[2026-09-01 07:26:48.646 Z] [PROCESS] [cadence.virtuoso.ade.simulationMonitor] - Started Simulation {"hostname": "edatools", "processid": 132885, "history": "Interactive.277", "testname": "TRAN", "cornername": "Nominal", "point": 1, "logfile": "/home/saul/projects/LF_BG/logs_saul/logs5/Job17.log", "event": "started", "task": "simulation"}
[2026-09-01 07:27:00.654 Z] [INFO] [cadence.virtuoso.ade.simulationMonitor] - Peak resident memory used = 170 Mbytes. {"history": "Interactive.277", "point": 1, "testname": "TRAN", "cornername": "Nominal"}
[2026-09-01 07:27:00.654 Z] [INFO] [cadence.virtuoso.ade.simulationMonitor] - Notice from spectre during hierarchy flattening.
    Parasitic optimization will filter out parasitic nodes, nodes only connected to RCs, by default. To view individual parasitic nodes use individual save statements (i.e. save out), or use the 'savefilter=none' option to save all parasitic nodes. Saving all parasitic nodes may slow down simulation and create large waveform files. {"history": "Interactive.277", "point": 1, "testname": "TRAN", "cornername": "Nominal"}
[2026-09-01 07:27:00.654 Z] [INFO] [cadence.virtuoso.ade.simulationMonitor] - Peak resident memory used = 179 Mbytes. {"history": "Interactive.277", "point": 1, "testname": "TRAN", "cornername": "Nominal"}
[2026-09-01 07:27:00.654 Z] [INFO] [cadence.virtuoso.ade.simulationMonitor] - Notice from spectre during hierarchy flattening.
    The value 'psf' specified for the 'checklimitdest' option will no longer be supported in future releases. Use 'spectre -h' to see other recommended values for the 'checklimitdest' option. {"history": "Interactive.277", "point": 1, "testname": "TRAN", "cornername": "Nominal"}
[2026-09-01 07:27:00.654 Z] [WARN] [cadence.virtuoso.ade.simulationMonitor] -     WARNING (SPECTRE-16718): inlinesubcktcurrent option is set as `subckt', all the inline subckts will be treated as normal subckts when you access the current of their terminals. {"history": "Interactive.277", "point": 1, "testname": "TRAN", "cornername": "Nominal"}
[2026-09-01 07:27:00.654 Z] [WARN] [cadence.virtuoso.ade.simulationMonitor] -     WARNING (SPECTRE-8527): There are some nodes and instances removed from the netlist topology check. Check the circuit and correct the topology. Or use preserve_inst to keep them if necessary. {"history": "Interactive.277", "point": 1, "testname": "TRAN", "cornername": "Nominal"}
[2026-09-01 07:27:00.654 Z] [WARN] [cadence.virtuoso.ade.simulationMonitor] -     WARNING (SPECTRE-8529): Dangling instance. V9 is removed. {"history": "Interactive.277", "point": 1, "testname": "TRAN", "cornername": "Nominal"}
[2026-09-01 07:27:00.654 Z] [WARN] [cadence.virtuoso.ade.simulationMonitor] -     WARNING (SPECTRE-8530): Dangling node. net9 is removed. {"history": "Interactive.277", "point": 1, "testname": "TRAN", "cornername": "Nominal"}
[2026-09-01 07:27:00.654 Z] [INFO] [cadence.virtuoso.ade.simulationMonitor] - Peak resident memory used = 181 Mbytes. {"history": "Interactive.277", "point": 1, "testname": "TRAN", "cornername": "Nominal"}
[2026-09-01 07:27:00.654 Z] [INFO] [cadence.virtuoso.ade.simulationMonitor] - Notice from spectre during topology check.
    No DC path from node `VbgT' to ground, Gmin installed to provide path. {"history": "Interactive.277", "point": 1, "testname": "TRAN", "cornername": "Nominal"}
[2026-09-01 07:27:00.654 Z] [INFO] [cadence.virtuoso.ade.simulationMonitor] - Notice from spectre during initial setup.
    Number of thread was limited to 1 because of small circuit size. {"history": "Interactive.277", "point": 1, "testname": "TRAN", "cornername": "Nominal"}
[2026-09-01 07:27:00.654 Z] [INFO] [cadence.virtuoso.ade.simulationMonitor] -               nodes 56 {"history": "Interactive.277", "point": 1, "testname": "TRAN", "cornername": "Nominal"}
[2026-09-01 07:27:00.654 Z] [INFO] [cadence.virtuoso.ade.simulationMonitor] - Notice from spectre during initial setup.
    Parasitics reduction enabled. 
         (Resistors reduced by 0.00%  Capacitors reduced by 0.00%, 0.00% of capacitors are coupled after RC reduction).  {"history": "Interactive.277", "point": 1, "testname": "TRAN", "cornername": "Nominal"}
[2026-09-01 07:27:00.654 Z] [INFO] [cadence.virtuoso.ade.simulationMonitor] - Notice from spectre during initial setup.
    1 vsources are shorted because their absolute value is less than or equal to 'vabsshort'.
    Fast APS enabled. {"history": "Interactive.277", "point": 1, "testname": "TRAN", "cornername": "Nominal"}
[2026-09-01 07:27:00.654 Z] [INFO] [cadence.virtuoso.ade.simulationMonitor] - Peak resident memory used = 190 Mbytes. {"history": "Interactive.277", "point": 1, "testname": "TRAN", "cornername": "Nominal"}
[2026-09-01 07:27:00.654 Z] [INFO] [cadence.virtuoso.ade.simulationMonitor] -    -   (Fast APS) Multi-threading. The recommended number of threads is 1, consider adding +mt=1 on command line. {"history": "Interactive.277", "point": 1, "testname": "TRAN", "cornername": "Nominal"}
[2026-09-01 07:27:00.654 Z] [INFO] [cadence.virtuoso.ade.simulationMonitor] - Total time required for dc analysis `dcOp': CPU = 2.534 ms, elapsed = 6.29997 ms, util. = 40.2%. {"history": "Interactive.277", "point": 1, "testname": "TRAN", "cornername": "Nominal"}
[2026-09-01 07:27:00.654 Z] [INFO] [cadence.virtuoso.ade.simulationMonitor] - Peak resident memory used = 193 Mbytes. {"history": "Interactive.277", "point": 1, "testname": "TRAN", "cornername": "Nominal"}
[2026-09-01 07:27:00.654 Z] [INFO] [cadence.virtuoso.ade.simulationMonitor] - Total time required for tran analysis `tran': CPU = 63.374 ms, elapsed = 67.1489 ms, util. = 94.4%. {"history": "Interactive.277", "point": 1, "testname": "TRAN", "cornername": "Nominal"}
[2026-09-01 07:27:00.654 Z] [INFO] [cadence.virtuoso.ade.simulationMonitor] - Peak resident memory used = 196 Mbytes. {"history": "Interactive.277", "point": 1, "testname": "TRAN", "cornername": "Nominal"}
[2026-09-01 07:27:00.654 Z] [INFO] [cadence.virtuoso.ade.simulationMonitor] - Time used: CPU = 248 ms, elapsed = 11.7 s, util. = 2.13%. {"history": "Interactive.277", "point": 1, "testname": "TRAN", "cornername": "Nominal"}
[2026-09-01 07:27:00.654 Z] [INFO] [cadence.virtuoso.ade.simulationMonitor] - Time spent in licensing: elapsed = 11.1 s, percentage of total = 95%. {"history": "Interactive.277", "point": 1, "testname": "TRAN", "cornername": "Nominal"}
[2026-09-01 07:27:00.654 Z] [INFO] [cadence.virtuoso.ade.simulationMonitor] - Peak memory used = 197 Mbytes. {"history": "Interactive.277", "point": 1, "testname": "TRAN", "cornername": "Nominal"}
[2026-09-01 07:27:00.654 Z] [PROCESS] [cadence.virtuoso.ade.simulationMonitor] - Simulation started at: 7:26:48 AM, Tue Sep 1, 2026, ended at: 7:27:00 AM, Tue Sep 1, 2026, with elapsed time (wall clock): 11.7 s. {"history": "Interactive.277", "point": 1, "testname": "TRAN", "cornername": "Nominal"}
[2026-09-01 07:27:00.654 Z] [PROCESS] [cadence.virtuoso.ade.simulationMonitor] - spectre completes with 0 errors, 4 warnings, and 8 notices. {"history": "Interactive.277", "point": 1, "testname": "TRAN", "cornername": "Nominal"}
[2026-09-01 07:27:00.654 Z] [PROCESS] [cadence.virtuoso.ade.simulationMonitor] - Finished simulating for one point {"hostname": "edatools", "processid": 132885, "history": "Interactive.277", "testname": "TRAN", "cornername": "Nominal", "point": 1, "logfile": "/home/saul/projects/LF_BG/logs_saul/logs5/Job17.log", "simid": "7"}
[2026-09-01 07:27:00.654 Z] [PROCESS] [cadence.virtuoso.ade.simulationMonitor] - Simulator exited {"hostname": "edatools", "processid": 132885, "history": "Interactive.277", "testname": "TRAN", "cornername": "Nominal", "point": 1, "logfile": "/home/saul/projects/LF_BG/logs_saul/logs5/Job17.log", "exitStatus": "0"}
[2026-09-01 07:27:00.654 Z] [PROCESS] [cadence.virtuoso.ade.simulationMonitor] - Finished Simulation {"hostname": "edatools", "processid": 132885, "history": "Interactive.277", "testname": "TRAN", "cornername": "Nominal", "point": 1, "logfile": "/home/saul/projects/LF_BG/logs_saul/logs5/Job17.log", "simid": "7"}
[2026-09-01 07:27:01.684 Z] [PROCESS] [cadence.virtuoso.ade.simulationMonitor] - Point Finished {"hostname": "edatools", "processid": 132885, "history": "Interactive.277", "testname": "TRAN", "cornername": "Nominal", "point": 1, "logfile": "/home/saul/projects/LF_BG/logs_saul/logs5/Job17.log"}
[2026-09-01 07:27:38.184 Z] [PROCESS] [cadence.virtuoso.ade.simulationMonitor] - Started History {"hostname": "edatools", "processid": 132885, "history": "Interactive.278", "testname": "TRAN", "cornername": "Nominal", "point": 1, "logfile": "/home/saul/projects/LF_BG/logs_saul/logs5/Job17.log"}
[2026-09-01 07:27:38.184 Z] [PROCESS] [cadence.virtuoso.ade.simulationMonitor] - HostInfo:
Host name (type):	edatools (x86_64)
Operating system:	Linux 7.0.0-30-generic #30~24.04.1-Ubuntu SMP PREEMPT_DYNAMIC Fri Aug  7 13:27:52 UTC 2 {"hostname": "edatools", "processid": 132885, "history": "Interactive.278", "testname": "TRAN", "cornername": "Nominal", "point": 1, "logfile": "/home/saul/projects/LF_BG/logs_saul/logs5/Job17.log", "nodename": "edatools", "domainname": "(none)", "machine": "x86_64", "sysname": "Linux", "release": "7.0.0-30-generic", "version": "#30~24.04.1-Ubuntu SMP PREEMPT_DYNAMIC Fri Aug  7 13:27:52 UTC 2"}
[2026-09-01 07:27:38.184 Z] [PROCESS] [cadence.virtuoso.ade.simulationMonitor] - UsageInfo:
pid=132885
totalPhysicalMemory=62.541851GB,Used=24.330189GB,totalVirtualMemory=70.541847GB,Used=24.330189GB
Cpu: Cores=16, Load average:0.380000,0.310000,0.280000 {"hostname": "edatools", "processid": 132885, "history": "Interactive.278", "testname": "TRAN", "cornername": "Nominal", "point": 1, "logfile": "/home/saul/projects/LF_BG/logs_saul/logs5/Job17.log", "pid": "132885", "totalPhysicalMemory": "62.541851", "physicalMemoryUsed": "24.330189", "totalVirtualMemory": "70.541847", "virtualMemoryUsed": "24.330189", "cpuCores": "16", "processes": "2118", "loadAverage1": "0.380000", "loadAverage5": "0.310000", "loadAverage15": "0.280000", "loadAverage1Percent": "0.023750"}
[2026-09-01 07:27:38.184 Z] [EVENT] [cadence.virtuoso.ade.simulationMonitor] - NewPoint {"history": "Interactive.278", "point": 1, "testname": "OP", "cornername": "Nominal", "event": "NewPoint", "EventSource": "Simulation Monitor", "HistoryName": "Interactive.278", "logFile": "/home/saul/projects/LF_BG/logs_saul/logs5/Job17.log", "logFileSize": "76767"}
[2026-09-01 07:27:38.184 Z] [EVENT] [cadence.virtuoso.ade.simulationMonitor] - NewPoint {"history": "Interactive.278", "point": 1, "testname": "OP", "cornername": "Nominal", "event": "NewPoint", "EventSource": "spectre", "HistoryName": "Interactive.278", "logFile": "/home/saul/simulation/REF_GEN/REF_GEN_f_TB/maestro/results/maestro/Interactive.278/1/OP/psf/spectre.out", "logFileSize": "-1"}
[2026-09-01 07:27:38.184 Z] [PROCESS] [cadence.virtuoso.ade.simulationMonitor] - Simulator launched {"hostname": "edatools", "processid": 132885, "history": "Interactive.278", "testname": "OP", "cornername": "Nominal", "point": 1, "logfile": "/home/saul/projects/LF_BG/logs_saul/logs5/Job17.log", "simid": "8"}
[2026-09-01 07:27:38.184 Z] [PROCESS] [cadence.virtuoso.ade.simulationMonitor] - Expression evaluator launched {"hostname": "edatools", "processid": 132885, "history": "Interactive.278", "testname": "OP", "cornername": "Nominal", "point": 1, "logfile": "/home/saul/projects/LF_BG/logs_saul/logs5/Job17.log"}
[2026-09-01 07:27:38.184 Z] [PROCESS] [cadence.virtuoso.ade.simulationMonitor] - Started Simulation {"hostname": "edatools", "processid": 132885, "history": "Interactive.278", "testname": "OP", "cornername": "Nominal", "point": 1, "logfile": "/home/saul/projects/LF_BG/logs_saul/logs5/Job17.log", "event": "started", "task": "simulation"}
[2026-09-01 07:27:39.325 Z] [INFO] [cadence.virtuoso.ade.simulationMonitor] - Peak resident memory used = 170 Mbytes. {"history": "Interactive.278", "point": 1, "testname": "OP", "cornername": "Nominal"}
[2026-09-01 07:27:39.325 Z] [INFO] [cadence.virtuoso.ade.simulationMonitor] - Peak resident memory used = 179 Mbytes. {"history": "Interactive.278", "point": 1, "testname": "OP", "cornername": "Nominal"}
[2026-09-01 07:27:39.325 Z] [INFO] [cadence.virtuoso.ade.simulationMonitor] - Notice from spectre during hierarchy flattening.
    The value 'psf' specified for the 'checklimitdest' option will no longer be supported in future releases. Use 'spectre -h' to see other recommended values for the 'checklimitdest' option. {"history": "Interactive.278", "point": 1, "testname": "OP", "cornername": "Nominal"}
[2026-09-01 07:27:39.325 Z] [WARN] [cadence.virtuoso.ade.simulationMonitor] -     WARNING (SPECTRE-16718): inlinesubcktcurrent option is set as `subckt', all the inline subckts will be treated as normal subckts when you access the current of their terminals. {"history": "Interactive.278", "point": 1, "testname": "OP", "cornername": "Nominal"}
[2026-09-01 07:27:39.325 Z] [WARN] [cadence.virtuoso.ade.simulationMonitor] -     WARNING (SPECTRE-8527): There are some nodes and instances removed from the netlist topology check. Check the circuit and correct the topology. Or use preserve_inst to keep them if necessary. {"history": "Interactive.278", "point": 1, "testname": "OP", "cornername": "Nominal"}
[2026-09-01 07:27:39.325 Z] [WARN] [cadence.virtuoso.ade.simulationMonitor] -     WARNING (SPECTRE-8529): Dangling instance. V9 is removed. {"history": "Interactive.278", "point": 1, "testname": "OP", "cornername": "Nominal"}
[2026-09-01 07:27:39.325 Z] [WARN] [cadence.virtuoso.ade.simulationMonitor] -     WARNING (SPECTRE-8530): Dangling node. net9 is removed. {"history": "Interactive.278", "point": 1, "testname": "OP", "cornername": "Nominal"}
[2026-09-01 07:27:39.325 Z] [INFO] [cadence.virtuoso.ade.simulationMonitor] - Peak resident memory used = 181 Mbytes. {"history": "Interactive.278", "point": 1, "testname": "OP", "cornername": "Nominal"}
[2026-09-01 07:27:39.325 Z] [INFO] [cadence.virtuoso.ade.simulationMonitor] - Notice from spectre during topology check.
    No DC path from node `VbgT' to ground, Gmin installed to provide path. {"history": "Interactive.278", "point": 1, "testname": "OP", "cornername": "Nominal"}
[2026-09-01 07:27:39.325 Z] [INFO] [cadence.virtuoso.ade.simulationMonitor] - Notice from spectre during initial setup.
    Multithreading is disabled due to the size of the design being too small. {"history": "Interactive.278", "point": 1, "testname": "OP", "cornername": "Nominal"}
[2026-09-01 07:27:39.325 Z] [INFO] [cadence.virtuoso.ade.simulationMonitor] -               nodes 56 {"history": "Interactive.278", "point": 1, "testname": "OP", "cornername": "Nominal"}
[2026-09-01 07:27:39.325 Z] [INFO] [cadence.virtuoso.ade.simulationMonitor] - Notice from spectre during initial setup.
    Fast APS enabled. {"history": "Interactive.278", "point": 1, "testname": "OP", "cornername": "Nominal"}
[2026-09-01 07:27:39.325 Z] [INFO] [cadence.virtuoso.ade.simulationMonitor] - Peak resident memory used = 184 Mbytes. {"history": "Interactive.278", "point": 1, "testname": "OP", "cornername": "Nominal"}
[2026-09-01 07:27:39.325 Z] [INFO] [cadence.virtuoso.ade.simulationMonitor] -    -   (Fast APS) Multi-threading. The recommended number of threads is 1, consider adding +mt=1 on command line. {"history": "Interactive.278", "point": 1, "testname": "OP", "cornername": "Nominal"}
[2026-09-01 07:27:39.325 Z] [INFO] [cadence.virtuoso.ade.simulationMonitor] - Total time required for dc analysis `dcOp': CPU = 2.221 ms, elapsed = 6.17695 ms, util. = 36%. {"history": "Interactive.278", "point": 1, "testname": "OP", "cornername": "Nominal"}
[2026-09-01 07:27:39.325 Z] [INFO] [cadence.virtuoso.ade.simulationMonitor] - Peak resident memory used = 187 Mbytes. {"history": "Interactive.278", "point": 1, "testname": "OP", "cornername": "Nominal"}
[2026-09-01 07:27:39.325 Z] [INFO] [cadence.virtuoso.ade.simulationMonitor] - Time used: CPU = 175 ms, elapsed = 557 ms, util. = 31.4%. {"history": "Interactive.278", "point": 1, "testname": "OP", "cornername": "Nominal"}
[2026-09-01 07:27:39.325 Z] [INFO] [cadence.virtuoso.ade.simulationMonitor] - Time spent in licensing: elapsed = 31.7 ms, percentage of total = 5.68%. {"history": "Interactive.278", "point": 1, "testname": "OP", "cornername": "Nominal"}
[2026-09-01 07:27:39.325 Z] [INFO] [cadence.virtuoso.ade.simulationMonitor] - Peak memory used = 189 Mbytes. {"history": "Interactive.278", "point": 1, "testname": "OP", "cornername": "Nominal"}
[2026-09-01 07:27:39.325 Z] [PROCESS] [cadence.virtuoso.ade.simulationMonitor] - Simulation started at: 7:27:38 AM, Tue Sep 1, 2026, ended at: 7:27:38 AM, Tue Sep 1, 2026, with elapsed time (wall clock): 557 ms. {"history": "Interactive.278", "point": 1, "testname": "OP", "cornername": "Nominal"}
[2026-09-01 07:27:39.325 Z] [PROCESS] [cadence.virtuoso.ade.simulationMonitor] - spectre completes with 0 errors, 4 warnings, and 5 notices. {"history": "Interactive.278", "point": 1, "testname": "OP", "cornername": "Nominal"}
[2026-09-01 07:27:39.325 Z] [PROCESS] [cadence.virtuoso.ade.simulationMonitor] - Finished simulating for one point {"hostname": "edatools", "processid": 132885, "history": "Interactive.278", "testname": "OP", "cornername": "Nominal", "point": 1, "logfile": "/home/saul/projects/LF_BG/logs_saul/logs5/Job17.log", "simid": "8"}
[2026-09-01 07:27:39.325 Z] [PROCESS] [cadence.virtuoso.ade.simulationMonitor] - Simulator exited {"hostname": "edatools", "processid": 132885, "history": "Interactive.278", "testname": "OP", "cornername": "Nominal", "point": 1, "logfile": "/home/saul/projects/LF_BG/logs_saul/logs5/Job17.log", "exitStatus": "0"}
[2026-09-01 07:27:39.325 Z] [PROCESS] [cadence.virtuoso.ade.simulationMonitor] - Finished Simulation {"hostname": "edatools", "processid": 132885, "history": "Interactive.278", "testname": "OP", "cornername": "Nominal", "point": 1, "logfile": "/home/saul/projects/LF_BG/logs_saul/logs5/Job17.log", "simid": "8"}
[2026-09-01 07:27:41.340 Z] [PROCESS] [cadence.virtuoso.ade.simulationMonitor] - Point Finished {"hostname": "edatools", "processid": 132885, "history": "Interactive.278", "testname": "OP", "cornername": "Nominal", "point": 1, "logfile": "/home/saul/projects/LF_BG/logs_saul/logs5/Job17.log"}
[2026-09-01 07:32:09.499 Z] [PROCESS] [cadence.virtuoso.ade.simulationMonitor] - Started History {"hostname": "edatools", "processid": 132885, "history": "Interactive.279", "testname": "OP", "cornername": "Nominal", "point": 1, "logfile": "/home/saul/projects/LF_BG/logs_saul/logs5/Job17.log"}
[2026-09-01 07:32:09.499 Z] [PROCESS] [cadence.virtuoso.ade.simulationMonitor] - HostInfo:
Host name (type):	edatools (x86_64)
Operating system:	Linux 7.0.0-30-generic #30~24.04.1-Ubuntu SMP PREEMPT_DYNAMIC Fri Aug  7 13:27:52 UTC 2 {"hostname": "edatools", "processid": 132885, "history": "Interactive.279", "testname": "OP", "cornername": "Nominal", "point": 1, "logfile": "/home/saul/projects/LF_BG/logs_saul/logs5/Job17.log", "nodename": "edatools", "domainname": "(none)", "machine": "x86_64", "sysname": "Linux", "release": "7.0.0-30-generic", "version": "#30~24.04.1-Ubuntu SMP PREEMPT_DYNAMIC Fri Aug  7 13:27:52 UTC 2"}
[2026-09-01 07:32:09.499 Z] [PROCESS] [cadence.virtuoso.ade.simulationMonitor] - UsageInfo:
pid=132885
totalPhysicalMemory=62.541851GB,Used=24.576099GB,totalVirtualMemory=70.541847GB,Used=24.576099GB
Cpu: Cores=16, Load average:0.490000,0.380000,0.300000 {"hostname": "edatools", "processid": 132885, "history": "Interactive.279", "testname": "OP", "cornername": "Nominal", "point": 1, "logfile": "/home/saul/projects/LF_BG/logs_saul/logs5/Job17.log", "pid": "132885", "totalPhysicalMemory": "62.541851", "physicalMemoryUsed": "24.576099", "totalVirtualMemory": "70.541847", "virtualMemoryUsed": "24.576099", "cpuCores": "16", "processes": "2131", "loadAverage1": "0.490000", "loadAverage5": "0.380000", "loadAverage15": "0.300000", "loadAverage1Percent": "0.030625"}
[2026-09-01 07:32:09.499 Z] [EVENT] [cadence.virtuoso.ade.simulationMonitor] - NewPoint {"history": "Interactive.279", "point": 1, "testname": "OP", "cornername": "Nominal", "event": "NewPoint", "EventSource": "Simulation Monitor", "HistoryName": "Interactive.279", "logFile": "/home/saul/projects/LF_BG/logs_saul/logs5/Job17.log", "logFileSize": "86688"}
[2026-09-01 07:32:09.499 Z] [EVENT] [cadence.virtuoso.ade.simulationMonitor] - NewPoint {"history": "Interactive.279", "point": 1, "testname": "OP", "cornername": "Nominal", "event": "NewPoint", "EventSource": "spectre", "HistoryName": "Interactive.279", "logFile": "/home/saul/simulation/REF_GEN/REF_GEN_f_TB/maestro/results/maestro/Interactive.279/1/OP/psf/spectre.out", "logFileSize": "-1"}
[2026-09-01 07:32:09.499 Z] [PROCESS] [cadence.virtuoso.ade.simulationMonitor] - Simulator launched {"hostname": "edatools", "processid": 132885, "history": "Interactive.279", "testname": "OP", "cornername": "Nominal", "point": 1, "logfile": "/home/saul/projects/LF_BG/logs_saul/logs5/Job17.log", "simid": "9"}
[2026-09-01 07:32:09.499 Z] [PROCESS] [cadence.virtuoso.ade.simulationMonitor] - Expression evaluator launched {"hostname": "edatools", "processid": 132885, "history": "Interactive.279", "testname": "OP", "cornername": "Nominal", "point": 1, "logfile": "/home/saul/projects/LF_BG/logs_saul/logs5/Job17.log"}
[2026-09-01 07:32:09.499 Z] [PROCESS] [cadence.virtuoso.ade.simulationMonitor] - Started Simulation {"hostname": "edatools", "processid": 132885, "history": "Interactive.279", "testname": "OP", "cornername": "Nominal", "point": 1, "logfile": "/home/saul/projects/LF_BG/logs_saul/logs5/Job17.log", "event": "started", "task": "simulation"}
[2026-09-01 07:32:10.148 Z] [INFO] [cadence.virtuoso.ade.simulationMonitor] - Peak resident memory used = 169 Mbytes. {"history": "Interactive.279", "point": 1, "testname": "OP", "cornername": "Nominal"}
[2026-09-01 07:32:10.148 Z] [WARN] [cadence.virtuoso.ade.simulationMonitor] -     WARNING (SFE-2649): Terminals of top-level instance `Q3', in file`input.scs', at line 358, are connected. Remove the instance and rerun the simulation. {"history": "Interactive.279", "point": 1, "testname": "OP", "cornername": "Nominal"}
[2026-09-01 07:32:10.148 Z] [WARN] [cadence.virtuoso.ade.simulationMonitor] -     WARNING (SFE-2649): Terminals of top-level instance `Q2', in file`input.scs', at line 359, are connected. Remove the instance and rerun the simulation. {"history": "Interactive.279", "point": 1, "testname": "OP", "cornername": "Nominal"}
[2026-09-01 07:32:10.148 Z] [WARN] [cadence.virtuoso.ade.simulationMonitor] -     WARNING (SFE-2649): Terminals of top-level instance `M14', in file`input.scs', at line 1728, are connected. Remove the instance and rerun the simulation. {"history": "Interactive.279", "point": 1, "testname": "OP", "cornername": "Nominal"}
[2026-09-01 07:32:10.148 Z] [WARN] [cadence.virtuoso.ade.simulationMonitor] -     WARNING (SFE-2649): Terminals of top-level instance `M15', in file`input.scs', at line 1768, are connected. Remove the instance and rerun the simulation. {"history": "Interactive.279", "point": 1, "testname": "OP", "cornername": "Nominal"}
[2026-09-01 07:32:10.148 Z] [WARN] [cadence.virtuoso.ade.simulationMonitor] -     WARNING (SFE-2649): Terminals of top-level instance `M93', in file`input.scs', at line 1210, are connected. Remove the instance and rerun the simulation.
        Further occurrences of this warning will be suppressed. {"history": "Interactive.279", "point": 1, "testname": "OP", "cornername": "Nominal"}
[2026-09-01 07:32:10.148 Z] [INFO] [cadence.virtuoso.ade.simulationMonitor] - Peak resident memory used = 187 Mbytes. {"history": "Interactive.279", "point": 1, "testname": "OP", "cornername": "Nominal"}
[2026-09-01 07:32:10.148 Z] [INFO] [cadence.virtuoso.ade.simulationMonitor] - Notice from spectre during hierarchy flattening.
    The value 'psf' specified for the 'checklimitdest' option will no longer be supported in future releases. Use 'spectre -h' to see other recommended values for the 'checklimitdest' option. {"history": "Interactive.279", "point": 1, "testname": "OP", "cornername": "Nominal"}
[2026-09-01 07:32:10.148 Z] [WARN] [cadence.virtuoso.ade.simulationMonitor] -     WARNING (SPECTRE-16718): inlinesubcktcurrent option is set as `subckt', all the inline subckts will be treated as normal subckts when you access the current of their terminals. {"history": "Interactive.279", "point": 1, "testname": "OP", "cornername": "Nominal"}
[2026-09-01 07:32:10.148 Z] [WARN] [cadence.virtuoso.ade.simulationMonitor] -     WARNING (SPECTRE-8527): There are some nodes and instances removed from the netlist topology check. Check the circuit and correct the topology. Or use preserve_inst to keep them if necessary. {"history": "Interactive.279", "point": 1, "testname": "OP", "cornername": "Nominal"}
[2026-09-01 07:32:10.148 Z] [WARN] [cadence.virtuoso.ade.simulationMonitor] -     WARNING (SPECTRE-8529): Dangling instance. V9 is removed. {"history": "Interactive.279", "point": 1, "testname": "OP", "cornername": "Nominal"}
[2026-09-01 07:32:10.148 Z] [WARN] [cadence.virtuoso.ade.simulationMonitor] -     WARNING (SPECTRE-8528): The I8.I0.I8.R11.R_0_0.cn device is removed because its terminals are connected together. Check the device in the netlist file to ensure that this warning can be ignored. {"history": "Interactive.279", "point": 1, "testname": "OP", "cornername": "Nominal"}
[2026-09-01 07:32:10.148 Z] [WARN] [cadence.virtuoso.ade.simulationMonitor] -     WARNING (SPECTRE-8528): The I8.I0.I5.R11.R_0_0.cn device is removed because its terminals are connected together. Check the device in the netlist file to ensure that this warning can be ignored. {"history": "Interactive.279", "point": 1, "testname": "OP", "cornername": "Nominal"}
[2026-09-01 07:32:10.148 Z] [WARN] [cadence.virtuoso.ade.simulationMonitor] -     WARNING (SPECTRE-8528): The I8.I0.I4.R9.R_0_4_turbo_m5.cn device is removed because its terminals are connected together. Check the device in the netlist file to ensure that this warning can be ignored. {"history": "Interactive.279", "point": 1, "testname": "OP", "cornername": "Nominal"}
[2026-09-01 07:32:10.148 Z] [WARN] [cadence.virtuoso.ade.simulationMonitor] -     WARNING (SPECTRE-8528): The I8.I7.R12.R_0_21.cp device is removed because its terminals are connected together. Check the device in the netlist file to ensure that this warning can be ignored. {"history": "Interactive.279", "point": 1, "testname": "OP", "cornername": "Nominal"}
[2026-09-01 07:32:10.148 Z] [WARN] [cadence.virtuoso.ade.simulationMonitor] -     WARNING (SPECTRE-8528): The I8.I3.R1.R_0_74.cn device is removed because its terminals are connected together. Check the device in the netlist file to ensure that this warning can be ignored.
        Further occurrences of this warning will be suppressed. {"history": "Interactive.279", "point": 1, "testname": "OP", "cornername": "Nominal"}
[2026-09-01 07:32:10.148 Z] [WARN] [cadence.virtuoso.ade.simulationMonitor] -     WARNING (SPECTRE-8530): Dangling node. net9 is removed. {"history": "Interactive.279", "point": 1, "testname": "OP", "cornername": "Nominal"}
[2026-09-01 07:32:10.148 Z] [INFO] [cadence.virtuoso.ade.simulationMonitor] - Peak resident memory used = 194 Mbytes. {"history": "Interactive.279", "point": 1, "testname": "OP", "cornername": "Nominal"}
[2026-09-01 07:32:10.148 Z] [WARN] [cadence.virtuoso.ade.simulationMonitor] -     WARNING (CMI-2318): I8.I0.I10.Q1: Parasitic resistor `rc' has been deleted because its value of 473.498 uOhm ( R / MFactor ) was smaller than `minr'. {"history": "Interactive.279", "point": 1, "testname": "OP", "cornername": "Nominal"}
[2026-09-01 07:32:10.148 Z] [WARN] [cadence.virtuoso.ade.simulationMonitor] -     WARNING (CMI-2318): I8.I0.I10.Q1: Parasitic resistor `re' has been deleted because its value of 2.69521 mOhm ( R / MFactor ) was smaller than `minr'. {"history": "Interactive.279", "point": 1, "testname": "OP", "cornername": "Nominal"}
[2026-09-01 07:32:10.148 Z] [INFO] [cadence.virtuoso.ade.simulationMonitor] -               nodes 979 {"history": "Interactive.279", "point": 1, "testname": "OP", "cornername": "Nominal"}
[2026-09-01 07:32:10.148 Z] [INFO] [cadence.virtuoso.ade.simulationMonitor] - Notice from spectre during initial setup.
    Fast APS enabled.
    20 warnings suppressed. {"history": "Interactive.279", "point": 1, "testname": "OP", "cornername": "Nominal"}
[2026-09-01 07:32:10.148 Z] [INFO] [cadence.virtuoso.ade.simulationMonitor] - Notice from spectre.
    Multithreading enabled: 8 threads in the system with 16 available processors. {"history": "Interactive.279", "point": 1, "testname": "OP", "cornername": "Nominal"}
[2026-09-01 07:32:10.148 Z] [INFO] [cadence.virtuoso.ade.simulationMonitor] - Peak resident memory used = 205 Mbytes. {"history": "Interactive.279", "point": 1, "testname": "OP", "cornername": "Nominal"}
[2026-09-01 07:32:10.148 Z] [INFO] [cadence.virtuoso.ade.simulationMonitor] -    -   (Fast APS) Multi-threading. The recommended number of threads is 4, consider adding +mt=4 on command line. {"history": "Interactive.279", "point": 1, "testname": "OP", "cornername": "Nominal"}
[2026-09-01 07:32:10.148 Z] [INFO] [cadence.virtuoso.ade.simulationMonitor] - Notice from spectre during DC analysis `dcOp'.
    GminDC = 1 pS is large enough to noticeably affect the DC solution.
        dV(I8.I13.I11.net5) = 355.637 uV
        Use the `gmin_check' option to eliminate or expand this report.
    Bad pivoting is found during DC analysis. Option dc_pivot_check=yes is recommended for possible improvement of convergence. {"history": "Interactive.279", "point": 1, "testname": "OP", "cornername": "Nominal"}
[2026-09-01 07:32:10.148 Z] [INFO] [cadence.virtuoso.ade.simulationMonitor] - Total time required for dc analysis `dcOp': CPU = 1.58957 s, elapsed = 329.909 ms, util. = 482%. {"history": "Interactive.279", "point": 1, "testname": "OP", "cornername": "Nominal"}
[2026-09-01 07:32:10.148 Z] [INFO] [cadence.virtuoso.ade.simulationMonitor] - Peak resident memory used = 214 Mbytes. {"history": "Interactive.279", "point": 1, "testname": "OP", "cornername": "Nominal"}
[2026-09-01 07:32:11.151 Z] [INFO] [cadence.virtuoso.ade.simulationMonitor] - Time used: CPU = 2 s, elapsed = 946 ms, util. = 211%. {"history": "Interactive.279", "point": 1, "testname": "OP", "cornername": "Nominal"}
[2026-09-01 07:32:11.151 Z] [INFO] [cadence.virtuoso.ade.simulationMonitor] - Time spent in licensing: elapsed = 36.1 ms. {"history": "Interactive.279", "point": 1, "testname": "OP", "cornername": "Nominal"}
[2026-09-01 07:32:11.151 Z] [INFO] [cadence.virtuoso.ade.simulationMonitor] - Peak memory used = 217 Mbytes. {"history": "Interactive.279", "point": 1, "testname": "OP", "cornername": "Nominal"}
[2026-09-01 07:32:11.151 Z] [PROCESS] [cadence.virtuoso.ade.simulationMonitor] - Simulation started at: 7:32:09 AM, Tue Sep 1, 2026, ended at: 7:32:10 AM, Tue Sep 1, 2026, with elapsed time (wall clock): 946 ms. {"history": "Interactive.279", "point": 1, "testname": "OP", "cornername": "Nominal"}
[2026-09-01 07:32:11.151 Z] [PROCESS] [cadence.virtuoso.ade.simulationMonitor] - spectre completes with 0 errors, 16 warnings, and 7 notices. {"history": "Interactive.279", "point": 1, "testname": "OP", "cornername": "Nominal"}
[2026-09-01 07:32:11.151 Z] [PROCESS] [cadence.virtuoso.ade.simulationMonitor] - Finished simulating for one point {"hostname": "edatools", "processid": 132885, "history": "Interactive.279", "testname": "OP", "cornername": "Nominal", "point": 1, "logfile": "/home/saul/projects/LF_BG/logs_saul/logs5/Job17.log", "simid": "9"}
[2026-09-01 07:32:11.151 Z] [PROCESS] [cadence.virtuoso.ade.simulationMonitor] - Simulator exited {"hostname": "edatools", "processid": 132885, "history": "Interactive.279", "testname": "OP", "cornername": "Nominal", "point": 1, "logfile": "/home/saul/projects/LF_BG/logs_saul/logs5/Job17.log", "exitStatus": "0"}
[2026-09-01 07:32:11.151 Z] [PROCESS] [cadence.virtuoso.ade.simulationMonitor] - Finished Simulation {"hostname": "edatools", "processid": 132885, "history": "Interactive.279", "testname": "OP", "cornername": "Nominal", "point": 1, "logfile": "/home/saul/projects/LF_BG/logs_saul/logs5/Job17.log", "simid": "9"}
[2026-09-01 07:32:12.659 Z] [PROCESS] [cadence.virtuoso.ade.simulationMonitor] - Point Finished {"hostname": "edatools", "processid": 132885, "history": "Interactive.279", "testname": "OP", "cornername": "Nominal", "point": 1, "logfile": "/home/saul/projects/LF_BG/logs_saul/logs5/Job17.log"}
[2026-09-01 07:32:54.862 Z] [PROCESS] [cadence.virtuoso.ade.simulationMonitor] - Started History {"hostname": "edatools", "processid": 132885, "history": "Interactive.280", "testname": "OP", "cornername": "Nominal", "point": 1, "logfile": "/home/saul/projects/LF_BG/logs_saul/logs5/Job17.log"}
[2026-09-01 07:32:54.862 Z] [PROCESS] [cadence.virtuoso.ade.simulationMonitor] - HostInfo:
Host name (type):	edatools (x86_64)
Operating system:	Linux 7.0.0-30-generic #30~24.04.1-Ubuntu SMP PREEMPT_DYNAMIC Fri Aug  7 13:27:52 UTC 2 {"hostname": "edatools", "processid": 132885, "history": "Interactive.280", "testname": "OP", "cornername": "Nominal", "point": 1, "logfile": "/home/saul/projects/LF_BG/logs_saul/logs5/Job17.log", "nodename": "edatools", "domainname": "(none)", "machine": "x86_64", "sysname": "Linux", "release": "7.0.0-30-generic", "version": "#30~24.04.1-Ubuntu SMP PREEMPT_DYNAMIC Fri Aug  7 13:27:52 UTC 2"}
[2026-09-01 07:32:54.862 Z] [PROCESS] [cadence.virtuoso.ade.simulationMonitor] - UsageInfo:
pid=132885
totalPhysicalMemory=62.541851GB,Used=24.581905GB,totalVirtualMemory=70.541847GB,Used=24.581905GB
Cpu: Cores=16, Load average:0.430000,0.370000,0.300000 {"hostname": "edatools", "processid": 132885, "history": "Interactive.280", "testname": "OP", "cornername": "Nominal", "point": 1, "logfile": "/home/saul/projects/LF_BG/logs_saul/logs5/Job17.log", "pid": "132885", "totalPhysicalMemory": "62.541851", "physicalMemoryUsed": "24.581905", "totalVirtualMemory": "70.541847", "virtualMemoryUsed": "24.581905", "cpuCores": "16", "processes": "2128", "loadAverage1": "0.430000", "loadAverage5": "0.370000", "loadAverage15": "0.300000", "loadAverage1Percent": "0.026875"}
[2026-09-01 07:32:54.862 Z] [EVENT] [cadence.virtuoso.ade.simulationMonitor] - NewPoint {"history": "Interactive.280", "point": 1, "testname": "OP", "cornername": "Nominal", "event": "NewPoint", "EventSource": "Simulation Monitor", "HistoryName": "Interactive.280", "logFile": "/home/saul/projects/LF_BG/logs_saul/logs5/Job17.log", "logFileSize": "101021"}
[2026-09-01 07:32:54.862 Z] [EVENT] [cadence.virtuoso.ade.simulationMonitor] - NewPoint {"history": "Interactive.280", "point": 1, "testname": "OP", "cornername": "Nominal", "event": "NewPoint", "EventSource": "spectre", "HistoryName": "Interactive.280", "logFile": "/home/saul/simulation/REF_GEN/REF_GEN_f_TB/maestro/results/maestro/Interactive.280/1/OP/psf/spectre.out", "logFileSize": "-1"}
[2026-09-01 07:32:54.862 Z] [PROCESS] [cadence.virtuoso.ade.simulationMonitor] - Simulator launched {"hostname": "edatools", "processid": 132885, "history": "Interactive.280", "testname": "OP", "cornername": "Nominal", "point": 1, "logfile": "/home/saul/projects/LF_BG/logs_saul/logs5/Job17.log", "simid": "10"}
[2026-09-01 07:32:54.862 Z] [PROCESS] [cadence.virtuoso.ade.simulationMonitor] - Expression evaluator launched {"hostname": "edatools", "processid": 132885, "history": "Interactive.280", "testname": "OP", "cornername": "Nominal", "point": 1, "logfile": "/home/saul/projects/LF_BG/logs_saul/logs5/Job17.log"}
[2026-09-01 07:32:55.012 Z] [PROCESS] [cadence.virtuoso.ade.simulationMonitor] - Started Simulation {"hostname": "edatools", "processid": 132885, "history": "Interactive.280", "testname": "OP", "cornername": "Nominal", "point": 1, "logfile": "/home/saul/projects/LF_BG/logs_saul/logs5/Job17.log", "event": "started", "task": "simulation"}
[2026-09-01 07:32:55.012 Z] [INFO] [cadence.virtuoso.ade.simulationMonitor] - Peak resident memory used = 169 Mbytes. {"history": "Interactive.280", "point": 1, "testname": "OP", "cornername": "Nominal"}
[2026-09-01 07:32:55.012 Z] [WARN] [cadence.virtuoso.ade.simulationMonitor] -     WARNING (SFE-2649): Terminals of top-level instance `Q3', in file`input.scs', at line 358, are connected. Remove the instance and rerun the simulation. {"history": "Interactive.280", "point": 1, "testname": "OP", "cornername": "Nominal"}
[2026-09-01 07:32:55.012 Z] [WARN] [cadence.virtuoso.ade.simulationMonitor] -     WARNING (SFE-2649): Terminals of top-level instance `Q2', in file`input.scs', at line 359, are connected. Remove the instance and rerun the simulation. {"history": "Interactive.280", "point": 1, "testname": "OP", "cornername": "Nominal"}
[2026-09-01 07:32:55.012 Z] [WARN] [cadence.virtuoso.ade.simulationMonitor] -     WARNING (SFE-2649): Terminals of top-level instance `M14', in file`input.scs', at line 1728, are connected. Remove the instance and rerun the simulation. {"history": "Interactive.280", "point": 1, "testname": "OP", "cornername": "Nominal"}
[2026-09-01 07:32:55.012 Z] [WARN] [cadence.virtuoso.ade.simulationMonitor] -     WARNING (SFE-2649): Terminals of top-level instance `M15', in file`input.scs', at line 1768, are connected. Remove the instance and rerun the simulation. {"history": "Interactive.280", "point": 1, "testname": "OP", "cornername": "Nominal"}
[2026-09-01 07:32:55.012 Z] [WARN] [cadence.virtuoso.ade.simulationMonitor] -     WARNING (SFE-2649): Terminals of top-level instance `M93', in file`input.scs', at line 1210, are connected. Remove the instance and rerun the simulation.
        Further occurrences of this warning will be suppressed. {"history": "Interactive.280", "point": 1, "testname": "OP", "cornername": "Nominal"}
[2026-09-01 07:32:56.015 Z] [INFO] [cadence.virtuoso.ade.simulationMonitor] - Peak resident memory used = 187 Mbytes. {"history": "Interactive.280", "point": 1, "testname": "OP", "cornername": "Nominal"}
[2026-09-01 07:32:56.015 Z] [INFO] [cadence.virtuoso.ade.simulationMonitor] - Notice from spectre during hierarchy flattening.
    The value 'psf' specified for the 'checklimitdest' option will no longer be supported in future releases. Use 'spectre -h' to see other recommended values for the 'checklimitdest' option. {"history": "Interactive.280", "point": 1, "testname": "OP", "cornername": "Nominal"}
[2026-09-01 07:32:56.015 Z] [WARN] [cadence.virtuoso.ade.simulationMonitor] -     WARNING (SPECTRE-16718): inlinesubcktcurrent option is set as `subckt', all the inline subckts will be treated as normal subckts when you access the current of their terminals. {"history": "Interactive.280", "point": 1, "testname": "OP", "cornername": "Nominal"}
[2026-09-01 07:32:56.015 Z] [WARN] [cadence.virtuoso.ade.simulationMonitor] -     WARNING (SPECTRE-8527): There are some nodes and instances removed from the netlist topology check. Check the circuit and correct the topology. Or use preserve_inst to keep them if necessary. {"history": "Interactive.280", "point": 1, "testname": "OP", "cornername": "Nominal"}
[2026-09-01 07:32:56.015 Z] [WARN] [cadence.virtuoso.ade.simulationMonitor] -     WARNING (SPECTRE-8529): Dangling instance. V9 is removed. {"history": "Interactive.280", "point": 1, "testname": "OP", "cornername": "Nominal"}
[2026-09-01 07:32:56.015 Z] [WARN] [cadence.virtuoso.ade.simulationMonitor] -     WARNING (SPECTRE-8528): The I8.I0.I8.R11.R_0_0.cn device is removed because its terminals are connected together. Check the device in the netlist file to ensure that this warning can be ignored. {"history": "Interactive.280", "point": 1, "testname": "OP", "cornername": "Nominal"}
[2026-09-01 07:32:56.015 Z] [WARN] [cadence.virtuoso.ade.simulationMonitor] -     WARNING (SPECTRE-8528): The I8.I0.I5.R11.R_0_0.cn device is removed because its terminals are connected together. Check the device in the netlist file to ensure that this warning can be ignored. {"history": "Interactive.280", "point": 1, "testname": "OP", "cornername": "Nominal"}
[2026-09-01 07:32:56.015 Z] [WARN] [cadence.virtuoso.ade.simulationMonitor] -     WARNING (SPECTRE-8528): The I8.I0.I4.R9.R_0_4_turbo_m5.cn device is removed because its terminals are connected together. Check the device in the netlist file to ensure that this warning can be ignored. {"history": "Interactive.280", "point": 1, "testname": "OP", "cornername": "Nominal"}
[2026-09-01 07:32:56.015 Z] [WARN] [cadence.virtuoso.ade.simulationMonitor] -     WARNING (SPECTRE-8528): The I8.I7.R12.R_0_21.cp device is removed because its terminals are connected together. Check the device in the netlist file to ensure that this warning can be ignored. {"history": "Interactive.280", "point": 1, "testname": "OP", "cornername": "Nominal"}
[2026-09-01 07:32:56.015 Z] [WARN] [cadence.virtuoso.ade.simulationMonitor] -     WARNING (SPECTRE-8528): The I8.I3.R1.R_0_74.cn device is removed because its terminals are connected together. Check the device in the netlist file to ensure that this warning can be ignored.
        Further occurrences of this warning will be suppressed. {"history": "Interactive.280", "point": 1, "testname": "OP", "cornername": "Nominal"}
[2026-09-01 07:32:56.015 Z] [WARN] [cadence.virtuoso.ade.simulationMonitor] -     WARNING (SPECTRE-8530): Dangling node. net9 is removed. {"history": "Interactive.280", "point": 1, "testname": "OP", "cornername": "Nominal"}
[2026-09-01 07:32:56.015 Z] [INFO] [cadence.virtuoso.ade.simulationMonitor] - Peak resident memory used = 194 Mbytes. {"history": "Interactive.280", "point": 1, "testname": "OP", "cornername": "Nominal"}
[2026-09-01 07:32:56.015 Z] [WARN] [cadence.virtuoso.ade.simulationMonitor] -     WARNING (CMI-2318): I8.I0.I10.Q1: Parasitic resistor `rc' has been deleted because its value of 473.498 uOhm ( R / MFactor ) was smaller than `minr'. {"history": "Interactive.280", "point": 1, "testname": "OP", "cornername": "Nominal"}
[2026-09-01 07:32:56.015 Z] [WARN] [cadence.virtuoso.ade.simulationMonitor] -     WARNING (CMI-2318): I8.I0.I10.Q1: Parasitic resistor `re' has been deleted because its value of 2.69521 mOhm ( R / MFactor ) was smaller than `minr'. {"history": "Interactive.280", "point": 1, "testname": "OP", "cornername": "Nominal"}
[2026-09-01 07:32:56.015 Z] [INFO] [cadence.virtuoso.ade.simulationMonitor] -               nodes 979 {"history": "Interactive.280", "point": 1, "testname": "OP", "cornername": "Nominal"}
[2026-09-01 07:32:56.015 Z] [INFO] [cadence.virtuoso.ade.simulationMonitor] - Notice from spectre during initial setup.
    Fast APS enabled.
    20 warnings suppressed. {"history": "Interactive.280", "point": 1, "testname": "OP", "cornername": "Nominal"}
[2026-09-01 07:32:56.015 Z] [INFO] [cadence.virtuoso.ade.simulationMonitor] - Notice from spectre.
    Multithreading enabled: 8 threads in the system with 16 available processors. {"history": "Interactive.280", "point": 1, "testname": "OP", "cornername": "Nominal"}
[2026-09-01 07:32:56.015 Z] [INFO] [cadence.virtuoso.ade.simulationMonitor] - Peak resident memory used = 205 Mbytes. {"history": "Interactive.280", "point": 1, "testname": "OP", "cornername": "Nominal"}
[2026-09-01 07:32:56.015 Z] [INFO] [cadence.virtuoso.ade.simulationMonitor] -    -   (Fast APS) Multi-threading. The recommended number of threads is 4, consider adding +mt=4 on command line. {"history": "Interactive.280", "point": 1, "testname": "OP", "cornername": "Nominal"}
[2026-09-01 07:32:56.015 Z] [INFO] [cadence.virtuoso.ade.simulationMonitor] - Notice from spectre during DC analysis `dcOp'.
    GminDC = 1 pS is large enough to noticeably affect the DC solution.
        dV(I8.I13.I11.net5) = 355.637 uV
        Use the `gmin_check' option to eliminate or expand this report.
    Bad pivoting is found during DC analysis. Option dc_pivot_check=yes is recommended for possible improvement of convergence. {"history": "Interactive.280", "point": 1, "testname": "OP", "cornername": "Nominal"}
[2026-09-01 07:32:56.015 Z] [INFO] [cadence.virtuoso.ade.simulationMonitor] - Total time required for dc analysis `dcOp': CPU = 445.413 ms, elapsed = 105.529 ms, util. = 422%. {"history": "Interactive.280", "point": 1, "testname": "OP", "cornername": "Nominal"}
[2026-09-01 07:32:56.015 Z] [INFO] [cadence.virtuoso.ade.simulationMonitor] - Peak resident memory used = 214 Mbytes. {"history": "Interactive.280", "point": 1, "testname": "OP", "cornername": "Nominal"}
[2026-09-01 07:32:56.015 Z] [INFO] [cadence.virtuoso.ade.simulationMonitor] - Time used: CPU = 923 ms, elapsed = 835 ms, util. = 111%. {"history": "Interactive.280", "point": 1, "testname": "OP", "cornername": "Nominal"}
[2026-09-01 07:32:56.015 Z] [INFO] [cadence.virtuoso.ade.simulationMonitor] - Time spent in licensing: elapsed = 44.1 ms, percentage of total = 5.28%. {"history": "Interactive.280", "point": 1, "testname": "OP", "cornername": "Nominal"}
[2026-09-01 07:32:56.015 Z] [INFO] [cadence.virtuoso.ade.simulationMonitor] - Peak memory used = 217 Mbytes. {"history": "Interactive.280", "point": 1, "testname": "OP", "cornername": "Nominal"}
[2026-09-01 07:32:56.015 Z] [PROCESS] [cadence.virtuoso.ade.simulationMonitor] - Simulation started at: 7:32:55 AM, Tue Sep 1, 2026, ended at: 7:32:55 AM, Tue Sep 1, 2026, with elapsed time (wall clock): 835 ms. {"history": "Interactive.280", "point": 1, "testname": "OP", "cornername": "Nominal"}
[2026-09-01 07:32:56.015 Z] [PROCESS] [cadence.virtuoso.ade.simulationMonitor] - spectre completes with 0 errors, 16 warnings, and 7 notices. {"history": "Interactive.280", "point": 1, "testname": "OP", "cornername": "Nominal"}
[2026-09-01 07:32:56.015 Z] [PROCESS] [cadence.virtuoso.ade.simulationMonitor] - Finished simulating for one point {"hostname": "edatools", "processid": 132885, "history": "Interactive.280", "testname": "OP", "cornername": "Nominal", "point": 1, "logfile": "/home/saul/projects/LF_BG/logs_saul/logs5/Job17.log", "simid": "10"}
[2026-09-01 07:32:56.015 Z] [PROCESS] [cadence.virtuoso.ade.simulationMonitor] - Simulator exited {"hostname": "edatools", "processid": 132885, "history": "Interactive.280", "testname": "OP", "cornername": "Nominal", "point": 1, "logfile": "/home/saul/projects/LF_BG/logs_saul/logs5/Job17.log", "exitStatus": "0"}
[2026-09-01 07:32:56.015 Z] [PROCESS] [cadence.virtuoso.ade.simulationMonitor] - Finished Simulation {"hostname": "edatools", "processid": 132885, "history": "Interactive.280", "testname": "OP", "cornername": "Nominal", "point": 1, "logfile": "/home/saul/projects/LF_BG/logs_saul/logs5/Job17.log", "simid": "10"}
[2026-09-01 07:32:58.029 Z] [PROCESS] [cadence.virtuoso.ade.simulationMonitor] - Point Finished {"hostname": "edatools", "processid": 132885, "history": "Interactive.280", "testname": "OP", "cornername": "Nominal", "point": 1, "logfile": "/home/saul/projects/LF_BG/logs_saul/logs5/Job17.log"}
[2026-09-01 07:34:09.136 Z] [PROCESS] [cadence.virtuoso.ade.simulationMonitor] - Started History {"hostname": "edatools", "processid": 132885, "history": "Interactive.281", "testname": "OP", "cornername": "Nominal", "point": 1, "logfile": "/home/saul/projects/LF_BG/logs_saul/logs5/Job17.log"}
[2026-09-01 07:34:09.136 Z] [PROCESS] [cadence.virtuoso.ade.simulationMonitor] - HostInfo:
Host name (type):	edatools (x86_64)
Operating system:	Linux 7.0.0-30-generic #30~24.04.1-Ubuntu SMP PREEMPT_DYNAMIC Fri Aug  7 13:27:52 UTC 2 {"hostname": "edatools", "processid": 132885, "history": "Interactive.281", "testname": "OP", "cornername": "Nominal", "point": 1, "logfile": "/home/saul/projects/LF_BG/logs_saul/logs5/Job17.log", "nodename": "edatools", "domainname": "(none)", "machine": "x86_64", "sysname": "Linux", "release": "7.0.0-30-generic", "version": "#30~24.04.1-Ubuntu SMP PREEMPT_DYNAMIC Fri Aug  7 13:27:52 UTC 2"}
[2026-09-01 07:34:09.136 Z] [PROCESS] [cadence.virtuoso.ade.simulationMonitor] - UsageInfo:
pid=132885
totalPhysicalMemory=62.541851GB,Used=24.610317GB,totalVirtualMemory=70.541847GB,Used=24.610317GB
Cpu: Cores=16, Load average:0.200000,0.300000,0.280000 {"hostname": "edatools", "processid": 132885, "history": "Interactive.281", "testname": "OP", "cornername": "Nominal", "point": 1, "logfile": "/home/saul/projects/LF_BG/logs_saul/logs5/Job17.log", "pid": "132885", "totalPhysicalMemory": "62.541851", "physicalMemoryUsed": "24.610317", "totalVirtualMemory": "70.541847", "virtualMemoryUsed": "24.610317", "cpuCores": "16", "processes": "2138", "loadAverage1": "0.200000", "loadAverage5": "0.300000", "loadAverage15": "0.280000", "loadAverage1Percent": "0.012500"}
[2026-09-01 07:34:09.136 Z] [EVENT] [cadence.virtuoso.ade.simulationMonitor] - NewPoint {"history": "Interactive.281", "point": 1, "testname": "OP", "cornername": "Nominal", "event": "NewPoint", "EventSource": "Simulation Monitor", "HistoryName": "Interactive.281", "logFile": "/home/saul/projects/LF_BG/logs_saul/logs5/Job17.log", "logFileSize": "115391"}
[2026-09-01 07:34:09.136 Z] [EVENT] [cadence.virtuoso.ade.simulationMonitor] - NewPoint {"history": "Interactive.281", "point": 1, "testname": "OP", "cornername": "Nominal", "event": "NewPoint", "EventSource": "spectre", "HistoryName": "Interactive.281", "logFile": "/home/saul/simulation/REF_GEN/REF_GEN_f_TB/maestro/results/maestro/Interactive.281/1/OP/psf/spectre.out", "logFileSize": "-1"}
[2026-09-01 07:34:09.136 Z] [PROCESS] [cadence.virtuoso.ade.simulationMonitor] - Simulator launched {"hostname": "edatools", "processid": 132885, "history": "Interactive.281", "testname": "OP", "cornername": "Nominal", "point": 1, "logfile": "/home/saul/projects/LF_BG/logs_saul/logs5/Job17.log", "simid": "11"}
[2026-09-01 07:34:09.136 Z] [PROCESS] [cadence.virtuoso.ade.simulationMonitor] - Expression evaluator launched {"hostname": "edatools", "processid": 132885, "history": "Interactive.281", "testname": "OP", "cornername": "Nominal", "point": 1, "logfile": "/home/saul/projects/LF_BG/logs_saul/logs5/Job17.log"}
[2026-09-01 07:34:09.136 Z] [PROCESS] [cadence.virtuoso.ade.simulationMonitor] - Started Simulation {"hostname": "edatools", "processid": 132885, "history": "Interactive.281", "testname": "OP", "cornername": "Nominal", "point": 1, "logfile": "/home/saul/projects/LF_BG/logs_saul/logs5/Job17.log", "event": "started", "task": "simulation"}
[2026-09-01 07:34:09.136 Z] [INFO] [cadence.virtuoso.ade.simulationMonitor] - Peak resident memory used = 169 Mbytes. {"history": "Interactive.281", "point": 1, "testname": "OP", "cornername": "Nominal"}
[2026-09-01 07:34:11.278 Z] [WARN] [cadence.virtuoso.ade.simulationMonitor] -     WARNING (SFE-2649): Terminals of top-level instance `Q3', in file`input.scs', at line 358, are connected. Remove the instance and rerun the simulation. {"history": "Interactive.281", "point": 1, "testname": "OP", "cornername": "Nominal"}
[2026-09-01 07:34:11.278 Z] [WARN] [cadence.virtuoso.ade.simulationMonitor] -     WARNING (SFE-2649): Terminals of top-level instance `Q2', in file`input.scs', at line 359, are connected. Remove the instance and rerun the simulation. {"history": "Interactive.281", "point": 1, "testname": "OP", "cornername": "Nominal"}
[2026-09-01 07:34:11.278 Z] [WARN] [cadence.virtuoso.ade.simulationMonitor] -     WARNING (SFE-2649): Terminals of top-level instance `M14', in file`input.scs', at line 1728, are connected. Remove the instance and rerun the simulation. {"history": "Interactive.281", "point": 1, "testname": "OP", "cornername": "Nominal"}
[2026-09-01 07:34:11.278 Z] [WARN] [cadence.virtuoso.ade.simulationMonitor] -     WARNING (SFE-2649): Terminals of top-level instance `M15', in file`input.scs', at line 1768, are connected. Remove the instance and rerun the simulation. {"history": "Interactive.281", "point": 1, "testname": "OP", "cornername": "Nominal"}
[2026-09-01 07:34:11.278 Z] [WARN] [cadence.virtuoso.ade.simulationMonitor] -     WARNING (SFE-2649): Terminals of top-level instance `M93', in file`input.scs', at line 1210, are connected. Remove the instance and rerun the simulation.
        Further occurrences of this warning will be suppressed. {"history": "Interactive.281", "point": 1, "testname": "OP", "cornername": "Nominal"}
[2026-09-01 07:34:11.278 Z] [INFO] [cadence.virtuoso.ade.simulationMonitor] - Peak resident memory used = 190 Mbytes. {"history": "Interactive.281", "point": 1, "testname": "OP", "cornername": "Nominal"}
[2026-09-01 07:34:11.278 Z] [INFO] [cadence.virtuoso.ade.simulationMonitor] - Notice from spectre during hierarchy flattening.
    The value 'psf' specified for the 'checklimitdest' option will no longer be supported in future releases. Use 'spectre -h' to see other recommended values for the 'checklimitdest' option. {"history": "Interactive.281", "point": 1, "testname": "OP", "cornername": "Nominal"}
[2026-09-01 07:34:11.278 Z] [WARN] [cadence.virtuoso.ade.simulationMonitor] -     WARNING (SPECTRE-16718): inlinesubcktcurrent option is set as `subckt', all the inline subckts will be treated as normal subckts when you access the current of their terminals. {"history": "Interactive.281", "point": 1, "testname": "OP", "cornername": "Nominal"}
[2026-09-01 07:34:11.278 Z] [WARN] [cadence.virtuoso.ade.simulationMonitor] -     WARNING (SPECTRE-8527): There are some nodes and instances removed from the netlist topology check. Check the circuit and correct the topology. Or use preserve_inst to keep them if necessary. {"history": "Interactive.281", "point": 1, "testname": "OP", "cornername": "Nominal"}
[2026-09-01 07:34:11.278 Z] [WARN] [cadence.virtuoso.ade.simulationMonitor] -     WARNING (SPECTRE-8529): Dangling instance. V9 is removed. {"history": "Interactive.281", "point": 1, "testname": "OP", "cornername": "Nominal"}
[2026-09-01 07:34:11.278 Z] [WARN] [cadence.virtuoso.ade.simulationMonitor] -     WARNING (SPECTRE-8528): The I8.I0.I8.R11.R_0_0.cn device is removed because its terminals are connected together. Check the device in the netlist file to ensure that this warning can be ignored. {"history": "Interactive.281", "point": 1, "testname": "OP", "cornername": "Nominal"}
[2026-09-01 07:34:11.278 Z] [WARN] [cadence.virtuoso.ade.simulationMonitor] -     WARNING (SPECTRE-8528): The I8.I0.I5.R11.R_0_0.cn device is removed because its terminals are connected together. Check the device in the netlist file to ensure that this warning can be ignored. {"history": "Interactive.281", "point": 1, "testname": "OP", "cornername": "Nominal"}
[2026-09-01 07:34:11.278 Z] [WARN] [cadence.virtuoso.ade.simulationMonitor] -     WARNING (SPECTRE-8528): The I8.I0.I4.R9.R_0_4_turbo_m5.cn device is removed because its terminals are connected together. Check the device in the netlist file to ensure that this warning can be ignored. {"history": "Interactive.281", "point": 1, "testname": "OP", "cornername": "Nominal"}
[2026-09-01 07:34:11.278 Z] [WARN] [cadence.virtuoso.ade.simulationMonitor] -     WARNING (SPECTRE-8528): The I8.I7.R12.R_0_21.cp device is removed because its terminals are connected together. Check the device in the netlist file to ensure that this warning can be ignored. {"history": "Interactive.281", "point": 1, "testname": "OP", "cornername": "Nominal"}
[2026-09-01 07:34:11.278 Z] [WARN] [cadence.virtuoso.ade.simulationMonitor] -     WARNING (SPECTRE-8528): The I8.I3.R1.R_0_74.cn device is removed because its terminals are connected together. Check the device in the netlist file to ensure that this warning can be ignored.
        Further occurrences of this warning will be suppressed. {"history": "Interactive.281", "point": 1, "testname": "OP", "cornername": "Nominal"}
[2026-09-01 07:34:11.278 Z] [WARN] [cadence.virtuoso.ade.simulationMonitor] -     WARNING (SPECTRE-8530): Dangling node. net9 is removed. {"history": "Interactive.281", "point": 1, "testname": "OP", "cornername": "Nominal"}
[2026-09-01 07:34:11.278 Z] [INFO] [cadence.virtuoso.ade.simulationMonitor] - Peak resident memory used = 197 Mbytes. {"history": "Interactive.281", "point": 1, "testname": "OP", "cornername": "Nominal"}
[2026-09-01 07:34:11.278 Z] [WARN] [cadence.virtuoso.ade.simulationMonitor] -     WARNING (CMI-2318): I8.I0.I10.Q1: Parasitic resistor `rc' has been deleted because its value of 473.498 uOhm ( R / MFactor ) was smaller than `minr'. {"history": "Interactive.281", "point": 1, "testname": "OP", "cornername": "Nominal"}
[2026-09-01 07:34:11.278 Z] [WARN] [cadence.virtuoso.ade.simulationMonitor] -     WARNING (CMI-2318): I8.I0.I10.Q1: Parasitic resistor `re' has been deleted because its value of 2.69521 mOhm ( R / MFactor ) was smaller than `minr'. {"history": "Interactive.281", "point": 1, "testname": "OP", "cornername": "Nominal"}
[2026-09-01 07:34:11.278 Z] [INFO] [cadence.virtuoso.ade.simulationMonitor] -               nodes 979 {"history": "Interactive.281", "point": 1, "testname": "OP", "cornername": "Nominal"}
[2026-09-01 07:34:11.278 Z] [INFO] [cadence.virtuoso.ade.simulationMonitor] - Notice from spectre during initial setup.
    Fast APS enabled.
    20 warnings suppressed. {"history": "Interactive.281", "point": 1, "testname": "OP", "cornername": "Nominal"}
[2026-09-01 07:34:11.278 Z] [INFO] [cadence.virtuoso.ade.simulationMonitor] - Notice from spectre.
    Multithreading enabled: 8 threads in the system with 16 available processors. {"history": "Interactive.281", "point": 1, "testname": "OP", "cornername": "Nominal"}
[2026-09-01 07:34:11.278 Z] [INFO] [cadence.virtuoso.ade.simulationMonitor] - Peak resident memory used = 208 Mbytes. {"history": "Interactive.281", "point": 1, "testname": "OP", "cornername": "Nominal"}
[2026-09-01 07:34:11.278 Z] [INFO] [cadence.virtuoso.ade.simulationMonitor] -    -   (Fast APS) Multi-threading. The recommended number of threads is 4, consider adding +mt=4 on command line. {"history": "Interactive.281", "point": 1, "testname": "OP", "cornername": "Nominal"}
[2026-09-01 07:34:11.278 Z] [INFO] [cadence.virtuoso.ade.simulationMonitor] - Notice from spectre during DC analysis `dcOp'.
    GminDC = 1 pS is large enough to noticeably affect the DC solution.
        dV(I8.I13.I11.net5) = 355.637 uV
        Use the `gmin_check' option to eliminate or expand this report.
    Bad pivoting is found during DC analysis. Option dc_pivot_check=yes is recommended for possible improvement of convergence. {"history": "Interactive.281", "point": 1, "testname": "OP", "cornername": "Nominal"}
[2026-09-01 07:34:11.278 Z] [INFO] [cadence.virtuoso.ade.simulationMonitor] - Total time required for dc analysis `dcOp': CPU = 321.69 ms, elapsed = 92.4969 ms, util. = 348%. {"history": "Interactive.281", "point": 1, "testname": "OP", "cornername": "Nominal"}
[2026-09-01 07:34:11.278 Z] [INFO] [cadence.virtuoso.ade.simulationMonitor] - Peak resident memory used = 217 Mbytes. {"history": "Interactive.281", "point": 1, "testname": "OP", "cornername": "Nominal"}
[2026-09-01 07:34:11.278 Z] [INFO] [cadence.virtuoso.ade.simulationMonitor] - Time used: CPU = 751 ms, elapsed = 2.21 s, util. = 34%. {"history": "Interactive.281", "point": 1, "testname": "OP", "cornername": "Nominal"}
[2026-09-01 07:34:11.278 Z] [INFO] [cadence.virtuoso.ade.simulationMonitor] - Time spent in licensing: elapsed = 45.2 ms. {"history": "Interactive.281", "point": 1, "testname": "OP", "cornername": "Nominal"}
[2026-09-01 07:34:11.278 Z] [INFO] [cadence.virtuoso.ade.simulationMonitor] - Peak memory used = 219 Mbytes. {"history": "Interactive.281", "point": 1, "testname": "OP", "cornername": "Nominal"}
[2026-09-01 07:34:11.278 Z] [PROCESS] [cadence.virtuoso.ade.simulationMonitor] - Simulation started at: 7:34:09 AM, Tue Sep 1, 2026, ended at: 7:34:11 AM, Tue Sep 1, 2026, with elapsed time (wall clock): 2.21 s. {"history": "Interactive.281", "point": 1, "testname": "OP", "cornername": "Nominal"}
[2026-09-01 07:34:11.278 Z] [PROCESS] [cadence.virtuoso.ade.simulationMonitor] - spectre completes with 0 errors, 16 warnings, and 7 notices. {"history": "Interactive.281", "point": 1, "testname": "OP", "cornername": "Nominal"}
[2026-09-01 07:34:11.278 Z] [PROCESS] [cadence.virtuoso.ade.simulationMonitor] - Finished simulating for one point {"hostname": "edatools", "processid": 132885, "history": "Interactive.281", "testname": "OP", "cornername": "Nominal", "point": 1, "logfile": "/home/saul/projects/LF_BG/logs_saul/logs5/Job17.log", "simid": "11"}
[2026-09-01 07:34:11.278 Z] [PROCESS] [cadence.virtuoso.ade.simulationMonitor] - Simulator exited {"hostname": "edatools", "processid": 132885, "history": "Interactive.281", "testname": "OP", "cornername": "Nominal", "point": 1, "logfile": "/home/saul/projects/LF_BG/logs_saul/logs5/Job17.log", "exitStatus": "0"}
[2026-09-01 07:34:11.278 Z] [PROCESS] [cadence.virtuoso.ade.simulationMonitor] - Finished Simulation {"hostname": "edatools", "processid": 132885, "history": "Interactive.281", "testname": "OP", "cornername": "Nominal", "point": 1, "logfile": "/home/saul/projects/LF_BG/logs_saul/logs5/Job17.log", "simid": "11"}
[2026-09-01 07:34:12.796 Z] [PROCESS] [cadence.virtuoso.ade.simulationMonitor] - Point Finished {"hostname": "edatools", "processid": 132885, "history": "Interactive.281", "testname": "OP", "cornername": "Nominal", "point": 1, "logfile": "/home/saul/projects/LF_BG/logs_saul/logs5/Job17.log"}
[2026-09-01 07:39:13.462 Z] [PROCESS] [cadence.virtuoso.ade.simulationMonitor] - Current memory used: 52.9375 MBytes, peak memory used: 52.9375 MBytes {"hostname": "edatools", "processid": 132885, "history": "Interactive.281", "testname": "OP", "cornername": "Nominal", "point": 1, "logfile": "/home/saul/projects/LF_BG/logs_saul/logs5/Job17.log"}
[2026-09-01 07:39:13.462 Z] [PROCESS] [cadence.virtuoso.ade.simulationMonitor] - Simulation Monitor process exit. {"hostname": "edatools", "processid": 132885, "history": "Interactive.281", "testname": "OP", "cornername": "Nominal", "point": 1, "logfile": "/home/saul/projects/LF_BG/logs_saul/logs5/Job17.log"}
