[Simulation Monitor: 19]
[2026-09-01 07:50:35.971 Z] [PROCESS] [cadence.virtuoso.ade.simulationMonitor] - Simulation Monitor has successfully started up. Trying to set up communication channels to other components ... {"hostname": "edatools", "processid": 141410, "logfile": "/home/saul/projects/LF_BG/logs_saul/logs5/Job19.log"}
[2026-09-01 07:50:35.971 Z] [PROCESS] [cadence.virtuoso.ade.simulationMonitor] - Communication channels have been successfully set up. Start processing events ... {"hostname": "edatools", "processid": 141410, "logfile": "/home/saul/projects/LF_BG/logs_saul/logs5/Job19.log"}
[2026-09-01 07:50:35.971 Z] [PROCESS] [cadence.virtuoso.ade.simulationMonitor] - Considering to start history {"hostname": "edatools", "processid": 141410, "history": "Interactive.282", "logfile": "/home/saul/projects/LF_BG/logs_saul/logs5/Job19.log"}
[2026-09-01 07:50:35.972 Z] [PROCESS] [cadence.virtuoso.ade.simulationMonitor] - HostInfo:
Host name (type):	edatools (x86_64)
Operating system:	Linux 7.0.0-30-generic #30~24.04.1-Ubuntu SMP PREEMPT_DYNAMIC Fri Aug  7 13:27:52 UTC 2 {"hostname": "edatools", "processid": 141410, "history": "Interactive.282", "logfile": "/home/saul/projects/LF_BG/logs_saul/logs5/Job19.log", "nodename": "edatools", "domainname": "(none)", "machine": "x86_64", "sysname": "Linux", "release": "7.0.0-30-generic", "version": "#30~24.04.1-Ubuntu SMP PREEMPT_DYNAMIC Fri Aug  7 13:27:52 UTC 2"}
[2026-09-01 07:50:35.972 Z] [PROCESS] [cadence.virtuoso.ade.simulationMonitor] - UsageInfo:
pid=141410
totalPhysicalMemory=62.541851GB,Used=24.663654GB,totalVirtualMemory=70.541847GB,Used=24.663654GB
Cpu: Cores=16, Load average:0.340000,0.150000,0.160000 {"hostname": "edatools", "processid": 141410, "history": "Interactive.282", "logfile": "/home/saul/projects/LF_BG/logs_saul/logs5/Job19.log", "pid": "141410", "totalPhysicalMemory": "62.541851", "physicalMemoryUsed": "24.663654", "totalVirtualMemory": "70.541847", "virtualMemoryUsed": "24.663654", "cpuCores": "16", "processes": "2122", "loadAverage1": "0.340000", "loadAverage5": "0.150000", "loadAverage15": "0.160000", "loadAverage1Percent": "0.021250"}
[2026-09-01 07:50:35.972 Z] [EVENT] [cadence.virtuoso.ade.simulationMonitor] - NewPoint {"history": "Interactive.282", "point": 1, "testname": "OP", "cornername": "Nominal", "event": "NewPoint", "EventSource": "Simulation Monitor", "HistoryName": "Interactive.282", "logFile": "/home/saul/projects/LF_BG/logs_saul/logs5/Job19.log", "logFileSize": "2144"}
[2026-09-01 07:50:36.073 Z] [EVENT] [cadence.virtuoso.ade.simulationMonitor] - NewPoint {"history": "Interactive.282", "point": 1, "testname": "OP", "cornername": "Nominal", "event": "NewPoint", "EventSource": "spectre", "HistoryName": "Interactive.282", "logFile": "/home/saul/simulation/REF_GEN/REF_GEN_f_TB/maestro/results/maestro/Interactive.282/1/OP/psf/spectre.out", "logFileSize": "-1"}
[2026-09-01 07:50:36.093 Z] [PROCESS] [cadence.virtuoso.ade.simulationMonitor] - Simulator launched {"hostname": "edatools", "processid": 141410, "history": "Interactive.282", "testname": "OP", "cornername": "Nominal", "point": 1, "logfile": "/home/saul/projects/LF_BG/logs_saul/logs5/Job19.log", "simid": "1"}
[2026-09-01 07:50:36.096 Z] [PROCESS] [cadence.virtuoso.ade.simulationMonitor] - Expression evaluator launched {"hostname": "edatools", "processid": 141410, "history": "Interactive.282", "testname": "OP", "cornername": "Nominal", "point": 1, "logfile": "/home/saul/projects/LF_BG/logs_saul/logs5/Job19.log"}
[2026-09-01 07:50:36.128 Z] [PROCESS] [cadence.virtuoso.ade.simulationMonitor] - Started Simulation {"hostname": "edatools", "processid": 141410, "history": "Interactive.282", "testname": "OP", "cornername": "Nominal", "point": 1, "logfile": "/home/saul/projects/LF_BG/logs_saul/logs5/Job19.log", "event": "started", "task": "simulation"}
[2026-09-01 07:50:37.128 Z] [INFO] [cadence.virtuoso.ade.simulationMonitor] - Peak resident memory used = 170 Mbytes. {"history": "Interactive.282", "point": 1, "testname": "OP", "cornername": "Nominal"}
[2026-09-01 07:50:37.129 Z] [WARN] [cadence.virtuoso.ade.simulationMonitor] -     WARNING (VACOMP-1116): "/home/saul/projects/LF_BG/REF_GEN/REF_GEN_fL_2/veriloga/veriloga.va", line 229: Transition filter contains a continuous signal in the expression. Since a transition filter can only be applied to piecewise constant signals, redefine the expression to ensure that the transition filter applies only to a piecewise constant signal. {"history": "Interactive.282", "point": 1, "testname": "OP", "cornername": "Nominal"}
[2026-09-01 07:50:37.129 Z] [WARN] [cadence.virtuoso.ade.simulationMonitor] -     WARNING (VACOMP-1116): "/home/saul/projects/LF_BG/REF_GEN/REF_GEN_fL_2/veriloga/veriloga.va", line 230: Transition filter contains a continuous signal in the expression. Since a transition filter can only be applied to piecewise constant signals, redefine the expression to ensure that the transition filter applies only to a piecewise constant signal. {"history": "Interactive.282", "point": 1, "testname": "OP", "cornername": "Nominal"}
[2026-09-01 07:50:37.129 Z] [WARN] [cadence.virtuoso.ade.simulationMonitor] -     WARNING (VACOMP-1116): "/home/saul/projects/LF_BG/REF_GEN/REF_GEN_fL_2/veriloga/veriloga.va", line 234: Transition filter contains a continuous signal in the expression. Since a transition filter can only be applied to piecewise constant signals, redefine the expression to ensure that the transition filter applies only to a piecewise constant signal. {"history": "Interactive.282", "point": 1, "testname": "OP", "cornername": "Nominal"}
[2026-09-01 07:50:37.129 Z] [WARN] [cadence.virtuoso.ade.simulationMonitor] -     WARNING (VACOMP-1116): "/home/saul/projects/LF_BG/REF_GEN/REF_GEN_fL_2/veriloga/veriloga.va", line 235: Transition filter contains a continuous signal in the expression. Since a transition filter can only be applied to piecewise constant signals, redefine the expression to ensure that the transition filter applies only to a piecewise constant signal. {"history": "Interactive.282", "point": 1, "testname": "OP", "cornername": "Nominal"}
[2026-09-01 07:50:37.130 Z] [WARN] [cadence.virtuoso.ade.simulationMonitor] -     WARNING (VACOMP-1116): "/home/saul/projects/LF_BG/REF_GEN/REF_GEN_fL_2/veriloga/veriloga.va", line 236: Transition filter contains a continuous signal in the expression. Since a transition filter can only be applied to piecewise constant signals, redefine the expression to ensure that the transition filter applies only to a piecewise constant signal.
        Further occurrences of this warning will be suppressed. {"history": "Interactive.282", "point": 1, "testname": "OP", "cornername": "Nominal"}
[2026-09-01 07:50:38.131 Z] [INFO] [cadence.virtuoso.ade.simulationMonitor] - Peak resident memory used = 204 Mbytes. {"history": "Interactive.282", "point": 1, "testname": "OP", "cornername": "Nominal"}
[2026-09-01 07:50:38.131 Z] [INFO] [cadence.virtuoso.ade.simulationMonitor] - Notice from spectre during hierarchy flattening.
    The value 'psf' specified for the 'checklimitdest' option will no longer be supported in future releases. Use 'spectre -h' to see other recommended values for the 'checklimitdest' option. {"history": "Interactive.282", "point": 1, "testname": "OP", "cornername": "Nominal"}
[2026-09-01 07:50:38.131 Z] [WARN] [cadence.virtuoso.ade.simulationMonitor] -     WARNING (SPECTRE-16718): inlinesubcktcurrent option is set as `subckt', all the inline subckts will be treated as normal subckts when you access the current of their terminals. {"history": "Interactive.282", "point": 1, "testname": "OP", "cornername": "Nominal"}
[2026-09-01 07:50:38.131 Z] [WARN] [cadence.virtuoso.ade.simulationMonitor] -     WARNING (SPECTRE-8527): There are some nodes and instances removed from the netlist topology check. Check the circuit and correct the topology. Or use preserve_inst to keep them if necessary. {"history": "Interactive.282", "point": 1, "testname": "OP", "cornername": "Nominal"}
[2026-09-01 07:50:38.131 Z] [WARN] [cadence.virtuoso.ade.simulationMonitor] -     WARNING (SPECTRE-8529): Dangling instance. V9 is removed. {"history": "Interactive.282", "point": 1, "testname": "OP", "cornername": "Nominal"}
[2026-09-01 07:50:38.132 Z] [WARN] [cadence.virtuoso.ade.simulationMonitor] -     WARNING (SPECTRE-8530): Dangling node. net9 is removed. {"history": "Interactive.282", "point": 1, "testname": "OP", "cornername": "Nominal"}
[2026-09-01 07:50:38.132 Z] [INFO] [cadence.virtuoso.ade.simulationMonitor] - Peak resident memory used = 205 Mbytes. {"history": "Interactive.282", "point": 1, "testname": "OP", "cornername": "Nominal"}
[2026-09-01 07:50:38.132 Z] [INFO] [cadence.virtuoso.ade.simulationMonitor] - Notice from spectre during topology check.
    No DC path from node `VbgT' to ground, Gmin installed to provide path. {"history": "Interactive.282", "point": 1, "testname": "OP", "cornername": "Nominal"}
[2026-09-01 07:50:38.132 Z] [INFO] [cadence.virtuoso.ade.simulationMonitor] - Notice from spectre during initial setup.
    Multithreading is disabled due to the size of the design being too small. {"history": "Interactive.282", "point": 1, "testname": "OP", "cornername": "Nominal"}
[2026-09-01 07:50:38.132 Z] [INFO] [cadence.virtuoso.ade.simulationMonitor] -               nodes 56 {"history": "Interactive.282", "point": 1, "testname": "OP", "cornername": "Nominal"}
[2026-09-01 07:50:38.132 Z] [INFO] [cadence.virtuoso.ade.simulationMonitor] - Notice from spectre during initial setup.
    Fast APS enabled.
    9 warnings suppressed. {"history": "Interactive.282", "point": 1, "testname": "OP", "cornername": "Nominal"}
[2026-09-01 07:50:38.132 Z] [INFO] [cadence.virtuoso.ade.simulationMonitor] - Peak resident memory used = 208 Mbytes. {"history": "Interactive.282", "point": 1, "testname": "OP", "cornername": "Nominal"}
[2026-09-01 07:50:38.132 Z] [INFO] [cadence.virtuoso.ade.simulationMonitor] -    -   (Fast APS) Multi-threading. The recommended number of threads is 1, consider adding +mt=1 on command line. {"history": "Interactive.282", "point": 1, "testname": "OP", "cornername": "Nominal"}
[2026-09-01 07:50:38.132 Z] [INFO] [cadence.virtuoso.ade.simulationMonitor] - Total time required for dc analysis `dcOp': CPU = 1.515 ms, elapsed = 5.05185 ms, util. = 30%. {"history": "Interactive.282", "point": 1, "testname": "OP", "cornername": "Nominal"}
[2026-09-01 07:50:38.132 Z] [INFO] [cadence.virtuoso.ade.simulationMonitor] - Peak resident memory used = 208 Mbytes. {"history": "Interactive.282", "point": 1, "testname": "OP", "cornername": "Nominal"}
[2026-09-01 07:50:38.633 Z] [INFO] [cadence.virtuoso.ade.simulationMonitor] - Time used: CPU = 257 ms, elapsed = 1.93 s, util. = 13.3%. {"history": "Interactive.282", "point": 1, "testname": "OP", "cornername": "Nominal"}
[2026-09-01 07:50:38.634 Z] [INFO] [cadence.virtuoso.ade.simulationMonitor] - Time spent in licensing: elapsed = 36.8 ms. {"history": "Interactive.282", "point": 1, "testname": "OP", "cornername": "Nominal"}
[2026-09-01 07:50:38.635 Z] [INFO] [cadence.virtuoso.ade.simulationMonitor] - Peak memory used = 208 Mbytes. {"history": "Interactive.282", "point": 1, "testname": "OP", "cornername": "Nominal"}
[2026-09-01 07:50:38.635 Z] [PROCESS] [cadence.virtuoso.ade.simulationMonitor] - Simulation started at: 7:50:36 AM, Tue Sep 1, 2026, ended at: 7:50:38 AM, Tue Sep 1, 2026, with elapsed time (wall clock): 1.93 s. {"history": "Interactive.282", "point": 1, "testname": "OP", "cornername": "Nominal"}
[2026-09-01 07:50:38.636 Z] [PROCESS] [cadence.virtuoso.ade.simulationMonitor] - spectre completes with 0 errors, 9 warnings, and 6 notices. {"history": "Interactive.282", "point": 1, "testname": "OP", "cornername": "Nominal"}
[2026-09-01 07:50:38.636 Z] [PROCESS] [cadence.virtuoso.ade.simulationMonitor] - Finished simulating for one point {"hostname": "edatools", "processid": 141410, "history": "Interactive.282", "testname": "OP", "cornername": "Nominal", "point": 1, "logfile": "/home/saul/projects/LF_BG/logs_saul/logs5/Job19.log", "simid": "1"}
[2026-09-01 07:50:38.636 Z] [PROCESS] [cadence.virtuoso.ade.simulationMonitor] - Simulator exited {"hostname": "edatools", "processid": 141410, "history": "Interactive.282", "testname": "OP", "cornername": "Nominal", "point": 1, "logfile": "/home/saul/projects/LF_BG/logs_saul/logs5/Job19.log", "exitStatus": "0"}
[2026-09-01 07:50:38.637 Z] [PROCESS] [cadence.virtuoso.ade.simulationMonitor] - Finished Simulation {"hostname": "edatools", "processid": 141410, "history": "Interactive.282", "testname": "OP", "cornername": "Nominal", "point": 1, "logfile": "/home/saul/projects/LF_BG/logs_saul/logs5/Job19.log", "simid": "1"}
[2026-09-01 07:50:39.649 Z] [PROCESS] [cadence.virtuoso.ade.simulationMonitor] - Point Finished {"hostname": "edatools", "processid": 141410, "history": "Interactive.282", "testname": "OP", "cornername": "Nominal", "point": 1, "logfile": "/home/saul/projects/LF_BG/logs_saul/logs5/Job19.log"}
[2026-09-01 07:51:05.706 Z] [PROCESS] [cadence.virtuoso.ade.simulationMonitor] - Started History {"hostname": "edatools", "processid": 141410, "history": "Interactive.283", "testname": "OP", "cornername": "Nominal", "point": 1, "logfile": "/home/saul/projects/LF_BG/logs_saul/logs5/Job19.log"}
[2026-09-01 07:51:05.706 Z] [PROCESS] [cadence.virtuoso.ade.simulationMonitor] - HostInfo:
Host name (type):	edatools (x86_64)
Operating system:	Linux 7.0.0-30-generic #30~24.04.1-Ubuntu SMP PREEMPT_DYNAMIC Fri Aug  7 13:27:52 UTC 2 {"hostname": "edatools", "processid": 141410, "history": "Interactive.283", "testname": "OP", "cornername": "Nominal", "point": 1, "logfile": "/home/saul/projects/LF_BG/logs_saul/logs5/Job19.log", "nodename": "edatools", "domainname": "(none)", "machine": "x86_64", "sysname": "Linux", "release": "7.0.0-30-generic", "version": "#30~24.04.1-Ubuntu SMP PREEMPT_DYNAMIC Fri Aug  7 13:27:52 UTC 2"}
[2026-09-01 07:51:05.707 Z] [PROCESS] [cadence.virtuoso.ade.simulationMonitor] - UsageInfo:
pid=141410
totalPhysicalMemory=62.541851GB,Used=24.710487GB,totalVirtualMemory=70.541847GB,Used=24.710487GB
Cpu: Cores=16, Load average:0.340000,0.170000,0.160000 {"hostname": "edatools", "processid": 141410, "history": "Interactive.283", "testname": "OP", "cornername": "Nominal", "point": 1, "logfile": "/home/saul/projects/LF_BG/logs_saul/logs5/Job19.log", "pid": "141410", "totalPhysicalMemory": "62.541851", "physicalMemoryUsed": "24.710487", "totalVirtualMemory": "70.541847", "virtualMemoryUsed": "24.710487", "cpuCores": "16", "processes": "2126", "loadAverage1": "0.340000", "loadAverage5": "0.170000", "loadAverage15": "0.160000", "loadAverage1Percent": "0.021250"}
[2026-09-01 07:51:05.708 Z] [EVENT] [cadence.virtuoso.ade.simulationMonitor] - NewPoint {"history": "Interactive.283", "point": 1, "testname": "OP", "cornername": "Nominal", "event": "NewPoint", "EventSource": "Simulation Monitor", "HistoryName": "Interactive.283", "logFile": "/home/saul/projects/LF_BG/logs_saul/logs5/Job19.log", "logFileSize": "14731"}
[2026-09-01 07:51:05.810 Z] [EVENT] [cadence.virtuoso.ade.simulationMonitor] - NewPoint {"history": "Interactive.283", "point": 1, "testname": "OP", "cornername": "Nominal", "event": "NewPoint", "EventSource": "spectre", "HistoryName": "Interactive.283", "logFile": "/home/saul/simulation/REF_GEN/REF_GEN_f_TB/maestro/results/maestro/Interactive.283/1/OP/psf/spectre.out", "logFileSize": "-1"}
[2026-09-01 07:51:05.820 Z] [PROCESS] [cadence.virtuoso.ade.simulationMonitor] - Simulator launched {"hostname": "edatools", "processid": 141410, "history": "Interactive.283", "testname": "OP", "cornername": "Nominal", "point": 1, "logfile": "/home/saul/projects/LF_BG/logs_saul/logs5/Job19.log", "simid": "2"}
[2026-09-01 07:51:05.821 Z] [PROCESS] [cadence.virtuoso.ade.simulationMonitor] - Expression evaluator launched {"hostname": "edatools", "processid": 141410, "history": "Interactive.283", "testname": "OP", "cornername": "Nominal", "point": 1, "logfile": "/home/saul/projects/LF_BG/logs_saul/logs5/Job19.log"}
[2026-09-01 07:51:05.850 Z] [PROCESS] [cadence.virtuoso.ade.simulationMonitor] - Started Simulation {"hostname": "edatools", "processid": 141410, "history": "Interactive.283", "testname": "OP", "cornername": "Nominal", "point": 1, "logfile": "/home/saul/projects/LF_BG/logs_saul/logs5/Job19.log", "event": "started", "task": "simulation"}
[2026-09-01 07:51:06.850 Z] [INFO] [cadence.virtuoso.ade.simulationMonitor] - Peak resident memory used = 170 Mbytes. {"history": "Interactive.283", "point": 1, "testname": "OP", "cornername": "Nominal"}
[2026-09-01 07:51:06.851 Z] [WARN] [cadence.virtuoso.ade.simulationMonitor] -     WARNING (VACOMP-1116): "/home/saul/projects/LF_BG/REF_GEN/REF_GEN_fL_2/veriloga/veriloga.va", line 229: Transition filter contains a continuous signal in the expression. Since a transition filter can only be applied to piecewise constant signals, redefine the expression to ensure that the transition filter applies only to a piecewise constant signal. {"history": "Interactive.283", "point": 1, "testname": "OP", "cornername": "Nominal"}
[2026-09-01 07:51:06.851 Z] [WARN] [cadence.virtuoso.ade.simulationMonitor] -     WARNING (VACOMP-1116): "/home/saul/projects/LF_BG/REF_GEN/REF_GEN_fL_2/veriloga/veriloga.va", line 230: Transition filter contains a continuous signal in the expression. Since a transition filter can only be applied to piecewise constant signals, redefine the expression to ensure that the transition filter applies only to a piecewise constant signal. {"history": "Interactive.283", "point": 1, "testname": "OP", "cornername": "Nominal"}
[2026-09-01 07:51:06.851 Z] [WARN] [cadence.virtuoso.ade.simulationMonitor] -     WARNING (VACOMP-1116): "/home/saul/projects/LF_BG/REF_GEN/REF_GEN_fL_2/veriloga/veriloga.va", line 234: Transition filter contains a continuous signal in the expression. Since a transition filter can only be applied to piecewise constant signals, redefine the expression to ensure that the transition filter applies only to a piecewise constant signal. {"history": "Interactive.283", "point": 1, "testname": "OP", "cornername": "Nominal"}
[2026-09-01 07:51:06.851 Z] [WARN] [cadence.virtuoso.ade.simulationMonitor] -     WARNING (VACOMP-1116): "/home/saul/projects/LF_BG/REF_GEN/REF_GEN_fL_2/veriloga/veriloga.va", line 235: Transition filter contains a continuous signal in the expression. Since a transition filter can only be applied to piecewise constant signals, redefine the expression to ensure that the transition filter applies only to a piecewise constant signal. {"history": "Interactive.283", "point": 1, "testname": "OP", "cornername": "Nominal"}
[2026-09-01 07:51:06.851 Z] [WARN] [cadence.virtuoso.ade.simulationMonitor] -     WARNING (VACOMP-1116): "/home/saul/projects/LF_BG/REF_GEN/REF_GEN_fL_2/veriloga/veriloga.va", line 236: Transition filter contains a continuous signal in the expression. Since a transition filter can only be applied to piecewise constant signals, redefine the expression to ensure that the transition filter applies only to a piecewise constant signal.
        Further occurrences of this warning will be suppressed. {"history": "Interactive.283", "point": 1, "testname": "OP", "cornername": "Nominal"}
[2026-09-01 07:51:07.851 Z] [INFO] [cadence.virtuoso.ade.simulationMonitor] - Peak resident memory used = 204 Mbytes. {"history": "Interactive.283", "point": 1, "testname": "OP", "cornername": "Nominal"}
[2026-09-01 07:51:07.852 Z] [INFO] [cadence.virtuoso.ade.simulationMonitor] - Notice from spectre during hierarchy flattening.
    The value 'psf' specified for the 'checklimitdest' option will no longer be supported in future releases. Use 'spectre -h' to see other recommended values for the 'checklimitdest' option. {"history": "Interactive.283", "point": 1, "testname": "OP", "cornername": "Nominal"}
[2026-09-01 07:51:07.852 Z] [WARN] [cadence.virtuoso.ade.simulationMonitor] -     WARNING (SPECTRE-16718): inlinesubcktcurrent option is set as `subckt', all the inline subckts will be treated as normal subckts when you access the current of their terminals. {"history": "Interactive.283", "point": 1, "testname": "OP", "cornername": "Nominal"}
[2026-09-01 07:51:07.852 Z] [WARN] [cadence.virtuoso.ade.simulationMonitor] -     WARNING (SPECTRE-8527): There are some nodes and instances removed from the netlist topology check. Check the circuit and correct the topology. Or use preserve_inst to keep them if necessary. {"history": "Interactive.283", "point": 1, "testname": "OP", "cornername": "Nominal"}
[2026-09-01 07:51:07.852 Z] [WARN] [cadence.virtuoso.ade.simulationMonitor] -     WARNING (SPECTRE-8529): Dangling instance. V9 is removed. {"history": "Interactive.283", "point": 1, "testname": "OP", "cornername": "Nominal"}
[2026-09-01 07:51:07.852 Z] [WARN] [cadence.virtuoso.ade.simulationMonitor] -     WARNING (SPECTRE-8530): Dangling node. net9 is removed. {"history": "Interactive.283", "point": 1, "testname": "OP", "cornername": "Nominal"}
[2026-09-01 07:51:07.852 Z] [INFO] [cadence.virtuoso.ade.simulationMonitor] - Peak resident memory used = 205 Mbytes. {"history": "Interactive.283", "point": 1, "testname": "OP", "cornername": "Nominal"}
[2026-09-01 07:51:07.852 Z] [INFO] [cadence.virtuoso.ade.simulationMonitor] - Notice from spectre during topology check.
    No DC path from node `VbgT' to ground, Gmin installed to provide path. {"history": "Interactive.283", "point": 1, "testname": "OP", "cornername": "Nominal"}
[2026-09-01 07:51:07.852 Z] [INFO] [cadence.virtuoso.ade.simulationMonitor] - Notice from spectre during initial setup.
    Multithreading is disabled due to the size of the design being too small. {"history": "Interactive.283", "point": 1, "testname": "OP", "cornername": "Nominal"}
[2026-09-01 07:51:07.852 Z] [INFO] [cadence.virtuoso.ade.simulationMonitor] -               nodes 56 {"history": "Interactive.283", "point": 1, "testname": "OP", "cornername": "Nominal"}
[2026-09-01 07:51:07.853 Z] [INFO] [cadence.virtuoso.ade.simulationMonitor] - Notice from spectre during initial setup.
    Fast APS enabled.
    9 warnings suppressed. {"history": "Interactive.283", "point": 1, "testname": "OP", "cornername": "Nominal"}
[2026-09-01 07:51:07.853 Z] [INFO] [cadence.virtuoso.ade.simulationMonitor] - Peak resident memory used = 208 Mbytes. {"history": "Interactive.283", "point": 1, "testname": "OP", "cornername": "Nominal"}
[2026-09-01 07:51:07.853 Z] [INFO] [cadence.virtuoso.ade.simulationMonitor] -    -   (Fast APS) Multi-threading. The recommended number of threads is 1, consider adding +mt=1 on command line. {"history": "Interactive.283", "point": 1, "testname": "OP", "cornername": "Nominal"}
[2026-09-01 07:51:07.853 Z] [INFO] [cadence.virtuoso.ade.simulationMonitor] - Total time required for dc analysis `dcOp': CPU = 1.594 ms, elapsed = 8.708 ms, util. = 18.3%. {"history": "Interactive.283", "point": 1, "testname": "OP", "cornername": "Nominal"}
[2026-09-01 07:51:07.853 Z] [INFO] [cadence.virtuoso.ade.simulationMonitor] - Peak resident memory used = 208 Mbytes. {"history": "Interactive.283", "point": 1, "testname": "OP", "cornername": "Nominal"}
[2026-09-01 07:51:07.853 Z] [INFO] [cadence.virtuoso.ade.simulationMonitor] - Time used: CPU = 273 ms, elapsed = 1.89 s, util. = 14.4%. {"history": "Interactive.283", "point": 1, "testname": "OP", "cornername": "Nominal"}
[2026-09-01 07:51:07.853 Z] [INFO] [cadence.virtuoso.ade.simulationMonitor] - Time spent in licensing: elapsed = 35.8 ms. {"history": "Interactive.283", "point": 1, "testname": "OP", "cornername": "Nominal"}
[2026-09-01 07:51:07.853 Z] [INFO] [cadence.virtuoso.ade.simulationMonitor] - Peak memory used = 207 Mbytes. {"history": "Interactive.283", "point": 1, "testname": "OP", "cornername": "Nominal"}
[2026-09-01 07:51:07.853 Z] [PROCESS] [cadence.virtuoso.ade.simulationMonitor] - Simulation started at: 7:51:05 AM, Tue Sep 1, 2026, ended at: 7:51:07 AM, Tue Sep 1, 2026, with elapsed time (wall clock): 1.89 s. {"history": "Interactive.283", "point": 1, "testname": "OP", "cornername": "Nominal"}
[2026-09-01 07:51:07.853 Z] [PROCESS] [cadence.virtuoso.ade.simulationMonitor] - spectre completes with 0 errors, 9 warnings, and 6 notices. {"history": "Interactive.283", "point": 1, "testname": "OP", "cornername": "Nominal"}
[2026-09-01 07:51:08.354 Z] [PROCESS] [cadence.virtuoso.ade.simulationMonitor] - Finished simulating for one point {"hostname": "edatools", "processid": 141410, "history": "Interactive.283", "testname": "OP", "cornername": "Nominal", "point": 1, "logfile": "/home/saul/projects/LF_BG/logs_saul/logs5/Job19.log", "simid": "2"}
[2026-09-01 07:51:08.355 Z] [PROCESS] [cadence.virtuoso.ade.simulationMonitor] - Simulator exited {"hostname": "edatools", "processid": 141410, "history": "Interactive.283", "testname": "OP", "cornername": "Nominal", "point": 1, "logfile": "/home/saul/projects/LF_BG/logs_saul/logs5/Job19.log", "exitStatus": "0"}
[2026-09-01 07:51:08.355 Z] [PROCESS] [cadence.virtuoso.ade.simulationMonitor] - Finished Simulation {"hostname": "edatools", "processid": 141410, "history": "Interactive.283", "testname": "OP", "cornername": "Nominal", "point": 1, "logfile": "/home/saul/projects/LF_BG/logs_saul/logs5/Job19.log", "simid": "2"}
[2026-09-01 07:51:09.379 Z] [PROCESS] [cadence.virtuoso.ade.simulationMonitor] - Point Finished {"hostname": "edatools", "processid": 141410, "history": "Interactive.283", "testname": "OP", "cornername": "Nominal", "point": 1, "logfile": "/home/saul/projects/LF_BG/logs_saul/logs5/Job19.log"}
[2026-09-01 07:51:21.120 Z] [PROCESS] [cadence.virtuoso.ade.simulationMonitor] - Started History {"hostname": "edatools", "processid": 141410, "history": "Interactive.284", "testname": "OP", "cornername": "Nominal", "point": 1, "logfile": "/home/saul/projects/LF_BG/logs_saul/logs5/Job19.log"}
[2026-09-01 07:51:21.121 Z] [PROCESS] [cadence.virtuoso.ade.simulationMonitor] - HostInfo:
Host name (type):	edatools (x86_64)
Operating system:	Linux 7.0.0-30-generic #30~24.04.1-Ubuntu SMP PREEMPT_DYNAMIC Fri Aug  7 13:27:52 UTC 2 {"hostname": "edatools", "processid": 141410, "history": "Interactive.284", "testname": "OP", "cornername": "Nominal", "point": 1, "logfile": "/home/saul/projects/LF_BG/logs_saul/logs5/Job19.log", "nodename": "edatools", "domainname": "(none)", "machine": "x86_64", "sysname": "Linux", "release": "7.0.0-30-generic", "version": "#30~24.04.1-Ubuntu SMP PREEMPT_DYNAMIC Fri Aug  7 13:27:52 UTC 2"}
[2026-09-01 07:51:21.122 Z] [PROCESS] [cadence.virtuoso.ade.simulationMonitor] - UsageInfo:
pid=141410
totalPhysicalMemory=62.541851GB,Used=24.708870GB,totalVirtualMemory=70.541847GB,Used=24.708870GB
Cpu: Cores=16, Load average:0.410000,0.190000,0.170000 {"hostname": "edatools", "processid": 141410, "history": "Interactive.284", "testname": "OP", "cornername": "Nominal", "point": 1, "logfile": "/home/saul/projects/LF_BG/logs_saul/logs5/Job19.log", "pid": "141410", "totalPhysicalMemory": "62.541851", "physicalMemoryUsed": "24.708870", "totalVirtualMemory": "70.541847", "virtualMemoryUsed": "24.708870", "cpuCores": "16", "processes": "2124", "loadAverage1": "0.410000", "loadAverage5": "0.190000", "loadAverage15": "0.170000", "loadAverage1Percent": "0.025625"}
[2026-09-01 07:51:21.122 Z] [EVENT] [cadence.virtuoso.ade.simulationMonitor] - NewPoint {"history": "Interactive.284", "point": 1, "testname": "OP", "cornername": "Nominal", "event": "NewPoint", "EventSource": "Simulation Monitor", "HistoryName": "Interactive.284", "logFile": "/home/saul/projects/LF_BG/logs_saul/logs5/Job19.log", "logFileSize": "27319"}
[2026-09-01 07:51:21.224 Z] [EVENT] [cadence.virtuoso.ade.simulationMonitor] - NewPoint {"history": "Interactive.284", "point": 1, "testname": "OP", "cornername": "Nominal", "event": "NewPoint", "EventSource": "spectre", "HistoryName": "Interactive.284", "logFile": "/home/saul/simulation/REF_GEN/REF_GEN_f_TB/maestro/results/maestro/Interactive.284/1/OP/psf/spectre.out", "logFileSize": "-1"}
[2026-09-01 07:51:21.234 Z] [PROCESS] [cadence.virtuoso.ade.simulationMonitor] - Simulator launched {"hostname": "edatools", "processid": 141410, "history": "Interactive.284", "testname": "OP", "cornername": "Nominal", "point": 1, "logfile": "/home/saul/projects/LF_BG/logs_saul/logs5/Job19.log", "simid": "3"}
[2026-09-01 07:51:21.236 Z] [PROCESS] [cadence.virtuoso.ade.simulationMonitor] - Expression evaluator launched {"hostname": "edatools", "processid": 141410, "history": "Interactive.284", "testname": "OP", "cornername": "Nominal", "point": 1, "logfile": "/home/saul/projects/LF_BG/logs_saul/logs5/Job19.log"}
[2026-09-01 07:51:21.264 Z] [PROCESS] [cadence.virtuoso.ade.simulationMonitor] - Started Simulation {"hostname": "edatools", "processid": 141410, "history": "Interactive.284", "testname": "OP", "cornername": "Nominal", "point": 1, "logfile": "/home/saul/projects/LF_BG/logs_saul/logs5/Job19.log", "event": "started", "task": "simulation"}
[2026-09-01 07:51:22.265 Z] [INFO] [cadence.virtuoso.ade.simulationMonitor] - Peak resident memory used = 170 Mbytes. {"history": "Interactive.284", "point": 1, "testname": "OP", "cornername": "Nominal"}
[2026-09-01 07:51:22.265 Z] [INFO] [cadence.virtuoso.ade.simulationMonitor] - Peak resident memory used = 179 Mbytes. {"history": "Interactive.284", "point": 1, "testname": "OP", "cornername": "Nominal"}
[2026-09-01 07:51:22.265 Z] [INFO] [cadence.virtuoso.ade.simulationMonitor] - Notice from spectre during hierarchy flattening.
    The value 'psf' specified for the 'checklimitdest' option will no longer be supported in future releases. Use 'spectre -h' to see other recommended values for the 'checklimitdest' option. {"history": "Interactive.284", "point": 1, "testname": "OP", "cornername": "Nominal"}
[2026-09-01 07:51:22.265 Z] [WARN] [cadence.virtuoso.ade.simulationMonitor] -     WARNING (SPECTRE-16718): inlinesubcktcurrent option is set as `subckt', all the inline subckts will be treated as normal subckts when you access the current of their terminals. {"history": "Interactive.284", "point": 1, "testname": "OP", "cornername": "Nominal"}
[2026-09-01 07:51:22.265 Z] [WARN] [cadence.virtuoso.ade.simulationMonitor] -     WARNING (SPECTRE-8527): There are some nodes and instances removed from the netlist topology check. Check the circuit and correct the topology. Or use preserve_inst to keep them if necessary. {"history": "Interactive.284", "point": 1, "testname": "OP", "cornername": "Nominal"}
[2026-09-01 07:51:22.265 Z] [WARN] [cadence.virtuoso.ade.simulationMonitor] -     WARNING (SPECTRE-8529): Dangling instance. V9 is removed. {"history": "Interactive.284", "point": 1, "testname": "OP", "cornername": "Nominal"}
[2026-09-01 07:51:22.265 Z] [WARN] [cadence.virtuoso.ade.simulationMonitor] -     WARNING (SPECTRE-8530): Dangling node. net9 is removed. {"history": "Interactive.284", "point": 1, "testname": "OP", "cornername": "Nominal"}
[2026-09-01 07:51:22.266 Z] [INFO] [cadence.virtuoso.ade.simulationMonitor] - Peak resident memory used = 181 Mbytes. {"history": "Interactive.284", "point": 1, "testname": "OP", "cornername": "Nominal"}
[2026-09-01 07:51:22.266 Z] [INFO] [cadence.virtuoso.ade.simulationMonitor] - Notice from spectre during topology check.
    No DC path from node `VbgT' to ground, Gmin installed to provide path. {"history": "Interactive.284", "point": 1, "testname": "OP", "cornername": "Nominal"}
[2026-09-01 07:51:22.266 Z] [INFO] [cadence.virtuoso.ade.simulationMonitor] - Notice from spectre during initial setup.
    Multithreading is disabled due to the size of the design being too small. {"history": "Interactive.284", "point": 1, "testname": "OP", "cornername": "Nominal"}
[2026-09-01 07:51:22.266 Z] [INFO] [cadence.virtuoso.ade.simulationMonitor] -               nodes 56 {"history": "Interactive.284", "point": 1, "testname": "OP", "cornername": "Nominal"}
[2026-09-01 07:51:22.266 Z] [INFO] [cadence.virtuoso.ade.simulationMonitor] - Notice from spectre during initial setup.
    Fast APS enabled. {"history": "Interactive.284", "point": 1, "testname": "OP", "cornername": "Nominal"}
[2026-09-01 07:51:22.266 Z] [INFO] [cadence.virtuoso.ade.simulationMonitor] - Peak resident memory used = 184 Mbytes. {"history": "Interactive.284", "point": 1, "testname": "OP", "cornername": "Nominal"}
[2026-09-01 07:51:22.266 Z] [INFO] [cadence.virtuoso.ade.simulationMonitor] -    -   (Fast APS) Multi-threading. The recommended number of threads is 1, consider adding +mt=1 on command line. {"history": "Interactive.284", "point": 1, "testname": "OP", "cornername": "Nominal"}
[2026-09-01 07:51:22.266 Z] [INFO] [cadence.virtuoso.ade.simulationMonitor] - Total time required for dc analysis `dcOp': CPU = 1.944 ms, elapsed = 5.23806 ms, util. = 37.1%. {"history": "Interactive.284", "point": 1, "testname": "OP", "cornername": "Nominal"}
[2026-09-01 07:51:22.266 Z] [INFO] [cadence.virtuoso.ade.simulationMonitor] - Peak resident memory used = 187 Mbytes. {"history": "Interactive.284", "point": 1, "testname": "OP", "cornername": "Nominal"}
[2026-09-01 07:51:22.266 Z] [INFO] [cadence.virtuoso.ade.simulationMonitor] - Time used: CPU = 174 ms, elapsed = 592 ms, util. = 29.4%. {"history": "Interactive.284", "point": 1, "testname": "OP", "cornername": "Nominal"}
[2026-09-01 07:51:22.266 Z] [INFO] [cadence.virtuoso.ade.simulationMonitor] - Time spent in licensing: elapsed = 27.5 ms. {"history": "Interactive.284", "point": 1, "testname": "OP", "cornername": "Nominal"}
[2026-09-01 07:51:22.266 Z] [INFO] [cadence.virtuoso.ade.simulationMonitor] - Peak memory used = 188 Mbytes. {"history": "Interactive.284", "point": 1, "testname": "OP", "cornername": "Nominal"}
[2026-09-01 07:51:22.267 Z] [PROCESS] [cadence.virtuoso.ade.simulationMonitor] - Simulation started at: 7:51:21 AM, Tue Sep 1, 2026, ended at: 7:51:21 AM, Tue Sep 1, 2026, with elapsed time (wall clock): 592 ms. {"history": "Interactive.284", "point": 1, "testname": "OP", "cornername": "Nominal"}
[2026-09-01 07:51:22.267 Z] [PROCESS] [cadence.virtuoso.ade.simulationMonitor] - spectre completes with 0 errors, 4 warnings, and 5 notices. {"history": "Interactive.284", "point": 1, "testname": "OP", "cornername": "Nominal"}
[2026-09-01 07:51:22.267 Z] [PROCESS] [cadence.virtuoso.ade.simulationMonitor] - Finished simulating for one point {"hostname": "edatools", "processid": 141410, "history": "Interactive.284", "testname": "OP", "cornername": "Nominal", "point": 1, "logfile": "/home/saul/projects/LF_BG/logs_saul/logs5/Job19.log", "simid": "3"}
[2026-09-01 07:51:22.267 Z] [PROCESS] [cadence.virtuoso.ade.simulationMonitor] - Simulator exited {"hostname": "edatools", "processid": 141410, "history": "Interactive.284", "testname": "OP", "cornername": "Nominal", "point": 1, "logfile": "/home/saul/projects/LF_BG/logs_saul/logs5/Job19.log", "exitStatus": "0"}
[2026-09-01 07:51:22.267 Z] [PROCESS] [cadence.virtuoso.ade.simulationMonitor] - Finished Simulation {"hostname": "edatools", "processid": 141410, "history": "Interactive.284", "testname": "OP", "cornername": "Nominal", "point": 1, "logfile": "/home/saul/projects/LF_BG/logs_saul/logs5/Job19.log", "simid": "3"}
[2026-09-01 07:51:24.274 Z] [PROCESS] [cadence.virtuoso.ade.simulationMonitor] - Point Finished {"hostname": "edatools", "processid": 141410, "history": "Interactive.284", "testname": "OP", "cornername": "Nominal", "point": 1, "logfile": "/home/saul/projects/LF_BG/logs_saul/logs5/Job19.log"}
[2026-09-01 07:52:09.709 Z] [PROCESS] [cadence.virtuoso.ade.simulationMonitor] - Started History {"hostname": "edatools", "processid": 141410, "history": "Interactive.285", "testname": "OP", "cornername": "Nominal", "point": 1, "logfile": "/home/saul/projects/LF_BG/logs_saul/logs5/Job19.log"}
[2026-09-01 07:52:09.710 Z] [PROCESS] [cadence.virtuoso.ade.simulationMonitor] - HostInfo:
Host name (type):	edatools (x86_64)
Operating system:	Linux 7.0.0-30-generic #30~24.04.1-Ubuntu SMP PREEMPT_DYNAMIC Fri Aug  7 13:27:52 UTC 2 {"hostname": "edatools", "processid": 141410, "history": "Interactive.285", "testname": "OP", "cornername": "Nominal", "point": 1, "logfile": "/home/saul/projects/LF_BG/logs_saul/logs5/Job19.log", "nodename": "edatools", "domainname": "(none)", "machine": "x86_64", "sysname": "Linux", "release": "7.0.0-30-generic", "version": "#30~24.04.1-Ubuntu SMP PREEMPT_DYNAMIC Fri Aug  7 13:27:52 UTC 2"}
[2026-09-01 07:52:09.711 Z] [PROCESS] [cadence.virtuoso.ade.simulationMonitor] - UsageInfo:
pid=141410
totalPhysicalMemory=62.541851GB,Used=24.622021GB,totalVirtualMemory=70.541847GB,Used=24.622021GB
Cpu: Cores=16, Load average:0.300000,0.190000,0.180000 {"hostname": "edatools", "processid": 141410, "history": "Interactive.285", "testname": "OP", "cornername": "Nominal", "point": 1, "logfile": "/home/saul/projects/LF_BG/logs_saul/logs5/Job19.log", "pid": "141410", "totalPhysicalMemory": "62.541851", "physicalMemoryUsed": "24.622021", "totalVirtualMemory": "70.541847", "virtualMemoryUsed": "24.622021", "cpuCores": "16", "processes": "2121", "loadAverage1": "0.300000", "loadAverage5": "0.190000", "loadAverage15": "0.180000", "loadAverage1Percent": "0.018750"}
[2026-09-01 07:52:09.712 Z] [EVENT] [cadence.virtuoso.ade.simulationMonitor] - NewPoint {"history": "Interactive.285", "point": 1, "testname": "OP", "cornername": "Nominal", "event": "NewPoint", "EventSource": "Simulation Monitor", "HistoryName": "Interactive.285", "logFile": "/home/saul/projects/LF_BG/logs_saul/logs5/Job19.log", "logFileSize": "37213"}
[2026-09-01 07:52:09.814 Z] [EVENT] [cadence.virtuoso.ade.simulationMonitor] - NewPoint {"history": "Interactive.285", "point": 1, "testname": "OP", "cornername": "Nominal", "event": "NewPoint", "EventSource": "spectre", "HistoryName": "Interactive.285", "logFile": "/home/saul/simulation/REF_GEN/REF_GEN_f_TB/maestro/results/maestro/Interactive.285/1/OP/psf/spectre.out", "logFileSize": "-1"}
[2026-09-01 07:52:09.832 Z] [PROCESS] [cadence.virtuoso.ade.simulationMonitor] - Simulator launched {"hostname": "edatools", "processid": 141410, "history": "Interactive.285", "testname": "OP", "cornername": "Nominal", "point": 1, "logfile": "/home/saul/projects/LF_BG/logs_saul/logs5/Job19.log", "simid": "4"}
[2026-09-01 07:52:09.835 Z] [PROCESS] [cadence.virtuoso.ade.simulationMonitor] - Expression evaluator launched {"hostname": "edatools", "processid": 141410, "history": "Interactive.285", "testname": "OP", "cornername": "Nominal", "point": 1, "logfile": "/home/saul/projects/LF_BG/logs_saul/logs5/Job19.log"}
[2026-09-01 07:52:09.860 Z] [PROCESS] [cadence.virtuoso.ade.simulationMonitor] - Started Simulation {"hostname": "edatools", "processid": 141410, "history": "Interactive.285", "testname": "OP", "cornername": "Nominal", "point": 1, "logfile": "/home/saul/projects/LF_BG/logs_saul/logs5/Job19.log", "event": "started", "task": "simulation"}
[2026-09-01 07:52:10.861 Z] [INFO] [cadence.virtuoso.ade.simulationMonitor] - Peak resident memory used = 170 Mbytes. {"history": "Interactive.285", "point": 1, "testname": "OP", "cornername": "Nominal"}
[2026-09-01 07:52:10.861 Z] [INFO] [cadence.virtuoso.ade.simulationMonitor] - Peak resident memory used = 179 Mbytes. {"history": "Interactive.285", "point": 1, "testname": "OP", "cornername": "Nominal"}
[2026-09-01 07:52:10.861 Z] [INFO] [cadence.virtuoso.ade.simulationMonitor] - Notice from spectre during hierarchy flattening.
    The value 'psf' specified for the 'checklimitdest' option will no longer be supported in future releases. Use 'spectre -h' to see other recommended values for the 'checklimitdest' option. {"history": "Interactive.285", "point": 1, "testname": "OP", "cornername": "Nominal"}
[2026-09-01 07:52:10.862 Z] [WARN] [cadence.virtuoso.ade.simulationMonitor] -     WARNING (SPECTRE-16718): inlinesubcktcurrent option is set as `subckt', all the inline subckts will be treated as normal subckts when you access the current of their terminals. {"history": "Interactive.285", "point": 1, "testname": "OP", "cornername": "Nominal"}
[2026-09-01 07:52:10.862 Z] [WARN] [cadence.virtuoso.ade.simulationMonitor] -     WARNING (SPECTRE-8527): There are some nodes and instances removed from the netlist topology check. Check the circuit and correct the topology. Or use preserve_inst to keep them if necessary. {"history": "Interactive.285", "point": 1, "testname": "OP", "cornername": "Nominal"}
[2026-09-01 07:52:10.862 Z] [WARN] [cadence.virtuoso.ade.simulationMonitor] -     WARNING (SPECTRE-8529): Dangling instance. V9 is removed. {"history": "Interactive.285", "point": 1, "testname": "OP", "cornername": "Nominal"}
[2026-09-01 07:52:10.862 Z] [WARN] [cadence.virtuoso.ade.simulationMonitor] -     WARNING (SPECTRE-8530): Dangling node. net9 is removed. {"history": "Interactive.285", "point": 1, "testname": "OP", "cornername": "Nominal"}
[2026-09-01 07:52:10.862 Z] [INFO] [cadence.virtuoso.ade.simulationMonitor] - Peak resident memory used = 181 Mbytes. {"history": "Interactive.285", "point": 1, "testname": "OP", "cornername": "Nominal"}
[2026-09-01 07:52:10.862 Z] [INFO] [cadence.virtuoso.ade.simulationMonitor] - Notice from spectre during topology check.
    No DC path from node `VbgT' to ground, Gmin installed to provide path. {"history": "Interactive.285", "point": 1, "testname": "OP", "cornername": "Nominal"}
[2026-09-01 07:52:10.862 Z] [INFO] [cadence.virtuoso.ade.simulationMonitor] - Notice from spectre during initial setup.
    Multithreading is disabled due to the size of the design being too small. {"history": "Interactive.285", "point": 1, "testname": "OP", "cornername": "Nominal"}
[2026-09-01 07:52:10.862 Z] [INFO] [cadence.virtuoso.ade.simulationMonitor] -               nodes 56 {"history": "Interactive.285", "point": 1, "testname": "OP", "cornername": "Nominal"}
[2026-09-01 07:52:10.863 Z] [INFO] [cadence.virtuoso.ade.simulationMonitor] - Notice from spectre during initial setup.
    Fast APS enabled. {"history": "Interactive.285", "point": 1, "testname": "OP", "cornername": "Nominal"}
[2026-09-01 07:52:10.863 Z] [INFO] [cadence.virtuoso.ade.simulationMonitor] - Peak resident memory used = 184 Mbytes. {"history": "Interactive.285", "point": 1, "testname": "OP", "cornername": "Nominal"}
[2026-09-01 07:52:10.863 Z] [INFO] [cadence.virtuoso.ade.simulationMonitor] -    -   (Fast APS) Multi-threading. The recommended number of threads is 1, consider adding +mt=1 on command line. {"history": "Interactive.285", "point": 1, "testname": "OP", "cornername": "Nominal"}
[2026-09-01 07:52:10.863 Z] [INFO] [cadence.virtuoso.ade.simulationMonitor] - Total time required for dc analysis `dcOp': CPU = 1.344 ms, elapsed = 4.51803 ms, util. = 29.7%. {"history": "Interactive.285", "point": 1, "testname": "OP", "cornername": "Nominal"}
[2026-09-01 07:52:10.863 Z] [INFO] [cadence.virtuoso.ade.simulationMonitor] - Peak resident memory used = 187 Mbytes. {"history": "Interactive.285", "point": 1, "testname": "OP", "cornername": "Nominal"}
[2026-09-01 07:52:10.863 Z] [INFO] [cadence.virtuoso.ade.simulationMonitor] - Time used: CPU = 162 ms, elapsed = 549 ms, util. = 29.5%. {"history": "Interactive.285", "point": 1, "testname": "OP", "cornername": "Nominal"}
[2026-09-01 07:52:10.863 Z] [INFO] [cadence.virtuoso.ade.simulationMonitor] - Time spent in licensing: elapsed = 30.3 ms, percentage of total = 5.52%. {"history": "Interactive.285", "point": 1, "testname": "OP", "cornername": "Nominal"}
[2026-09-01 07:52:10.864 Z] [INFO] [cadence.virtuoso.ade.simulationMonitor] - Peak memory used = 188 Mbytes. {"history": "Interactive.285", "point": 1, "testname": "OP", "cornername": "Nominal"}
[2026-09-01 07:52:10.864 Z] [PROCESS] [cadence.virtuoso.ade.simulationMonitor] - Simulation started at: 7:52:09 AM, Tue Sep 1, 2026, ended at: 7:52:10 AM, Tue Sep 1, 2026, with elapsed time (wall clock): 549 ms. {"history": "Interactive.285", "point": 1, "testname": "OP", "cornername": "Nominal"}
[2026-09-01 07:52:10.864 Z] [PROCESS] [cadence.virtuoso.ade.simulationMonitor] - spectre completes with 0 errors, 4 warnings, and 5 notices. {"history": "Interactive.285", "point": 1, "testname": "OP", "cornername": "Nominal"}
[2026-09-01 07:52:10.864 Z] [PROCESS] [cadence.virtuoso.ade.simulationMonitor] - Finished simulating for one point {"hostname": "edatools", "processid": 141410, "history": "Interactive.285", "testname": "OP", "cornername": "Nominal", "point": 1, "logfile": "/home/saul/projects/LF_BG/logs_saul/logs5/Job19.log", "simid": "4"}
[2026-09-01 07:52:10.864 Z] [PROCESS] [cadence.virtuoso.ade.simulationMonitor] - Simulator exited {"hostname": "edatools", "processid": 141410, "history": "Interactive.285", "testname": "OP", "cornername": "Nominal", "point": 1, "logfile": "/home/saul/projects/LF_BG/logs_saul/logs5/Job19.log", "exitStatus": "0"}
[2026-09-01 07:52:10.864 Z] [PROCESS] [cadence.virtuoso.ade.simulationMonitor] - Finished Simulation {"hostname": "edatools", "processid": 141410, "history": "Interactive.285", "testname": "OP", "cornername": "Nominal", "point": 1, "logfile": "/home/saul/projects/LF_BG/logs_saul/logs5/Job19.log", "simid": "4"}
[2026-09-01 07:52:12.881 Z] [PROCESS] [cadence.virtuoso.ade.simulationMonitor] - Point Finished {"hostname": "edatools", "processid": 141410, "history": "Interactive.285", "testname": "OP", "cornername": "Nominal", "point": 1, "logfile": "/home/saul/projects/LF_BG/logs_saul/logs5/Job19.log"}
[2026-09-01 07:53:46.619 Z] [PROCESS] [cadence.virtuoso.ade.simulationMonitor] - Started History {"hostname": "edatools", "processid": 141410, "history": "Interactive.286", "testname": "OP", "cornername": "Nominal", "point": 1, "logfile": "/home/saul/projects/LF_BG/logs_saul/logs5/Job19.log"}
[2026-09-01 07:53:46.619 Z] [PROCESS] [cadence.virtuoso.ade.simulationMonitor] - HostInfo:
Host name (type):	edatools (x86_64)
Operating system:	Linux 7.0.0-30-generic #30~24.04.1-Ubuntu SMP PREEMPT_DYNAMIC Fri Aug  7 13:27:52 UTC 2 {"hostname": "edatools", "processid": 141410, "history": "Interactive.286", "testname": "OP", "cornername": "Nominal", "point": 1, "logfile": "/home/saul/projects/LF_BG/logs_saul/logs5/Job19.log", "nodename": "edatools", "domainname": "(none)", "machine": "x86_64", "sysname": "Linux", "release": "7.0.0-30-generic", "version": "#30~24.04.1-Ubuntu SMP PREEMPT_DYNAMIC Fri Aug  7 13:27:52 UTC 2"}
[2026-09-01 07:53:46.620 Z] [PROCESS] [cadence.virtuoso.ade.simulationMonitor] - UsageInfo:
pid=141410
totalPhysicalMemory=62.541851GB,Used=24.633904GB,totalVirtualMemory=70.541847GB,Used=24.633904GB
Cpu: Cores=16, Load average:0.120000,0.150000,0.160000 {"hostname": "edatools", "processid": 141410, "history": "Interactive.286", "testname": "OP", "cornername": "Nominal", "point": 1, "logfile": "/home/saul/projects/LF_BG/logs_saul/logs5/Job19.log", "pid": "141410", "totalPhysicalMemory": "62.541851", "physicalMemoryUsed": "24.633904", "totalVirtualMemory": "70.541847", "virtualMemoryUsed": "24.633904", "cpuCores": "16", "processes": "2117", "loadAverage1": "0.120000", "loadAverage5": "0.150000", "loadAverage15": "0.160000", "loadAverage1Percent": "0.007500"}
[2026-09-01 07:53:46.621 Z] [EVENT] [cadence.virtuoso.ade.simulationMonitor] - NewPoint {"history": "Interactive.286", "point": 1, "testname": "OP", "cornername": "Nominal", "event": "NewPoint", "EventSource": "Simulation Monitor", "HistoryName": "Interactive.286", "logFile": "/home/saul/projects/LF_BG/logs_saul/logs5/Job19.log", "logFileSize": "47136"}
[2026-09-01 07:53:46.723 Z] [EVENT] [cadence.virtuoso.ade.simulationMonitor] - NewPoint {"history": "Interactive.286", "point": 1, "testname": "OP", "cornername": "Nominal", "event": "NewPoint", "EventSource": "spectre", "HistoryName": "Interactive.286", "logFile": "/home/saul/simulation/REF_GEN/REF_GEN_f_TB/maestro/results/maestro/Interactive.286/1/OP/psf/spectre.out", "logFileSize": "-1"}
[2026-09-01 07:53:46.733 Z] [PROCESS] [cadence.virtuoso.ade.simulationMonitor] - Simulator launched {"hostname": "edatools", "processid": 141410, "history": "Interactive.286", "testname": "OP", "cornername": "Nominal", "point": 1, "logfile": "/home/saul/projects/LF_BG/logs_saul/logs5/Job19.log", "simid": "5"}
[2026-09-01 07:53:46.734 Z] [PROCESS] [cadence.virtuoso.ade.simulationMonitor] - Expression evaluator launched {"hostname": "edatools", "processid": 141410, "history": "Interactive.286", "testname": "OP", "cornername": "Nominal", "point": 1, "logfile": "/home/saul/projects/LF_BG/logs_saul/logs5/Job19.log"}
[2026-09-01 07:53:46.764 Z] [PROCESS] [cadence.virtuoso.ade.simulationMonitor] - Started Simulation {"hostname": "edatools", "processid": 141410, "history": "Interactive.286", "testname": "OP", "cornername": "Nominal", "point": 1, "logfile": "/home/saul/projects/LF_BG/logs_saul/logs5/Job19.log", "event": "started", "task": "simulation"}
[2026-09-01 07:53:47.765 Z] [INFO] [cadence.virtuoso.ade.simulationMonitor] - Peak resident memory used = 170 Mbytes. {"history": "Interactive.286", "point": 1, "testname": "OP", "cornername": "Nominal"}
[2026-09-01 07:53:47.766 Z] [INFO] [cadence.virtuoso.ade.simulationMonitor] - Peak resident memory used = 179 Mbytes. {"history": "Interactive.286", "point": 1, "testname": "OP", "cornername": "Nominal"}
[2026-09-01 07:53:47.766 Z] [INFO] [cadence.virtuoso.ade.simulationMonitor] - Notice from spectre during hierarchy flattening.
    The value 'psf' specified for the 'checklimitdest' option will no longer be supported in future releases. Use 'spectre -h' to see other recommended values for the 'checklimitdest' option. {"history": "Interactive.286", "point": 1, "testname": "OP", "cornername": "Nominal"}
[2026-09-01 07:53:47.766 Z] [WARN] [cadence.virtuoso.ade.simulationMonitor] -     WARNING (SPECTRE-16718): inlinesubcktcurrent option is set as `subckt', all the inline subckts will be treated as normal subckts when you access the current of their terminals. {"history": "Interactive.286", "point": 1, "testname": "OP", "cornername": "Nominal"}
[2026-09-01 07:53:47.767 Z] [WARN] [cadence.virtuoso.ade.simulationMonitor] -     WARNING (SPECTRE-8527): There are some nodes and instances removed from the netlist topology check. Check the circuit and correct the topology. Or use preserve_inst to keep them if necessary. {"history": "Interactive.286", "point": 1, "testname": "OP", "cornername": "Nominal"}
[2026-09-01 07:53:47.767 Z] [WARN] [cadence.virtuoso.ade.simulationMonitor] -     WARNING (SPECTRE-8529): Dangling instance. V9 is removed. {"history": "Interactive.286", "point": 1, "testname": "OP", "cornername": "Nominal"}
[2026-09-01 07:53:47.768 Z] [WARN] [cadence.virtuoso.ade.simulationMonitor] -     WARNING (SPECTRE-8530): Dangling node. net9 is removed. {"history": "Interactive.286", "point": 1, "testname": "OP", "cornername": "Nominal"}
[2026-09-01 07:53:47.768 Z] [INFO] [cadence.virtuoso.ade.simulationMonitor] - Peak resident memory used = 181 Mbytes. {"history": "Interactive.286", "point": 1, "testname": "OP", "cornername": "Nominal"}
[2026-09-01 07:53:47.768 Z] [INFO] [cadence.virtuoso.ade.simulationMonitor] - Notice from spectre during topology check.
    No DC path from node `VbgT' to ground, Gmin installed to provide path. {"history": "Interactive.286", "point": 1, "testname": "OP", "cornername": "Nominal"}
[2026-09-01 07:53:47.769 Z] [INFO] [cadence.virtuoso.ade.simulationMonitor] - Notice from spectre during initial setup.
    Multithreading is disabled due to the size of the design being too small. {"history": "Interactive.286", "point": 1, "testname": "OP", "cornername": "Nominal"}
[2026-09-01 07:53:47.769 Z] [INFO] [cadence.virtuoso.ade.simulationMonitor] -               nodes 56 {"history": "Interactive.286", "point": 1, "testname": "OP", "cornername": "Nominal"}
[2026-09-01 07:53:47.770 Z] [INFO] [cadence.virtuoso.ade.simulationMonitor] - Notice from spectre during initial setup.
    Fast APS enabled. {"history": "Interactive.286", "point": 1, "testname": "OP", "cornername": "Nominal"}
[2026-09-01 07:53:47.770 Z] [INFO] [cadence.virtuoso.ade.simulationMonitor] - Peak resident memory used = 184 Mbytes. {"history": "Interactive.286", "point": 1, "testname": "OP", "cornername": "Nominal"}
[2026-09-01 07:53:47.770 Z] [INFO] [cadence.virtuoso.ade.simulationMonitor] -    -   (Fast APS) Multi-threading. The recommended number of threads is 1, consider adding +mt=1 on command line. {"history": "Interactive.286", "point": 1, "testname": "OP", "cornername": "Nominal"}
[2026-09-01 07:53:47.770 Z] [INFO] [cadence.virtuoso.ade.simulationMonitor] - Total time required for dc analysis `dcOp': CPU = 1.504 ms, elapsed = 4.88591 ms, util. = 30.8%. {"history": "Interactive.286", "point": 1, "testname": "OP", "cornername": "Nominal"}
[2026-09-01 07:53:47.771 Z] [INFO] [cadence.virtuoso.ade.simulationMonitor] - Peak resident memory used = 187 Mbytes. {"history": "Interactive.286", "point": 1, "testname": "OP", "cornername": "Nominal"}
[2026-09-01 07:53:47.771 Z] [INFO] [cadence.virtuoso.ade.simulationMonitor] - Time used: CPU = 178 ms, elapsed = 600 ms, util. = 29.6%. {"history": "Interactive.286", "point": 1, "testname": "OP", "cornername": "Nominal"}
[2026-09-01 07:53:47.771 Z] [INFO] [cadence.virtuoso.ade.simulationMonitor] - Time spent in licensing: elapsed = 40.1 ms, percentage of total = 6.69%. {"history": "Interactive.286", "point": 1, "testname": "OP", "cornername": "Nominal"}
[2026-09-01 07:53:47.771 Z] [INFO] [cadence.virtuoso.ade.simulationMonitor] - Peak memory used = 188 Mbytes. {"history": "Interactive.286", "point": 1, "testname": "OP", "cornername": "Nominal"}
[2026-09-01 07:53:47.771 Z] [PROCESS] [cadence.virtuoso.ade.simulationMonitor] - Simulation started at: 7:53:46 AM, Tue Sep 1, 2026, ended at: 7:53:47 AM, Tue Sep 1, 2026, with elapsed time (wall clock): 600 ms. {"history": "Interactive.286", "point": 1, "testname": "OP", "cornername": "Nominal"}
[2026-09-01 07:53:47.772 Z] [PROCESS] [cadence.virtuoso.ade.simulationMonitor] - spectre completes with 0 errors, 4 warnings, and 5 notices. {"history": "Interactive.286", "point": 1, "testname": "OP", "cornername": "Nominal"}
[2026-09-01 07:53:47.772 Z] [PROCESS] [cadence.virtuoso.ade.simulationMonitor] - Finished simulating for one point {"hostname": "edatools", "processid": 141410, "history": "Interactive.286", "testname": "OP", "cornername": "Nominal", "point": 1, "logfile": "/home/saul/projects/LF_BG/logs_saul/logs5/Job19.log", "simid": "5"}
[2026-09-01 07:53:47.772 Z] [PROCESS] [cadence.virtuoso.ade.simulationMonitor] - Simulator exited {"hostname": "edatools", "processid": 141410, "history": "Interactive.286", "testname": "OP", "cornername": "Nominal", "point": 1, "logfile": "/home/saul/projects/LF_BG/logs_saul/logs5/Job19.log", "exitStatus": "0"}
[2026-09-01 07:53:47.773 Z] [PROCESS] [cadence.virtuoso.ade.simulationMonitor] - Finished Simulation {"hostname": "edatools", "processid": 141410, "history": "Interactive.286", "testname": "OP", "cornername": "Nominal", "point": 1, "logfile": "/home/saul/projects/LF_BG/logs_saul/logs5/Job19.log", "simid": "5"}
[2026-09-01 07:53:49.788 Z] [PROCESS] [cadence.virtuoso.ade.simulationMonitor] - Point Finished {"hostname": "edatools", "processid": 141410, "history": "Interactive.286", "testname": "OP", "cornername": "Nominal", "point": 1, "logfile": "/home/saul/projects/LF_BG/logs_saul/logs5/Job19.log"}
[2026-09-01 07:55:07.568 Z] [PROCESS] [cadence.virtuoso.ade.simulationMonitor] - Started History {"hostname": "edatools", "processid": 141410, "history": "Interactive.287", "testname": "OP", "cornername": "Nominal", "point": 1, "logfile": "/home/saul/projects/LF_BG/logs_saul/logs5/Job19.log"}
[2026-09-01 07:55:07.569 Z] [PROCESS] [cadence.virtuoso.ade.simulationMonitor] - HostInfo:
Host name (type):	edatools (x86_64)
Operating system:	Linux 7.0.0-30-generic #30~24.04.1-Ubuntu SMP PREEMPT_DYNAMIC Fri Aug  7 13:27:52 UTC 2 {"hostname": "edatools", "processid": 141410, "history": "Interactive.287", "testname": "OP", "cornername": "Nominal", "point": 1, "logfile": "/home/saul/projects/LF_BG/logs_saul/logs5/Job19.log", "nodename": "edatools", "domainname": "(none)", "machine": "x86_64", "sysname": "Linux", "release": "7.0.0-30-generic", "version": "#30~24.04.1-Ubuntu SMP PREEMPT_DYNAMIC Fri Aug  7 13:27:52 UTC 2"}
[2026-09-01 07:55:07.569 Z] [PROCESS] [cadence.virtuoso.ade.simulationMonitor] - UsageInfo:
pid=141410
totalPhysicalMemory=62.541851GB,Used=24.650726GB,totalVirtualMemory=70.541847GB,Used=24.650726GB
Cpu: Cores=16, Load average:0.270000,0.190000,0.180000 {"hostname": "edatools", "processid": 141410, "history": "Interactive.287", "testname": "OP", "cornername": "Nominal", "point": 1, "logfile": "/home/saul/projects/LF_BG/logs_saul/logs5/Job19.log", "pid": "141410", "totalPhysicalMemory": "62.541851", "physicalMemoryUsed": "24.650726", "totalVirtualMemory": "70.541847", "virtualMemoryUsed": "24.650726", "cpuCores": "16", "processes": "2122", "loadAverage1": "0.270000", "loadAverage5": "0.190000", "loadAverage15": "0.180000", "loadAverage1Percent": "0.016875"}
[2026-09-01 07:55:07.570 Z] [EVENT] [cadence.virtuoso.ade.simulationMonitor] - NewPoint {"history": "Interactive.287", "point": 1, "testname": "OP", "cornername": "Nominal", "event": "NewPoint", "EventSource": "Simulation Monitor", "HistoryName": "Interactive.287", "logFile": "/home/saul/projects/LF_BG/logs_saul/logs5/Job19.log", "logFileSize": "57059"}
[2026-09-01 07:55:07.673 Z] [EVENT] [cadence.virtuoso.ade.simulationMonitor] - NewPoint {"history": "Interactive.287", "point": 1, "testname": "OP", "cornername": "Nominal", "event": "NewPoint", "EventSource": "spectre", "HistoryName": "Interactive.287", "logFile": "/home/saul/simulation/REF_GEN/REF_GEN_f_TB/maestro/results/maestro/Interactive.287/1/OP/psf/spectre.out", "logFileSize": "-1"}
[2026-09-01 07:55:07.682 Z] [PROCESS] [cadence.virtuoso.ade.simulationMonitor] - Simulator launched {"hostname": "edatools", "processid": 141410, "history": "Interactive.287", "testname": "OP", "cornername": "Nominal", "point": 1, "logfile": "/home/saul/projects/LF_BG/logs_saul/logs5/Job19.log", "simid": "6"}
[2026-09-01 07:55:07.683 Z] [PROCESS] [cadence.virtuoso.ade.simulationMonitor] - Expression evaluator launched {"hostname": "edatools", "processid": 141410, "history": "Interactive.287", "testname": "OP", "cornername": "Nominal", "point": 1, "logfile": "/home/saul/projects/LF_BG/logs_saul/logs5/Job19.log"}
[2026-09-01 07:55:07.719 Z] [PROCESS] [cadence.virtuoso.ade.simulationMonitor] - Started Simulation {"hostname": "edatools", "processid": 141410, "history": "Interactive.287", "testname": "OP", "cornername": "Nominal", "point": 1, "logfile": "/home/saul/projects/LF_BG/logs_saul/logs5/Job19.log", "event": "started", "task": "simulation"}
[2026-09-01 07:55:08.719 Z] [INFO] [cadence.virtuoso.ade.simulationMonitor] - Peak resident memory used = 170 Mbytes. {"history": "Interactive.287", "point": 1, "testname": "OP", "cornername": "Nominal"}
[2026-09-01 07:55:08.720 Z] [WARN] [cadence.virtuoso.ade.simulationMonitor] -     WARNING (VACOMP-1116): "/home/saul/projects/LF_BG/REF_GEN/REF_GEN_fL_2/veriloga/veriloga.va", line 231: Transition filter contains a continuous signal in the expression. Since a transition filter can only be applied to piecewise constant signals, redefine the expression to ensure that the transition filter applies only to a piecewise constant signal. {"history": "Interactive.287", "point": 1, "testname": "OP", "cornername": "Nominal"}
[2026-09-01 07:55:08.721 Z] [WARN] [cadence.virtuoso.ade.simulationMonitor] -     WARNING (VACOMP-1116): "/home/saul/projects/LF_BG/REF_GEN/REF_GEN_fL_2/veriloga/veriloga.va", line 232: Transition filter contains a continuous signal in the expression. Since a transition filter can only be applied to piecewise constant signals, redefine the expression to ensure that the transition filter applies only to a piecewise constant signal. {"history": "Interactive.287", "point": 1, "testname": "OP", "cornername": "Nominal"}
[2026-09-01 07:55:08.721 Z] [WARN] [cadence.virtuoso.ade.simulationMonitor] -     WARNING (VACOMP-1116): "/home/saul/projects/LF_BG/REF_GEN/REF_GEN_fL_2/veriloga/veriloga.va", line 236: Transition filter contains a continuous signal in the expression. Since a transition filter can only be applied to piecewise constant signals, redefine the expression to ensure that the transition filter applies only to a piecewise constant signal. {"history": "Interactive.287", "point": 1, "testname": "OP", "cornername": "Nominal"}
[2026-09-01 07:55:08.721 Z] [WARN] [cadence.virtuoso.ade.simulationMonitor] -     WARNING (VACOMP-1116): "/home/saul/projects/LF_BG/REF_GEN/REF_GEN_fL_2/veriloga/veriloga.va", line 237: Transition filter contains a continuous signal in the expression. Since a transition filter can only be applied to piecewise constant signals, redefine the expression to ensure that the transition filter applies only to a piecewise constant signal. {"history": "Interactive.287", "point": 1, "testname": "OP", "cornername": "Nominal"}
[2026-09-01 07:55:08.721 Z] [WARN] [cadence.virtuoso.ade.simulationMonitor] -     WARNING (VACOMP-1116): "/home/saul/projects/LF_BG/REF_GEN/REF_GEN_fL_2/veriloga/veriloga.va", line 238: Transition filter contains a continuous signal in the expression. Since a transition filter can only be applied to piecewise constant signals, redefine the expression to ensure that the transition filter applies only to a piecewise constant signal.
        Further occurrences of this warning will be suppressed. {"history": "Interactive.287", "point": 1, "testname": "OP", "cornername": "Nominal"}
[2026-09-01 07:55:09.721 Z] [INFO] [cadence.virtuoso.ade.simulationMonitor] - Peak resident memory used = 204 Mbytes. {"history": "Interactive.287", "point": 1, "testname": "OP", "cornername": "Nominal"}
[2026-09-01 07:55:09.721 Z] [INFO] [cadence.virtuoso.ade.simulationMonitor] - Notice from spectre during hierarchy flattening.
    The value 'psf' specified for the 'checklimitdest' option will no longer be supported in future releases. Use 'spectre -h' to see other recommended values for the 'checklimitdest' option. {"history": "Interactive.287", "point": 1, "testname": "OP", "cornername": "Nominal"}
[2026-09-01 07:55:09.721 Z] [WARN] [cadence.virtuoso.ade.simulationMonitor] -     WARNING (SPECTRE-16718): inlinesubcktcurrent option is set as `subckt', all the inline subckts will be treated as normal subckts when you access the current of their terminals. {"history": "Interactive.287", "point": 1, "testname": "OP", "cornername": "Nominal"}
[2026-09-01 07:55:09.722 Z] [WARN] [cadence.virtuoso.ade.simulationMonitor] -     WARNING (SPECTRE-8527): There are some nodes and instances removed from the netlist topology check. Check the circuit and correct the topology. Or use preserve_inst to keep them if necessary. {"history": "Interactive.287", "point": 1, "testname": "OP", "cornername": "Nominal"}
[2026-09-01 07:55:09.722 Z] [WARN] [cadence.virtuoso.ade.simulationMonitor] -     WARNING (SPECTRE-8529): Dangling instance. V9 is removed. {"history": "Interactive.287", "point": 1, "testname": "OP", "cornername": "Nominal"}
[2026-09-01 07:55:09.722 Z] [WARN] [cadence.virtuoso.ade.simulationMonitor] -     WARNING (SPECTRE-8530): Dangling node. net9 is removed. {"history": "Interactive.287", "point": 1, "testname": "OP", "cornername": "Nominal"}
[2026-09-01 07:55:09.722 Z] [INFO] [cadence.virtuoso.ade.simulationMonitor] - Peak resident memory used = 205 Mbytes. {"history": "Interactive.287", "point": 1, "testname": "OP", "cornername": "Nominal"}
[2026-09-01 07:55:09.722 Z] [INFO] [cadence.virtuoso.ade.simulationMonitor] - Notice from spectre during topology check.
    No DC path from node `VbgT' to ground, Gmin installed to provide path. {"history": "Interactive.287", "point": 1, "testname": "OP", "cornername": "Nominal"}
[2026-09-01 07:55:09.722 Z] [INFO] [cadence.virtuoso.ade.simulationMonitor] - Notice from spectre during initial setup.
    Multithreading is disabled due to the size of the design being too small. {"history": "Interactive.287", "point": 1, "testname": "OP", "cornername": "Nominal"}
[2026-09-01 07:55:09.722 Z] [INFO] [cadence.virtuoso.ade.simulationMonitor] -               nodes 56 {"history": "Interactive.287", "point": 1, "testname": "OP", "cornername": "Nominal"}
[2026-09-01 07:55:09.722 Z] [INFO] [cadence.virtuoso.ade.simulationMonitor] - Notice from spectre during initial setup.
    Fast APS enabled.
    9 warnings suppressed. {"history": "Interactive.287", "point": 1, "testname": "OP", "cornername": "Nominal"}
[2026-09-01 07:55:09.722 Z] [INFO] [cadence.virtuoso.ade.simulationMonitor] - Peak resident memory used = 208 Mbytes. {"history": "Interactive.287", "point": 1, "testname": "OP", "cornername": "Nominal"}
[2026-09-01 07:55:09.722 Z] [INFO] [cadence.virtuoso.ade.simulationMonitor] -    -   (Fast APS) Multi-threading. The recommended number of threads is 1, consider adding +mt=1 on command line. {"history": "Interactive.287", "point": 1, "testname": "OP", "cornername": "Nominal"}
[2026-09-01 07:55:10.223 Z] [INFO] [cadence.virtuoso.ade.simulationMonitor] - Total time required for dc analysis `dcOp': CPU = 1.566 ms, elapsed = 5.33581 ms, util. = 29.3%. {"history": "Interactive.287", "point": 1, "testname": "OP", "cornername": "Nominal"}
[2026-09-01 07:55:10.224 Z] [INFO] [cadence.virtuoso.ade.simulationMonitor] - Peak resident memory used = 208 Mbytes. {"history": "Interactive.287", "point": 1, "testname": "OP", "cornername": "Nominal"}
[2026-09-01 07:55:10.224 Z] [INFO] [cadence.virtuoso.ade.simulationMonitor] - Time used: CPU = 259 ms, elapsed = 1.96 s, util. = 13.2%. {"history": "Interactive.287", "point": 1, "testname": "OP", "cornername": "Nominal"}
[2026-09-01 07:55:10.224 Z] [INFO] [cadence.virtuoso.ade.simulationMonitor] - Time spent in licensing: elapsed = 30.2 ms. {"history": "Interactive.287", "point": 1, "testname": "OP", "cornername": "Nominal"}
[2026-09-01 07:55:10.225 Z] [INFO] [cadence.virtuoso.ade.simulationMonitor] - Peak memory used = 208 Mbytes. {"history": "Interactive.287", "point": 1, "testname": "OP", "cornername": "Nominal"}
[2026-09-01 07:55:10.226 Z] [PROCESS] [cadence.virtuoso.ade.simulationMonitor] - Simulation started at: 7:55:07 AM, Tue Sep 1, 2026, ended at: 7:55:09 AM, Tue Sep 1, 2026, with elapsed time (wall clock): 1.96 s. {"history": "Interactive.287", "point": 1, "testname": "OP", "cornername": "Nominal"}
[2026-09-01 07:55:10.226 Z] [PROCESS] [cadence.virtuoso.ade.simulationMonitor] - spectre completes with 0 errors, 9 warnings, and 6 notices. {"history": "Interactive.287", "point": 1, "testname": "OP", "cornername": "Nominal"}
[2026-09-01 07:55:10.227 Z] [PROCESS] [cadence.virtuoso.ade.simulationMonitor] - Finished simulating for one point {"hostname": "edatools", "processid": 141410, "history": "Interactive.287", "testname": "OP", "cornername": "Nominal", "point": 1, "logfile": "/home/saul/projects/LF_BG/logs_saul/logs5/Job19.log", "simid": "6"}
[2026-09-01 07:55:10.227 Z] [PROCESS] [cadence.virtuoso.ade.simulationMonitor] - Simulator exited {"hostname": "edatools", "processid": 141410, "history": "Interactive.287", "testname": "OP", "cornername": "Nominal", "point": 1, "logfile": "/home/saul/projects/LF_BG/logs_saul/logs5/Job19.log", "exitStatus": "0"}
[2026-09-01 07:55:10.228 Z] [PROCESS] [cadence.virtuoso.ade.simulationMonitor] - Finished Simulation {"hostname": "edatools", "processid": 141410, "history": "Interactive.287", "testname": "OP", "cornername": "Nominal", "point": 1, "logfile": "/home/saul/projects/LF_BG/logs_saul/logs5/Job19.log", "simid": "6"}
[2026-09-01 07:55:11.245 Z] [PROCESS] [cadence.virtuoso.ade.simulationMonitor] - Point Finished {"hostname": "edatools", "processid": 141410, "history": "Interactive.287", "testname": "OP", "cornername": "Nominal", "point": 1, "logfile": "/home/saul/projects/LF_BG/logs_saul/logs5/Job19.log"}
[2026-09-01 07:55:39.465 Z] [PROCESS] [cadence.virtuoso.ade.simulationMonitor] - Started History {"hostname": "edatools", "processid": 141410, "history": "Interactive.288", "testname": "OP", "cornername": "Nominal", "point": 1, "logfile": "/home/saul/projects/LF_BG/logs_saul/logs5/Job19.log"}
[2026-09-01 07:55:39.466 Z] [PROCESS] [cadence.virtuoso.ade.simulationMonitor] - HostInfo:
Host name (type):	edatools (x86_64)
Operating system:	Linux 7.0.0-30-generic #30~24.04.1-Ubuntu SMP PREEMPT_DYNAMIC Fri Aug  7 13:27:52 UTC 2 {"hostname": "edatools", "processid": 141410, "history": "Interactive.288", "testname": "OP", "cornername": "Nominal", "point": 1, "logfile": "/home/saul/projects/LF_BG/logs_saul/logs5/Job19.log", "nodename": "edatools", "domainname": "(none)", "machine": "x86_64", "sysname": "Linux", "release": "7.0.0-30-generic", "version": "#30~24.04.1-Ubuntu SMP PREEMPT_DYNAMIC Fri Aug  7 13:27:52 UTC 2"}
[2026-09-01 07:55:39.467 Z] [PROCESS] [cadence.virtuoso.ade.simulationMonitor] - UsageInfo:
pid=141410
totalPhysicalMemory=62.541851GB,Used=24.702034GB,totalVirtualMemory=70.541847GB,Used=24.702034GB
Cpu: Cores=16, Load average:0.450000,0.230000,0.190000 {"hostname": "edatools", "processid": 141410, "history": "Interactive.288", "testname": "OP", "cornername": "Nominal", "point": 1, "logfile": "/home/saul/projects/LF_BG/logs_saul/logs5/Job19.log", "pid": "141410", "totalPhysicalMemory": "62.541851", "physicalMemoryUsed": "24.702034", "totalVirtualMemory": "70.541847", "virtualMemoryUsed": "24.702034", "cpuCores": "16", "processes": "2127", "loadAverage1": "0.450000", "loadAverage5": "0.230000", "loadAverage15": "0.190000", "loadAverage1Percent": "0.028125"}
[2026-09-01 07:55:39.468 Z] [EVENT] [cadence.virtuoso.ade.simulationMonitor] - NewPoint {"history": "Interactive.288", "point": 1, "testname": "OP", "cornername": "Nominal", "event": "NewPoint", "EventSource": "Simulation Monitor", "HistoryName": "Interactive.288", "logFile": "/home/saul/projects/LF_BG/logs_saul/logs5/Job19.log", "logFileSize": "69649"}
[2026-09-01 07:55:39.570 Z] [EVENT] [cadence.virtuoso.ade.simulationMonitor] - NewPoint {"history": "Interactive.288", "point": 1, "testname": "OP", "cornername": "Nominal", "event": "NewPoint", "EventSource": "spectre", "HistoryName": "Interactive.288", "logFile": "/home/saul/simulation/REF_GEN/REF_GEN_f_TB/maestro/results/maestro/Interactive.288/1/OP/psf/spectre.out", "logFileSize": "-1"}
[2026-09-01 07:55:39.585 Z] [PROCESS] [cadence.virtuoso.ade.simulationMonitor] - Simulator launched {"hostname": "edatools", "processid": 141410, "history": "Interactive.288", "testname": "OP", "cornername": "Nominal", "point": 1, "logfile": "/home/saul/projects/LF_BG/logs_saul/logs5/Job19.log", "simid": "7"}
[2026-09-01 07:55:39.586 Z] [PROCESS] [cadence.virtuoso.ade.simulationMonitor] - Expression evaluator launched {"hostname": "edatools", "processid": 141410, "history": "Interactive.288", "testname": "OP", "cornername": "Nominal", "point": 1, "logfile": "/home/saul/projects/LF_BG/logs_saul/logs5/Job19.log"}
[2026-09-01 07:55:39.616 Z] [PROCESS] [cadence.virtuoso.ade.simulationMonitor] - Started Simulation {"hostname": "edatools", "processid": 141410, "history": "Interactive.288", "testname": "OP", "cornername": "Nominal", "point": 1, "logfile": "/home/saul/projects/LF_BG/logs_saul/logs5/Job19.log", "event": "started", "task": "simulation"}
[2026-09-01 07:55:40.616 Z] [INFO] [cadence.virtuoso.ade.simulationMonitor] - Peak resident memory used = 170 Mbytes. {"history": "Interactive.288", "point": 1, "testname": "OP", "cornername": "Nominal"}
[2026-09-01 07:55:40.617 Z] [WARN] [cadence.virtuoso.ade.simulationMonitor] -     WARNING (VACOMP-1116): "/home/saul/projects/LF_BG/REF_GEN/REF_GEN_fL_2/veriloga/veriloga.va", line 231: Transition filter contains a continuous signal in the expression. Since a transition filter can only be applied to piecewise constant signals, redefine the expression to ensure that the transition filter applies only to a piecewise constant signal. {"history": "Interactive.288", "point": 1, "testname": "OP", "cornername": "Nominal"}
[2026-09-01 07:55:40.617 Z] [WARN] [cadence.virtuoso.ade.simulationMonitor] -     WARNING (VACOMP-1116): "/home/saul/projects/LF_BG/REF_GEN/REF_GEN_fL_2/veriloga/veriloga.va", line 232: Transition filter contains a continuous signal in the expression. Since a transition filter can only be applied to piecewise constant signals, redefine the expression to ensure that the transition filter applies only to a piecewise constant signal. {"history": "Interactive.288", "point": 1, "testname": "OP", "cornername": "Nominal"}
[2026-09-01 07:55:40.617 Z] [WARN] [cadence.virtuoso.ade.simulationMonitor] -     WARNING (VACOMP-1116): "/home/saul/projects/LF_BG/REF_GEN/REF_GEN_fL_2/veriloga/veriloga.va", line 236: Transition filter contains a continuous signal in the expression. Since a transition filter can only be applied to piecewise constant signals, redefine the expression to ensure that the transition filter applies only to a piecewise constant signal. {"history": "Interactive.288", "point": 1, "testname": "OP", "cornername": "Nominal"}
[2026-09-01 07:55:40.617 Z] [WARN] [cadence.virtuoso.ade.simulationMonitor] -     WARNING (VACOMP-1116): "/home/saul/projects/LF_BG/REF_GEN/REF_GEN_fL_2/veriloga/veriloga.va", line 237: Transition filter contains a continuous signal in the expression. Since a transition filter can only be applied to piecewise constant signals, redefine the expression to ensure that the transition filter applies only to a piecewise constant signal. {"history": "Interactive.288", "point": 1, "testname": "OP", "cornername": "Nominal"}
[2026-09-01 07:55:40.617 Z] [WARN] [cadence.virtuoso.ade.simulationMonitor] -     WARNING (VACOMP-1116): "/home/saul/projects/LF_BG/REF_GEN/REF_GEN_fL_2/veriloga/veriloga.va", line 238: Transition filter contains a continuous signal in the expression. Since a transition filter can only be applied to piecewise constant signals, redefine the expression to ensure that the transition filter applies only to a piecewise constant signal.
        Further occurrences of this warning will be suppressed. {"history": "Interactive.288", "point": 1, "testname": "OP", "cornername": "Nominal"}
[2026-09-01 07:55:41.618 Z] [INFO] [cadence.virtuoso.ade.simulationMonitor] - Peak resident memory used = 204 Mbytes. {"history": "Interactive.288", "point": 1, "testname": "OP", "cornername": "Nominal"}
[2026-09-01 07:55:41.618 Z] [INFO] [cadence.virtuoso.ade.simulationMonitor] - Notice from spectre during hierarchy flattening.
    The value 'psf' specified for the 'checklimitdest' option will no longer be supported in future releases. Use 'spectre -h' to see other recommended values for the 'checklimitdest' option. {"history": "Interactive.288", "point": 1, "testname": "OP", "cornername": "Nominal"}
[2026-09-01 07:55:41.618 Z] [WARN] [cadence.virtuoso.ade.simulationMonitor] -     WARNING (SPECTRE-16718): inlinesubcktcurrent option is set as `subckt', all the inline subckts will be treated as normal subckts when you access the current of their terminals. {"history": "Interactive.288", "point": 1, "testname": "OP", "cornername": "Nominal"}
[2026-09-01 07:55:41.618 Z] [WARN] [cadence.virtuoso.ade.simulationMonitor] -     WARNING (SPECTRE-8527): There are some nodes and instances removed from the netlist topology check. Check the circuit and correct the topology. Or use preserve_inst to keep them if necessary. {"history": "Interactive.288", "point": 1, "testname": "OP", "cornername": "Nominal"}
[2026-09-01 07:55:41.618 Z] [WARN] [cadence.virtuoso.ade.simulationMonitor] -     WARNING (SPECTRE-8529): Dangling instance. V9 is removed. {"history": "Interactive.288", "point": 1, "testname": "OP", "cornername": "Nominal"}
[2026-09-01 07:55:41.618 Z] [WARN] [cadence.virtuoso.ade.simulationMonitor] -     WARNING (SPECTRE-8530): Dangling node. net9 is removed. {"history": "Interactive.288", "point": 1, "testname": "OP", "cornername": "Nominal"}
[2026-09-01 07:55:41.618 Z] [INFO] [cadence.virtuoso.ade.simulationMonitor] - Peak resident memory used = 205 Mbytes. {"history": "Interactive.288", "point": 1, "testname": "OP", "cornername": "Nominal"}
[2026-09-01 07:55:41.618 Z] [INFO] [cadence.virtuoso.ade.simulationMonitor] - Notice from spectre during topology check.
    No DC path from node `VbgT' to ground, Gmin installed to provide path. {"history": "Interactive.288", "point": 1, "testname": "OP", "cornername": "Nominal"}
[2026-09-01 07:55:41.618 Z] [INFO] [cadence.virtuoso.ade.simulationMonitor] - Notice from spectre during initial setup.
    Multithreading is disabled due to the size of the design being too small. {"history": "Interactive.288", "point": 1, "testname": "OP", "cornername": "Nominal"}
[2026-09-01 07:55:41.618 Z] [INFO] [cadence.virtuoso.ade.simulationMonitor] -               nodes 56 {"history": "Interactive.288", "point": 1, "testname": "OP", "cornername": "Nominal"}
[2026-09-01 07:55:41.618 Z] [INFO] [cadence.virtuoso.ade.simulationMonitor] - Notice from spectre during initial setup.
    Fast APS enabled.
    9 warnings suppressed. {"history": "Interactive.288", "point": 1, "testname": "OP", "cornername": "Nominal"}
[2026-09-01 07:55:41.618 Z] [INFO] [cadence.virtuoso.ade.simulationMonitor] - Peak resident memory used = 208 Mbytes. {"history": "Interactive.288", "point": 1, "testname": "OP", "cornername": "Nominal"}
[2026-09-01 07:55:41.619 Z] [INFO] [cadence.virtuoso.ade.simulationMonitor] -    -   (Fast APS) Multi-threading. The recommended number of threads is 1, consider adding +mt=1 on command line. {"history": "Interactive.288", "point": 1, "testname": "OP", "cornername": "Nominal"}
[2026-09-01 07:55:41.619 Z] [INFO] [cadence.virtuoso.ade.simulationMonitor] - Total time required for dc analysis `dcOp': CPU = 1.42 ms, elapsed = 5.40805 ms, util. = 26.3%. {"history": "Interactive.288", "point": 1, "testname": "OP", "cornername": "Nominal"}
[2026-09-01 07:55:41.619 Z] [INFO] [cadence.virtuoso.ade.simulationMonitor] - Peak resident memory used = 208 Mbytes. {"history": "Interactive.288", "point": 1, "testname": "OP", "cornername": "Nominal"}
[2026-09-01 07:55:41.619 Z] [INFO] [cadence.virtuoso.ade.simulationMonitor] - Time used: CPU = 271 ms, elapsed = 1.87 s, util. = 14.5%. {"history": "Interactive.288", "point": 1, "testname": "OP", "cornername": "Nominal"}
[2026-09-01 07:55:41.619 Z] [INFO] [cadence.virtuoso.ade.simulationMonitor] - Time spent in licensing: elapsed = 31 ms. {"history": "Interactive.288", "point": 1, "testname": "OP", "cornername": "Nominal"}
[2026-09-01 07:55:41.619 Z] [INFO] [cadence.virtuoso.ade.simulationMonitor] - Peak memory used = 208 Mbytes. {"history": "Interactive.288", "point": 1, "testname": "OP", "cornername": "Nominal"}
[2026-09-01 07:55:41.619 Z] [PROCESS] [cadence.virtuoso.ade.simulationMonitor] - Simulation started at: 7:55:39 AM, Tue Sep 1, 2026, ended at: 7:55:41 AM, Tue Sep 1, 2026, with elapsed time (wall clock): 1.87 s. {"history": "Interactive.288", "point": 1, "testname": "OP", "cornername": "Nominal"}
[2026-09-01 07:55:41.619 Z] [PROCESS] [cadence.virtuoso.ade.simulationMonitor] - spectre completes with 0 errors, 9 warnings, and 6 notices. {"history": "Interactive.288", "point": 1, "testname": "OP", "cornername": "Nominal"}
[2026-09-01 07:55:41.619 Z] [PROCESS] [cadence.virtuoso.ade.simulationMonitor] - Finished simulating for one point {"hostname": "edatools", "processid": 141410, "history": "Interactive.288", "testname": "OP", "cornername": "Nominal", "point": 1, "logfile": "/home/saul/projects/LF_BG/logs_saul/logs5/Job19.log", "simid": "7"}
[2026-09-01 07:55:41.619 Z] [PROCESS] [cadence.virtuoso.ade.simulationMonitor] - Simulator exited {"hostname": "edatools", "processid": 141410, "history": "Interactive.288", "testname": "OP", "cornername": "Nominal", "point": 1, "logfile": "/home/saul/projects/LF_BG/logs_saul/logs5/Job19.log", "exitStatus": "0"}
[2026-09-01 07:55:41.619 Z] [PROCESS] [cadence.virtuoso.ade.simulationMonitor] - Finished Simulation {"hostname": "edatools", "processid": 141410, "history": "Interactive.288", "testname": "OP", "cornername": "Nominal", "point": 1, "logfile": "/home/saul/projects/LF_BG/logs_saul/logs5/Job19.log", "simid": "7"}
[2026-09-01 07:55:42.626 Z] [PROCESS] [cadence.virtuoso.ade.simulationMonitor] - Point Finished {"hostname": "edatools", "processid": 141410, "history": "Interactive.288", "testname": "OP", "cornername": "Nominal", "point": 1, "logfile": "/home/saul/projects/LF_BG/logs_saul/logs5/Job19.log"}
[2026-09-01 07:56:01.361 Z] [PROCESS] [cadence.virtuoso.ade.simulationMonitor] - Started History {"hostname": "edatools", "processid": 141410, "history": "Interactive.289", "testname": "OP", "cornername": "Nominal", "point": 1, "logfile": "/home/saul/projects/LF_BG/logs_saul/logs5/Job19.log"}
[2026-09-01 07:56:01.362 Z] [PROCESS] [cadence.virtuoso.ade.simulationMonitor] - HostInfo:
Host name (type):	edatools (x86_64)
Operating system:	Linux 7.0.0-30-generic #30~24.04.1-Ubuntu SMP PREEMPT_DYNAMIC Fri Aug  7 13:27:52 UTC 2 {"hostname": "edatools", "processid": 141410, "history": "Interactive.289", "testname": "OP", "cornername": "Nominal", "point": 1, "logfile": "/home/saul/projects/LF_BG/logs_saul/logs5/Job19.log", "nodename": "edatools", "domainname": "(none)", "machine": "x86_64", "sysname": "Linux", "release": "7.0.0-30-generic", "version": "#30~24.04.1-Ubuntu SMP PREEMPT_DYNAMIC Fri Aug  7 13:27:52 UTC 2"}
[2026-09-01 07:56:01.363 Z] [PROCESS] [cadence.virtuoso.ade.simulationMonitor] - UsageInfo:
pid=141410
totalPhysicalMemory=62.541851GB,Used=24.711243GB,totalVirtualMemory=70.541847GB,Used=24.711243GB
Cpu: Cores=16, Load average:0.400000,0.230000,0.190000 {"hostname": "edatools", "processid": 141410, "history": "Interactive.289", "testname": "OP", "cornername": "Nominal", "point": 1, "logfile": "/home/saul/projects/LF_BG/logs_saul/logs5/Job19.log", "pid": "141410", "totalPhysicalMemory": "62.541851", "physicalMemoryUsed": "24.711243", "totalVirtualMemory": "70.541847", "virtualMemoryUsed": "24.711243", "cpuCores": "16", "processes": "2123", "loadAverage1": "0.400000", "loadAverage5": "0.230000", "loadAverage15": "0.190000", "loadAverage1Percent": "0.025000"}
[2026-09-01 07:56:01.364 Z] [EVENT] [cadence.virtuoso.ade.simulationMonitor] - NewPoint {"history": "Interactive.289", "point": 1, "testname": "OP", "cornername": "Nominal", "event": "NewPoint", "EventSource": "Simulation Monitor", "HistoryName": "Interactive.289", "logFile": "/home/saul/projects/LF_BG/logs_saul/logs5/Job19.log", "logFileSize": "82236"}
[2026-09-01 07:56:01.466 Z] [EVENT] [cadence.virtuoso.ade.simulationMonitor] - NewPoint {"history": "Interactive.289", "point": 1, "testname": "OP", "cornername": "Nominal", "event": "NewPoint", "EventSource": "spectre", "HistoryName": "Interactive.289", "logFile": "/home/saul/simulation/REF_GEN/REF_GEN_f_TB/maestro/results/maestro/Interactive.289/1/OP/psf/spectre.out", "logFileSize": "-1"}
[2026-09-01 07:56:01.471 Z] [PROCESS] [cadence.virtuoso.ade.simulationMonitor] - Simulator launched {"hostname": "edatools", "processid": 141410, "history": "Interactive.289", "testname": "OP", "cornername": "Nominal", "point": 1, "logfile": "/home/saul/projects/LF_BG/logs_saul/logs5/Job19.log", "simid": "8"}
[2026-09-01 07:56:01.472 Z] [PROCESS] [cadence.virtuoso.ade.simulationMonitor] - Expression evaluator launched {"hostname": "edatools", "processid": 141410, "history": "Interactive.289", "testname": "OP", "cornername": "Nominal", "point": 1, "logfile": "/home/saul/projects/LF_BG/logs_saul/logs5/Job19.log"}
[2026-09-01 07:56:01.496 Z] [PROCESS] [cadence.virtuoso.ade.simulationMonitor] - Started Simulation {"hostname": "edatools", "processid": 141410, "history": "Interactive.289", "testname": "OP", "cornername": "Nominal", "point": 1, "logfile": "/home/saul/projects/LF_BG/logs_saul/logs5/Job19.log", "event": "started", "task": "simulation"}
[2026-09-01 07:56:02.496 Z] [INFO] [cadence.virtuoso.ade.simulationMonitor] - Peak resident memory used = 170 Mbytes. {"history": "Interactive.289", "point": 1, "testname": "OP", "cornername": "Nominal"}
[2026-09-01 07:56:02.496 Z] [WARN] [cadence.virtuoso.ade.simulationMonitor] -     WARNING (VACOMP-1116): "/home/saul/projects/LF_BG/REF_GEN/REF_GEN_fL_2/veriloga/veriloga.va", line 231: Transition filter contains a continuous signal in the expression. Since a transition filter can only be applied to piecewise constant signals, redefine the expression to ensure that the transition filter applies only to a piecewise constant signal. {"history": "Interactive.289", "point": 1, "testname": "OP", "cornername": "Nominal"}
[2026-09-01 07:56:02.497 Z] [WARN] [cadence.virtuoso.ade.simulationMonitor] -     WARNING (VACOMP-1116): "/home/saul/projects/LF_BG/REF_GEN/REF_GEN_fL_2/veriloga/veriloga.va", line 232: Transition filter contains a continuous signal in the expression. Since a transition filter can only be applied to piecewise constant signals, redefine the expression to ensure that the transition filter applies only to a piecewise constant signal. {"history": "Interactive.289", "point": 1, "testname": "OP", "cornername": "Nominal"}
[2026-09-01 07:56:02.497 Z] [WARN] [cadence.virtuoso.ade.simulationMonitor] -     WARNING (VACOMP-1116): "/home/saul/projects/LF_BG/REF_GEN/REF_GEN_fL_2/veriloga/veriloga.va", line 236: Transition filter contains a continuous signal in the expression. Since a transition filter can only be applied to piecewise constant signals, redefine the expression to ensure that the transition filter applies only to a piecewise constant signal. {"history": "Interactive.289", "point": 1, "testname": "OP", "cornername": "Nominal"}
[2026-09-01 07:56:02.497 Z] [WARN] [cadence.virtuoso.ade.simulationMonitor] -     WARNING (VACOMP-1116): "/home/saul/projects/LF_BG/REF_GEN/REF_GEN_fL_2/veriloga/veriloga.va", line 237: Transition filter contains a continuous signal in the expression. Since a transition filter can only be applied to piecewise constant signals, redefine the expression to ensure that the transition filter applies only to a piecewise constant signal. {"history": "Interactive.289", "point": 1, "testname": "OP", "cornername": "Nominal"}
[2026-09-01 07:56:02.497 Z] [WARN] [cadence.virtuoso.ade.simulationMonitor] -     WARNING (VACOMP-1116): "/home/saul/projects/LF_BG/REF_GEN/REF_GEN_fL_2/veriloga/veriloga.va", line 238: Transition filter contains a continuous signal in the expression. Since a transition filter can only be applied to piecewise constant signals, redefine the expression to ensure that the transition filter applies only to a piecewise constant signal.
        Further occurrences of this warning will be suppressed. {"history": "Interactive.289", "point": 1, "testname": "OP", "cornername": "Nominal"}
[2026-09-01 07:56:03.497 Z] [INFO] [cadence.virtuoso.ade.simulationMonitor] - Peak resident memory used = 204 Mbytes. {"history": "Interactive.289", "point": 1, "testname": "OP", "cornername": "Nominal"}
[2026-09-01 07:56:03.498 Z] [INFO] [cadence.virtuoso.ade.simulationMonitor] - Notice from spectre during hierarchy flattening.
    The value 'psf' specified for the 'checklimitdest' option will no longer be supported in future releases. Use 'spectre -h' to see other recommended values for the 'checklimitdest' option. {"history": "Interactive.289", "point": 1, "testname": "OP", "cornername": "Nominal"}
[2026-09-01 07:56:03.498 Z] [WARN] [cadence.virtuoso.ade.simulationMonitor] -     WARNING (SPECTRE-16718): inlinesubcktcurrent option is set as `subckt', all the inline subckts will be treated as normal subckts when you access the current of their terminals. {"history": "Interactive.289", "point": 1, "testname": "OP", "cornername": "Nominal"}
[2026-09-01 07:56:03.498 Z] [WARN] [cadence.virtuoso.ade.simulationMonitor] -     WARNING (SPECTRE-8527): There are some nodes and instances removed from the netlist topology check. Check the circuit and correct the topology. Or use preserve_inst to keep them if necessary. {"history": "Interactive.289", "point": 1, "testname": "OP", "cornername": "Nominal"}
[2026-09-01 07:56:03.498 Z] [WARN] [cadence.virtuoso.ade.simulationMonitor] -     WARNING (SPECTRE-8529): Dangling instance. V9 is removed. {"history": "Interactive.289", "point": 1, "testname": "OP", "cornername": "Nominal"}
[2026-09-01 07:56:03.498 Z] [WARN] [cadence.virtuoso.ade.simulationMonitor] -     WARNING (SPECTRE-8530): Dangling node. net9 is removed. {"history": "Interactive.289", "point": 1, "testname": "OP", "cornername": "Nominal"}
[2026-09-01 07:56:03.498 Z] [INFO] [cadence.virtuoso.ade.simulationMonitor] - Peak resident memory used = 205 Mbytes. {"history": "Interactive.289", "point": 1, "testname": "OP", "cornername": "Nominal"}
[2026-09-01 07:56:03.498 Z] [INFO] [cadence.virtuoso.ade.simulationMonitor] - Notice from spectre during topology check.
    No DC path from node `VbgT' to ground, Gmin installed to provide path. {"history": "Interactive.289", "point": 1, "testname": "OP", "cornername": "Nominal"}
[2026-09-01 07:56:03.499 Z] [INFO] [cadence.virtuoso.ade.simulationMonitor] - Notice from spectre during initial setup.
    Multithreading is disabled due to the size of the design being too small. {"history": "Interactive.289", "point": 1, "testname": "OP", "cornername": "Nominal"}
[2026-09-01 07:56:03.499 Z] [INFO] [cadence.virtuoso.ade.simulationMonitor] -               nodes 56 {"history": "Interactive.289", "point": 1, "testname": "OP", "cornername": "Nominal"}
[2026-09-01 07:56:03.499 Z] [INFO] [cadence.virtuoso.ade.simulationMonitor] - Notice from spectre during initial setup.
    Fast APS enabled.
    9 warnings suppressed. {"history": "Interactive.289", "point": 1, "testname": "OP", "cornername": "Nominal"}
[2026-09-01 07:56:03.499 Z] [INFO] [cadence.virtuoso.ade.simulationMonitor] - Peak resident memory used = 208 Mbytes. {"history": "Interactive.289", "point": 1, "testname": "OP", "cornername": "Nominal"}
[2026-09-01 07:56:03.499 Z] [INFO] [cadence.virtuoso.ade.simulationMonitor] -    -   (Fast APS) Multi-threading. The recommended number of threads is 1, consider adding +mt=1 on command line. {"history": "Interactive.289", "point": 1, "testname": "OP", "cornername": "Nominal"}
[2026-09-01 07:56:03.499 Z] [INFO] [cadence.virtuoso.ade.simulationMonitor] - Total time required for dc analysis `dcOp': CPU = 1.371 ms, elapsed = 4.52089 ms, util. = 30.3%. {"history": "Interactive.289", "point": 1, "testname": "OP", "cornername": "Nominal"}
[2026-09-01 07:56:03.499 Z] [INFO] [cadence.virtuoso.ade.simulationMonitor] - Peak resident memory used = 208 Mbytes. {"history": "Interactive.289", "point": 1, "testname": "OP", "cornername": "Nominal"}
[2026-09-01 07:56:03.499 Z] [INFO] [cadence.virtuoso.ade.simulationMonitor] - Time used: CPU = 252 ms, elapsed = 1.82 s, util. = 13.8%. {"history": "Interactive.289", "point": 1, "testname": "OP", "cornername": "Nominal"}
[2026-09-01 07:56:03.499 Z] [INFO] [cadence.virtuoso.ade.simulationMonitor] - Time spent in licensing: elapsed = 30 ms. {"history": "Interactive.289", "point": 1, "testname": "OP", "cornername": "Nominal"}
[2026-09-01 07:56:03.499 Z] [INFO] [cadence.virtuoso.ade.simulationMonitor] - Peak memory used = 207 Mbytes. {"history": "Interactive.289", "point": 1, "testname": "OP", "cornername": "Nominal"}
[2026-09-01 07:56:03.499 Z] [PROCESS] [cadence.virtuoso.ade.simulationMonitor] - Simulation started at: 7:56:01 AM, Tue Sep 1, 2026, ended at: 7:56:03 AM, Tue Sep 1, 2026, with elapsed time (wall clock): 1.82 s. {"history": "Interactive.289", "point": 1, "testname": "OP", "cornername": "Nominal"}
[2026-09-01 07:56:03.499 Z] [PROCESS] [cadence.virtuoso.ade.simulationMonitor] - spectre completes with 0 errors, 9 warnings, and 6 notices. {"history": "Interactive.289", "point": 1, "testname": "OP", "cornername": "Nominal"}
[2026-09-01 07:56:03.499 Z] [PROCESS] [cadence.virtuoso.ade.simulationMonitor] - Finished simulating for one point {"hostname": "edatools", "processid": 141410, "history": "Interactive.289", "testname": "OP", "cornername": "Nominal", "point": 1, "logfile": "/home/saul/projects/LF_BG/logs_saul/logs5/Job19.log", "simid": "8"}
[2026-09-01 07:56:03.499 Z] [PROCESS] [cadence.virtuoso.ade.simulationMonitor] - Simulator exited {"hostname": "edatools", "processid": 141410, "history": "Interactive.289", "testname": "OP", "cornername": "Nominal", "point": 1, "logfile": "/home/saul/projects/LF_BG/logs_saul/logs5/Job19.log", "exitStatus": "0"}
[2026-09-01 07:56:03.499 Z] [PROCESS] [cadence.virtuoso.ade.simulationMonitor] - Finished Simulation {"hostname": "edatools", "processid": 141410, "history": "Interactive.289", "testname": "OP", "cornername": "Nominal", "point": 1, "logfile": "/home/saul/projects/LF_BG/logs_saul/logs5/Job19.log", "simid": "8"}
[2026-09-01 07:56:04.506 Z] [PROCESS] [cadence.virtuoso.ade.simulationMonitor] - Point Finished {"hostname": "edatools", "processid": 141410, "history": "Interactive.289", "testname": "OP", "cornername": "Nominal", "point": 1, "logfile": "/home/saul/projects/LF_BG/logs_saul/logs5/Job19.log"}
[2026-09-01 07:56:27.317 Z] [PROCESS] [cadence.virtuoso.ade.simulationMonitor] - Started History {"hostname": "edatools", "processid": 141410, "history": "Interactive.290", "testname": "OP", "cornername": "Nominal", "point": 1, "logfile": "/home/saul/projects/LF_BG/logs_saul/logs5/Job19.log"}
[2026-09-01 07:56:27.318 Z] [PROCESS] [cadence.virtuoso.ade.simulationMonitor] - HostInfo:
Host name (type):	edatools (x86_64)
Operating system:	Linux 7.0.0-30-generic #30~24.04.1-Ubuntu SMP PREEMPT_DYNAMIC Fri Aug  7 13:27:52 UTC 2 {"hostname": "edatools", "processid": 141410, "history": "Interactive.290", "testname": "OP", "cornername": "Nominal", "point": 1, "logfile": "/home/saul/projects/LF_BG/logs_saul/logs5/Job19.log", "nodename": "edatools", "domainname": "(none)", "machine": "x86_64", "sysname": "Linux", "release": "7.0.0-30-generic", "version": "#30~24.04.1-Ubuntu SMP PREEMPT_DYNAMIC Fri Aug  7 13:27:52 UTC 2"}
[2026-09-01 07:56:27.318 Z] [PROCESS] [cadence.virtuoso.ade.simulationMonitor] - UsageInfo:
pid=141410
totalPhysicalMemory=62.541851GB,Used=24.735600GB,totalVirtualMemory=70.541847GB,Used=24.735600GB
Cpu: Cores=16, Load average:0.530000,0.280000,0.210000 {"hostname": "edatools", "processid": 141410, "history": "Interactive.290", "testname": "OP", "cornername": "Nominal", "point": 1, "logfile": "/home/saul/projects/LF_BG/logs_saul/logs5/Job19.log", "pid": "141410", "totalPhysicalMemory": "62.541851", "physicalMemoryUsed": "24.735600", "totalVirtualMemory": "70.541847", "virtualMemoryUsed": "24.735600", "cpuCores": "16", "processes": "2123", "loadAverage1": "0.530000", "loadAverage5": "0.280000", "loadAverage15": "0.210000", "loadAverage1Percent": "0.033125"}
[2026-09-01 07:56:27.319 Z] [EVENT] [cadence.virtuoso.ade.simulationMonitor] - NewPoint {"history": "Interactive.290", "point": 1, "testname": "OP", "cornername": "Nominal", "event": "NewPoint", "EventSource": "Simulation Monitor", "HistoryName": "Interactive.290", "logFile": "/home/saul/projects/LF_BG/logs_saul/logs5/Job19.log", "logFileSize": "94824"}
[2026-09-01 07:56:27.421 Z] [EVENT] [cadence.virtuoso.ade.simulationMonitor] - NewPoint {"history": "Interactive.290", "point": 1, "testname": "OP", "cornername": "Nominal", "event": "NewPoint", "EventSource": "spectre", "HistoryName": "Interactive.290", "logFile": "/home/saul/simulation/REF_GEN/REF_GEN_f_TB/maestro/results/maestro/Interactive.290/1/OP/psf/spectre.out", "logFileSize": "-1"}
[2026-09-01 07:56:27.428 Z] [PROCESS] [cadence.virtuoso.ade.simulationMonitor] - Simulator launched {"hostname": "edatools", "processid": 141410, "history": "Interactive.290", "testname": "OP", "cornername": "Nominal", "point": 1, "logfile": "/home/saul/projects/LF_BG/logs_saul/logs5/Job19.log", "simid": "9"}
[2026-09-01 07:56:27.430 Z] [PROCESS] [cadence.virtuoso.ade.simulationMonitor] - Expression evaluator launched {"hostname": "edatools", "processid": 141410, "history": "Interactive.290", "testname": "OP", "cornername": "Nominal", "point": 1, "logfile": "/home/saul/projects/LF_BG/logs_saul/logs5/Job19.log"}
[2026-09-01 07:56:27.454 Z] [PROCESS] [cadence.virtuoso.ade.simulationMonitor] - Started Simulation {"hostname": "edatools", "processid": 141410, "history": "Interactive.290", "testname": "OP", "cornername": "Nominal", "point": 1, "logfile": "/home/saul/projects/LF_BG/logs_saul/logs5/Job19.log", "event": "started", "task": "simulation"}
[2026-09-01 07:56:28.454 Z] [INFO] [cadence.virtuoso.ade.simulationMonitor] - Peak resident memory used = 170 Mbytes. {"history": "Interactive.290", "point": 1, "testname": "OP", "cornername": "Nominal"}
[2026-09-01 07:56:28.454 Z] [WARN] [cadence.virtuoso.ade.simulationMonitor] -     WARNING (VACOMP-1116): "/home/saul/projects/LF_BG/REF_GEN/REF_GEN_fL_2/veriloga/veriloga.va", line 231: Transition filter contains a continuous signal in the expression. Since a transition filter can only be applied to piecewise constant signals, redefine the expression to ensure that the transition filter applies only to a piecewise constant signal. {"history": "Interactive.290", "point": 1, "testname": "OP", "cornername": "Nominal"}
[2026-09-01 07:56:28.454 Z] [WARN] [cadence.virtuoso.ade.simulationMonitor] -     WARNING (VACOMP-1116): "/home/saul/projects/LF_BG/REF_GEN/REF_GEN_fL_2/veriloga/veriloga.va", line 232: Transition filter contains a continuous signal in the expression. Since a transition filter can only be applied to piecewise constant signals, redefine the expression to ensure that the transition filter applies only to a piecewise constant signal. {"history": "Interactive.290", "point": 1, "testname": "OP", "cornername": "Nominal"}
[2026-09-01 07:56:28.455 Z] [WARN] [cadence.virtuoso.ade.simulationMonitor] -     WARNING (VACOMP-1116): "/home/saul/projects/LF_BG/REF_GEN/REF_GEN_fL_2/veriloga/veriloga.va", line 236: Transition filter contains a continuous signal in the expression. Since a transition filter can only be applied to piecewise constant signals, redefine the expression to ensure that the transition filter applies only to a piecewise constant signal. {"history": "Interactive.290", "point": 1, "testname": "OP", "cornername": "Nominal"}
[2026-09-01 07:56:28.455 Z] [WARN] [cadence.virtuoso.ade.simulationMonitor] -     WARNING (VACOMP-1116): "/home/saul/projects/LF_BG/REF_GEN/REF_GEN_fL_2/veriloga/veriloga.va", line 237: Transition filter contains a continuous signal in the expression. Since a transition filter can only be applied to piecewise constant signals, redefine the expression to ensure that the transition filter applies only to a piecewise constant signal. {"history": "Interactive.290", "point": 1, "testname": "OP", "cornername": "Nominal"}
[2026-09-01 07:56:28.455 Z] [WARN] [cadence.virtuoso.ade.simulationMonitor] -     WARNING (VACOMP-1116): "/home/saul/projects/LF_BG/REF_GEN/REF_GEN_fL_2/veriloga/veriloga.va", line 238: Transition filter contains a continuous signal in the expression. Since a transition filter can only be applied to piecewise constant signals, redefine the expression to ensure that the transition filter applies only to a piecewise constant signal.
        Further occurrences of this warning will be suppressed. {"history": "Interactive.290", "point": 1, "testname": "OP", "cornername": "Nominal"}
[2026-09-01 07:56:29.455 Z] [INFO] [cadence.virtuoso.ade.simulationMonitor] - Peak resident memory used = 204 Mbytes. {"history": "Interactive.290", "point": 1, "testname": "OP", "cornername": "Nominal"}
[2026-09-01 07:56:29.456 Z] [INFO] [cadence.virtuoso.ade.simulationMonitor] - Notice from spectre during hierarchy flattening.
    The value 'psf' specified for the 'checklimitdest' option will no longer be supported in future releases. Use 'spectre -h' to see other recommended values for the 'checklimitdest' option. {"history": "Interactive.290", "point": 1, "testname": "OP", "cornername": "Nominal"}
[2026-09-01 07:56:29.456 Z] [WARN] [cadence.virtuoso.ade.simulationMonitor] -     WARNING (SPECTRE-16718): inlinesubcktcurrent option is set as `subckt', all the inline subckts will be treated as normal subckts when you access the current of their terminals. {"history": "Interactive.290", "point": 1, "testname": "OP", "cornername": "Nominal"}
[2026-09-01 07:56:29.456 Z] [WARN] [cadence.virtuoso.ade.simulationMonitor] -     WARNING (SPECTRE-8527): There are some nodes and instances removed from the netlist topology check. Check the circuit and correct the topology. Or use preserve_inst to keep them if necessary. {"history": "Interactive.290", "point": 1, "testname": "OP", "cornername": "Nominal"}
[2026-09-01 07:56:29.456 Z] [WARN] [cadence.virtuoso.ade.simulationMonitor] -     WARNING (SPECTRE-8529): Dangling instance. V9 is removed. {"history": "Interactive.290", "point": 1, "testname": "OP", "cornername": "Nominal"}
[2026-09-01 07:56:29.456 Z] [WARN] [cadence.virtuoso.ade.simulationMonitor] -     WARNING (SPECTRE-8530): Dangling node. net9 is removed. {"history": "Interactive.290", "point": 1, "testname": "OP", "cornername": "Nominal"}
[2026-09-01 07:56:29.456 Z] [INFO] [cadence.virtuoso.ade.simulationMonitor] - Peak resident memory used = 205 Mbytes. {"history": "Interactive.290", "point": 1, "testname": "OP", "cornername": "Nominal"}
[2026-09-01 07:56:29.456 Z] [INFO] [cadence.virtuoso.ade.simulationMonitor] - Notice from spectre during topology check.
    No DC path from node `VbgT' to ground, Gmin installed to provide path. {"history": "Interactive.290", "point": 1, "testname": "OP", "cornername": "Nominal"}
[2026-09-01 07:56:29.456 Z] [INFO] [cadence.virtuoso.ade.simulationMonitor] - Notice from spectre during initial setup.
    Multithreading is disabled due to the size of the design being too small. {"history": "Interactive.290", "point": 1, "testname": "OP", "cornername": "Nominal"}
[2026-09-01 07:56:29.456 Z] [INFO] [cadence.virtuoso.ade.simulationMonitor] -               nodes 56 {"history": "Interactive.290", "point": 1, "testname": "OP", "cornername": "Nominal"}
[2026-09-01 07:56:29.456 Z] [INFO] [cadence.virtuoso.ade.simulationMonitor] - Notice from spectre during initial setup.
    Fast APS enabled.
    9 warnings suppressed. {"history": "Interactive.290", "point": 1, "testname": "OP", "cornername": "Nominal"}
[2026-09-01 07:56:29.456 Z] [INFO] [cadence.virtuoso.ade.simulationMonitor] - Peak resident memory used = 208 Mbytes. {"history": "Interactive.290", "point": 1, "testname": "OP", "cornername": "Nominal"}
[2026-09-01 07:56:29.456 Z] [INFO] [cadence.virtuoso.ade.simulationMonitor] -    -   (Fast APS) Multi-threading. The recommended number of threads is 1, consider adding +mt=1 on command line. {"history": "Interactive.290", "point": 1, "testname": "OP", "cornername": "Nominal"}
[2026-09-01 07:56:29.456 Z] [INFO] [cadence.virtuoso.ade.simulationMonitor] - Total time required for dc analysis `dcOp': CPU = 1.404 ms, elapsed = 5.17797 ms, util. = 27.1%. {"history": "Interactive.290", "point": 1, "testname": "OP", "cornername": "Nominal"}
[2026-09-01 07:56:29.456 Z] [INFO] [cadence.virtuoso.ade.simulationMonitor] - Peak resident memory used = 208 Mbytes. {"history": "Interactive.290", "point": 1, "testname": "OP", "cornername": "Nominal"}
[2026-09-01 07:56:29.456 Z] [INFO] [cadence.virtuoso.ade.simulationMonitor] - Time used: CPU = 247 ms, elapsed = 1.82 s, util. = 13.6%. {"history": "Interactive.290", "point": 1, "testname": "OP", "cornername": "Nominal"}
[2026-09-01 07:56:29.456 Z] [INFO] [cadence.virtuoso.ade.simulationMonitor] - Time spent in licensing: elapsed = 28.4 ms. {"history": "Interactive.290", "point": 1, "testname": "OP", "cornername": "Nominal"}
[2026-09-01 07:56:29.456 Z] [INFO] [cadence.virtuoso.ade.simulationMonitor] - Peak memory used = 208 Mbytes. {"history": "Interactive.290", "point": 1, "testname": "OP", "cornername": "Nominal"}
[2026-09-01 07:56:29.456 Z] [PROCESS] [cadence.virtuoso.ade.simulationMonitor] - Simulation started at: 7:56:27 AM, Tue Sep 1, 2026, ended at: 7:56:29 AM, Tue Sep 1, 2026, with elapsed time (wall clock): 1.82 s. {"history": "Interactive.290", "point": 1, "testname": "OP", "cornername": "Nominal"}
[2026-09-01 07:56:29.456 Z] [PROCESS] [cadence.virtuoso.ade.simulationMonitor] - spectre completes with 0 errors, 9 warnings, and 6 notices. {"history": "Interactive.290", "point": 1, "testname": "OP", "cornername": "Nominal"}
[2026-09-01 07:56:29.457 Z] [PROCESS] [cadence.virtuoso.ade.simulationMonitor] - Finished simulating for one point {"hostname": "edatools", "processid": 141410, "history": "Interactive.290", "testname": "OP", "cornername": "Nominal", "point": 1, "logfile": "/home/saul/projects/LF_BG/logs_saul/logs5/Job19.log", "simid": "9"}
[2026-09-01 07:56:29.457 Z] [PROCESS] [cadence.virtuoso.ade.simulationMonitor] - Simulator exited {"hostname": "edatools", "processid": 141410, "history": "Interactive.290", "testname": "OP", "cornername": "Nominal", "point": 1, "logfile": "/home/saul/projects/LF_BG/logs_saul/logs5/Job19.log", "exitStatus": "0"}
[2026-09-01 07:56:29.457 Z] [PROCESS] [cadence.virtuoso.ade.simulationMonitor] - Finished Simulation {"hostname": "edatools", "processid": 141410, "history": "Interactive.290", "testname": "OP", "cornername": "Nominal", "point": 1, "logfile": "/home/saul/projects/LF_BG/logs_saul/logs5/Job19.log", "simid": "9"}
[2026-09-01 07:56:30.464 Z] [PROCESS] [cadence.virtuoso.ade.simulationMonitor] - Point Finished {"hostname": "edatools", "processid": 141410, "history": "Interactive.290", "testname": "OP", "cornername": "Nominal", "point": 1, "logfile": "/home/saul/projects/LF_BG/logs_saul/logs5/Job19.log"}
[2026-09-01 07:57:33.589 Z] [PROCESS] [cadence.virtuoso.ade.simulationMonitor] - Started History {"hostname": "edatools", "processid": 141410, "history": "Interactive.291", "testname": "OP", "cornername": "Nominal", "point": 1, "logfile": "/home/saul/projects/LF_BG/logs_saul/logs5/Job19.log"}
[2026-09-01 07:57:33.590 Z] [PROCESS] [cadence.virtuoso.ade.simulationMonitor] - HostInfo:
Host name (type):	edatools (x86_64)
Operating system:	Linux 7.0.0-30-generic #30~24.04.1-Ubuntu SMP PREEMPT_DYNAMIC Fri Aug  7 13:27:52 UTC 2 {"hostname": "edatools", "processid": 141410, "history": "Interactive.291", "testname": "OP", "cornername": "Nominal", "point": 1, "logfile": "/home/saul/projects/LF_BG/logs_saul/logs5/Job19.log", "nodename": "edatools", "domainname": "(none)", "machine": "x86_64", "sysname": "Linux", "release": "7.0.0-30-generic", "version": "#30~24.04.1-Ubuntu SMP PREEMPT_DYNAMIC Fri Aug  7 13:27:52 UTC 2"}
[2026-09-01 07:57:33.590 Z] [PROCESS] [cadence.virtuoso.ade.simulationMonitor] - UsageInfo:
pid=141410
totalPhysicalMemory=62.541851GB,Used=24.723019GB,totalVirtualMemory=70.541847GB,Used=24.723019GB
Cpu: Cores=16, Load average:0.790000,0.400000,0.250000 {"hostname": "edatools", "processid": 141410, "history": "Interactive.291", "testname": "OP", "cornername": "Nominal", "point": 1, "logfile": "/home/saul/projects/LF_BG/logs_saul/logs5/Job19.log", "pid": "141410", "totalPhysicalMemory": "62.541851", "physicalMemoryUsed": "24.723019", "totalVirtualMemory": "70.541847", "virtualMemoryUsed": "24.723019", "cpuCores": "16", "processes": "2123", "loadAverage1": "0.790000", "loadAverage5": "0.400000", "loadAverage15": "0.250000", "loadAverage1Percent": "0.049375"}
[2026-09-01 07:57:33.591 Z] [EVENT] [cadence.virtuoso.ade.simulationMonitor] - NewPoint {"history": "Interactive.291", "point": 1, "testname": "OP", "cornername": "Nominal", "event": "NewPoint", "EventSource": "Simulation Monitor", "HistoryName": "Interactive.291", "logFile": "/home/saul/projects/LF_BG/logs_saul/logs5/Job19.log", "logFileSize": "107414"}
[2026-09-01 07:57:33.694 Z] [EVENT] [cadence.virtuoso.ade.simulationMonitor] - NewPoint {"history": "Interactive.291", "point": 1, "testname": "OP", "cornername": "Nominal", "event": "NewPoint", "EventSource": "spectre", "HistoryName": "Interactive.291", "logFile": "/home/saul/simulation/REF_GEN/REF_GEN_f_TB/maestro/results/maestro/Interactive.291/1/OP/psf/spectre.out", "logFileSize": "-1"}
[2026-09-01 07:57:33.704 Z] [PROCESS] [cadence.virtuoso.ade.simulationMonitor] - Simulator launched {"hostname": "edatools", "processid": 141410, "history": "Interactive.291", "testname": "OP", "cornername": "Nominal", "point": 1, "logfile": "/home/saul/projects/LF_BG/logs_saul/logs5/Job19.log", "simid": "10"}
[2026-09-01 07:57:33.705 Z] [PROCESS] [cadence.virtuoso.ade.simulationMonitor] - Expression evaluator launched {"hostname": "edatools", "processid": 141410, "history": "Interactive.291", "testname": "OP", "cornername": "Nominal", "point": 1, "logfile": "/home/saul/projects/LF_BG/logs_saul/logs5/Job19.log"}
[2026-09-01 07:57:33.735 Z] [PROCESS] [cadence.virtuoso.ade.simulationMonitor] - Started Simulation {"hostname": "edatools", "processid": 141410, "history": "Interactive.291", "testname": "OP", "cornername": "Nominal", "point": 1, "logfile": "/home/saul/projects/LF_BG/logs_saul/logs5/Job19.log", "event": "started", "task": "simulation"}
[2026-09-01 07:57:34.735 Z] [INFO] [cadence.virtuoso.ade.simulationMonitor] - Peak resident memory used = 170 Mbytes. {"history": "Interactive.291", "point": 1, "testname": "OP", "cornername": "Nominal"}
[2026-09-01 07:57:35.735 Z] [WARN] [cadence.virtuoso.ade.simulationMonitor] -     WARNING (VACOMP-1116): "/home/saul/projects/LF_BG/REF_GEN/REF_GEN_fL_2/veriloga/veriloga.va", line 231: Transition filter contains a continuous signal in the expression. Since a transition filter can only be applied to piecewise constant signals, redefine the expression to ensure that the transition filter applies only to a piecewise constant signal. {"history": "Interactive.291", "point": 1, "testname": "OP", "cornername": "Nominal"}
[2026-09-01 07:57:35.736 Z] [WARN] [cadence.virtuoso.ade.simulationMonitor] -     WARNING (VACOMP-1116): "/home/saul/projects/LF_BG/REF_GEN/REF_GEN_fL_2/veriloga/veriloga.va", line 232: Transition filter contains a continuous signal in the expression. Since a transition filter can only be applied to piecewise constant signals, redefine the expression to ensure that the transition filter applies only to a piecewise constant signal. {"history": "Interactive.291", "point": 1, "testname": "OP", "cornername": "Nominal"}
[2026-09-01 07:57:35.736 Z] [WARN] [cadence.virtuoso.ade.simulationMonitor] -     WARNING (VACOMP-1116): "/home/saul/projects/LF_BG/REF_GEN/REF_GEN_fL_2/veriloga/veriloga.va", line 236: Transition filter contains a continuous signal in the expression. Since a transition filter can only be applied to piecewise constant signals, redefine the expression to ensure that the transition filter applies only to a piecewise constant signal. {"history": "Interactive.291", "point": 1, "testname": "OP", "cornername": "Nominal"}
[2026-09-01 07:57:35.736 Z] [WARN] [cadence.virtuoso.ade.simulationMonitor] -     WARNING (VACOMP-1116): "/home/saul/projects/LF_BG/REF_GEN/REF_GEN_fL_2/veriloga/veriloga.va", line 237: Transition filter contains a continuous signal in the expression. Since a transition filter can only be applied to piecewise constant signals, redefine the expression to ensure that the transition filter applies only to a piecewise constant signal. {"history": "Interactive.291", "point": 1, "testname": "OP", "cornername": "Nominal"}
[2026-09-01 07:57:35.736 Z] [WARN] [cadence.virtuoso.ade.simulationMonitor] -     WARNING (VACOMP-1116): "/home/saul/projects/LF_BG/REF_GEN/REF_GEN_fL_2/veriloga/veriloga.va", line 238: Transition filter contains a continuous signal in the expression. Since a transition filter can only be applied to piecewise constant signals, redefine the expression to ensure that the transition filter applies only to a piecewise constant signal.
        Further occurrences of this warning will be suppressed. {"history": "Interactive.291", "point": 1, "testname": "OP", "cornername": "Nominal"}
[2026-09-01 07:57:37.237 Z] [INFO] [cadence.virtuoso.ade.simulationMonitor] - Peak resident memory used = 204 Mbytes. {"history": "Interactive.291", "point": 1, "testname": "OP", "cornername": "Nominal"}
[2026-09-01 07:57:37.237 Z] [INFO] [cadence.virtuoso.ade.simulationMonitor] - Notice from spectre during hierarchy flattening.
    The value 'psf' specified for the 'checklimitdest' option will no longer be supported in future releases. Use 'spectre -h' to see other recommended values for the 'checklimitdest' option. {"history": "Interactive.291", "point": 1, "testname": "OP", "cornername": "Nominal"}
[2026-09-01 07:57:37.237 Z] [WARN] [cadence.virtuoso.ade.simulationMonitor] -     WARNING (SPECTRE-16718): inlinesubcktcurrent option is set as `subckt', all the inline subckts will be treated as normal subckts when you access the current of their terminals. {"history": "Interactive.291", "point": 1, "testname": "OP", "cornername": "Nominal"}
[2026-09-01 07:57:37.238 Z] [WARN] [cadence.virtuoso.ade.simulationMonitor] -     WARNING (SPECTRE-8527): There are some nodes and instances removed from the netlist topology check. Check the circuit and correct the topology. Or use preserve_inst to keep them if necessary. {"history": "Interactive.291", "point": 1, "testname": "OP", "cornername": "Nominal"}
[2026-09-01 07:57:37.238 Z] [WARN] [cadence.virtuoso.ade.simulationMonitor] -     WARNING (SPECTRE-8529): Dangling instance. V9 is removed. {"history": "Interactive.291", "point": 1, "testname": "OP", "cornername": "Nominal"}
[2026-09-01 07:57:37.238 Z] [WARN] [cadence.virtuoso.ade.simulationMonitor] -     WARNING (SPECTRE-8530): Dangling node. net9 is removed. {"history": "Interactive.291", "point": 1, "testname": "OP", "cornername": "Nominal"}
[2026-09-01 07:57:37.239 Z] [INFO] [cadence.virtuoso.ade.simulationMonitor] - Peak resident memory used = 205 Mbytes. {"history": "Interactive.291", "point": 1, "testname": "OP", "cornername": "Nominal"}
[2026-09-01 07:57:37.239 Z] [INFO] [cadence.virtuoso.ade.simulationMonitor] - Notice from spectre during topology check.
    No DC path from node `VbgT' to ground, Gmin installed to provide path. {"history": "Interactive.291", "point": 1, "testname": "OP", "cornername": "Nominal"}
[2026-09-01 07:57:37.239 Z] [INFO] [cadence.virtuoso.ade.simulationMonitor] - Notice from spectre during initial setup.
    Multithreading is disabled due to the size of the design being too small. {"history": "Interactive.291", "point": 1, "testname": "OP", "cornername": "Nominal"}
[2026-09-01 07:57:37.240 Z] [INFO] [cadence.virtuoso.ade.simulationMonitor] -               nodes 56 {"history": "Interactive.291", "point": 1, "testname": "OP", "cornername": "Nominal"}
[2026-09-01 07:57:37.240 Z] [INFO] [cadence.virtuoso.ade.simulationMonitor] - Notice from spectre during initial setup.
    Fast APS enabled.
    9 warnings suppressed. {"history": "Interactive.291", "point": 1, "testname": "OP", "cornername": "Nominal"}
[2026-09-01 07:57:37.240 Z] [INFO] [cadence.virtuoso.ade.simulationMonitor] - Peak resident memory used = 208 Mbytes. {"history": "Interactive.291", "point": 1, "testname": "OP", "cornername": "Nominal"}
[2026-09-01 07:57:37.241 Z] [INFO] [cadence.virtuoso.ade.simulationMonitor] -    -   (Fast APS) Multi-threading. The recommended number of threads is 1, consider adding +mt=1 on command line. {"history": "Interactive.291", "point": 1, "testname": "OP", "cornername": "Nominal"}
[2026-09-01 07:57:37.241 Z] [INFO] [cadence.virtuoso.ade.simulationMonitor] - Total time required for dc analysis `dcOp': CPU = 4.085 ms, elapsed = 7.88999 ms, util. = 51.8%. {"history": "Interactive.291", "point": 1, "testname": "OP", "cornername": "Nominal"}
[2026-09-01 07:57:37.241 Z] [INFO] [cadence.virtuoso.ade.simulationMonitor] - Peak resident memory used = 208 Mbytes. {"history": "Interactive.291", "point": 1, "testname": "OP", "cornername": "Nominal"}
[2026-09-01 07:57:37.743 Z] [INFO] [cadence.virtuoso.ade.simulationMonitor] - Time used: CPU = 289 ms, elapsed = 3.3 s, util. = 8.76%. {"history": "Interactive.291", "point": 1, "testname": "OP", "cornername": "Nominal"}
[2026-09-01 07:57:37.743 Z] [INFO] [cadence.virtuoso.ade.simulationMonitor] - Time spent in licensing: elapsed = 28.5 ms. {"history": "Interactive.291", "point": 1, "testname": "OP", "cornername": "Nominal"}
[2026-09-01 07:57:37.744 Z] [INFO] [cadence.virtuoso.ade.simulationMonitor] - Peak memory used = 208 Mbytes. {"history": "Interactive.291", "point": 1, "testname": "OP", "cornername": "Nominal"}
[2026-09-01 07:57:37.745 Z] [PROCESS] [cadence.virtuoso.ade.simulationMonitor] - Simulation started at: 7:57:33 AM, Tue Sep 1, 2026, ended at: 7:57:37 AM, Tue Sep 1, 2026, with elapsed time (wall clock): 3.3 s. {"history": "Interactive.291", "point": 1, "testname": "OP", "cornername": "Nominal"}
[2026-09-01 07:57:37.745 Z] [PROCESS] [cadence.virtuoso.ade.simulationMonitor] - spectre completes with 0 errors, 9 warnings, and 6 notices. {"history": "Interactive.291", "point": 1, "testname": "OP", "cornername": "Nominal"}
[2026-09-01 07:57:37.745 Z] [PROCESS] [cadence.virtuoso.ade.simulationMonitor] - Finished simulating for one point {"hostname": "edatools", "processid": 141410, "history": "Interactive.291", "testname": "OP", "cornername": "Nominal", "point": 1, "logfile": "/home/saul/projects/LF_BG/logs_saul/logs5/Job19.log", "simid": "10"}
[2026-09-01 07:57:37.746 Z] [PROCESS] [cadence.virtuoso.ade.simulationMonitor] - Simulator exited {"hostname": "edatools", "processid": 141410, "history": "Interactive.291", "testname": "OP", "cornername": "Nominal", "point": 1, "logfile": "/home/saul/projects/LF_BG/logs_saul/logs5/Job19.log", "exitStatus": "0"}
[2026-09-01 07:57:37.746 Z] [PROCESS] [cadence.virtuoso.ade.simulationMonitor] - Finished Simulation {"hostname": "edatools", "processid": 141410, "history": "Interactive.291", "testname": "OP", "cornername": "Nominal", "point": 1, "logfile": "/home/saul/projects/LF_BG/logs_saul/logs5/Job19.log", "simid": "10"}
[2026-09-01 07:57:38.758 Z] [PROCESS] [cadence.virtuoso.ade.simulationMonitor] - Point Finished {"hostname": "edatools", "processid": 141410, "history": "Interactive.291", "testname": "OP", "cornername": "Nominal", "point": 1, "logfile": "/home/saul/projects/LF_BG/logs_saul/logs5/Job19.log"}
[2026-09-01 07:58:26.783 Z] [PROCESS] [cadence.virtuoso.ade.simulationMonitor] - Started History {"hostname": "edatools", "processid": 141410, "history": "Interactive.292", "testname": "OP", "cornername": "Nominal", "point": 1, "logfile": "/home/saul/projects/LF_BG/logs_saul/logs5/Job19.log"}
[2026-09-01 07:58:26.784 Z] [PROCESS] [cadence.virtuoso.ade.simulationMonitor] - HostInfo:
Host name (type):	edatools (x86_64)
Operating system:	Linux 7.0.0-30-generic #30~24.04.1-Ubuntu SMP PREEMPT_DYNAMIC Fri Aug  7 13:27:52 UTC 2 {"hostname": "edatools", "processid": 141410, "history": "Interactive.292", "testname": "OP", "cornername": "Nominal", "point": 1, "logfile": "/home/saul/projects/LF_BG/logs_saul/logs5/Job19.log", "nodename": "edatools", "domainname": "(none)", "machine": "x86_64", "sysname": "Linux", "release": "7.0.0-30-generic", "version": "#30~24.04.1-Ubuntu SMP PREEMPT_DYNAMIC Fri Aug  7 13:27:52 UTC 2"}
[2026-09-01 07:58:26.784 Z] [PROCESS] [cadence.virtuoso.ade.simulationMonitor] - UsageInfo:
pid=141410
totalPhysicalMemory=62.541851GB,Used=24.726326GB,totalVirtualMemory=70.541847GB,Used=24.726326GB
Cpu: Cores=16, Load average:0.580000,0.420000,0.270000 {"hostname": "edatools", "processid": 141410, "history": "Interactive.292", "testname": "OP", "cornername": "Nominal", "point": 1, "logfile": "/home/saul/projects/LF_BG/logs_saul/logs5/Job19.log", "pid": "141410", "totalPhysicalMemory": "62.541851", "physicalMemoryUsed": "24.726326", "totalVirtualMemory": "70.541847", "virtualMemoryUsed": "24.726326", "cpuCores": "16", "processes": "2124", "loadAverage1": "0.580000", "loadAverage5": "0.420000", "loadAverage15": "0.270000", "loadAverage1Percent": "0.036250"}
[2026-09-01 07:58:26.785 Z] [EVENT] [cadence.virtuoso.ade.simulationMonitor] - NewPoint {"history": "Interactive.292", "point": 1, "testname": "OP", "cornername": "Nominal", "event": "NewPoint", "EventSource": "Simulation Monitor", "HistoryName": "Interactive.292", "logFile": "/home/saul/projects/LF_BG/logs_saul/logs5/Job19.log", "logFileSize": "120006"}
[2026-09-01 07:58:26.888 Z] [EVENT] [cadence.virtuoso.ade.simulationMonitor] - NewPoint {"history": "Interactive.292", "point": 1, "testname": "OP", "cornername": "Nominal", "event": "NewPoint", "EventSource": "spectre", "HistoryName": "Interactive.292", "logFile": "/home/saul/simulation/REF_GEN/REF_GEN_f_TB/maestro/results/maestro/Interactive.292/1/OP/psf/spectre.out", "logFileSize": "-1"}
[2026-09-01 07:58:26.897 Z] [PROCESS] [cadence.virtuoso.ade.simulationMonitor] - Simulator launched {"hostname": "edatools", "processid": 141410, "history": "Interactive.292", "testname": "OP", "cornername": "Nominal", "point": 1, "logfile": "/home/saul/projects/LF_BG/logs_saul/logs5/Job19.log", "simid": "11"}
[2026-09-01 07:58:26.898 Z] [PROCESS] [cadence.virtuoso.ade.simulationMonitor] - Expression evaluator launched {"hostname": "edatools", "processid": 141410, "history": "Interactive.292", "testname": "OP", "cornername": "Nominal", "point": 1, "logfile": "/home/saul/projects/LF_BG/logs_saul/logs5/Job19.log"}
[2026-09-01 07:58:26.928 Z] [PROCESS] [cadence.virtuoso.ade.simulationMonitor] - Started Simulation {"hostname": "edatools", "processid": 141410, "history": "Interactive.292", "testname": "OP", "cornername": "Nominal", "point": 1, "logfile": "/home/saul/projects/LF_BG/logs_saul/logs5/Job19.log", "event": "started", "task": "simulation"}
[2026-09-01 07:58:27.930 Z] [INFO] [cadence.virtuoso.ade.simulationMonitor] - Peak resident memory used = 170 Mbytes. {"history": "Interactive.292", "point": 1, "testname": "OP", "cornername": "Nominal"}
[2026-09-01 07:58:27.930 Z] [INFO] [cadence.virtuoso.ade.simulationMonitor] - Peak resident memory used = 179 Mbytes. {"history": "Interactive.292", "point": 1, "testname": "OP", "cornername": "Nominal"}
[2026-09-01 07:58:27.931 Z] [INFO] [cadence.virtuoso.ade.simulationMonitor] - Notice from spectre during hierarchy flattening.
    The value 'psf' specified for the 'checklimitdest' option will no longer be supported in future releases. Use 'spectre -h' to see other recommended values for the 'checklimitdest' option. {"history": "Interactive.292", "point": 1, "testname": "OP", "cornername": "Nominal"}
[2026-09-01 07:58:27.931 Z] [WARN] [cadence.virtuoso.ade.simulationMonitor] -     WARNING (SPECTRE-16718): inlinesubcktcurrent option is set as `subckt', all the inline subckts will be treated as normal subckts when you access the current of their terminals. {"history": "Interactive.292", "point": 1, "testname": "OP", "cornername": "Nominal"}
[2026-09-01 07:58:27.932 Z] [WARN] [cadence.virtuoso.ade.simulationMonitor] -     WARNING (SPECTRE-8527): There are some nodes and instances removed from the netlist topology check. Check the circuit and correct the topology. Or use preserve_inst to keep them if necessary. {"history": "Interactive.292", "point": 1, "testname": "OP", "cornername": "Nominal"}
[2026-09-01 07:58:27.932 Z] [WARN] [cadence.virtuoso.ade.simulationMonitor] -     WARNING (SPECTRE-8529): Dangling instance. V9 is removed. {"history": "Interactive.292", "point": 1, "testname": "OP", "cornername": "Nominal"}
[2026-09-01 07:58:27.933 Z] [WARN] [cadence.virtuoso.ade.simulationMonitor] -     WARNING (SPECTRE-8530): Dangling node. net9 is removed. {"history": "Interactive.292", "point": 1, "testname": "OP", "cornername": "Nominal"}
[2026-09-01 07:58:27.933 Z] [INFO] [cadence.virtuoso.ade.simulationMonitor] - Peak resident memory used = 181 Mbytes. {"history": "Interactive.292", "point": 1, "testname": "OP", "cornername": "Nominal"}
[2026-09-01 07:58:27.933 Z] [INFO] [cadence.virtuoso.ade.simulationMonitor] - Notice from spectre during topology check.
    No DC path from node `VbgT' to ground, Gmin installed to provide path. {"history": "Interactive.292", "point": 1, "testname": "OP", "cornername": "Nominal"}
[2026-09-01 07:58:27.934 Z] [INFO] [cadence.virtuoso.ade.simulationMonitor] - Notice from spectre during initial setup.
    Multithreading is disabled due to the size of the design being too small. {"history": "Interactive.292", "point": 1, "testname": "OP", "cornername": "Nominal"}
[2026-09-01 07:58:27.935 Z] [INFO] [cadence.virtuoso.ade.simulationMonitor] -               nodes 56 {"history": "Interactive.292", "point": 1, "testname": "OP", "cornername": "Nominal"}
[2026-09-01 07:58:27.935 Z] [INFO] [cadence.virtuoso.ade.simulationMonitor] - Notice from spectre during initial setup.
    Fast APS enabled. {"history": "Interactive.292", "point": 1, "testname": "OP", "cornername": "Nominal"}
[2026-09-01 07:58:27.935 Z] [INFO] [cadence.virtuoso.ade.simulationMonitor] - Peak resident memory used = 184 Mbytes. {"history": "Interactive.292", "point": 1, "testname": "OP", "cornername": "Nominal"}
[2026-09-01 07:58:27.935 Z] [INFO] [cadence.virtuoso.ade.simulationMonitor] -    -   (Fast APS) Multi-threading. The recommended number of threads is 1, consider adding +mt=1 on command line. {"history": "Interactive.292", "point": 1, "testname": "OP", "cornername": "Nominal"}
[2026-09-01 07:58:27.936 Z] [INFO] [cadence.virtuoso.ade.simulationMonitor] - Total time required for dc analysis `dcOp': CPU = 1.813 ms, elapsed = 5.38397 ms, util. = 33.7%. {"history": "Interactive.292", "point": 1, "testname": "OP", "cornername": "Nominal"}
[2026-09-01 07:58:27.936 Z] [INFO] [cadence.virtuoso.ade.simulationMonitor] - Peak resident memory used = 187 Mbytes. {"history": "Interactive.292", "point": 1, "testname": "OP", "cornername": "Nominal"}
[2026-09-01 07:58:27.936 Z] [INFO] [cadence.virtuoso.ade.simulationMonitor] - Time used: CPU = 191 ms, elapsed = 657 ms, util. = 29%. {"history": "Interactive.292", "point": 1, "testname": "OP", "cornername": "Nominal"}
[2026-09-01 07:58:27.937 Z] [INFO] [cadence.virtuoso.ade.simulationMonitor] - Time spent in licensing: elapsed = 245 ms, percentage of total = 37.3%. {"history": "Interactive.292", "point": 1, "testname": "OP", "cornername": "Nominal"}
[2026-09-01 07:58:27.937 Z] [INFO] [cadence.virtuoso.ade.simulationMonitor] - Peak memory used = 188 Mbytes. {"history": "Interactive.292", "point": 1, "testname": "OP", "cornername": "Nominal"}
[2026-09-01 07:58:27.938 Z] [PROCESS] [cadence.virtuoso.ade.simulationMonitor] - Simulation started at: 7:58:27 AM, Tue Sep 1, 2026, ended at: 7:58:27 AM, Tue Sep 1, 2026, with elapsed time (wall clock): 657 ms. {"history": "Interactive.292", "point": 1, "testname": "OP", "cornername": "Nominal"}
[2026-09-01 07:58:27.938 Z] [PROCESS] [cadence.virtuoso.ade.simulationMonitor] - spectre completes with 0 errors, 4 warnings, and 5 notices. {"history": "Interactive.292", "point": 1, "testname": "OP", "cornername": "Nominal"}
[2026-09-01 07:58:27.939 Z] [PROCESS] [cadence.virtuoso.ade.simulationMonitor] - Finished simulating for one point {"hostname": "edatools", "processid": 141410, "history": "Interactive.292", "testname": "OP", "cornername": "Nominal", "point": 1, "logfile": "/home/saul/projects/LF_BG/logs_saul/logs5/Job19.log", "simid": "11"}
[2026-09-01 07:58:27.939 Z] [PROCESS] [cadence.virtuoso.ade.simulationMonitor] - Simulator exited {"hostname": "edatools", "processid": 141410, "history": "Interactive.292", "testname": "OP", "cornername": "Nominal", "point": 1, "logfile": "/home/saul/projects/LF_BG/logs_saul/logs5/Job19.log", "exitStatus": "0"}
[2026-09-01 07:58:27.940 Z] [PROCESS] [cadence.virtuoso.ade.simulationMonitor] - Finished Simulation {"hostname": "edatools", "processid": 141410, "history": "Interactive.292", "testname": "OP", "cornername": "Nominal", "point": 1, "logfile": "/home/saul/projects/LF_BG/logs_saul/logs5/Job19.log", "simid": "11"}
[2026-09-01 07:58:29.952 Z] [PROCESS] [cadence.virtuoso.ade.simulationMonitor] - Point Finished {"hostname": "edatools", "processid": 141410, "history": "Interactive.292", "testname": "OP", "cornername": "Nominal", "point": 1, "logfile": "/home/saul/projects/LF_BG/logs_saul/logs5/Job19.log"}
[2026-09-01 07:59:24.052 Z] [PROCESS] [cadence.virtuoso.ade.simulationMonitor] - Started History {"hostname": "edatools", "processid": 141410, "history": "Interactive.293", "testname": "OP", "cornername": "Nominal", "point": 1, "logfile": "/home/saul/projects/LF_BG/logs_saul/logs5/Job19.log"}
[2026-09-01 07:59:24.053 Z] [PROCESS] [cadence.virtuoso.ade.simulationMonitor] - HostInfo:
Host name (type):	edatools (x86_64)
Operating system:	Linux 7.0.0-30-generic #30~24.04.1-Ubuntu SMP PREEMPT_DYNAMIC Fri Aug  7 13:27:52 UTC 2 {"hostname": "edatools", "processid": 141410, "history": "Interactive.293", "testname": "OP", "cornername": "Nominal", "point": 1, "logfile": "/home/saul/projects/LF_BG/logs_saul/logs5/Job19.log", "nodename": "edatools", "domainname": "(none)", "machine": "x86_64", "sysname": "Linux", "release": "7.0.0-30-generic", "version": "#30~24.04.1-Ubuntu SMP PREEMPT_DYNAMIC Fri Aug  7 13:27:52 UTC 2"}
[2026-09-01 07:59:24.054 Z] [PROCESS] [cadence.virtuoso.ade.simulationMonitor] - UsageInfo:
pid=141410
totalPhysicalMemory=62.541851GB,Used=24.719559GB,totalVirtualMemory=70.541847GB,Used=24.719559GB
Cpu: Cores=16, Load average:0.320000,0.370000,0.260000 {"hostname": "edatools", "processid": 141410, "history": "Interactive.293", "testname": "OP", "cornername": "Nominal", "point": 1, "logfile": "/home/saul/projects/LF_BG/logs_saul/logs5/Job19.log", "pid": "141410", "totalPhysicalMemory": "62.541851", "physicalMemoryUsed": "24.719559", "totalVirtualMemory": "70.541847", "virtualMemoryUsed": "24.719559", "cpuCores": "16", "processes": "2123", "loadAverage1": "0.320000", "loadAverage5": "0.370000", "loadAverage15": "0.260000", "loadAverage1Percent": "0.020000"}
[2026-09-01 07:59:24.055 Z] [EVENT] [cadence.virtuoso.ade.simulationMonitor] - NewPoint {"history": "Interactive.293", "point": 1, "testname": "OP", "cornername": "Nominal", "event": "NewPoint", "EventSource": "Simulation Monitor", "HistoryName": "Interactive.293", "logFile": "/home/saul/projects/LF_BG/logs_saul/logs5/Job19.log", "logFileSize": "129930"}
[2026-09-01 07:59:24.157 Z] [EVENT] [cadence.virtuoso.ade.simulationMonitor] - NewPoint {"history": "Interactive.293", "point": 1, "testname": "OP", "cornername": "Nominal", "event": "NewPoint", "EventSource": "spectre", "HistoryName": "Interactive.293", "logFile": "/home/saul/simulation/REF_GEN/REF_GEN_f_TB/maestro/results/maestro/Interactive.293/1/OP/psf/spectre.out", "logFileSize": "-1"}
[2026-09-01 07:59:24.168 Z] [PROCESS] [cadence.virtuoso.ade.simulationMonitor] - Simulator launched {"hostname": "edatools", "processid": 141410, "history": "Interactive.293", "testname": "OP", "cornername": "Nominal", "point": 1, "logfile": "/home/saul/projects/LF_BG/logs_saul/logs5/Job19.log", "simid": "12"}
[2026-09-01 07:59:24.169 Z] [PROCESS] [cadence.virtuoso.ade.simulationMonitor] - Expression evaluator launched {"hostname": "edatools", "processid": 141410, "history": "Interactive.293", "testname": "OP", "cornername": "Nominal", "point": 1, "logfile": "/home/saul/projects/LF_BG/logs_saul/logs5/Job19.log"}
[2026-09-01 07:59:24.198 Z] [PROCESS] [cadence.virtuoso.ade.simulationMonitor] - Started Simulation {"hostname": "edatools", "processid": 141410, "history": "Interactive.293", "testname": "OP", "cornername": "Nominal", "point": 1, "logfile": "/home/saul/projects/LF_BG/logs_saul/logs5/Job19.log", "event": "started", "task": "simulation"}
[2026-09-01 07:59:25.200 Z] [INFO] [cadence.virtuoso.ade.simulationMonitor] - Peak resident memory used = 170 Mbytes. {"history": "Interactive.293", "point": 1, "testname": "OP", "cornername": "Nominal"}
[2026-09-01 07:59:25.200 Z] [INFO] [cadence.virtuoso.ade.simulationMonitor] - Peak resident memory used = 179 Mbytes. {"history": "Interactive.293", "point": 1, "testname": "OP", "cornername": "Nominal"}
[2026-09-01 07:59:25.200 Z] [INFO] [cadence.virtuoso.ade.simulationMonitor] - Notice from spectre during hierarchy flattening.
    The value 'psf' specified for the 'checklimitdest' option will no longer be supported in future releases. Use 'spectre -h' to see other recommended values for the 'checklimitdest' option. {"history": "Interactive.293", "point": 1, "testname": "OP", "cornername": "Nominal"}
[2026-09-01 07:59:25.201 Z] [WARN] [cadence.virtuoso.ade.simulationMonitor] -     WARNING (SPECTRE-16718): inlinesubcktcurrent option is set as `subckt', all the inline subckts will be treated as normal subckts when you access the current of their terminals. {"history": "Interactive.293", "point": 1, "testname": "OP", "cornername": "Nominal"}
[2026-09-01 07:59:25.201 Z] [WARN] [cadence.virtuoso.ade.simulationMonitor] -     WARNING (SPECTRE-8527): There are some nodes and instances removed from the netlist topology check. Check the circuit and correct the topology. Or use preserve_inst to keep them if necessary. {"history": "Interactive.293", "point": 1, "testname": "OP", "cornername": "Nominal"}
[2026-09-01 07:59:25.201 Z] [WARN] [cadence.virtuoso.ade.simulationMonitor] -     WARNING (SPECTRE-8529): Dangling instance. V9 is removed. {"history": "Interactive.293", "point": 1, "testname": "OP", "cornername": "Nominal"}
[2026-09-01 07:59:25.202 Z] [WARN] [cadence.virtuoso.ade.simulationMonitor] -     WARNING (SPECTRE-8530): Dangling node. net9 is removed. {"history": "Interactive.293", "point": 1, "testname": "OP", "cornername": "Nominal"}
[2026-09-01 07:59:25.202 Z] [INFO] [cadence.virtuoso.ade.simulationMonitor] - Peak resident memory used = 181 Mbytes. {"history": "Interactive.293", "point": 1, "testname": "OP", "cornername": "Nominal"}
[2026-09-01 07:59:25.202 Z] [INFO] [cadence.virtuoso.ade.simulationMonitor] - Notice from spectre during topology check.
    No DC path from node `VbgT' to ground, Gmin installed to provide path. {"history": "Interactive.293", "point": 1, "testname": "OP", "cornername": "Nominal"}
[2026-09-01 07:59:25.203 Z] [INFO] [cadence.virtuoso.ade.simulationMonitor] - Notice from spectre during initial setup.
    Multithreading is disabled due to the size of the design being too small. {"history": "Interactive.293", "point": 1, "testname": "OP", "cornername": "Nominal"}
[2026-09-01 07:59:25.203 Z] [INFO] [cadence.virtuoso.ade.simulationMonitor] -               nodes 56 {"history": "Interactive.293", "point": 1, "testname": "OP", "cornername": "Nominal"}
[2026-09-01 07:59:25.203 Z] [INFO] [cadence.virtuoso.ade.simulationMonitor] - Notice from spectre during initial setup.
    Fast APS enabled. {"history": "Interactive.293", "point": 1, "testname": "OP", "cornername": "Nominal"}
[2026-09-01 07:59:25.204 Z] [INFO] [cadence.virtuoso.ade.simulationMonitor] - Peak resident memory used = 184 Mbytes. {"history": "Interactive.293", "point": 1, "testname": "OP", "cornername": "Nominal"}
[2026-09-01 07:59:25.204 Z] [INFO] [cadence.virtuoso.ade.simulationMonitor] -    -   (Fast APS) Multi-threading. The recommended number of threads is 1, consider adding +mt=1 on command line. {"history": "Interactive.293", "point": 1, "testname": "OP", "cornername": "Nominal"}
[2026-09-01 07:59:25.204 Z] [INFO] [cadence.virtuoso.ade.simulationMonitor] - Total time required for dc analysis `dcOp': CPU = 1.562 ms, elapsed = 5.41615 ms, util. = 28.8%. {"history": "Interactive.293", "point": 1, "testname": "OP", "cornername": "Nominal"}
[2026-09-01 07:59:25.204 Z] [INFO] [cadence.virtuoso.ade.simulationMonitor] - Peak resident memory used = 187 Mbytes. {"history": "Interactive.293", "point": 1, "testname": "OP", "cornername": "Nominal"}
[2026-09-01 07:59:25.204 Z] [INFO] [cadence.virtuoso.ade.simulationMonitor] - Time used: CPU = 172 ms, elapsed = 571 ms, util. = 30.1%. {"history": "Interactive.293", "point": 1, "testname": "OP", "cornername": "Nominal"}
[2026-09-01 07:59:25.205 Z] [INFO] [cadence.virtuoso.ade.simulationMonitor] - Time spent in licensing: elapsed = 35.8 ms, percentage of total = 6.28%. {"history": "Interactive.293", "point": 1, "testname": "OP", "cornername": "Nominal"}
[2026-09-01 07:59:25.205 Z] [INFO] [cadence.virtuoso.ade.simulationMonitor] - Peak memory used = 188 Mbytes. {"history": "Interactive.293", "point": 1, "testname": "OP", "cornername": "Nominal"}
[2026-09-01 07:59:25.205 Z] [PROCESS] [cadence.virtuoso.ade.simulationMonitor] - Simulation started at: 7:59:24 AM, Tue Sep 1, 2026, ended at: 7:59:24 AM, Tue Sep 1, 2026, with elapsed time (wall clock): 571 ms. {"history": "Interactive.293", "point": 1, "testname": "OP", "cornername": "Nominal"}
[2026-09-01 07:59:25.205 Z] [PROCESS] [cadence.virtuoso.ade.simulationMonitor] - spectre completes with 0 errors, 4 warnings, and 5 notices. {"history": "Interactive.293", "point": 1, "testname": "OP", "cornername": "Nominal"}
[2026-09-01 07:59:25.205 Z] [PROCESS] [cadence.virtuoso.ade.simulationMonitor] - Finished simulating for one point {"hostname": "edatools", "processid": 141410, "history": "Interactive.293", "testname": "OP", "cornername": "Nominal", "point": 1, "logfile": "/home/saul/projects/LF_BG/logs_saul/logs5/Job19.log", "simid": "12"}
[2026-09-01 07:59:25.206 Z] [PROCESS] [cadence.virtuoso.ade.simulationMonitor] - Simulator exited {"hostname": "edatools", "processid": 141410, "history": "Interactive.293", "testname": "OP", "cornername": "Nominal", "point": 1, "logfile": "/home/saul/projects/LF_BG/logs_saul/logs5/Job19.log", "exitStatus": "0"}
[2026-09-01 07:59:25.206 Z] [PROCESS] [cadence.virtuoso.ade.simulationMonitor] - Finished Simulation {"hostname": "edatools", "processid": 141410, "history": "Interactive.293", "testname": "OP", "cornername": "Nominal", "point": 1, "logfile": "/home/saul/projects/LF_BG/logs_saul/logs5/Job19.log", "simid": "12"}
[2026-09-01 07:59:27.214 Z] [PROCESS] [cadence.virtuoso.ade.simulationMonitor] - Point Finished {"hostname": "edatools", "processid": 141410, "history": "Interactive.293", "testname": "OP", "cornername": "Nominal", "point": 1, "logfile": "/home/saul/projects/LF_BG/logs_saul/logs5/Job19.log"}
[2026-09-01 08:00:11.852 Z] [PROCESS] [cadence.virtuoso.ade.simulationMonitor] - Started History {"hostname": "edatools", "processid": 141410, "history": "Interactive.294", "testname": "OP", "cornername": "Nominal", "point": 1, "logfile": "/home/saul/projects/LF_BG/logs_saul/logs5/Job19.log"}
[2026-09-01 08:00:11.853 Z] [PROCESS] [cadence.virtuoso.ade.simulationMonitor] - HostInfo:
Host name (type):	edatools (x86_64)
Operating system:	Linux 7.0.0-30-generic #30~24.04.1-Ubuntu SMP PREEMPT_DYNAMIC Fri Aug  7 13:27:52 UTC 2 {"hostname": "edatools", "processid": 141410, "history": "Interactive.294", "testname": "OP", "cornername": "Nominal", "point": 1, "logfile": "/home/saul/projects/LF_BG/logs_saul/logs5/Job19.log", "nodename": "edatools", "domainname": "(none)", "machine": "x86_64", "sysname": "Linux", "release": "7.0.0-30-generic", "version": "#30~24.04.1-Ubuntu SMP PREEMPT_DYNAMIC Fri Aug  7 13:27:52 UTC 2"}
[2026-09-01 08:00:11.853 Z] [PROCESS] [cadence.virtuoso.ade.simulationMonitor] - UsageInfo:
pid=141410
totalPhysicalMemory=62.541851GB,Used=24.708984GB,totalVirtualMemory=70.541847GB,Used=24.708984GB
Cpu: Cores=16, Load average:0.150000,0.320000,0.250000 {"hostname": "edatools", "processid": 141410, "history": "Interactive.294", "testname": "OP", "cornername": "Nominal", "point": 1, "logfile": "/home/saul/projects/LF_BG/logs_saul/logs5/Job19.log", "pid": "141410", "totalPhysicalMemory": "62.541851", "physicalMemoryUsed": "24.708984", "totalVirtualMemory": "70.541847", "virtualMemoryUsed": "24.708984", "cpuCores": "16", "processes": "2119", "loadAverage1": "0.150000", "loadAverage5": "0.320000", "loadAverage15": "0.250000", "loadAverage1Percent": "0.009375"}
[2026-09-01 08:00:11.854 Z] [EVENT] [cadence.virtuoso.ade.simulationMonitor] - NewPoint {"history": "Interactive.294", "point": 1, "testname": "OP", "cornername": "Nominal", "event": "NewPoint", "EventSource": "Simulation Monitor", "HistoryName": "Interactive.294", "logFile": "/home/saul/projects/LF_BG/logs_saul/logs5/Job19.log", "logFileSize": "139857"}
[2026-09-01 08:00:11.955 Z] [EVENT] [cadence.virtuoso.ade.simulationMonitor] - NewPoint {"history": "Interactive.294", "point": 1, "testname": "OP", "cornername": "Nominal", "event": "NewPoint", "EventSource": "spectre", "HistoryName": "Interactive.294", "logFile": "/home/saul/simulation/REF_GEN/REF_GEN_f_TB/maestro/results/maestro/Interactive.294/1/OP/psf/spectre.out", "logFileSize": "-1"}
[2026-09-01 08:00:11.967 Z] [PROCESS] [cadence.virtuoso.ade.simulationMonitor] - Simulator launched {"hostname": "edatools", "processid": 141410, "history": "Interactive.294", "testname": "OP", "cornername": "Nominal", "point": 1, "logfile": "/home/saul/projects/LF_BG/logs_saul/logs5/Job19.log", "simid": "13"}
[2026-09-01 08:00:11.970 Z] [PROCESS] [cadence.virtuoso.ade.simulationMonitor] - Expression evaluator launched {"hostname": "edatools", "processid": 141410, "history": "Interactive.294", "testname": "OP", "cornername": "Nominal", "point": 1, "logfile": "/home/saul/projects/LF_BG/logs_saul/logs5/Job19.log"}
[2026-09-01 08:00:12.007 Z] [PROCESS] [cadence.virtuoso.ade.simulationMonitor] - Started Simulation {"hostname": "edatools", "processid": 141410, "history": "Interactive.294", "testname": "OP", "cornername": "Nominal", "point": 1, "logfile": "/home/saul/projects/LF_BG/logs_saul/logs5/Job19.log", "event": "started", "task": "simulation"}
[2026-09-01 08:00:13.008 Z] [INFO] [cadence.virtuoso.ade.simulationMonitor] - Peak resident memory used = 170 Mbytes. {"history": "Interactive.294", "point": 1, "testname": "OP", "cornername": "Nominal"}
[2026-09-01 08:00:13.009 Z] [INFO] [cadence.virtuoso.ade.simulationMonitor] - Peak resident memory used = 179 Mbytes. {"history": "Interactive.294", "point": 1, "testname": "OP", "cornername": "Nominal"}
[2026-09-01 08:00:13.009 Z] [INFO] [cadence.virtuoso.ade.simulationMonitor] - Notice from spectre during hierarchy flattening.
    The value 'psf' specified for the 'checklimitdest' option will no longer be supported in future releases. Use 'spectre -h' to see other recommended values for the 'checklimitdest' option. {"history": "Interactive.294", "point": 1, "testname": "OP", "cornername": "Nominal"}
[2026-09-01 08:00:13.010 Z] [WARN] [cadence.virtuoso.ade.simulationMonitor] -     WARNING (SPECTRE-16718): inlinesubcktcurrent option is set as `subckt', all the inline subckts will be treated as normal subckts when you access the current of their terminals. {"history": "Interactive.294", "point": 1, "testname": "OP", "cornername": "Nominal"}
[2026-09-01 08:00:13.010 Z] [WARN] [cadence.virtuoso.ade.simulationMonitor] -     WARNING (SPECTRE-8527): There are some nodes and instances removed from the netlist topology check. Check the circuit and correct the topology. Or use preserve_inst to keep them if necessary. {"history": "Interactive.294", "point": 1, "testname": "OP", "cornername": "Nominal"}
[2026-09-01 08:00:13.011 Z] [WARN] [cadence.virtuoso.ade.simulationMonitor] -     WARNING (SPECTRE-8529): Dangling instance. V9 is removed. {"history": "Interactive.294", "point": 1, "testname": "OP", "cornername": "Nominal"}
[2026-09-01 08:00:13.011 Z] [WARN] [cadence.virtuoso.ade.simulationMonitor] -     WARNING (SPECTRE-8530): Dangling node. net9 is removed. {"history": "Interactive.294", "point": 1, "testname": "OP", "cornername": "Nominal"}
[2026-09-01 08:00:13.011 Z] [INFO] [cadence.virtuoso.ade.simulationMonitor] - Peak resident memory used = 181 Mbytes. {"history": "Interactive.294", "point": 1, "testname": "OP", "cornername": "Nominal"}
[2026-09-01 08:00:13.012 Z] [INFO] [cadence.virtuoso.ade.simulationMonitor] - Notice from spectre during topology check.
    No DC path from node `VbgT' to ground, Gmin installed to provide path. {"history": "Interactive.294", "point": 1, "testname": "OP", "cornername": "Nominal"}
[2026-09-01 08:00:13.012 Z] [INFO] [cadence.virtuoso.ade.simulationMonitor] - Notice from spectre during initial setup.
    Multithreading is disabled due to the size of the design being too small. {"history": "Interactive.294", "point": 1, "testname": "OP", "cornername": "Nominal"}
[2026-09-01 08:00:13.013 Z] [INFO] [cadence.virtuoso.ade.simulationMonitor] -               nodes 56 {"history": "Interactive.294", "point": 1, "testname": "OP", "cornername": "Nominal"}
[2026-09-01 08:00:13.014 Z] [INFO] [cadence.virtuoso.ade.simulationMonitor] - Notice from spectre during initial setup.
    Fast APS enabled. {"history": "Interactive.294", "point": 1, "testname": "OP", "cornername": "Nominal"}
[2026-09-01 08:00:13.014 Z] [INFO] [cadence.virtuoso.ade.simulationMonitor] - Peak resident memory used = 184 Mbytes. {"history": "Interactive.294", "point": 1, "testname": "OP", "cornername": "Nominal"}
[2026-09-01 08:00:13.014 Z] [INFO] [cadence.virtuoso.ade.simulationMonitor] -    -   (Fast APS) Multi-threading. The recommended number of threads is 1, consider adding +mt=1 on command line. {"history": "Interactive.294", "point": 1, "testname": "OP", "cornername": "Nominal"}
[2026-09-01 08:00:13.015 Z] [INFO] [cadence.virtuoso.ade.simulationMonitor] - Total time required for dc analysis `dcOp': CPU = 1.592 ms, elapsed = 4.81391 ms, util. = 33.1%. {"history": "Interactive.294", "point": 1, "testname": "OP", "cornername": "Nominal"}
[2026-09-01 08:00:13.015 Z] [INFO] [cadence.virtuoso.ade.simulationMonitor] - Peak resident memory used = 187 Mbytes. {"history": "Interactive.294", "point": 1, "testname": "OP", "cornername": "Nominal"}
[2026-09-01 08:00:13.016 Z] [INFO] [cadence.virtuoso.ade.simulationMonitor] - Time used: CPU = 177 ms, elapsed = 536 ms, util. = 33.1%. {"history": "Interactive.294", "point": 1, "testname": "OP", "cornername": "Nominal"}
[2026-09-01 08:00:13.016 Z] [INFO] [cadence.virtuoso.ade.simulationMonitor] - Time spent in licensing: elapsed = 34.7 ms, percentage of total = 6.48%. {"history": "Interactive.294", "point": 1, "testname": "OP", "cornername": "Nominal"}
[2026-09-01 08:00:13.016 Z] [INFO] [cadence.virtuoso.ade.simulationMonitor] - Peak memory used = 188 Mbytes. {"history": "Interactive.294", "point": 1, "testname": "OP", "cornername": "Nominal"}
[2026-09-01 08:00:13.017 Z] [PROCESS] [cadence.virtuoso.ade.simulationMonitor] - Simulation started at: 8:00:12 AM, Tue Sep 1, 2026, ended at: 8:00:12 AM, Tue Sep 1, 2026, with elapsed time (wall clock): 536 ms. {"history": "Interactive.294", "point": 1, "testname": "OP", "cornername": "Nominal"}
[2026-09-01 08:00:13.017 Z] [PROCESS] [cadence.virtuoso.ade.simulationMonitor] - spectre completes with 0 errors, 4 warnings, and 5 notices. {"history": "Interactive.294", "point": 1, "testname": "OP", "cornername": "Nominal"}
[2026-09-01 08:00:13.017 Z] [PROCESS] [cadence.virtuoso.ade.simulationMonitor] - Finished simulating for one point {"hostname": "edatools", "processid": 141410, "history": "Interactive.294", "testname": "OP", "cornername": "Nominal", "point": 1, "logfile": "/home/saul/projects/LF_BG/logs_saul/logs5/Job19.log", "simid": "13"}
[2026-09-01 08:00:13.018 Z] [PROCESS] [cadence.virtuoso.ade.simulationMonitor] - Simulator exited {"hostname": "edatools", "processid": 141410, "history": "Interactive.294", "testname": "OP", "cornername": "Nominal", "point": 1, "logfile": "/home/saul/projects/LF_BG/logs_saul/logs5/Job19.log", "exitStatus": "0"}
[2026-09-01 08:00:13.018 Z] [PROCESS] [cadence.virtuoso.ade.simulationMonitor] - Finished Simulation {"hostname": "edatools", "processid": 141410, "history": "Interactive.294", "testname": "OP", "cornername": "Nominal", "point": 1, "logfile": "/home/saul/projects/LF_BG/logs_saul/logs5/Job19.log", "simid": "13"}
[2026-09-01 08:00:15.046 Z] [PROCESS] [cadence.virtuoso.ade.simulationMonitor] - Point Finished {"hostname": "edatools", "processid": 141410, "history": "Interactive.294", "testname": "OP", "cornername": "Nominal", "point": 1, "logfile": "/home/saul/projects/LF_BG/logs_saul/logs5/Job19.log"}
[2026-09-01 08:00:58.004 Z] [PROCESS] [cadence.virtuoso.ade.simulationMonitor] - Started History {"hostname": "edatools", "processid": 141410, "history": "Interactive.295", "testname": "OP", "cornername": "Nominal", "point": 1, "logfile": "/home/saul/projects/LF_BG/logs_saul/logs5/Job19.log"}
[2026-09-01 08:00:58.005 Z] [PROCESS] [cadence.virtuoso.ade.simulationMonitor] - HostInfo:
Host name (type):	edatools (x86_64)
Operating system:	Linux 7.0.0-30-generic #30~24.04.1-Ubuntu SMP PREEMPT_DYNAMIC Fri Aug  7 13:27:52 UTC 2 {"hostname": "edatools", "processid": 141410, "history": "Interactive.295", "testname": "OP", "cornername": "Nominal", "point": 1, "logfile": "/home/saul/projects/LF_BG/logs_saul/logs5/Job19.log", "nodename": "edatools", "domainname": "(none)", "machine": "x86_64", "sysname": "Linux", "release": "7.0.0-30-generic", "version": "#30~24.04.1-Ubuntu SMP PREEMPT_DYNAMIC Fri Aug  7 13:27:52 UTC 2"}
[2026-09-01 08:00:58.005 Z] [PROCESS] [cadence.virtuoso.ade.simulationMonitor] - UsageInfo:
pid=141410
totalPhysicalMemory=62.541851GB,Used=24.798523GB,totalVirtualMemory=70.541847GB,Used=24.798523GB
Cpu: Cores=16, Load average:0.160000,0.300000,0.250000 {"hostname": "edatools", "processid": 141410, "history": "Interactive.295", "testname": "OP", "cornername": "Nominal", "point": 1, "logfile": "/home/saul/projects/LF_BG/logs_saul/logs5/Job19.log", "pid": "141410", "totalPhysicalMemory": "62.541851", "physicalMemoryUsed": "24.798523", "totalVirtualMemory": "70.541847", "virtualMemoryUsed": "24.798523", "cpuCores": "16", "processes": "2126", "loadAverage1": "0.160000", "loadAverage5": "0.300000", "loadAverage15": "0.250000", "loadAverage1Percent": "0.010000"}
[2026-09-01 08:00:58.006 Z] [EVENT] [cadence.virtuoso.ade.simulationMonitor] - NewPoint {"history": "Interactive.295", "point": 1, "testname": "OP", "cornername": "Nominal", "event": "NewPoint", "EventSource": "Simulation Monitor", "HistoryName": "Interactive.295", "logFile": "/home/saul/projects/LF_BG/logs_saul/logs5/Job19.log", "logFileSize": "149784"}
[2026-09-01 08:00:58.108 Z] [EVENT] [cadence.virtuoso.ade.simulationMonitor] - NewPoint {"history": "Interactive.295", "point": 1, "testname": "OP", "cornername": "Nominal", "event": "NewPoint", "EventSource": "spectre", "HistoryName": "Interactive.295", "logFile": "/home/saul/simulation/REF_GEN/REF_GEN_f_TB/maestro/results/maestro/Interactive.295/1/OP/psf/spectre.out", "logFileSize": "-1"}
[2026-09-01 08:00:58.117 Z] [PROCESS] [cadence.virtuoso.ade.simulationMonitor] - Simulator launched {"hostname": "edatools", "processid": 141410, "history": "Interactive.295", "testname": "OP", "cornername": "Nominal", "point": 1, "logfile": "/home/saul/projects/LF_BG/logs_saul/logs5/Job19.log", "simid": "14"}
[2026-09-01 08:00:58.119 Z] [PROCESS] [cadence.virtuoso.ade.simulationMonitor] - Expression evaluator launched {"hostname": "edatools", "processid": 141410, "history": "Interactive.295", "testname": "OP", "cornername": "Nominal", "point": 1, "logfile": "/home/saul/projects/LF_BG/logs_saul/logs5/Job19.log"}
[2026-09-01 08:00:58.155 Z] [PROCESS] [cadence.virtuoso.ade.simulationMonitor] - Started Simulation {"hostname": "edatools", "processid": 141410, "history": "Interactive.295", "testname": "OP", "cornername": "Nominal", "point": 1, "logfile": "/home/saul/projects/LF_BG/logs_saul/logs5/Job19.log", "event": "started", "task": "simulation"}
[2026-09-01 08:00:59.184 Z] [INFO] [cadence.virtuoso.ade.simulationMonitor] - Peak resident memory used = 170 Mbytes. {"history": "Interactive.295", "point": 1, "testname": "OP", "cornername": "Nominal"}
[2026-09-01 08:00:59.188 Z] [WARN] [cadence.virtuoso.ade.simulationMonitor] -     WARNING (VACOMP-1116): "/home/saul/projects/LF_BG/REF_GEN/REF_GEN_fL_2/veriloga/veriloga.va", line 231: Transition filter contains a continuous signal in the expression. Since a transition filter can only be applied to piecewise constant signals, redefine the expression to ensure that the transition filter applies only to a piecewise constant signal. {"history": "Interactive.295", "point": 1, "testname": "OP", "cornername": "Nominal"}
[2026-09-01 08:00:59.188 Z] [WARN] [cadence.virtuoso.ade.simulationMonitor] -     WARNING (VACOMP-1116): "/home/saul/projects/LF_BG/REF_GEN/REF_GEN_fL_2/veriloga/veriloga.va", line 232: Transition filter contains a continuous signal in the expression. Since a transition filter can only be applied to piecewise constant signals, redefine the expression to ensure that the transition filter applies only to a piecewise constant signal. {"history": "Interactive.295", "point": 1, "testname": "OP", "cornername": "Nominal"}
[2026-09-01 08:00:59.189 Z] [WARN] [cadence.virtuoso.ade.simulationMonitor] -     WARNING (VACOMP-1116): "/home/saul/projects/LF_BG/REF_GEN/REF_GEN_fL_2/veriloga/veriloga.va", line 236: Transition filter contains a continuous signal in the expression. Since a transition filter can only be applied to piecewise constant signals, redefine the expression to ensure that the transition filter applies only to a piecewise constant signal. {"history": "Interactive.295", "point": 1, "testname": "OP", "cornername": "Nominal"}
[2026-09-01 08:00:59.189 Z] [WARN] [cadence.virtuoso.ade.simulationMonitor] -     WARNING (VACOMP-1116): "/home/saul/projects/LF_BG/REF_GEN/REF_GEN_fL_2/veriloga/veriloga.va", line 237: Transition filter contains a continuous signal in the expression. Since a transition filter can only be applied to piecewise constant signals, redefine the expression to ensure that the transition filter applies only to a piecewise constant signal. {"history": "Interactive.295", "point": 1, "testname": "OP", "cornername": "Nominal"}
[2026-09-01 08:00:59.189 Z] [WARN] [cadence.virtuoso.ade.simulationMonitor] -     WARNING (VACOMP-1116): "/home/saul/projects/LF_BG/REF_GEN/REF_GEN_fL_2/veriloga/veriloga.va", line 238: Transition filter contains a continuous signal in the expression. Since a transition filter can only be applied to piecewise constant signals, redefine the expression to ensure that the transition filter applies only to a piecewise constant signal.
        Further occurrences of this warning will be suppressed. {"history": "Interactive.295", "point": 1, "testname": "OP", "cornername": "Nominal"}
[2026-09-01 08:01:00.190 Z] [INFO] [cadence.virtuoso.ade.simulationMonitor] - Peak resident memory used = 204 Mbytes. {"history": "Interactive.295", "point": 1, "testname": "OP", "cornername": "Nominal"}
[2026-09-01 08:01:00.190 Z] [INFO] [cadence.virtuoso.ade.simulationMonitor] - Notice from spectre during hierarchy flattening.
    The value 'psf' specified for the 'checklimitdest' option will no longer be supported in future releases. Use 'spectre -h' to see other recommended values for the 'checklimitdest' option. {"history": "Interactive.295", "point": 1, "testname": "OP", "cornername": "Nominal"}
[2026-09-01 08:01:00.190 Z] [WARN] [cadence.virtuoso.ade.simulationMonitor] -     WARNING (SPECTRE-16718): inlinesubcktcurrent option is set as `subckt', all the inline subckts will be treated as normal subckts when you access the current of their terminals. {"history": "Interactive.295", "point": 1, "testname": "OP", "cornername": "Nominal"}
[2026-09-01 08:01:00.190 Z] [WARN] [cadence.virtuoso.ade.simulationMonitor] -     WARNING (SPECTRE-8527): There are some nodes and instances removed from the netlist topology check. Check the circuit and correct the topology. Or use preserve_inst to keep them if necessary. {"history": "Interactive.295", "point": 1, "testname": "OP", "cornername": "Nominal"}
[2026-09-01 08:01:00.190 Z] [WARN] [cadence.virtuoso.ade.simulationMonitor] -     WARNING (SPECTRE-8529): Dangling instance. V9 is removed. {"history": "Interactive.295", "point": 1, "testname": "OP", "cornername": "Nominal"}
[2026-09-01 08:01:00.190 Z] [WARN] [cadence.virtuoso.ade.simulationMonitor] -     WARNING (SPECTRE-8530): Dangling node. net9 is removed. {"history": "Interactive.295", "point": 1, "testname": "OP", "cornername": "Nominal"}
[2026-09-01 08:01:00.190 Z] [INFO] [cadence.virtuoso.ade.simulationMonitor] - Peak resident memory used = 205 Mbytes. {"history": "Interactive.295", "point": 1, "testname": "OP", "cornername": "Nominal"}
[2026-09-01 08:01:00.190 Z] [INFO] [cadence.virtuoso.ade.simulationMonitor] - Notice from spectre during topology check.
    No DC path from node `VbgT' to ground, Gmin installed to provide path. {"history": "Interactive.295", "point": 1, "testname": "OP", "cornername": "Nominal"}
[2026-09-01 08:01:00.190 Z] [INFO] [cadence.virtuoso.ade.simulationMonitor] - Notice from spectre during initial setup.
    Multithreading is disabled due to the size of the design being too small. {"history": "Interactive.295", "point": 1, "testname": "OP", "cornername": "Nominal"}
[2026-09-01 08:01:00.191 Z] [INFO] [cadence.virtuoso.ade.simulationMonitor] -               nodes 56 {"history": "Interactive.295", "point": 1, "testname": "OP", "cornername": "Nominal"}
[2026-09-01 08:01:00.191 Z] [INFO] [cadence.virtuoso.ade.simulationMonitor] - Notice from spectre during initial setup.
    Fast APS enabled.
    9 warnings suppressed. {"history": "Interactive.295", "point": 1, "testname": "OP", "cornername": "Nominal"}
[2026-09-01 08:01:00.191 Z] [INFO] [cadence.virtuoso.ade.simulationMonitor] - Peak resident memory used = 208 Mbytes. {"history": "Interactive.295", "point": 1, "testname": "OP", "cornername": "Nominal"}
[2026-09-01 08:01:00.191 Z] [INFO] [cadence.virtuoso.ade.simulationMonitor] -    -   (Fast APS) Multi-threading. The recommended number of threads is 1, consider adding +mt=1 on command line. {"history": "Interactive.295", "point": 1, "testname": "OP", "cornername": "Nominal"}
[2026-09-01 08:01:00.191 Z] [INFO] [cadence.virtuoso.ade.simulationMonitor] - Total time required for dc analysis `dcOp': CPU = 1.729 ms, elapsed = 5.0261 ms, util. = 34.4%. {"history": "Interactive.295", "point": 1, "testname": "OP", "cornername": "Nominal"}
[2026-09-01 08:01:00.191 Z] [INFO] [cadence.virtuoso.ade.simulationMonitor] - Peak resident memory used = 208 Mbytes. {"history": "Interactive.295", "point": 1, "testname": "OP", "cornername": "Nominal"}
[2026-09-01 08:01:00.691 Z] [INFO] [cadence.virtuoso.ade.simulationMonitor] - Time used: CPU = 261 ms, elapsed = 1.91 s, util. = 13.7%. {"history": "Interactive.295", "point": 1, "testname": "OP", "cornername": "Nominal"}
[2026-09-01 08:01:00.691 Z] [INFO] [cadence.virtuoso.ade.simulationMonitor] - Time spent in licensing: elapsed = 34.5 ms. {"history": "Interactive.295", "point": 1, "testname": "OP", "cornername": "Nominal"}
[2026-09-01 08:01:00.691 Z] [INFO] [cadence.virtuoso.ade.simulationMonitor] - Peak memory used = 208 Mbytes. {"history": "Interactive.295", "point": 1, "testname": "OP", "cornername": "Nominal"}
[2026-09-01 08:01:00.691 Z] [PROCESS] [cadence.virtuoso.ade.simulationMonitor] - Simulation started at: 8:00:58 AM, Tue Sep 1, 2026, ended at: 8:01:00 AM, Tue Sep 1, 2026, with elapsed time (wall clock): 1.91 s. {"history": "Interactive.295", "point": 1, "testname": "OP", "cornername": "Nominal"}
[2026-09-01 08:01:00.692 Z] [PROCESS] [cadence.virtuoso.ade.simulationMonitor] - spectre completes with 0 errors, 9 warnings, and 6 notices. {"history": "Interactive.295", "point": 1, "testname": "OP", "cornername": "Nominal"}
[2026-09-01 08:01:00.692 Z] [PROCESS] [cadence.virtuoso.ade.simulationMonitor] - Finished simulating for one point {"hostname": "edatools", "processid": 141410, "history": "Interactive.295", "testname": "OP", "cornername": "Nominal", "point": 1, "logfile": "/home/saul/projects/LF_BG/logs_saul/logs5/Job19.log", "simid": "14"}
[2026-09-01 08:01:00.692 Z] [PROCESS] [cadence.virtuoso.ade.simulationMonitor] - Simulator exited {"hostname": "edatools", "processid": 141410, "history": "Interactive.295", "testname": "OP", "cornername": "Nominal", "point": 1, "logfile": "/home/saul/projects/LF_BG/logs_saul/logs5/Job19.log", "exitStatus": "0"}
[2026-09-01 08:01:00.692 Z] [PROCESS] [cadence.virtuoso.ade.simulationMonitor] - Finished Simulation {"hostname": "edatools", "processid": 141410, "history": "Interactive.295", "testname": "OP", "cornername": "Nominal", "point": 1, "logfile": "/home/saul/projects/LF_BG/logs_saul/logs5/Job19.log", "simid": "14"}
[2026-09-01 08:01:01.699 Z] [PROCESS] [cadence.virtuoso.ade.simulationMonitor] - Point Finished {"hostname": "edatools", "processid": 141410, "history": "Interactive.295", "testname": "OP", "cornername": "Nominal", "point": 1, "logfile": "/home/saul/projects/LF_BG/logs_saul/logs5/Job19.log"}
[2026-09-01 08:01:16.245 Z] [PROCESS] [cadence.virtuoso.ade.simulationMonitor] - Started History {"hostname": "edatools", "processid": 141410, "history": "Interactive.296", "testname": "OP", "cornername": "Nominal", "point": 1, "logfile": "/home/saul/projects/LF_BG/logs_saul/logs5/Job19.log"}
[2026-09-01 08:01:16.246 Z] [PROCESS] [cadence.virtuoso.ade.simulationMonitor] - HostInfo:
Host name (type):	edatools (x86_64)
Operating system:	Linux 7.0.0-30-generic #30~24.04.1-Ubuntu SMP PREEMPT_DYNAMIC Fri Aug  7 13:27:52 UTC 2 {"hostname": "edatools", "processid": 141410, "history": "Interactive.296", "testname": "OP", "cornername": "Nominal", "point": 1, "logfile": "/home/saul/projects/LF_BG/logs_saul/logs5/Job19.log", "nodename": "edatools", "domainname": "(none)", "machine": "x86_64", "sysname": "Linux", "release": "7.0.0-30-generic", "version": "#30~24.04.1-Ubuntu SMP PREEMPT_DYNAMIC Fri Aug  7 13:27:52 UTC 2"}
[2026-09-01 08:01:16.247 Z] [PROCESS] [cadence.virtuoso.ade.simulationMonitor] - UsageInfo:
pid=141410
totalPhysicalMemory=62.541851GB,Used=24.807270GB,totalVirtualMemory=70.541847GB,Used=24.807270GB
Cpu: Cores=16, Load average:0.260000,0.320000,0.250000 {"hostname": "edatools", "processid": 141410, "history": "Interactive.296", "testname": "OP", "cornername": "Nominal", "point": 1, "logfile": "/home/saul/projects/LF_BG/logs_saul/logs5/Job19.log", "pid": "141410", "totalPhysicalMemory": "62.541851", "physicalMemoryUsed": "24.807270", "totalVirtualMemory": "70.541847", "virtualMemoryUsed": "24.807270", "cpuCores": "16", "processes": "2131", "loadAverage1": "0.260000", "loadAverage5": "0.320000", "loadAverage15": "0.250000", "loadAverage1Percent": "0.016250"}
[2026-09-01 08:01:16.247 Z] [EVENT] [cadence.virtuoso.ade.simulationMonitor] - NewPoint {"history": "Interactive.296", "point": 1, "testname": "OP", "cornername": "Nominal", "event": "NewPoint", "EventSource": "Simulation Monitor", "HistoryName": "Interactive.296", "logFile": "/home/saul/projects/LF_BG/logs_saul/logs5/Job19.log", "logFileSize": "162377"}
[2026-09-01 08:01:16.350 Z] [EVENT] [cadence.virtuoso.ade.simulationMonitor] - NewPoint {"history": "Interactive.296", "point": 1, "testname": "OP", "cornername": "Nominal", "event": "NewPoint", "EventSource": "spectre", "HistoryName": "Interactive.296", "logFile": "/home/saul/simulation/REF_GEN/REF_GEN_f_TB/maestro/results/maestro/Interactive.296/1/OP/psf/spectre.out", "logFileSize": "-1"}
[2026-09-01 08:01:16.367 Z] [PROCESS] [cadence.virtuoso.ade.simulationMonitor] - Simulator launched {"hostname": "edatools", "processid": 141410, "history": "Interactive.296", "testname": "OP", "cornername": "Nominal", "point": 1, "logfile": "/home/saul/projects/LF_BG/logs_saul/logs5/Job19.log", "simid": "15"}
[2026-09-01 08:01:16.370 Z] [PROCESS] [cadence.virtuoso.ade.simulationMonitor] - Expression evaluator launched {"hostname": "edatools", "processid": 141410, "history": "Interactive.296", "testname": "OP", "cornername": "Nominal", "point": 1, "logfile": "/home/saul/projects/LF_BG/logs_saul/logs5/Job19.log"}
[2026-09-01 08:01:16.397 Z] [PROCESS] [cadence.virtuoso.ade.simulationMonitor] - Started Simulation {"hostname": "edatools", "processid": 141410, "history": "Interactive.296", "testname": "OP", "cornername": "Nominal", "point": 1, "logfile": "/home/saul/projects/LF_BG/logs_saul/logs5/Job19.log", "event": "started", "task": "simulation"}
[2026-09-01 08:01:17.398 Z] [INFO] [cadence.virtuoso.ade.simulationMonitor] - Peak resident memory used = 170 Mbytes. {"history": "Interactive.296", "point": 1, "testname": "OP", "cornername": "Nominal"}
[2026-09-01 08:01:17.399 Z] [INFO] [cadence.virtuoso.ade.simulationMonitor] - Peak resident memory used = 179 Mbytes. {"history": "Interactive.296", "point": 1, "testname": "OP", "cornername": "Nominal"}
[2026-09-01 08:01:17.400 Z] [INFO] [cadence.virtuoso.ade.simulationMonitor] - Notice from spectre during hierarchy flattening.
    The value 'psf' specified for the 'checklimitdest' option will no longer be supported in future releases. Use 'spectre -h' to see other recommended values for the 'checklimitdest' option. {"history": "Interactive.296", "point": 1, "testname": "OP", "cornername": "Nominal"}
[2026-09-01 08:01:17.400 Z] [WARN] [cadence.virtuoso.ade.simulationMonitor] -     WARNING (SPECTRE-16718): inlinesubcktcurrent option is set as `subckt', all the inline subckts will be treated as normal subckts when you access the current of their terminals. {"history": "Interactive.296", "point": 1, "testname": "OP", "cornername": "Nominal"}
[2026-09-01 08:01:17.400 Z] [WARN] [cadence.virtuoso.ade.simulationMonitor] -     WARNING (SPECTRE-8527): There are some nodes and instances removed from the netlist topology check. Check the circuit and correct the topology. Or use preserve_inst to keep them if necessary. {"history": "Interactive.296", "point": 1, "testname": "OP", "cornername": "Nominal"}
[2026-09-01 08:01:17.401 Z] [WARN] [cadence.virtuoso.ade.simulationMonitor] -     WARNING (SPECTRE-8529): Dangling instance. V9 is removed. {"history": "Interactive.296", "point": 1, "testname": "OP", "cornername": "Nominal"}
[2026-09-01 08:01:17.401 Z] [WARN] [cadence.virtuoso.ade.simulationMonitor] -     WARNING (SPECTRE-8530): Dangling node. net9 is removed. {"history": "Interactive.296", "point": 1, "testname": "OP", "cornername": "Nominal"}
[2026-09-01 08:01:17.402 Z] [INFO] [cadence.virtuoso.ade.simulationMonitor] - Peak resident memory used = 181 Mbytes. {"history": "Interactive.296", "point": 1, "testname": "OP", "cornername": "Nominal"}
[2026-09-01 08:01:17.402 Z] [INFO] [cadence.virtuoso.ade.simulationMonitor] - Notice from spectre during topology check.
    No DC path from node `VbgT' to ground, Gmin installed to provide path. {"history": "Interactive.296", "point": 1, "testname": "OP", "cornername": "Nominal"}
[2026-09-01 08:01:17.403 Z] [INFO] [cadence.virtuoso.ade.simulationMonitor] - Notice from spectre during initial setup.
    Multithreading is disabled due to the size of the design being too small. {"history": "Interactive.296", "point": 1, "testname": "OP", "cornername": "Nominal"}
[2026-09-01 08:01:17.403 Z] [INFO] [cadence.virtuoso.ade.simulationMonitor] -               nodes 56 {"history": "Interactive.296", "point": 1, "testname": "OP", "cornername": "Nominal"}
[2026-09-01 08:01:17.404 Z] [INFO] [cadence.virtuoso.ade.simulationMonitor] - Notice from spectre during initial setup.
    Fast APS enabled. {"history": "Interactive.296", "point": 1, "testname": "OP", "cornername": "Nominal"}
[2026-09-01 08:01:17.404 Z] [INFO] [cadence.virtuoso.ade.simulationMonitor] - Peak resident memory used = 184 Mbytes. {"history": "Interactive.296", "point": 1, "testname": "OP", "cornername": "Nominal"}
[2026-09-01 08:01:17.405 Z] [INFO] [cadence.virtuoso.ade.simulationMonitor] -    -   (Fast APS) Multi-threading. The recommended number of threads is 1, consider adding +mt=1 on command line. {"history": "Interactive.296", "point": 1, "testname": "OP", "cornername": "Nominal"}
[2026-09-01 08:01:17.405 Z] [INFO] [cadence.virtuoso.ade.simulationMonitor] - Total time required for dc analysis `dcOp': CPU = 2.23 ms, elapsed = 5.76401 ms, util. = 38.7%. {"history": "Interactive.296", "point": 1, "testname": "OP", "cornername": "Nominal"}
[2026-09-01 08:01:17.406 Z] [INFO] [cadence.virtuoso.ade.simulationMonitor] - Peak resident memory used = 187 Mbytes. {"history": "Interactive.296", "point": 1, "testname": "OP", "cornername": "Nominal"}
[2026-09-01 08:01:17.406 Z] [INFO] [cadence.virtuoso.ade.simulationMonitor] - Time used: CPU = 167 ms, elapsed = 545 ms, util. = 30.6%. {"history": "Interactive.296", "point": 1, "testname": "OP", "cornername": "Nominal"}
[2026-09-01 08:01:17.407 Z] [INFO] [cadence.virtuoso.ade.simulationMonitor] - Time spent in licensing: elapsed = 25.2 ms. {"history": "Interactive.296", "point": 1, "testname": "OP", "cornername": "Nominal"}
[2026-09-01 08:01:17.407 Z] [INFO] [cadence.virtuoso.ade.simulationMonitor] - Peak memory used = 188 Mbytes. {"history": "Interactive.296", "point": 1, "testname": "OP", "cornername": "Nominal"}
[2026-09-01 08:01:17.407 Z] [PROCESS] [cadence.virtuoso.ade.simulationMonitor] - Simulation started at: 8:01:16 AM, Tue Sep 1, 2026, ended at: 8:01:17 AM, Tue Sep 1, 2026, with elapsed time (wall clock): 545 ms. {"history": "Interactive.296", "point": 1, "testname": "OP", "cornername": "Nominal"}
[2026-09-01 08:01:17.408 Z] [PROCESS] [cadence.virtuoso.ade.simulationMonitor] - spectre completes with 0 errors, 4 warnings, and 5 notices. {"history": "Interactive.296", "point": 1, "testname": "OP", "cornername": "Nominal"}
[2026-09-01 08:01:17.408 Z] [PROCESS] [cadence.virtuoso.ade.simulationMonitor] - Finished simulating for one point {"hostname": "edatools", "processid": 141410, "history": "Interactive.296", "testname": "OP", "cornername": "Nominal", "point": 1, "logfile": "/home/saul/projects/LF_BG/logs_saul/logs5/Job19.log", "simid": "15"}
[2026-09-01 08:01:17.409 Z] [PROCESS] [cadence.virtuoso.ade.simulationMonitor] - Simulator exited {"hostname": "edatools", "processid": 141410, "history": "Interactive.296", "testname": "OP", "cornername": "Nominal", "point": 1, "logfile": "/home/saul/projects/LF_BG/logs_saul/logs5/Job19.log", "exitStatus": "0"}
[2026-09-01 08:01:17.409 Z] [PROCESS] [cadence.virtuoso.ade.simulationMonitor] - Finished Simulation {"hostname": "edatools", "processid": 141410, "history": "Interactive.296", "testname": "OP", "cornername": "Nominal", "point": 1, "logfile": "/home/saul/projects/LF_BG/logs_saul/logs5/Job19.log", "simid": "15"}
[2026-09-01 08:01:19.434 Z] [PROCESS] [cadence.virtuoso.ade.simulationMonitor] - Point Finished {"hostname": "edatools", "processid": 141410, "history": "Interactive.296", "testname": "OP", "cornername": "Nominal", "point": 1, "logfile": "/home/saul/projects/LF_BG/logs_saul/logs5/Job19.log"}
[2026-09-01 08:01:30.324 Z] [PROCESS] [cadence.virtuoso.ade.simulationMonitor] - Started History {"hostname": "edatools", "processid": 141410, "history": "Interactive.297", "testname": "OP", "cornername": "Nominal", "point": 1, "logfile": "/home/saul/projects/LF_BG/logs_saul/logs5/Job19.log"}
[2026-09-01 08:01:30.324 Z] [PROCESS] [cadence.virtuoso.ade.simulationMonitor] - HostInfo:
Host name (type):	edatools (x86_64)
Operating system:	Linux 7.0.0-30-generic #30~24.04.1-Ubuntu SMP PREEMPT_DYNAMIC Fri Aug  7 13:27:52 UTC 2 {"hostname": "edatools", "processid": 141410, "history": "Interactive.297", "testname": "OP", "cornername": "Nominal", "point": 1, "logfile": "/home/saul/projects/LF_BG/logs_saul/logs5/Job19.log", "nodename": "edatools", "domainname": "(none)", "machine": "x86_64", "sysname": "Linux", "release": "7.0.0-30-generic", "version": "#30~24.04.1-Ubuntu SMP PREEMPT_DYNAMIC Fri Aug  7 13:27:52 UTC 2"}
[2026-09-01 08:01:30.325 Z] [PROCESS] [cadence.virtuoso.ade.simulationMonitor] - UsageInfo:
pid=141410
totalPhysicalMemory=62.541851GB,Used=24.782505GB,totalVirtualMemory=70.541847GB,Used=24.782505GB
Cpu: Cores=16, Load average:0.420000,0.350000,0.270000 {"hostname": "edatools", "processid": 141410, "history": "Interactive.297", "testname": "OP", "cornername": "Nominal", "point": 1, "logfile": "/home/saul/projects/LF_BG/logs_saul/logs5/Job19.log", "pid": "141410", "totalPhysicalMemory": "62.541851", "physicalMemoryUsed": "24.782505", "totalVirtualMemory": "70.541847", "virtualMemoryUsed": "24.782505", "cpuCores": "16", "processes": "2133", "loadAverage1": "0.420000", "loadAverage5": "0.350000", "loadAverage15": "0.270000", "loadAverage1Percent": "0.026250"}
[2026-09-01 08:01:30.325 Z] [EVENT] [cadence.virtuoso.ade.simulationMonitor] - NewPoint {"history": "Interactive.297", "point": 1, "testname": "OP", "cornername": "Nominal", "event": "NewPoint", "EventSource": "Simulation Monitor", "HistoryName": "Interactive.297", "logFile": "/home/saul/projects/LF_BG/logs_saul/logs5/Job19.log", "logFileSize": "172274"}
[2026-09-01 08:01:30.428 Z] [EVENT] [cadence.virtuoso.ade.simulationMonitor] - NewPoint {"history": "Interactive.297", "point": 1, "testname": "OP", "cornername": "Nominal", "event": "NewPoint", "EventSource": "spectre", "HistoryName": "Interactive.297", "logFile": "/home/saul/simulation/REF_GEN/REF_GEN_f_TB/maestro/results/maestro/Interactive.297/1/OP/psf/spectre.out", "logFileSize": "-1"}
[2026-09-01 08:01:30.445 Z] [PROCESS] [cadence.virtuoso.ade.simulationMonitor] - Simulator launched {"hostname": "edatools", "processid": 141410, "history": "Interactive.297", "testname": "OP", "cornername": "Nominal", "point": 1, "logfile": "/home/saul/projects/LF_BG/logs_saul/logs5/Job19.log", "simid": "16"}
[2026-09-01 08:01:30.449 Z] [PROCESS] [cadence.virtuoso.ade.simulationMonitor] - Expression evaluator launched {"hostname": "edatools", "processid": 141410, "history": "Interactive.297", "testname": "OP", "cornername": "Nominal", "point": 1, "logfile": "/home/saul/projects/LF_BG/logs_saul/logs5/Job19.log"}
[2026-09-01 08:01:30.483 Z] [PROCESS] [cadence.virtuoso.ade.simulationMonitor] - Started Simulation {"hostname": "edatools", "processid": 141410, "history": "Interactive.297", "testname": "OP", "cornername": "Nominal", "point": 1, "logfile": "/home/saul/projects/LF_BG/logs_saul/logs5/Job19.log", "event": "started", "task": "simulation"}
[2026-09-01 08:01:31.485 Z] [INFO] [cadence.virtuoso.ade.simulationMonitor] - Peak resident memory used = 170 Mbytes. {"history": "Interactive.297", "point": 1, "testname": "OP", "cornername": "Nominal"}
[2026-09-01 08:01:31.485 Z] [INFO] [cadence.virtuoso.ade.simulationMonitor] - Peak resident memory used = 179 Mbytes. {"history": "Interactive.297", "point": 1, "testname": "OP", "cornername": "Nominal"}
[2026-09-01 08:01:31.486 Z] [INFO] [cadence.virtuoso.ade.simulationMonitor] - Notice from spectre during hierarchy flattening.
    The value 'psf' specified for the 'checklimitdest' option will no longer be supported in future releases. Use 'spectre -h' to see other recommended values for the 'checklimitdest' option. {"history": "Interactive.297", "point": 1, "testname": "OP", "cornername": "Nominal"}
[2026-09-01 08:01:31.486 Z] [WARN] [cadence.virtuoso.ade.simulationMonitor] -     WARNING (SPECTRE-16718): inlinesubcktcurrent option is set as `subckt', all the inline subckts will be treated as normal subckts when you access the current of their terminals. {"history": "Interactive.297", "point": 1, "testname": "OP", "cornername": "Nominal"}
[2026-09-01 08:01:31.487 Z] [WARN] [cadence.virtuoso.ade.simulationMonitor] -     WARNING (SPECTRE-8527): There are some nodes and instances removed from the netlist topology check. Check the circuit and correct the topology. Or use preserve_inst to keep them if necessary. {"history": "Interactive.297", "point": 1, "testname": "OP", "cornername": "Nominal"}
[2026-09-01 08:01:31.487 Z] [WARN] [cadence.virtuoso.ade.simulationMonitor] -     WARNING (SPECTRE-8529): Dangling instance. V9 is removed. {"history": "Interactive.297", "point": 1, "testname": "OP", "cornername": "Nominal"}
[2026-09-01 08:01:31.487 Z] [WARN] [cadence.virtuoso.ade.simulationMonitor] -     WARNING (SPECTRE-8530): Dangling node. net9 is removed. {"history": "Interactive.297", "point": 1, "testname": "OP", "cornername": "Nominal"}
[2026-09-01 08:01:31.488 Z] [INFO] [cadence.virtuoso.ade.simulationMonitor] - Peak resident memory used = 181 Mbytes. {"history": "Interactive.297", "point": 1, "testname": "OP", "cornername": "Nominal"}
[2026-09-01 08:01:31.488 Z] [INFO] [cadence.virtuoso.ade.simulationMonitor] - Notice from spectre during topology check.
    No DC path from node `VbgT' to ground, Gmin installed to provide path. {"history": "Interactive.297", "point": 1, "testname": "OP", "cornername": "Nominal"}
[2026-09-01 08:01:31.488 Z] [INFO] [cadence.virtuoso.ade.simulationMonitor] - Notice from spectre during initial setup.
    Multithreading is disabled due to the size of the design being too small. {"history": "Interactive.297", "point": 1, "testname": "OP", "cornername": "Nominal"}
[2026-09-01 08:01:31.489 Z] [INFO] [cadence.virtuoso.ade.simulationMonitor] -               nodes 56 {"history": "Interactive.297", "point": 1, "testname": "OP", "cornername": "Nominal"}
[2026-09-01 08:01:31.489 Z] [INFO] [cadence.virtuoso.ade.simulationMonitor] - Notice from spectre during initial setup.
    Fast APS enabled. {"history": "Interactive.297", "point": 1, "testname": "OP", "cornername": "Nominal"}
[2026-09-01 08:01:31.490 Z] [INFO] [cadence.virtuoso.ade.simulationMonitor] - Peak resident memory used = 184 Mbytes. {"history": "Interactive.297", "point": 1, "testname": "OP", "cornername": "Nominal"}
[2026-09-01 08:01:31.490 Z] [INFO] [cadence.virtuoso.ade.simulationMonitor] -    -   (Fast APS) Multi-threading. The recommended number of threads is 1, consider adding +mt=1 on command line. {"history": "Interactive.297", "point": 1, "testname": "OP", "cornername": "Nominal"}
[2026-09-01 08:01:31.491 Z] [INFO] [cadence.virtuoso.ade.simulationMonitor] - Total time required for dc analysis `dcOp': CPU = 1.854 ms, elapsed = 5.63502 ms, util. = 32.9%. {"history": "Interactive.297", "point": 1, "testname": "OP", "cornername": "Nominal"}
[2026-09-01 08:01:31.491 Z] [INFO] [cadence.virtuoso.ade.simulationMonitor] - Peak resident memory used = 187 Mbytes. {"history": "Interactive.297", "point": 1, "testname": "OP", "cornername": "Nominal"}
[2026-09-01 08:01:31.492 Z] [INFO] [cadence.virtuoso.ade.simulationMonitor] - Time used: CPU = 175 ms, elapsed = 592 ms, util. = 29.6%. {"history": "Interactive.297", "point": 1, "testname": "OP", "cornername": "Nominal"}
[2026-09-01 08:01:31.492 Z] [INFO] [cadence.virtuoso.ade.simulationMonitor] - Time spent in licensing: elapsed = 32.7 ms, percentage of total = 5.52%. {"history": "Interactive.297", "point": 1, "testname": "OP", "cornername": "Nominal"}
[2026-09-01 08:01:31.492 Z] [INFO] [cadence.virtuoso.ade.simulationMonitor] - Peak memory used = 188 Mbytes. {"history": "Interactive.297", "point": 1, "testname": "OP", "cornername": "Nominal"}
[2026-09-01 08:01:31.493 Z] [PROCESS] [cadence.virtuoso.ade.simulationMonitor] - Simulation started at: 8:01:30 AM, Tue Sep 1, 2026, ended at: 8:01:31 AM, Tue Sep 1, 2026, with elapsed time (wall clock): 592 ms. {"history": "Interactive.297", "point": 1, "testname": "OP", "cornername": "Nominal"}
[2026-09-01 08:01:31.493 Z] [PROCESS] [cadence.virtuoso.ade.simulationMonitor] - spectre completes with 0 errors, 4 warnings, and 5 notices. {"history": "Interactive.297", "point": 1, "testname": "OP", "cornername": "Nominal"}
[2026-09-01 08:01:31.494 Z] [PROCESS] [cadence.virtuoso.ade.simulationMonitor] - Finished simulating for one point {"hostname": "edatools", "processid": 141410, "history": "Interactive.297", "testname": "OP", "cornername": "Nominal", "point": 1, "logfile": "/home/saul/projects/LF_BG/logs_saul/logs5/Job19.log", "simid": "16"}
[2026-09-01 08:01:31.494 Z] [PROCESS] [cadence.virtuoso.ade.simulationMonitor] - Simulator exited {"hostname": "edatools", "processid": 141410, "history": "Interactive.297", "testname": "OP", "cornername": "Nominal", "point": 1, "logfile": "/home/saul/projects/LF_BG/logs_saul/logs5/Job19.log", "exitStatus": "0"}
[2026-09-01 08:01:31.495 Z] [PROCESS] [cadence.virtuoso.ade.simulationMonitor] - Finished Simulation {"hostname": "edatools", "processid": 141410, "history": "Interactive.297", "testname": "OP", "cornername": "Nominal", "point": 1, "logfile": "/home/saul/projects/LF_BG/logs_saul/logs5/Job19.log", "simid": "16"}
[2026-09-01 08:01:33.506 Z] [PROCESS] [cadence.virtuoso.ade.simulationMonitor] - Point Finished {"hostname": "edatools", "processid": 141410, "history": "Interactive.297", "testname": "OP", "cornername": "Nominal", "point": 1, "logfile": "/home/saul/projects/LF_BG/logs_saul/logs5/Job19.log"}
[2026-09-01 08:02:45.489 Z] [PROCESS] [cadence.virtuoso.ade.simulationMonitor] - Started History {"hostname": "edatools", "processid": 141410, "history": "Interactive.298", "testname": "OP", "cornername": "Nominal", "point": 1, "logfile": "/home/saul/projects/LF_BG/logs_saul/logs5/Job19.log"}
[2026-09-01 08:02:45.490 Z] [PROCESS] [cadence.virtuoso.ade.simulationMonitor] - HostInfo:
Host name (type):	edatools (x86_64)
Operating system:	Linux 7.0.0-30-generic #30~24.04.1-Ubuntu SMP PREEMPT_DYNAMIC Fri Aug  7 13:27:52 UTC 2 {"hostname": "edatools", "processid": 141410, "history": "Interactive.298", "testname": "OP", "cornername": "Nominal", "point": 1, "logfile": "/home/saul/projects/LF_BG/logs_saul/logs5/Job19.log", "nodename": "edatools", "domainname": "(none)", "machine": "x86_64", "sysname": "Linux", "release": "7.0.0-30-generic", "version": "#30~24.04.1-Ubuntu SMP PREEMPT_DYNAMIC Fri Aug  7 13:27:52 UTC 2"}
[2026-09-01 08:02:45.490 Z] [PROCESS] [cadence.virtuoso.ade.simulationMonitor] - UsageInfo:
pid=141410
totalPhysicalMemory=62.541851GB,Used=24.840576GB,totalVirtualMemory=70.541847GB,Used=24.840576GB
Cpu: Cores=16, Load average:0.300000,0.330000,0.270000 {"hostname": "edatools", "processid": 141410, "history": "Interactive.298", "testname": "OP", "cornername": "Nominal", "point": 1, "logfile": "/home/saul/projects/LF_BG/logs_saul/logs5/Job19.log", "pid": "141410", "totalPhysicalMemory": "62.541851", "physicalMemoryUsed": "24.840576", "totalVirtualMemory": "70.541847", "virtualMemoryUsed": "24.840576", "cpuCores": "16", "processes": "2135", "loadAverage1": "0.300000", "loadAverage5": "0.330000", "loadAverage15": "0.270000", "loadAverage1Percent": "0.018750"}
[2026-09-01 08:02:45.491 Z] [EVENT] [cadence.virtuoso.ade.simulationMonitor] - NewPoint {"history": "Interactive.298", "point": 1, "testname": "OP", "cornername": "Nominal", "event": "NewPoint", "EventSource": "Simulation Monitor", "HistoryName": "Interactive.298", "logFile": "/home/saul/projects/LF_BG/logs_saul/logs5/Job19.log", "logFileSize": "182201"}
[2026-09-01 08:02:45.593 Z] [EVENT] [cadence.virtuoso.ade.simulationMonitor] - NewPoint {"history": "Interactive.298", "point": 1, "testname": "OP", "cornername": "Nominal", "event": "NewPoint", "EventSource": "spectre", "HistoryName": "Interactive.298", "logFile": "/home/saul/simulation/REF_GEN/REF_GEN_f_TB/maestro/results/maestro/Interactive.298/1/OP/psf/spectre.out", "logFileSize": "-1"}
[2026-09-01 08:02:45.611 Z] [PROCESS] [cadence.virtuoso.ade.simulationMonitor] - Simulator launched {"hostname": "edatools", "processid": 141410, "history": "Interactive.298", "testname": "OP", "cornername": "Nominal", "point": 1, "logfile": "/home/saul/projects/LF_BG/logs_saul/logs5/Job19.log", "simid": "17"}
[2026-09-01 08:02:45.615 Z] [PROCESS] [cadence.virtuoso.ade.simulationMonitor] - Expression evaluator launched {"hostname": "edatools", "processid": 141410, "history": "Interactive.298", "testname": "OP", "cornername": "Nominal", "point": 1, "logfile": "/home/saul/projects/LF_BG/logs_saul/logs5/Job19.log"}
[2026-09-01 08:02:45.643 Z] [PROCESS] [cadence.virtuoso.ade.simulationMonitor] - Started Simulation {"hostname": "edatools", "processid": 141410, "history": "Interactive.298", "testname": "OP", "cornername": "Nominal", "point": 1, "logfile": "/home/saul/projects/LF_BG/logs_saul/logs5/Job19.log", "event": "started", "task": "simulation"}
[2026-09-01 08:02:46.643 Z] [INFO] [cadence.virtuoso.ade.simulationMonitor] - Peak resident memory used = 170 Mbytes. {"history": "Interactive.298", "point": 1, "testname": "OP", "cornername": "Nominal"}
[2026-09-01 08:02:46.643 Z] [WARN] [cadence.virtuoso.ade.simulationMonitor] -     WARNING (VACOMP-1116): "/home/saul/projects/LF_BG/REF_GEN/REF_GEN_fL_2/veriloga/veriloga.va", line 231: Transition filter contains a continuous signal in the expression. Since a transition filter can only be applied to piecewise constant signals, redefine the expression to ensure that the transition filter applies only to a piecewise constant signal. {"history": "Interactive.298", "point": 1, "testname": "OP", "cornername": "Nominal"}
[2026-09-01 08:02:46.643 Z] [WARN] [cadence.virtuoso.ade.simulationMonitor] -     WARNING (VACOMP-1116): "/home/saul/projects/LF_BG/REF_GEN/REF_GEN_fL_2/veriloga/veriloga.va", line 232: Transition filter contains a continuous signal in the expression. Since a transition filter can only be applied to piecewise constant signals, redefine the expression to ensure that the transition filter applies only to a piecewise constant signal. {"history": "Interactive.298", "point": 1, "testname": "OP", "cornername": "Nominal"}
[2026-09-01 08:02:46.643 Z] [WARN] [cadence.virtuoso.ade.simulationMonitor] -     WARNING (VACOMP-1116): "/home/saul/projects/LF_BG/REF_GEN/REF_GEN_fL_2/veriloga/veriloga.va", line 236: Transition filter contains a continuous signal in the expression. Since a transition filter can only be applied to piecewise constant signals, redefine the expression to ensure that the transition filter applies only to a piecewise constant signal. {"history": "Interactive.298", "point": 1, "testname": "OP", "cornername": "Nominal"}
[2026-09-01 08:02:46.643 Z] [WARN] [cadence.virtuoso.ade.simulationMonitor] -     WARNING (VACOMP-1116): "/home/saul/projects/LF_BG/REF_GEN/REF_GEN_fL_2/veriloga/veriloga.va", line 237: Transition filter contains a continuous signal in the expression. Since a transition filter can only be applied to piecewise constant signals, redefine the expression to ensure that the transition filter applies only to a piecewise constant signal. {"history": "Interactive.298", "point": 1, "testname": "OP", "cornername": "Nominal"}
[2026-09-01 08:02:46.644 Z] [WARN] [cadence.virtuoso.ade.simulationMonitor] -     WARNING (VACOMP-1116): "/home/saul/projects/LF_BG/REF_GEN/REF_GEN_fL_2/veriloga/veriloga.va", line 238: Transition filter contains a continuous signal in the expression. Since a transition filter can only be applied to piecewise constant signals, redefine the expression to ensure that the transition filter applies only to a piecewise constant signal.
        Further occurrences of this warning will be suppressed. {"history": "Interactive.298", "point": 1, "testname": "OP", "cornername": "Nominal"}
[2026-09-01 08:02:47.644 Z] [INFO] [cadence.virtuoso.ade.simulationMonitor] - Peak resident memory used = 204 Mbytes. {"history": "Interactive.298", "point": 1, "testname": "OP", "cornername": "Nominal"}
[2026-09-01 08:02:47.644 Z] [INFO] [cadence.virtuoso.ade.simulationMonitor] - Notice from spectre during hierarchy flattening.
    The value 'psf' specified for the 'checklimitdest' option will no longer be supported in future releases. Use 'spectre -h' to see other recommended values for the 'checklimitdest' option. {"history": "Interactive.298", "point": 1, "testname": "OP", "cornername": "Nominal"}
[2026-09-01 08:02:47.645 Z] [WARN] [cadence.virtuoso.ade.simulationMonitor] -     WARNING (SPECTRE-16718): inlinesubcktcurrent option is set as `subckt', all the inline subckts will be treated as normal subckts when you access the current of their terminals. {"history": "Interactive.298", "point": 1, "testname": "OP", "cornername": "Nominal"}
[2026-09-01 08:02:47.645 Z] [WARN] [cadence.virtuoso.ade.simulationMonitor] -     WARNING (SPECTRE-8527): There are some nodes and instances removed from the netlist topology check. Check the circuit and correct the topology. Or use preserve_inst to keep them if necessary. {"history": "Interactive.298", "point": 1, "testname": "OP", "cornername": "Nominal"}
[2026-09-01 08:02:47.645 Z] [WARN] [cadence.virtuoso.ade.simulationMonitor] -     WARNING (SPECTRE-8529): Dangling instance. V9 is removed. {"history": "Interactive.298", "point": 1, "testname": "OP", "cornername": "Nominal"}
[2026-09-01 08:02:47.645 Z] [WARN] [cadence.virtuoso.ade.simulationMonitor] -     WARNING (SPECTRE-8530): Dangling node. net9 is removed. {"history": "Interactive.298", "point": 1, "testname": "OP", "cornername": "Nominal"}
[2026-09-01 08:02:47.645 Z] [INFO] [cadence.virtuoso.ade.simulationMonitor] - Peak resident memory used = 205 Mbytes. {"history": "Interactive.298", "point": 1, "testname": "OP", "cornername": "Nominal"}
[2026-09-01 08:02:47.645 Z] [INFO] [cadence.virtuoso.ade.simulationMonitor] - Notice from spectre during topology check.
    No DC path from node `VbgT' to ground, Gmin installed to provide path. {"history": "Interactive.298", "point": 1, "testname": "OP", "cornername": "Nominal"}
[2026-09-01 08:02:47.645 Z] [INFO] [cadence.virtuoso.ade.simulationMonitor] - Notice from spectre during initial setup.
    Multithreading is disabled due to the size of the design being too small. {"history": "Interactive.298", "point": 1, "testname": "OP", "cornername": "Nominal"}
[2026-09-01 08:02:47.645 Z] [INFO] [cadence.virtuoso.ade.simulationMonitor] -               nodes 56 {"history": "Interactive.298", "point": 1, "testname": "OP", "cornername": "Nominal"}
[2026-09-01 08:02:47.645 Z] [INFO] [cadence.virtuoso.ade.simulationMonitor] - Notice from spectre during initial setup.
    Fast APS enabled.
    9 warnings suppressed. {"history": "Interactive.298", "point": 1, "testname": "OP", "cornername": "Nominal"}
[2026-09-01 08:02:47.645 Z] [INFO] [cadence.virtuoso.ade.simulationMonitor] - Peak resident memory used = 208 Mbytes. {"history": "Interactive.298", "point": 1, "testname": "OP", "cornername": "Nominal"}
[2026-09-01 08:02:47.645 Z] [INFO] [cadence.virtuoso.ade.simulationMonitor] -    -   (Fast APS) Multi-threading. The recommended number of threads is 1, consider adding +mt=1 on command line. {"history": "Interactive.298", "point": 1, "testname": "OP", "cornername": "Nominal"}
[2026-09-01 08:02:47.645 Z] [INFO] [cadence.virtuoso.ade.simulationMonitor] - Total time required for dc analysis `dcOp': CPU = 1.617 ms, elapsed = 5.60498 ms, util. = 28.8%. {"history": "Interactive.298", "point": 1, "testname": "OP", "cornername": "Nominal"}
[2026-09-01 08:02:47.645 Z] [INFO] [cadence.virtuoso.ade.simulationMonitor] - Peak resident memory used = 208 Mbytes. {"history": "Interactive.298", "point": 1, "testname": "OP", "cornername": "Nominal"}
[2026-09-01 08:02:47.645 Z] [INFO] [cadence.virtuoso.ade.simulationMonitor] - Time used: CPU = 273 ms, elapsed = 1.79 s, util. = 15.3%. {"history": "Interactive.298", "point": 1, "testname": "OP", "cornername": "Nominal"}
[2026-09-01 08:02:47.645 Z] [INFO] [cadence.virtuoso.ade.simulationMonitor] - Time spent in licensing: elapsed = 40.9 ms. {"history": "Interactive.298", "point": 1, "testname": "OP", "cornername": "Nominal"}
[2026-09-01 08:02:47.645 Z] [INFO] [cadence.virtuoso.ade.simulationMonitor] - Peak memory used = 207 Mbytes. {"history": "Interactive.298", "point": 1, "testname": "OP", "cornername": "Nominal"}
[2026-09-01 08:02:47.646 Z] [PROCESS] [cadence.virtuoso.ade.simulationMonitor] - Simulation started at: 8:02:45 AM, Tue Sep 1, 2026, ended at: 8:02:47 AM, Tue Sep 1, 2026, with elapsed time (wall clock): 1.79 s. {"history": "Interactive.298", "point": 1, "testname": "OP", "cornername": "Nominal"}
[2026-09-01 08:02:47.646 Z] [PROCESS] [cadence.virtuoso.ade.simulationMonitor] - spectre completes with 0 errors, 9 warnings, and 6 notices. {"history": "Interactive.298", "point": 1, "testname": "OP", "cornername": "Nominal"}
[2026-09-01 08:02:47.646 Z] [PROCESS] [cadence.virtuoso.ade.simulationMonitor] - Finished simulating for one point {"hostname": "edatools", "processid": 141410, "history": "Interactive.298", "testname": "OP", "cornername": "Nominal", "point": 1, "logfile": "/home/saul/projects/LF_BG/logs_saul/logs5/Job19.log", "simid": "17"}
[2026-09-01 08:02:47.646 Z] [PROCESS] [cadence.virtuoso.ade.simulationMonitor] - Simulator exited {"hostname": "edatools", "processid": 141410, "history": "Interactive.298", "testname": "OP", "cornername": "Nominal", "point": 1, "logfile": "/home/saul/projects/LF_BG/logs_saul/logs5/Job19.log", "exitStatus": "0"}
[2026-09-01 08:02:47.646 Z] [PROCESS] [cadence.virtuoso.ade.simulationMonitor] - Finished Simulation {"hostname": "edatools", "processid": 141410, "history": "Interactive.298", "testname": "OP", "cornername": "Nominal", "point": 1, "logfile": "/home/saul/projects/LF_BG/logs_saul/logs5/Job19.log", "simid": "17"}
[2026-09-01 08:02:48.653 Z] [PROCESS] [cadence.virtuoso.ade.simulationMonitor] - Point Finished {"hostname": "edatools", "processid": 141410, "history": "Interactive.298", "testname": "OP", "cornername": "Nominal", "point": 1, "logfile": "/home/saul/projects/LF_BG/logs_saul/logs5/Job19.log"}
[2026-09-01 08:03:06.596 Z] [PROCESS] [cadence.virtuoso.ade.simulationMonitor] - Started History {"hostname": "edatools", "processid": 141410, "history": "Interactive.299", "testname": "OP", "cornername": "Nominal", "point": 1, "logfile": "/home/saul/projects/LF_BG/logs_saul/logs5/Job19.log"}
[2026-09-01 08:03:06.597 Z] [PROCESS] [cadence.virtuoso.ade.simulationMonitor] - HostInfo:
Host name (type):	edatools (x86_64)
Operating system:	Linux 7.0.0-30-generic #30~24.04.1-Ubuntu SMP PREEMPT_DYNAMIC Fri Aug  7 13:27:52 UTC 2 {"hostname": "edatools", "processid": 141410, "history": "Interactive.299", "testname": "OP", "cornername": "Nominal", "point": 1, "logfile": "/home/saul/projects/LF_BG/logs_saul/logs5/Job19.log", "nodename": "edatools", "domainname": "(none)", "machine": "x86_64", "sysname": "Linux", "release": "7.0.0-30-generic", "version": "#30~24.04.1-Ubuntu SMP PREEMPT_DYNAMIC Fri Aug  7 13:27:52 UTC 2"}
[2026-09-01 08:03:06.597 Z] [PROCESS] [cadence.virtuoso.ade.simulationMonitor] - UsageInfo:
pid=141410
totalPhysicalMemory=62.541851GB,Used=24.848602GB,totalVirtualMemory=70.541847GB,Used=24.848602GB
Cpu: Cores=16, Load average:0.370000,0.340000,0.270000 {"hostname": "edatools", "processid": 141410, "history": "Interactive.299", "testname": "OP", "cornername": "Nominal", "point": 1, "logfile": "/home/saul/projects/LF_BG/logs_saul/logs5/Job19.log", "pid": "141410", "totalPhysicalMemory": "62.541851", "physicalMemoryUsed": "24.848602", "totalVirtualMemory": "70.541847", "virtualMemoryUsed": "24.848602", "cpuCores": "16", "processes": "2130", "loadAverage1": "0.370000", "loadAverage5": "0.340000", "loadAverage15": "0.270000", "loadAverage1Percent": "0.023125"}
[2026-09-01 08:03:06.598 Z] [EVENT] [cadence.virtuoso.ade.simulationMonitor] - NewPoint {"history": "Interactive.299", "point": 1, "testname": "OP", "cornername": "Nominal", "event": "NewPoint", "EventSource": "Simulation Monitor", "HistoryName": "Interactive.299", "logFile": "/home/saul/projects/LF_BG/logs_saul/logs5/Job19.log", "logFileSize": "194795"}
[2026-09-01 08:03:06.700 Z] [EVENT] [cadence.virtuoso.ade.simulationMonitor] - NewPoint {"history": "Interactive.299", "point": 1, "testname": "OP", "cornername": "Nominal", "event": "NewPoint", "EventSource": "spectre", "HistoryName": "Interactive.299", "logFile": "/home/saul/simulation/REF_GEN/REF_GEN_f_TB/maestro/results/maestro/Interactive.299/1/OP/psf/spectre.out", "logFileSize": "-1"}
[2026-09-01 08:03:06.714 Z] [PROCESS] [cadence.virtuoso.ade.simulationMonitor] - Simulator launched {"hostname": "edatools", "processid": 141410, "history": "Interactive.299", "testname": "OP", "cornername": "Nominal", "point": 1, "logfile": "/home/saul/projects/LF_BG/logs_saul/logs5/Job19.log", "simid": "18"}
[2026-09-01 08:03:06.718 Z] [PROCESS] [cadence.virtuoso.ade.simulationMonitor] - Expression evaluator launched {"hostname": "edatools", "processid": 141410, "history": "Interactive.299", "testname": "OP", "cornername": "Nominal", "point": 1, "logfile": "/home/saul/projects/LF_BG/logs_saul/logs5/Job19.log"}
[2026-09-01 08:03:06.749 Z] [PROCESS] [cadence.virtuoso.ade.simulationMonitor] - Started Simulation {"hostname": "edatools", "processid": 141410, "history": "Interactive.299", "testname": "OP", "cornername": "Nominal", "point": 1, "logfile": "/home/saul/projects/LF_BG/logs_saul/logs5/Job19.log", "event": "started", "task": "simulation"}
[2026-09-01 08:03:07.750 Z] [INFO] [cadence.virtuoso.ade.simulationMonitor] - Peak resident memory used = 170 Mbytes. {"history": "Interactive.299", "point": 1, "testname": "OP", "cornername": "Nominal"}
[2026-09-01 08:03:07.750 Z] [INFO] [cadence.virtuoso.ade.simulationMonitor] - Peak resident memory used = 179 Mbytes. {"history": "Interactive.299", "point": 1, "testname": "OP", "cornername": "Nominal"}
[2026-09-01 08:03:07.751 Z] [INFO] [cadence.virtuoso.ade.simulationMonitor] - Notice from spectre during hierarchy flattening.
    The value 'psf' specified for the 'checklimitdest' option will no longer be supported in future releases. Use 'spectre -h' to see other recommended values for the 'checklimitdest' option. {"history": "Interactive.299", "point": 1, "testname": "OP", "cornername": "Nominal"}
[2026-09-01 08:03:07.751 Z] [WARN] [cadence.virtuoso.ade.simulationMonitor] -     WARNING (SPECTRE-16718): inlinesubcktcurrent option is set as `subckt', all the inline subckts will be treated as normal subckts when you access the current of their terminals. {"history": "Interactive.299", "point": 1, "testname": "OP", "cornername": "Nominal"}
[2026-09-01 08:03:07.751 Z] [WARN] [cadence.virtuoso.ade.simulationMonitor] -     WARNING (SPECTRE-8527): There are some nodes and instances removed from the netlist topology check. Check the circuit and correct the topology. Or use preserve_inst to keep them if necessary. {"history": "Interactive.299", "point": 1, "testname": "OP", "cornername": "Nominal"}
[2026-09-01 08:03:07.751 Z] [WARN] [cadence.virtuoso.ade.simulationMonitor] -     WARNING (SPECTRE-8529): Dangling instance. V9 is removed. {"history": "Interactive.299", "point": 1, "testname": "OP", "cornername": "Nominal"}
[2026-09-01 08:03:07.751 Z] [WARN] [cadence.virtuoso.ade.simulationMonitor] -     WARNING (SPECTRE-8530): Dangling node. net9 is removed. {"history": "Interactive.299", "point": 1, "testname": "OP", "cornername": "Nominal"}
[2026-09-01 08:03:07.751 Z] [INFO] [cadence.virtuoso.ade.simulationMonitor] - Peak resident memory used = 181 Mbytes. {"history": "Interactive.299", "point": 1, "testname": "OP", "cornername": "Nominal"}
[2026-09-01 08:03:07.751 Z] [INFO] [cadence.virtuoso.ade.simulationMonitor] - Notice from spectre during topology check.
    No DC path from node `VbgT' to ground, Gmin installed to provide path. {"history": "Interactive.299", "point": 1, "testname": "OP", "cornername": "Nominal"}
[2026-09-01 08:03:07.751 Z] [INFO] [cadence.virtuoso.ade.simulationMonitor] - Notice from spectre during initial setup.
    Multithreading is disabled due to the size of the design being too small. {"history": "Interactive.299", "point": 1, "testname": "OP", "cornername": "Nominal"}
[2026-09-01 08:03:07.752 Z] [INFO] [cadence.virtuoso.ade.simulationMonitor] -               nodes 56 {"history": "Interactive.299", "point": 1, "testname": "OP", "cornername": "Nominal"}
[2026-09-01 08:03:07.752 Z] [INFO] [cadence.virtuoso.ade.simulationMonitor] - Notice from spectre during initial setup.
    Fast APS enabled. {"history": "Interactive.299", "point": 1, "testname": "OP", "cornername": "Nominal"}
[2026-09-01 08:03:07.752 Z] [INFO] [cadence.virtuoso.ade.simulationMonitor] - Peak resident memory used = 184 Mbytes. {"history": "Interactive.299", "point": 1, "testname": "OP", "cornername": "Nominal"}
[2026-09-01 08:03:07.752 Z] [INFO] [cadence.virtuoso.ade.simulationMonitor] -    -   (Fast APS) Multi-threading. The recommended number of threads is 1, consider adding +mt=1 on command line. {"history": "Interactive.299", "point": 1, "testname": "OP", "cornername": "Nominal"}
[2026-09-01 08:03:07.752 Z] [INFO] [cadence.virtuoso.ade.simulationMonitor] - Total time required for dc analysis `dcOp': CPU = 2.04 ms, elapsed = 5.78499 ms, util. = 35.3%. {"history": "Interactive.299", "point": 1, "testname": "OP", "cornername": "Nominal"}
[2026-09-01 08:03:07.752 Z] [INFO] [cadence.virtuoso.ade.simulationMonitor] - Peak resident memory used = 187 Mbytes. {"history": "Interactive.299", "point": 1, "testname": "OP", "cornername": "Nominal"}
[2026-09-01 08:03:07.752 Z] [INFO] [cadence.virtuoso.ade.simulationMonitor] - Time used: CPU = 173 ms, elapsed = 592 ms, util. = 29.3%. {"history": "Interactive.299", "point": 1, "testname": "OP", "cornername": "Nominal"}
[2026-09-01 08:03:07.752 Z] [INFO] [cadence.virtuoso.ade.simulationMonitor] - Time spent in licensing: elapsed = 29.9 ms, percentage of total = 5.05%. {"history": "Interactive.299", "point": 1, "testname": "OP", "cornername": "Nominal"}
[2026-09-01 08:03:07.752 Z] [INFO] [cadence.virtuoso.ade.simulationMonitor] - Peak memory used = 188 Mbytes. {"history": "Interactive.299", "point": 1, "testname": "OP", "cornername": "Nominal"}
[2026-09-01 08:03:07.752 Z] [PROCESS] [cadence.virtuoso.ade.simulationMonitor] - Simulation started at: 8:03:06 AM, Tue Sep 1, 2026, ended at: 8:03:07 AM, Tue Sep 1, 2026, with elapsed time (wall clock): 592 ms. {"history": "Interactive.299", "point": 1, "testname": "OP", "cornername": "Nominal"}
[2026-09-01 08:03:07.752 Z] [PROCESS] [cadence.virtuoso.ade.simulationMonitor] - spectre completes with 0 errors, 4 warnings, and 5 notices. {"history": "Interactive.299", "point": 1, "testname": "OP", "cornername": "Nominal"}
[2026-09-01 08:03:07.752 Z] [PROCESS] [cadence.virtuoso.ade.simulationMonitor] - Finished simulating for one point {"hostname": "edatools", "processid": 141410, "history": "Interactive.299", "testname": "OP", "cornername": "Nominal", "point": 1, "logfile": "/home/saul/projects/LF_BG/logs_saul/logs5/Job19.log", "simid": "18"}
[2026-09-01 08:03:07.753 Z] [PROCESS] [cadence.virtuoso.ade.simulationMonitor] - Simulator exited {"hostname": "edatools", "processid": 141410, "history": "Interactive.299", "testname": "OP", "cornername": "Nominal", "point": 1, "logfile": "/home/saul/projects/LF_BG/logs_saul/logs5/Job19.log", "exitStatus": "0"}
[2026-09-01 08:03:07.753 Z] [PROCESS] [cadence.virtuoso.ade.simulationMonitor] - Finished Simulation {"hostname": "edatools", "processid": 141410, "history": "Interactive.299", "testname": "OP", "cornername": "Nominal", "point": 1, "logfile": "/home/saul/projects/LF_BG/logs_saul/logs5/Job19.log", "simid": "18"}
[2026-09-01 08:03:09.760 Z] [PROCESS] [cadence.virtuoso.ade.simulationMonitor] - Point Finished {"hostname": "edatools", "processid": 141410, "history": "Interactive.299", "testname": "OP", "cornername": "Nominal", "point": 1, "logfile": "/home/saul/projects/LF_BG/logs_saul/logs5/Job19.log"}
[2026-09-01 08:04:08.988 Z] [PROCESS] [cadence.virtuoso.ade.simulationMonitor] - Started History {"hostname": "edatools", "processid": 141410, "history": "Interactive.300", "testname": "OP", "cornername": "Nominal", "point": 1, "logfile": "/home/saul/projects/LF_BG/logs_saul/logs5/Job19.log"}
[2026-09-01 08:04:08.989 Z] [PROCESS] [cadence.virtuoso.ade.simulationMonitor] - HostInfo:
Host name (type):	edatools (x86_64)
Operating system:	Linux 7.0.0-30-generic #30~24.04.1-Ubuntu SMP PREEMPT_DYNAMIC Fri Aug  7 13:27:52 UTC 2 {"hostname": "edatools", "processid": 141410, "history": "Interactive.300", "testname": "OP", "cornername": "Nominal", "point": 1, "logfile": "/home/saul/projects/LF_BG/logs_saul/logs5/Job19.log", "nodename": "edatools", "domainname": "(none)", "machine": "x86_64", "sysname": "Linux", "release": "7.0.0-30-generic", "version": "#30~24.04.1-Ubuntu SMP PREEMPT_DYNAMIC Fri Aug  7 13:27:52 UTC 2"}
[2026-09-01 08:04:08.989 Z] [PROCESS] [cadence.virtuoso.ade.simulationMonitor] - UsageInfo:
pid=141410
totalPhysicalMemory=62.541851GB,Used=24.835579GB,totalVirtualMemory=70.541847GB,Used=24.835579GB
Cpu: Cores=16, Load average:0.200000,0.310000,0.260000 {"hostname": "edatools", "processid": 141410, "history": "Interactive.300", "testname": "OP", "cornername": "Nominal", "point": 1, "logfile": "/home/saul/projects/LF_BG/logs_saul/logs5/Job19.log", "pid": "141410", "totalPhysicalMemory": "62.541851", "physicalMemoryUsed": "24.835579", "totalVirtualMemory": "70.541847", "virtualMemoryUsed": "24.835579", "cpuCores": "16", "processes": "2126", "loadAverage1": "0.200000", "loadAverage5": "0.310000", "loadAverage15": "0.260000", "loadAverage1Percent": "0.012500"}
[2026-09-01 08:04:08.990 Z] [EVENT] [cadence.virtuoso.ade.simulationMonitor] - NewPoint {"history": "Interactive.300", "point": 1, "testname": "OP", "cornername": "Nominal", "event": "NewPoint", "EventSource": "Simulation Monitor", "HistoryName": "Interactive.300", "logFile": "/home/saul/projects/LF_BG/logs_saul/logs5/Job19.log", "logFileSize": "204721"}
[2026-09-01 08:04:09.092 Z] [EVENT] [cadence.virtuoso.ade.simulationMonitor] - NewPoint {"history": "Interactive.300", "point": 1, "testname": "OP", "cornername": "Nominal", "event": "NewPoint", "EventSource": "spectre", "HistoryName": "Interactive.300", "logFile": "/home/saul/simulation/REF_GEN/REF_GEN_f_TB/maestro/results/maestro/Interactive.300/1/OP/psf/spectre.out", "logFileSize": "-1"}
[2026-09-01 08:04:09.110 Z] [PROCESS] [cadence.virtuoso.ade.simulationMonitor] - Simulator launched {"hostname": "edatools", "processid": 141410, "history": "Interactive.300", "testname": "OP", "cornername": "Nominal", "point": 1, "logfile": "/home/saul/projects/LF_BG/logs_saul/logs5/Job19.log", "simid": "19"}
[2026-09-01 08:04:09.114 Z] [PROCESS] [cadence.virtuoso.ade.simulationMonitor] - Expression evaluator launched {"hostname": "edatools", "processid": 141410, "history": "Interactive.300", "testname": "OP", "cornername": "Nominal", "point": 1, "logfile": "/home/saul/projects/LF_BG/logs_saul/logs5/Job19.log"}
[2026-09-01 08:04:09.147 Z] [PROCESS] [cadence.virtuoso.ade.simulationMonitor] - Started Simulation {"hostname": "edatools", "processid": 141410, "history": "Interactive.300", "testname": "OP", "cornername": "Nominal", "point": 1, "logfile": "/home/saul/projects/LF_BG/logs_saul/logs5/Job19.log", "event": "started", "task": "simulation"}
[2026-09-01 08:04:10.147 Z] [INFO] [cadence.virtuoso.ade.simulationMonitor] - Peak resident memory used = 170 Mbytes. {"history": "Interactive.300", "point": 1, "testname": "OP", "cornername": "Nominal"}
[2026-09-01 08:04:10.148 Z] [WARN] [cadence.virtuoso.ade.simulationMonitor] -     WARNING (VACOMP-1116): "/home/saul/projects/LF_BG/REF_GEN/REF_GEN_fL_2/veriloga/veriloga.va", line 231: Transition filter contains a continuous signal in the expression. Since a transition filter can only be applied to piecewise constant signals, redefine the expression to ensure that the transition filter applies only to a piecewise constant signal. {"history": "Interactive.300", "point": 1, "testname": "OP", "cornername": "Nominal"}
[2026-09-01 08:04:10.148 Z] [WARN] [cadence.virtuoso.ade.simulationMonitor] -     WARNING (VACOMP-1116): "/home/saul/projects/LF_BG/REF_GEN/REF_GEN_fL_2/veriloga/veriloga.va", line 232: Transition filter contains a continuous signal in the expression. Since a transition filter can only be applied to piecewise constant signals, redefine the expression to ensure that the transition filter applies only to a piecewise constant signal. {"history": "Interactive.300", "point": 1, "testname": "OP", "cornername": "Nominal"}
[2026-09-01 08:04:10.148 Z] [WARN] [cadence.virtuoso.ade.simulationMonitor] -     WARNING (VACOMP-1116): "/home/saul/projects/LF_BG/REF_GEN/REF_GEN_fL_2/veriloga/veriloga.va", line 236: Transition filter contains a continuous signal in the expression. Since a transition filter can only be applied to piecewise constant signals, redefine the expression to ensure that the transition filter applies only to a piecewise constant signal. {"history": "Interactive.300", "point": 1, "testname": "OP", "cornername": "Nominal"}
[2026-09-01 08:04:10.148 Z] [WARN] [cadence.virtuoso.ade.simulationMonitor] -     WARNING (VACOMP-1116): "/home/saul/projects/LF_BG/REF_GEN/REF_GEN_fL_2/veriloga/veriloga.va", line 237: Transition filter contains a continuous signal in the expression. Since a transition filter can only be applied to piecewise constant signals, redefine the expression to ensure that the transition filter applies only to a piecewise constant signal. {"history": "Interactive.300", "point": 1, "testname": "OP", "cornername": "Nominal"}
[2026-09-01 08:04:10.148 Z] [WARN] [cadence.virtuoso.ade.simulationMonitor] -     WARNING (VACOMP-1116): "/home/saul/projects/LF_BG/REF_GEN/REF_GEN_fL_2/veriloga/veriloga.va", line 238: Transition filter contains a continuous signal in the expression. Since a transition filter can only be applied to piecewise constant signals, redefine the expression to ensure that the transition filter applies only to a piecewise constant signal.
        Further occurrences of this warning will be suppressed. {"history": "Interactive.300", "point": 1, "testname": "OP", "cornername": "Nominal"}
[2026-09-01 08:04:11.148 Z] [INFO] [cadence.virtuoso.ade.simulationMonitor] - Peak resident memory used = 204 Mbytes. {"history": "Interactive.300", "point": 1, "testname": "OP", "cornername": "Nominal"}
[2026-09-01 08:04:11.148 Z] [INFO] [cadence.virtuoso.ade.simulationMonitor] - Notice from spectre during hierarchy flattening.
    The value 'psf' specified for the 'checklimitdest' option will no longer be supported in future releases. Use 'spectre -h' to see other recommended values for the 'checklimitdest' option. {"history": "Interactive.300", "point": 1, "testname": "OP", "cornername": "Nominal"}
[2026-09-01 08:04:11.149 Z] [WARN] [cadence.virtuoso.ade.simulationMonitor] -     WARNING (SPECTRE-16718): inlinesubcktcurrent option is set as `subckt', all the inline subckts will be treated as normal subckts when you access the current of their terminals. {"history": "Interactive.300", "point": 1, "testname": "OP", "cornername": "Nominal"}
[2026-09-01 08:04:11.149 Z] [WARN] [cadence.virtuoso.ade.simulationMonitor] -     WARNING (SPECTRE-8527): There are some nodes and instances removed from the netlist topology check. Check the circuit and correct the topology. Or use preserve_inst to keep them if necessary. {"history": "Interactive.300", "point": 1, "testname": "OP", "cornername": "Nominal"}
[2026-09-01 08:04:11.149 Z] [WARN] [cadence.virtuoso.ade.simulationMonitor] -     WARNING (SPECTRE-8529): Dangling instance. V9 is removed. {"history": "Interactive.300", "point": 1, "testname": "OP", "cornername": "Nominal"}
[2026-09-01 08:04:11.149 Z] [WARN] [cadence.virtuoso.ade.simulationMonitor] -     WARNING (SPECTRE-8530): Dangling node. net9 is removed. {"history": "Interactive.300", "point": 1, "testname": "OP", "cornername": "Nominal"}
[2026-09-01 08:04:11.149 Z] [INFO] [cadence.virtuoso.ade.simulationMonitor] - Peak resident memory used = 205 Mbytes. {"history": "Interactive.300", "point": 1, "testname": "OP", "cornername": "Nominal"}
[2026-09-01 08:04:11.149 Z] [INFO] [cadence.virtuoso.ade.simulationMonitor] - Notice from spectre during topology check.
    No DC path from node `VbgT' to ground, Gmin installed to provide path. {"history": "Interactive.300", "point": 1, "testname": "OP", "cornername": "Nominal"}
[2026-09-01 08:04:11.149 Z] [INFO] [cadence.virtuoso.ade.simulationMonitor] - Notice from spectre during initial setup.
    Multithreading is disabled due to the size of the design being too small. {"history": "Interactive.300", "point": 1, "testname": "OP", "cornername": "Nominal"}
[2026-09-01 08:04:11.149 Z] [INFO] [cadence.virtuoso.ade.simulationMonitor] -               nodes 56 {"history": "Interactive.300", "point": 1, "testname": "OP", "cornername": "Nominal"}
[2026-09-01 08:04:11.149 Z] [INFO] [cadence.virtuoso.ade.simulationMonitor] - Notice from spectre during initial setup.
    Fast APS enabled.
    9 warnings suppressed. {"history": "Interactive.300", "point": 1, "testname": "OP", "cornername": "Nominal"}
[2026-09-01 08:04:11.149 Z] [INFO] [cadence.virtuoso.ade.simulationMonitor] - Peak resident memory used = 208 Mbytes. {"history": "Interactive.300", "point": 1, "testname": "OP", "cornername": "Nominal"}
[2026-09-01 08:04:11.150 Z] [INFO] [cadence.virtuoso.ade.simulationMonitor] -    -   (Fast APS) Multi-threading. The recommended number of threads is 1, consider adding +mt=1 on command line. {"history": "Interactive.300", "point": 1, "testname": "OP", "cornername": "Nominal"}
[2026-09-01 08:04:11.150 Z] [INFO] [cadence.virtuoso.ade.simulationMonitor] - Total time required for dc analysis `dcOp': CPU = 1.567 ms, elapsed = 4.89593 ms, util. = 32%. {"history": "Interactive.300", "point": 1, "testname": "OP", "cornername": "Nominal"}
[2026-09-01 08:04:11.150 Z] [INFO] [cadence.virtuoso.ade.simulationMonitor] - Peak resident memory used = 208 Mbytes. {"history": "Interactive.300", "point": 1, "testname": "OP", "cornername": "Nominal"}
[2026-09-01 08:04:11.651 Z] [INFO] [cadence.virtuoso.ade.simulationMonitor] - Time used: CPU = 249 ms, elapsed = 1.93 s, util. = 12.9%. {"history": "Interactive.300", "point": 1, "testname": "OP", "cornername": "Nominal"}
[2026-09-01 08:04:11.651 Z] [INFO] [cadence.virtuoso.ade.simulationMonitor] - Time spent in licensing: elapsed = 30.5 ms. {"history": "Interactive.300", "point": 1, "testname": "OP", "cornername": "Nominal"}
[2026-09-01 08:04:11.651 Z] [INFO] [cadence.virtuoso.ade.simulationMonitor] - Peak memory used = 208 Mbytes. {"history": "Interactive.300", "point": 1, "testname": "OP", "cornername": "Nominal"}
[2026-09-01 08:04:11.652 Z] [PROCESS] [cadence.virtuoso.ade.simulationMonitor] - Simulation started at: 8:04:09 AM, Tue Sep 1, 2026, ended at: 8:04:11 AM, Tue Sep 1, 2026, with elapsed time (wall clock): 1.93 s. {"history": "Interactive.300", "point": 1, "testname": "OP", "cornername": "Nominal"}
[2026-09-01 08:04:11.652 Z] [PROCESS] [cadence.virtuoso.ade.simulationMonitor] - spectre completes with 0 errors, 9 warnings, and 6 notices. {"history": "Interactive.300", "point": 1, "testname": "OP", "cornername": "Nominal"}
[2026-09-01 08:04:11.653 Z] [PROCESS] [cadence.virtuoso.ade.simulationMonitor] - Finished simulating for one point {"hostname": "edatools", "processid": 141410, "history": "Interactive.300", "testname": "OP", "cornername": "Nominal", "point": 1, "logfile": "/home/saul/projects/LF_BG/logs_saul/logs5/Job19.log", "simid": "19"}
[2026-09-01 08:04:11.653 Z] [PROCESS] [cadence.virtuoso.ade.simulationMonitor] - Simulator exited {"hostname": "edatools", "processid": 141410, "history": "Interactive.300", "testname": "OP", "cornername": "Nominal", "point": 1, "logfile": "/home/saul/projects/LF_BG/logs_saul/logs5/Job19.log", "exitStatus": "0"}
[2026-09-01 08:04:11.653 Z] [PROCESS] [cadence.virtuoso.ade.simulationMonitor] - Finished Simulation {"hostname": "edatools", "processid": 141410, "history": "Interactive.300", "testname": "OP", "cornername": "Nominal", "point": 1, "logfile": "/home/saul/projects/LF_BG/logs_saul/logs5/Job19.log", "simid": "19"}
[2026-09-01 08:04:12.665 Z] [PROCESS] [cadence.virtuoso.ade.simulationMonitor] - Point Finished {"hostname": "edatools", "processid": 141410, "history": "Interactive.300", "testname": "OP", "cornername": "Nominal", "point": 1, "logfile": "/home/saul/projects/LF_BG/logs_saul/logs5/Job19.log"}
[2026-09-01 08:04:24.689 Z] [PROCESS] [cadence.virtuoso.ade.simulationMonitor] - Started History {"hostname": "edatools", "processid": 141410, "history": "Interactive.301", "testname": "OP", "cornername": "Nominal", "point": 1, "logfile": "/home/saul/projects/LF_BG/logs_saul/logs5/Job19.log"}
[2026-09-01 08:04:24.690 Z] [PROCESS] [cadence.virtuoso.ade.simulationMonitor] - HostInfo:
Host name (type):	edatools (x86_64)
Operating system:	Linux 7.0.0-30-generic #30~24.04.1-Ubuntu SMP PREEMPT_DYNAMIC Fri Aug  7 13:27:52 UTC 2 {"hostname": "edatools", "processid": 141410, "history": "Interactive.301", "testname": "OP", "cornername": "Nominal", "point": 1, "logfile": "/home/saul/projects/LF_BG/logs_saul/logs5/Job19.log", "nodename": "edatools", "domainname": "(none)", "machine": "x86_64", "sysname": "Linux", "release": "7.0.0-30-generic", "version": "#30~24.04.1-Ubuntu SMP PREEMPT_DYNAMIC Fri Aug  7 13:27:52 UTC 2"}
[2026-09-01 08:04:24.691 Z] [PROCESS] [cadence.virtuoso.ade.simulationMonitor] - UsageInfo:
pid=141410
totalPhysicalMemory=62.541851GB,Used=24.845757GB,totalVirtualMemory=70.541847GB,Used=24.845757GB
Cpu: Cores=16, Load average:0.370000,0.330000,0.280000 {"hostname": "edatools", "processid": 141410, "history": "Interactive.301", "testname": "OP", "cornername": "Nominal", "point": 1, "logfile": "/home/saul/projects/LF_BG/logs_saul/logs5/Job19.log", "pid": "141410", "totalPhysicalMemory": "62.541851", "physicalMemoryUsed": "24.845757", "totalVirtualMemory": "70.541847", "virtualMemoryUsed": "24.845757", "cpuCores": "16", "processes": "2126", "loadAverage1": "0.370000", "loadAverage5": "0.330000", "loadAverage15": "0.280000", "loadAverage1Percent": "0.023125"}
[2026-09-01 08:04:24.691 Z] [EVENT] [cadence.virtuoso.ade.simulationMonitor] - NewPoint {"history": "Interactive.301", "point": 1, "testname": "OP", "cornername": "Nominal", "event": "NewPoint", "EventSource": "Simulation Monitor", "HistoryName": "Interactive.301", "logFile": "/home/saul/projects/LF_BG/logs_saul/logs5/Job19.log", "logFileSize": "217313"}
[2026-09-01 08:04:24.793 Z] [EVENT] [cadence.virtuoso.ade.simulationMonitor] - NewPoint {"history": "Interactive.301", "point": 1, "testname": "OP", "cornername": "Nominal", "event": "NewPoint", "EventSource": "spectre", "HistoryName": "Interactive.301", "logFile": "/home/saul/simulation/REF_GEN/REF_GEN_f_TB/maestro/results/maestro/Interactive.301/1/OP/psf/spectre.out", "logFileSize": "-1"}
[2026-09-01 08:04:24.803 Z] [PROCESS] [cadence.virtuoso.ade.simulationMonitor] - Simulator launched {"hostname": "edatools", "processid": 141410, "history": "Interactive.301", "testname": "OP", "cornername": "Nominal", "point": 1, "logfile": "/home/saul/projects/LF_BG/logs_saul/logs5/Job19.log", "simid": "20"}
[2026-09-01 08:04:24.807 Z] [PROCESS] [cadence.virtuoso.ade.simulationMonitor] - Expression evaluator launched {"hostname": "edatools", "processid": 141410, "history": "Interactive.301", "testname": "OP", "cornername": "Nominal", "point": 1, "logfile": "/home/saul/projects/LF_BG/logs_saul/logs5/Job19.log"}
[2026-09-01 08:04:24.836 Z] [PROCESS] [cadence.virtuoso.ade.simulationMonitor] - Started Simulation {"hostname": "edatools", "processid": 141410, "history": "Interactive.301", "testname": "OP", "cornername": "Nominal", "point": 1, "logfile": "/home/saul/projects/LF_BG/logs_saul/logs5/Job19.log", "event": "started", "task": "simulation"}
[2026-09-01 08:04:25.836 Z] [INFO] [cadence.virtuoso.ade.simulationMonitor] - Peak resident memory used = 170 Mbytes. {"history": "Interactive.301", "point": 1, "testname": "OP", "cornername": "Nominal"}
[2026-09-01 08:04:26.837 Z] [INFO] [cadence.virtuoso.ade.simulationMonitor] - Peak resident memory used = 185 Mbytes. {"history": "Interactive.301", "point": 1, "testname": "OP", "cornername": "Nominal"}
[2026-09-01 08:04:26.837 Z] [INFO] [cadence.virtuoso.ade.simulationMonitor] - Notice from spectre during hierarchy flattening.
    The value 'psf' specified for the 'checklimitdest' option will no longer be supported in future releases. Use 'spectre -h' to see other recommended values for the 'checklimitdest' option. {"history": "Interactive.301", "point": 1, "testname": "OP", "cornername": "Nominal"}
[2026-09-01 08:04:26.837 Z] [WARN] [cadence.virtuoso.ade.simulationMonitor] -     WARNING (SPECTRE-16718): inlinesubcktcurrent option is set as `subckt', all the inline subckts will be treated as normal subckts when you access the current of their terminals. {"history": "Interactive.301", "point": 1, "testname": "OP", "cornername": "Nominal"}
[2026-09-01 08:04:26.837 Z] [WARN] [cadence.virtuoso.ade.simulationMonitor] -     WARNING (SPECTRE-8527): There are some nodes and instances removed from the netlist topology check. Check the circuit and correct the topology. Or use preserve_inst to keep them if necessary. {"history": "Interactive.301", "point": 1, "testname": "OP", "cornername": "Nominal"}
[2026-09-01 08:04:26.837 Z] [WARN] [cadence.virtuoso.ade.simulationMonitor] -     WARNING (SPECTRE-8529): Dangling instance. V9 is removed. {"history": "Interactive.301", "point": 1, "testname": "OP", "cornername": "Nominal"}
[2026-09-01 08:04:26.837 Z] [WARN] [cadence.virtuoso.ade.simulationMonitor] -     WARNING (SPECTRE-8530): Dangling node. net9 is removed. {"history": "Interactive.301", "point": 1, "testname": "OP", "cornername": "Nominal"}
[2026-09-01 08:04:26.838 Z] [INFO] [cadence.virtuoso.ade.simulationMonitor] - Peak resident memory used = 186 Mbytes. {"history": "Interactive.301", "point": 1, "testname": "OP", "cornername": "Nominal"}
[2026-09-01 08:04:26.838 Z] [INFO] [cadence.virtuoso.ade.simulationMonitor] - Notice from spectre during topology check.
    No DC path from node `VbgT' to ground, Gmin installed to provide path. {"history": "Interactive.301", "point": 1, "testname": "OP", "cornername": "Nominal"}
[2026-09-01 08:04:26.838 Z] [INFO] [cadence.virtuoso.ade.simulationMonitor] - Notice from spectre during initial setup.
    Multithreading is disabled due to the size of the design being too small. {"history": "Interactive.301", "point": 1, "testname": "OP", "cornername": "Nominal"}
[2026-09-01 08:04:26.838 Z] [INFO] [cadence.virtuoso.ade.simulationMonitor] -               nodes 56 {"history": "Interactive.301", "point": 1, "testname": "OP", "cornername": "Nominal"}
[2026-09-01 08:04:26.838 Z] [INFO] [cadence.virtuoso.ade.simulationMonitor] - Notice from spectre during initial setup.
    Fast APS enabled. {"history": "Interactive.301", "point": 1, "testname": "OP", "cornername": "Nominal"}
[2026-09-01 08:04:26.838 Z] [INFO] [cadence.virtuoso.ade.simulationMonitor] - Peak resident memory used = 189 Mbytes. {"history": "Interactive.301", "point": 1, "testname": "OP", "cornername": "Nominal"}
[2026-09-01 08:04:26.838 Z] [INFO] [cadence.virtuoso.ade.simulationMonitor] -    -   (Fast APS) Multi-threading. The recommended number of threads is 1, consider adding +mt=1 on command line. {"history": "Interactive.301", "point": 1, "testname": "OP", "cornername": "Nominal"}
[2026-09-01 08:04:26.838 Z] [INFO] [cadence.virtuoso.ade.simulationMonitor] - Total time required for dc analysis `dcOp': CPU = 1.427 ms, elapsed = 4.66704 ms, util. = 30.6%. {"history": "Interactive.301", "point": 1, "testname": "OP", "cornername": "Nominal"}
[2026-09-01 08:04:26.838 Z] [INFO] [cadence.virtuoso.ade.simulationMonitor] - Peak resident memory used = 190 Mbytes. {"history": "Interactive.301", "point": 1, "testname": "OP", "cornername": "Nominal"}
[2026-09-01 08:04:27.339 Z] [INFO] [cadence.virtuoso.ade.simulationMonitor] - Time used: CPU = 192 ms, elapsed = 1.92 s, util. = 9.98%. {"history": "Interactive.301", "point": 1, "testname": "OP", "cornername": "Nominal"}
[2026-09-01 08:04:27.339 Z] [INFO] [cadence.virtuoso.ade.simulationMonitor] - Time spent in licensing: elapsed = 27.5 ms. {"history": "Interactive.301", "point": 1, "testname": "OP", "cornername": "Nominal"}
[2026-09-01 08:04:27.340 Z] [INFO] [cadence.virtuoso.ade.simulationMonitor] - Peak memory used = 191 Mbytes. {"history": "Interactive.301", "point": 1, "testname": "OP", "cornername": "Nominal"}
[2026-09-01 08:04:27.340 Z] [PROCESS] [cadence.virtuoso.ade.simulationMonitor] - Simulation started at: 8:04:24 AM, Tue Sep 1, 2026, ended at: 8:04:26 AM, Tue Sep 1, 2026, with elapsed time (wall clock): 1.92 s. {"history": "Interactive.301", "point": 1, "testname": "OP", "cornername": "Nominal"}
[2026-09-01 08:04:27.341 Z] [PROCESS] [cadence.virtuoso.ade.simulationMonitor] - spectre completes with 0 errors, 4 warnings, and 5 notices. {"history": "Interactive.301", "point": 1, "testname": "OP", "cornername": "Nominal"}
[2026-09-01 08:04:27.341 Z] [PROCESS] [cadence.virtuoso.ade.simulationMonitor] - Finished simulating for one point {"hostname": "edatools", "processid": 141410, "history": "Interactive.301", "testname": "OP", "cornername": "Nominal", "point": 1, "logfile": "/home/saul/projects/LF_BG/logs_saul/logs5/Job19.log", "simid": "20"}
[2026-09-01 08:04:27.341 Z] [PROCESS] [cadence.virtuoso.ade.simulationMonitor] - Simulator exited {"hostname": "edatools", "processid": 141410, "history": "Interactive.301", "testname": "OP", "cornername": "Nominal", "point": 1, "logfile": "/home/saul/projects/LF_BG/logs_saul/logs5/Job19.log", "exitStatus": "0"}
[2026-09-01 08:04:27.342 Z] [PROCESS] [cadence.virtuoso.ade.simulationMonitor] - Finished Simulation {"hostname": "edatools", "processid": 141410, "history": "Interactive.301", "testname": "OP", "cornername": "Nominal", "point": 1, "logfile": "/home/saul/projects/LF_BG/logs_saul/logs5/Job19.log", "simid": "20"}
[2026-09-01 08:04:28.354 Z] [PROCESS] [cadence.virtuoso.ade.simulationMonitor] - Point Finished {"hostname": "edatools", "processid": 141410, "history": "Interactive.301", "testname": "OP", "cornername": "Nominal", "point": 1, "logfile": "/home/saul/projects/LF_BG/logs_saul/logs5/Job19.log"}
[2026-09-01 08:09:29.013 Z] [PROCESS] [cadence.virtuoso.ade.simulationMonitor] - Current memory used: 52.9883 MBytes, peak memory used: 52.9883 MBytes {"hostname": "edatools", "processid": 141410, "history": "Interactive.301", "testname": "OP", "cornername": "Nominal", "point": 1, "logfile": "/home/saul/projects/LF_BG/logs_saul/logs5/Job19.log"}
[2026-09-01 08:09:29.014 Z] [PROCESS] [cadence.virtuoso.ade.simulationMonitor] - Simulation Monitor process exit. {"hostname": "edatools", "processid": 141410, "history": "Interactive.301", "testname": "OP", "cornername": "Nominal", "point": 1, "logfile": "/home/saul/projects/LF_BG/logs_saul/logs5/Job19.log"}
