[Simulation Monitor: 8]
[2026-09-01 04:55:54.672 Z] [PROCESS] [cadence.virtuoso.ade.simulationMonitor] - Simulation Monitor has successfully started up. Trying to set up communication channels to other components ... {"hostname": "edatools", "processid": 96911, "logfile": "/home/saul/projects/LF_BG/logs_saul/logs5/Job8.log"}
[2026-09-01 04:55:54.673 Z] [PROCESS] [cadence.virtuoso.ade.simulationMonitor] - Communication channels have been successfully set up. Start processing events ... {"hostname": "edatools", "processid": 96911, "logfile": "/home/saul/projects/LF_BG/logs_saul/logs5/Job8.log"}
[2026-09-01 04:55:54.673 Z] [PROCESS] [cadence.virtuoso.ade.simulationMonitor] - Considering to start history {"hostname": "edatools", "processid": 96911, "history": "Interactive.226", "logfile": "/home/saul/projects/LF_BG/logs_saul/logs5/Job8.log"}
[2026-09-01 04:55:54.674 Z] [PROCESS] [cadence.virtuoso.ade.simulationMonitor] - HostInfo:
Host name (type):	edatools (x86_64)
Operating system:	Linux 7.0.0-30-generic #30~24.04.1-Ubuntu SMP PREEMPT_DYNAMIC Fri Aug  7 13:27:52 UTC 2 {"hostname": "edatools", "processid": 96911, "history": "Interactive.226", "logfile": "/home/saul/projects/LF_BG/logs_saul/logs5/Job8.log", "nodename": "edatools", "domainname": "(none)", "machine": "x86_64", "sysname": "Linux", "release": "7.0.0-30-generic", "version": "#30~24.04.1-Ubuntu SMP PREEMPT_DYNAMIC Fri Aug  7 13:27:52 UTC 2"}
[2026-09-01 04:55:54.674 Z] [PROCESS] [cadence.virtuoso.ade.simulationMonitor] - UsageInfo:
pid=96911
totalPhysicalMemory=62.541851GB,Used=21.517422GB,totalVirtualMemory=70.541847GB,Used=21.517422GB
Cpu: Cores=16, Load average:0.130000,0.280000,0.350000 {"hostname": "edatools", "processid": 96911, "history": "Interactive.226", "logfile": "/home/saul/projects/LF_BG/logs_saul/logs5/Job8.log", "pid": "96911", "totalPhysicalMemory": "62.541851", "physicalMemoryUsed": "21.517422", "totalVirtualMemory": "70.541847", "virtualMemoryUsed": "21.517422", "cpuCores": "16", "processes": "2002", "loadAverage1": "0.130000", "loadAverage5": "0.280000", "loadAverage15": "0.350000", "loadAverage1Percent": "0.008125"}
[2026-09-01 04:55:54.674 Z] [EVENT] [cadence.virtuoso.ade.simulationMonitor] - NewPoint {"history": "Interactive.226", "point": 1, "testname": "TRAN", "cornername": "Nominal", "event": "NewPoint", "EventSource": "Simulation Monitor", "HistoryName": "Interactive.226", "logFile": "/home/saul/projects/LF_BG/logs_saul/logs5/Job8.log", "logFileSize": "2131"}
[2026-09-01 04:55:54.775 Z] [EVENT] [cadence.virtuoso.ade.simulationMonitor] - NewPoint {"history": "Interactive.226", "point": 1, "testname": "TRAN", "cornername": "Nominal", "event": "NewPoint", "EventSource": "spectre", "HistoryName": "Interactive.226", "logFile": "/home/saul/simulation/REF_GEN/REF_GEN_f_TB/maestro/results/maestro/Interactive.226/1/TRAN/psf/spectre.out", "logFileSize": "-1"}
[2026-09-01 04:55:54.786 Z] [PROCESS] [cadence.virtuoso.ade.simulationMonitor] - Simulator launched {"hostname": "edatools", "processid": 96911, "history": "Interactive.226", "testname": "TRAN", "cornername": "Nominal", "point": 1, "logfile": "/home/saul/projects/LF_BG/logs_saul/logs5/Job8.log", "simid": "1"}
[2026-09-01 04:55:54.787 Z] [PROCESS] [cadence.virtuoso.ade.simulationMonitor] - Expression evaluator launched {"hostname": "edatools", "processid": 96911, "history": "Interactive.226", "testname": "TRAN", "cornername": "Nominal", "point": 1, "logfile": "/home/saul/projects/LF_BG/logs_saul/logs5/Job8.log"}
[2026-09-01 04:55:54.817 Z] [PROCESS] [cadence.virtuoso.ade.simulationMonitor] - Started Simulation {"hostname": "edatools", "processid": 96911, "history": "Interactive.226", "testname": "TRAN", "cornername": "Nominal", "point": 1, "logfile": "/home/saul/projects/LF_BG/logs_saul/logs5/Job8.log", "event": "started", "task": "simulation"}
[2026-09-01 04:55:55.318 Z] [ERROR] [cadence.virtuoso.ade.simulationMonitor] -     ERROR (VACOMP-1191): "/home/saul/projects/LF_BG/REF_GEN/REF_GEN_fL_2/veriloga/veriloga.va", line 87: The node array access is out of range. Correct the problem and try again. {"history": "Interactive.226", "point": 1, "testname": "TRAN", "cornername": "Nominal"}
[2026-09-01 04:55:55.318 Z] [ERROR] [cadence.virtuoso.ade.simulationMonitor] -     ERROR (VACOMP-1191): "/home/saul/projects/LF_BG/REF_GEN/REF_GEN_fL_2/veriloga/veriloga.va", line 89: The node array access is out of range. Correct the problem and try again. {"history": "Interactive.226", "point": 1, "testname": "TRAN", "cornername": "Nominal"}
[2026-09-01 04:55:55.318 Z] [INFO] [cadence.virtuoso.ade.simulationMonitor] - Peak resident memory used = 169 Mbytes. {"history": "Interactive.226", "point": 1, "testname": "TRAN", "cornername": "Nominal"}
[2026-09-01 04:55:55.318 Z] [INFO] [cadence.virtuoso.ade.simulationMonitor] - Time used: CPU = 141 ms, elapsed = 262 ms, util. = 53.9%. {"history": "Interactive.226", "point": 1, "testname": "TRAN", "cornername": "Nominal"}
[2026-09-01 04:55:55.318 Z] [INFO] [cadence.virtuoso.ade.simulationMonitor] - Time spent in licensing: elapsed = 23.6 ms, percentage of total = 9.02%. {"history": "Interactive.226", "point": 1, "testname": "TRAN", "cornername": "Nominal"}
[2026-09-01 04:55:55.319 Z] [INFO] [cadence.virtuoso.ade.simulationMonitor] - Peak memory used = 170 Mbytes. {"history": "Interactive.226", "point": 1, "testname": "TRAN", "cornername": "Nominal"}
[2026-09-01 04:55:55.319 Z] [PROCESS] [cadence.virtuoso.ade.simulationMonitor] - Simulation started at: 4:55:54 AM, Tue Sep 1, 2026, ended at: 4:55:55 AM, Tue Sep 1, 2026, with elapsed time (wall clock): 262 ms. {"history": "Interactive.226", "point": 1, "testname": "TRAN", "cornername": "Nominal"}
[2026-09-01 04:55:55.319 Z] [PROCESS] [cadence.virtuoso.ade.simulationMonitor] - spectre completes with 2 errors, 0 warnings, and 0 notices. {"history": "Interactive.226", "point": 1, "testname": "TRAN", "cornername": "Nominal"}
[2026-09-01 04:55:55.319 Z] [FATAL] [cadence.virtuoso.ade.simulationMonitor] - spectre terminated prematurely due to fatal error. {"history": "Interactive.226", "point": 1, "testname": "TRAN", "cornername": "Nominal"}
[2026-09-01 04:55:55.319 Z] [PROCESS] [cadence.virtuoso.ade.simulationMonitor] - Finished simulating for one point {"hostname": "edatools", "processid": 96911, "history": "Interactive.226", "testname": "TRAN", "cornername": "Nominal", "point": 1, "logfile": "/home/saul/projects/LF_BG/logs_saul/logs5/Job8.log", "simid": "1"}
[2026-09-01 04:55:55.319 Z] [ERROR] [cadence.virtuoso.ade.simulationMonitor] - While simulating run Interactive.226, point 1, test TRAN, received error:
Simulation Error:
 The simulator process returned a non-zero exit code, indicating failure.
The simulator could have crashed or intentionally returned to indicate an error.
Check the simulator log file for more information.  Common causes:
1. Simulator may have crashed during exit even after reporting success in log file.
2. Abrupt automatic simulator termination (e.g., SIGKILL) because the simulator process has
   exceeded resource ... {"history": "Interactive.226", "point": 1, "testname": "TRAN", "cornername": "Nominal"}
[2026-09-01 04:55:55.319 Z] [PROCESS] [cadence.virtuoso.ade.simulationMonitor] - Finished Simulation {"hostname": "edatools", "processid": 96911, "history": "Interactive.226", "testname": "TRAN", "cornername": "Nominal", "point": 1, "logfile": "/home/saul/projects/LF_BG/logs_saul/logs5/Job8.log", "simid": "1"}
[2026-09-01 04:56:32.524 Z] [PROCESS] [cadence.virtuoso.ade.simulationMonitor] - Started History {"hostname": "edatools", "processid": 96911, "history": "Interactive.227", "testname": "TRAN", "cornername": "Nominal", "point": 1, "logfile": "/home/saul/projects/LF_BG/logs_saul/logs5/Job8.log"}
[2026-09-01 04:56:32.525 Z] [PROCESS] [cadence.virtuoso.ade.simulationMonitor] - HostInfo:
Host name (type):	edatools (x86_64)
Operating system:	Linux 7.0.0-30-generic #30~24.04.1-Ubuntu SMP PREEMPT_DYNAMIC Fri Aug  7 13:27:52 UTC 2 {"hostname": "edatools", "processid": 96911, "history": "Interactive.227", "testname": "TRAN", "cornername": "Nominal", "point": 1, "logfile": "/home/saul/projects/LF_BG/logs_saul/logs5/Job8.log", "nodename": "edatools", "domainname": "(none)", "machine": "x86_64", "sysname": "Linux", "release": "7.0.0-30-generic", "version": "#30~24.04.1-Ubuntu SMP PREEMPT_DYNAMIC Fri Aug  7 13:27:52 UTC 2"}
[2026-09-01 04:56:32.526 Z] [PROCESS] [cadence.virtuoso.ade.simulationMonitor] - UsageInfo:
pid=96911
totalPhysicalMemory=62.541851GB,Used=21.555244GB,totalVirtualMemory=70.541847GB,Used=21.555244GB
Cpu: Cores=16, Load average:0.270000,0.290000,0.350000 {"hostname": "edatools", "processid": 96911, "history": "Interactive.227", "testname": "TRAN", "cornername": "Nominal", "point": 1, "logfile": "/home/saul/projects/LF_BG/logs_saul/logs5/Job8.log", "pid": "96911", "totalPhysicalMemory": "62.541851", "physicalMemoryUsed": "21.555244", "totalVirtualMemory": "70.541847", "virtualMemoryUsed": "21.555244", "cpuCores": "16", "processes": "2003", "loadAverage1": "0.270000", "loadAverage5": "0.290000", "loadAverage15": "0.350000", "loadAverage1Percent": "0.016875"}
[2026-09-01 04:56:32.526 Z] [EVENT] [cadence.virtuoso.ade.simulationMonitor] - NewPoint {"history": "Interactive.227", "point": 1, "testname": "TRAN", "cornername": "Nominal", "event": "NewPoint", "EventSource": "Simulation Monitor", "HistoryName": "Interactive.227", "logFile": "/home/saul/projects/LF_BG/logs_saul/logs5/Job8.log", "logFileSize": "9157"}
[2026-09-01 04:56:32.628 Z] [EVENT] [cadence.virtuoso.ade.simulationMonitor] - NewPoint {"history": "Interactive.227", "point": 1, "testname": "TRAN", "cornername": "Nominal", "event": "NewPoint", "EventSource": "spectre", "HistoryName": "Interactive.227", "logFile": "/home/saul/simulation/REF_GEN/REF_GEN_f_TB/maestro/results/maestro/Interactive.227/1/TRAN/psf/spectre.out", "logFileSize": "-1"}
[2026-09-01 04:56:32.638 Z] [PROCESS] [cadence.virtuoso.ade.simulationMonitor] - Simulator launched {"hostname": "edatools", "processid": 96911, "history": "Interactive.227", "testname": "TRAN", "cornername": "Nominal", "point": 1, "logfile": "/home/saul/projects/LF_BG/logs_saul/logs5/Job8.log", "simid": "2"}
[2026-09-01 04:56:32.639 Z] [PROCESS] [cadence.virtuoso.ade.simulationMonitor] - Expression evaluator launched {"hostname": "edatools", "processid": 96911, "history": "Interactive.227", "testname": "TRAN", "cornername": "Nominal", "point": 1, "logfile": "/home/saul/projects/LF_BG/logs_saul/logs5/Job8.log"}
[2026-09-01 04:56:32.670 Z] [PROCESS] [cadence.virtuoso.ade.simulationMonitor] - Started Simulation {"hostname": "edatools", "processid": 96911, "history": "Interactive.227", "testname": "TRAN", "cornername": "Nominal", "point": 1, "logfile": "/home/saul/projects/LF_BG/logs_saul/logs5/Job8.log", "event": "started", "task": "simulation"}
[2026-09-01 04:56:33.671 Z] [INFO] [cadence.virtuoso.ade.simulationMonitor] - Peak resident memory used = 169 Mbytes. {"history": "Interactive.227", "point": 1, "testname": "TRAN", "cornername": "Nominal"}
[2026-09-01 04:56:34.171 Z] [INFO] [cadence.virtuoso.ade.simulationMonitor] - Notice from spectre during hierarchy flattening.
    Parasitic optimization will filter out parasitic nodes, nodes only connected to RCs, by default. To view individual parasitic nodes use individual save statements (i.e. save out), or use the 'savefilter=none' option to save all parasitic nodes. Saving all parasitic nodes may slow down simulation and create large waveform files. {"history": "Interactive.227", "point": 1, "testname": "TRAN", "cornername": "Nominal"}
[2026-09-01 04:56:34.171 Z] [INFO] [cadence.virtuoso.ade.simulationMonitor] - Peak resident memory used = 195 Mbytes. {"history": "Interactive.227", "point": 1, "testname": "TRAN", "cornername": "Nominal"}
[2026-09-01 04:56:34.171 Z] [INFO] [cadence.virtuoso.ade.simulationMonitor] - Notice from spectre during hierarchy flattening.
    The value 'psf' specified for the 'checklimitdest' option will no longer be supported in future releases. Use 'spectre -h' to see other recommended values for the 'checklimitdest' option. {"history": "Interactive.227", "point": 1, "testname": "TRAN", "cornername": "Nominal"}
[2026-09-01 04:56:34.171 Z] [WARN] [cadence.virtuoso.ade.simulationMonitor] -     WARNING (SPECTRE-16718): inlinesubcktcurrent option is set as `subckt', all the inline subckts will be treated as normal subckts when you access the current of their terminals. {"history": "Interactive.227", "point": 1, "testname": "TRAN", "cornername": "Nominal"}
[2026-09-01 04:56:34.171 Z] [WARN] [cadence.virtuoso.ade.simulationMonitor] -     WARNING (SPECTRE-8527): There are some nodes and instances removed from the netlist topology check. Check the circuit and correct the topology. Or use preserve_inst to keep them if necessary. {"history": "Interactive.227", "point": 1, "testname": "TRAN", "cornername": "Nominal"}
[2026-09-01 04:56:34.172 Z] [WARN] [cadence.virtuoso.ade.simulationMonitor] -     WARNING (SPECTRE-8529): Dangling instance. V9 is removed. {"history": "Interactive.227", "point": 1, "testname": "TRAN", "cornername": "Nominal"}
[2026-09-01 04:56:34.172 Z] [WARN] [cadence.virtuoso.ade.simulationMonitor] -     WARNING (SPECTRE-8530): Dangling node. net9 is removed. {"history": "Interactive.227", "point": 1, "testname": "TRAN", "cornername": "Nominal"}
[2026-09-01 04:56:34.172 Z] [INFO] [cadence.virtuoso.ade.simulationMonitor] - Peak resident memory used = 196 Mbytes. {"history": "Interactive.227", "point": 1, "testname": "TRAN", "cornername": "Nominal"}
[2026-09-01 04:56:34.172 Z] [INFO] [cadence.virtuoso.ade.simulationMonitor] - Notice from spectre during topology check.
    No DC path from node `VbgT' to ground, Gmin installed to provide path.
    No DC path from node `V1000' to ground, Gmin installed to provide path.
    No DC path from node `V550' to ground, Gmin installed to provide path.
    No DC path from node `LVDS' to ground, Gmin installed to provide path.
    No DC path from node `LDO' to ground, Gmin installed to provide path.
        Further occurrences of this notice will be suppressed. {"history": "Interactive.227", "point": 1, "testname": "TRAN", "cornername": "Nominal"}
[2026-09-01 04:56:34.172 Z] [INFO] [cadence.virtuoso.ade.simulationMonitor] - Notice from spectre during initial setup.
    Number of thread was limited to 1 because of small circuit size. {"history": "Interactive.227", "point": 1, "testname": "TRAN", "cornername": "Nominal"}
[2026-09-01 04:56:34.172 Z] [INFO] [cadence.virtuoso.ade.simulationMonitor] -               nodes 56 {"history": "Interactive.227", "point": 1, "testname": "TRAN", "cornername": "Nominal"}
[2026-09-01 04:56:34.172 Z] [INFO] [cadence.virtuoso.ade.simulationMonitor] - Notice from spectre during initial setup.
    Parasitics reduction enabled. 
         (Resistors reduced by 0.00%  Capacitors reduced by 0.00%, 0.00% of capacitors are coupled after RC reduction).  {"history": "Interactive.227", "point": 1, "testname": "TRAN", "cornername": "Nominal"}
[2026-09-01 04:56:34.172 Z] [INFO] [cadence.virtuoso.ade.simulationMonitor] - Notice from spectre during initial setup.
    1 vsources are shorted because their absolute value is less than or equal to 'vabsshort'.
    Fast APS enabled. {"history": "Interactive.227", "point": 1, "testname": "TRAN", "cornername": "Nominal"}
[2026-09-01 04:56:34.172 Z] [INFO] [cadence.virtuoso.ade.simulationMonitor] - Peak resident memory used = 202 Mbytes. {"history": "Interactive.227", "point": 1, "testname": "TRAN", "cornername": "Nominal"}
[2026-09-01 04:56:34.172 Z] [INFO] [cadence.virtuoso.ade.simulationMonitor] -    -   (Fast APS) Multi-threading. The recommended number of threads is 1, consider adding +mt=1 on command line. {"history": "Interactive.227", "point": 1, "testname": "TRAN", "cornername": "Nominal"}
[2026-09-01 04:56:34.673 Z] [INFO] [cadence.virtuoso.ade.simulationMonitor] - Total time required for dc analysis `dcOp': CPU = 1.76 ms, elapsed = 5.13792 ms, util. = 34.3%. {"history": "Interactive.227", "point": 1, "testname": "TRAN", "cornername": "Nominal"}
[2026-09-01 04:56:34.673 Z] [INFO] [cadence.virtuoso.ade.simulationMonitor] - Peak resident memory used = 202 Mbytes. {"history": "Interactive.227", "point": 1, "testname": "TRAN", "cornername": "Nominal"}
[2026-09-01 04:56:34.673 Z] [INFO] [cadence.virtuoso.ade.simulationMonitor] - Total time required for tran analysis `tran': CPU = 46.966 ms, elapsed = 50.715 ms, util. = 92.6%. {"history": "Interactive.227", "point": 1, "testname": "TRAN", "cornername": "Nominal"}
[2026-09-01 04:56:34.673 Z] [INFO] [cadence.virtuoso.ade.simulationMonitor] - Peak resident memory used = 202 Mbytes. {"history": "Interactive.227", "point": 1, "testname": "TRAN", "cornername": "Nominal"}
[2026-09-01 04:56:34.673 Z] [INFO] [cadence.virtuoso.ade.simulationMonitor] - Time used: CPU = 286 ms, elapsed = 1.42 s, util. = 20.2%. {"history": "Interactive.227", "point": 1, "testname": "TRAN", "cornername": "Nominal"}
[2026-09-01 04:56:34.673 Z] [INFO] [cadence.virtuoso.ade.simulationMonitor] - Time spent in licensing: elapsed = 33.6 ms. {"history": "Interactive.227", "point": 1, "testname": "TRAN", "cornername": "Nominal"}
[2026-09-01 04:56:34.674 Z] [INFO] [cadence.virtuoso.ade.simulationMonitor] - Peak memory used = 202 Mbytes. {"history": "Interactive.227", "point": 1, "testname": "TRAN", "cornername": "Nominal"}
[2026-09-01 04:56:34.674 Z] [PROCESS] [cadence.virtuoso.ade.simulationMonitor] - Simulation started at: 4:56:32 AM, Tue Sep 1, 2026, ended at: 4:56:34 AM, Tue Sep 1, 2026, with elapsed time (wall clock): 1.42 s. {"history": "Interactive.227", "point": 1, "testname": "TRAN", "cornername": "Nominal"}
[2026-09-01 04:56:34.674 Z] [PROCESS] [cadence.virtuoso.ade.simulationMonitor] - spectre completes with 0 errors, 4 warnings, and 12 notices. {"history": "Interactive.227", "point": 1, "testname": "TRAN", "cornername": "Nominal"}
[2026-09-01 04:56:34.674 Z] [PROCESS] [cadence.virtuoso.ade.simulationMonitor] - Finished simulating for one point {"hostname": "edatools", "processid": 96911, "history": "Interactive.227", "testname": "TRAN", "cornername": "Nominal", "point": 1, "logfile": "/home/saul/projects/LF_BG/logs_saul/logs5/Job8.log", "simid": "2"}
[2026-09-01 04:56:34.674 Z] [PROCESS] [cadence.virtuoso.ade.simulationMonitor] - Simulator exited {"hostname": "edatools", "processid": 96911, "history": "Interactive.227", "testname": "TRAN", "cornername": "Nominal", "point": 1, "logfile": "/home/saul/projects/LF_BG/logs_saul/logs5/Job8.log", "exitStatus": "0"}
[2026-09-01 04:56:34.674 Z] [PROCESS] [cadence.virtuoso.ade.simulationMonitor] - Finished Simulation {"hostname": "edatools", "processid": 96911, "history": "Interactive.227", "testname": "TRAN", "cornername": "Nominal", "point": 1, "logfile": "/home/saul/projects/LF_BG/logs_saul/logs5/Job8.log", "simid": "2"}
[2026-09-01 04:56:35.681 Z] [PROCESS] [cadence.virtuoso.ade.simulationMonitor] - Point Finished {"hostname": "edatools", "processid": 96911, "history": "Interactive.227", "testname": "TRAN", "cornername": "Nominal", "point": 1, "logfile": "/home/saul/projects/LF_BG/logs_saul/logs5/Job8.log"}
[2026-09-01 04:57:44.241 Z] [PROCESS] [cadence.virtuoso.ade.simulationMonitor] - Started History {"hostname": "edatools", "processid": 96911, "history": "Interactive.228", "testname": "TRAN", "cornername": "Nominal", "point": 1, "logfile": "/home/saul/projects/LF_BG/logs_saul/logs5/Job8.log"}
[2026-09-01 04:57:44.242 Z] [PROCESS] [cadence.virtuoso.ade.simulationMonitor] - HostInfo:
Host name (type):	edatools (x86_64)
Operating system:	Linux 7.0.0-30-generic #30~24.04.1-Ubuntu SMP PREEMPT_DYNAMIC Fri Aug  7 13:27:52 UTC 2 {"hostname": "edatools", "processid": 96911, "history": "Interactive.228", "testname": "TRAN", "cornername": "Nominal", "point": 1, "logfile": "/home/saul/projects/LF_BG/logs_saul/logs5/Job8.log", "nodename": "edatools", "domainname": "(none)", "machine": "x86_64", "sysname": "Linux", "release": "7.0.0-30-generic", "version": "#30~24.04.1-Ubuntu SMP PREEMPT_DYNAMIC Fri Aug  7 13:27:52 UTC 2"}
[2026-09-01 04:57:44.243 Z] [PROCESS] [cadence.virtuoso.ade.simulationMonitor] - UsageInfo:
pid=96911
totalPhysicalMemory=62.541851GB,Used=21.549717GB,totalVirtualMemory=70.541847GB,Used=21.549717GB
Cpu: Cores=16, Load average:0.220000,0.260000,0.340000 {"hostname": "edatools", "processid": 96911, "history": "Interactive.228", "testname": "TRAN", "cornername": "Nominal", "point": 1, "logfile": "/home/saul/projects/LF_BG/logs_saul/logs5/Job8.log", "pid": "96911", "totalPhysicalMemory": "62.541851", "physicalMemoryUsed": "21.549717", "totalVirtualMemory": "70.541847", "virtualMemoryUsed": "21.549717", "cpuCores": "16", "processes": "2036", "loadAverage1": "0.220000", "loadAverage5": "0.260000", "loadAverage15": "0.340000", "loadAverage1Percent": "0.013750"}
[2026-09-01 04:57:44.244 Z] [EVENT] [cadence.virtuoso.ade.simulationMonitor] - NewPoint {"history": "Interactive.228", "point": 1, "testname": "TRAN", "cornername": "Nominal", "event": "NewPoint", "EventSource": "Simulation Monitor", "HistoryName": "Interactive.228", "logFile": "/home/saul/projects/LF_BG/logs_saul/logs5/Job8.log", "logFileSize": "20927"}
[2026-09-01 04:57:44.346 Z] [EVENT] [cadence.virtuoso.ade.simulationMonitor] - NewPoint {"history": "Interactive.228", "point": 1, "testname": "TRAN", "cornername": "Nominal", "event": "NewPoint", "EventSource": "spectre", "HistoryName": "Interactive.228", "logFile": "/home/saul/simulation/REF_GEN/REF_GEN_f_TB/maestro/results/maestro/Interactive.228/1/TRAN/psf/spectre.out", "logFileSize": "-1"}
[2026-09-01 04:57:44.364 Z] [PROCESS] [cadence.virtuoso.ade.simulationMonitor] - Simulator launched {"hostname": "edatools", "processid": 96911, "history": "Interactive.228", "testname": "TRAN", "cornername": "Nominal", "point": 1, "logfile": "/home/saul/projects/LF_BG/logs_saul/logs5/Job8.log", "simid": "3"}
[2026-09-01 04:57:44.368 Z] [PROCESS] [cadence.virtuoso.ade.simulationMonitor] - Expression evaluator launched {"hostname": "edatools", "processid": 96911, "history": "Interactive.228", "testname": "TRAN", "cornername": "Nominal", "point": 1, "logfile": "/home/saul/projects/LF_BG/logs_saul/logs5/Job8.log"}
[2026-09-01 04:57:44.399 Z] [PROCESS] [cadence.virtuoso.ade.simulationMonitor] - Started Simulation {"hostname": "edatools", "processid": 96911, "history": "Interactive.228", "testname": "TRAN", "cornername": "Nominal", "point": 1, "logfile": "/home/saul/projects/LF_BG/logs_saul/logs5/Job8.log", "event": "started", "task": "simulation"}
[2026-09-01 04:57:44.899 Z] [INFO] [cadence.virtuoso.ade.simulationMonitor] - Peak resident memory used = 169 Mbytes. {"history": "Interactive.228", "point": 1, "testname": "TRAN", "cornername": "Nominal"}
[2026-09-01 04:57:45.899 Z] [INFO] [cadence.virtuoso.ade.simulationMonitor] - Notice from spectre during hierarchy flattening.
    Parasitic optimization will filter out parasitic nodes, nodes only connected to RCs, by default. To view individual parasitic nodes use individual save statements (i.e. save out), or use the 'savefilter=none' option to save all parasitic nodes. Saving all parasitic nodes may slow down simulation and create large waveform files. {"history": "Interactive.228", "point": 1, "testname": "TRAN", "cornername": "Nominal"}
[2026-09-01 04:57:45.900 Z] [INFO] [cadence.virtuoso.ade.simulationMonitor] - Peak resident memory used = 195 Mbytes. {"history": "Interactive.228", "point": 1, "testname": "TRAN", "cornername": "Nominal"}
[2026-09-01 04:57:45.900 Z] [INFO] [cadence.virtuoso.ade.simulationMonitor] - Notice from spectre during hierarchy flattening.
    The value 'psf' specified for the 'checklimitdest' option will no longer be supported in future releases. Use 'spectre -h' to see other recommended values for the 'checklimitdest' option. {"history": "Interactive.228", "point": 1, "testname": "TRAN", "cornername": "Nominal"}
[2026-09-01 04:57:45.900 Z] [WARN] [cadence.virtuoso.ade.simulationMonitor] -     WARNING (SPECTRE-16718): inlinesubcktcurrent option is set as `subckt', all the inline subckts will be treated as normal subckts when you access the current of their terminals. {"history": "Interactive.228", "point": 1, "testname": "TRAN", "cornername": "Nominal"}
[2026-09-01 04:57:45.900 Z] [WARN] [cadence.virtuoso.ade.simulationMonitor] -     WARNING (SPECTRE-8527): There are some nodes and instances removed from the netlist topology check. Check the circuit and correct the topology. Or use preserve_inst to keep them if necessary. {"history": "Interactive.228", "point": 1, "testname": "TRAN", "cornername": "Nominal"}
[2026-09-01 04:57:45.900 Z] [WARN] [cadence.virtuoso.ade.simulationMonitor] -     WARNING (SPECTRE-8529): Dangling instance. V9 is removed. {"history": "Interactive.228", "point": 1, "testname": "TRAN", "cornername": "Nominal"}
[2026-09-01 04:57:45.900 Z] [WARN] [cadence.virtuoso.ade.simulationMonitor] -     WARNING (SPECTRE-8530): Dangling node. net9 is removed. {"history": "Interactive.228", "point": 1, "testname": "TRAN", "cornername": "Nominal"}
[2026-09-01 04:57:45.900 Z] [INFO] [cadence.virtuoso.ade.simulationMonitor] - Peak resident memory used = 197 Mbytes. {"history": "Interactive.228", "point": 1, "testname": "TRAN", "cornername": "Nominal"}
[2026-09-01 04:57:45.900 Z] [INFO] [cadence.virtuoso.ade.simulationMonitor] - Notice from spectre during topology check.
    No DC path from node `VbgT' to ground, Gmin installed to provide path.
    No DC path from node `V1000' to ground, Gmin installed to provide path.
    No DC path from node `V550' to ground, Gmin installed to provide path.
    No DC path from node `LVDS' to ground, Gmin installed to provide path.
    No DC path from node `LDO' to ground, Gmin installed to provide path.
        Further occurrences of this notice will be suppressed. {"history": "Interactive.228", "point": 1, "testname": "TRAN", "cornername": "Nominal"}
[2026-09-01 04:57:45.900 Z] [INFO] [cadence.virtuoso.ade.simulationMonitor] - Notice from spectre during initial setup.
    Number of thread was limited to 1 because of small circuit size. {"history": "Interactive.228", "point": 1, "testname": "TRAN", "cornername": "Nominal"}
[2026-09-01 04:57:45.900 Z] [INFO] [cadence.virtuoso.ade.simulationMonitor] -               nodes 56 {"history": "Interactive.228", "point": 1, "testname": "TRAN", "cornername": "Nominal"}
[2026-09-01 04:57:45.900 Z] [INFO] [cadence.virtuoso.ade.simulationMonitor] - Notice from spectre during initial setup.
    Parasitics reduction enabled. 
         (Resistors reduced by 0.00%  Capacitors reduced by 0.00%, 0.00% of capacitors are coupled after RC reduction).  {"history": "Interactive.228", "point": 1, "testname": "TRAN", "cornername": "Nominal"}
[2026-09-01 04:57:45.900 Z] [INFO] [cadence.virtuoso.ade.simulationMonitor] - Notice from spectre during initial setup.
    1 vsources are shorted because their absolute value is less than or equal to 'vabsshort'.
    Fast APS enabled. {"history": "Interactive.228", "point": 1, "testname": "TRAN", "cornername": "Nominal"}
[2026-09-01 04:57:45.900 Z] [INFO] [cadence.virtuoso.ade.simulationMonitor] - Peak resident memory used = 203 Mbytes. {"history": "Interactive.228", "point": 1, "testname": "TRAN", "cornername": "Nominal"}
[2026-09-01 04:57:45.900 Z] [INFO] [cadence.virtuoso.ade.simulationMonitor] -    -   (Fast APS) Multi-threading. The recommended number of threads is 1, consider adding +mt=1 on command line. {"history": "Interactive.228", "point": 1, "testname": "TRAN", "cornername": "Nominal"}
[2026-09-01 04:57:46.401 Z] [INFO] [cadence.virtuoso.ade.simulationMonitor] - Total time required for dc analysis `dcOp': CPU = 1.978 ms, elapsed = 5.80311 ms, util. = 34.1%. {"history": "Interactive.228", "point": 1, "testname": "TRAN", "cornername": "Nominal"}
[2026-09-01 04:57:46.401 Z] [INFO] [cadence.virtuoso.ade.simulationMonitor] - Peak resident memory used = 203 Mbytes. {"history": "Interactive.228", "point": 1, "testname": "TRAN", "cornername": "Nominal"}
[2026-09-01 04:57:46.401 Z] [INFO] [cadence.virtuoso.ade.simulationMonitor] - Total time required for tran analysis `tran': CPU = 45.404 ms, elapsed = 49.067 ms, util. = 92.5%. {"history": "Interactive.228", "point": 1, "testname": "TRAN", "cornername": "Nominal"}
[2026-09-01 04:57:46.402 Z] [INFO] [cadence.virtuoso.ade.simulationMonitor] - Peak resident memory used = 203 Mbytes. {"history": "Interactive.228", "point": 1, "testname": "TRAN", "cornername": "Nominal"}
[2026-09-01 04:57:46.402 Z] [INFO] [cadence.virtuoso.ade.simulationMonitor] - Time used: CPU = 265 ms, elapsed = 1.44 s, util. = 18.4%. {"history": "Interactive.228", "point": 1, "testname": "TRAN", "cornername": "Nominal"}
[2026-09-01 04:57:46.402 Z] [INFO] [cadence.virtuoso.ade.simulationMonitor] - Time spent in licensing: elapsed = 24.8 ms. {"history": "Interactive.228", "point": 1, "testname": "TRAN", "cornername": "Nominal"}
[2026-09-01 04:57:46.402 Z] [INFO] [cadence.virtuoso.ade.simulationMonitor] - Peak memory used = 202 Mbytes. {"history": "Interactive.228", "point": 1, "testname": "TRAN", "cornername": "Nominal"}
[2026-09-01 04:57:46.402 Z] [PROCESS] [cadence.virtuoso.ade.simulationMonitor] - Simulation started at: 4:57:44 AM, Tue Sep 1, 2026, ended at: 4:57:45 AM, Tue Sep 1, 2026, with elapsed time (wall clock): 1.44 s. {"history": "Interactive.228", "point": 1, "testname": "TRAN", "cornername": "Nominal"}
[2026-09-01 04:57:46.402 Z] [PROCESS] [cadence.virtuoso.ade.simulationMonitor] - spectre completes with 0 errors, 4 warnings, and 12 notices. {"history": "Interactive.228", "point": 1, "testname": "TRAN", "cornername": "Nominal"}
[2026-09-01 04:57:46.402 Z] [PROCESS] [cadence.virtuoso.ade.simulationMonitor] - Finished simulating for one point {"hostname": "edatools", "processid": 96911, "history": "Interactive.228", "testname": "TRAN", "cornername": "Nominal", "point": 1, "logfile": "/home/saul/projects/LF_BG/logs_saul/logs5/Job8.log", "simid": "3"}
[2026-09-01 04:57:46.402 Z] [PROCESS] [cadence.virtuoso.ade.simulationMonitor] - Simulator exited {"hostname": "edatools", "processid": 96911, "history": "Interactive.228", "testname": "TRAN", "cornername": "Nominal", "point": 1, "logfile": "/home/saul/projects/LF_BG/logs_saul/logs5/Job8.log", "exitStatus": "0"}
[2026-09-01 04:57:46.403 Z] [PROCESS] [cadence.virtuoso.ade.simulationMonitor] - Finished Simulation {"hostname": "edatools", "processid": 96911, "history": "Interactive.228", "testname": "TRAN", "cornername": "Nominal", "point": 1, "logfile": "/home/saul/projects/LF_BG/logs_saul/logs5/Job8.log", "simid": "3"}
[2026-09-01 04:57:47.409 Z] [PROCESS] [cadence.virtuoso.ade.simulationMonitor] - Point Finished {"hostname": "edatools", "processid": 96911, "history": "Interactive.228", "testname": "TRAN", "cornername": "Nominal", "point": 1, "logfile": "/home/saul/projects/LF_BG/logs_saul/logs5/Job8.log"}
[2026-09-01 04:59:01.518 Z] [PROCESS] [cadence.virtuoso.ade.simulationMonitor] - Started History {"hostname": "edatools", "processid": 96911, "history": "Interactive.229", "testname": "TRAN", "cornername": "Nominal", "point": 1, "logfile": "/home/saul/projects/LF_BG/logs_saul/logs5/Job8.log"}
[2026-09-01 04:59:01.519 Z] [PROCESS] [cadence.virtuoso.ade.simulationMonitor] - HostInfo:
Host name (type):	edatools (x86_64)
Operating system:	Linux 7.0.0-30-generic #30~24.04.1-Ubuntu SMP PREEMPT_DYNAMIC Fri Aug  7 13:27:52 UTC 2 {"hostname": "edatools", "processid": 96911, "history": "Interactive.229", "testname": "TRAN", "cornername": "Nominal", "point": 1, "logfile": "/home/saul/projects/LF_BG/logs_saul/logs5/Job8.log", "nodename": "edatools", "domainname": "(none)", "machine": "x86_64", "sysname": "Linux", "release": "7.0.0-30-generic", "version": "#30~24.04.1-Ubuntu SMP PREEMPT_DYNAMIC Fri Aug  7 13:27:52 UTC 2"}
[2026-09-01 04:59:01.520 Z] [PROCESS] [cadence.virtuoso.ade.simulationMonitor] - UsageInfo:
pid=96911
totalPhysicalMemory=62.541851GB,Used=21.466480GB,totalVirtualMemory=70.541847GB,Used=21.466480GB
Cpu: Cores=16, Load average:0.290000,0.270000,0.340000 {"hostname": "edatools", "processid": 96911, "history": "Interactive.229", "testname": "TRAN", "cornername": "Nominal", "point": 1, "logfile": "/home/saul/projects/LF_BG/logs_saul/logs5/Job8.log", "pid": "96911", "totalPhysicalMemory": "62.541851", "physicalMemoryUsed": "21.466480", "totalVirtualMemory": "70.541847", "virtualMemoryUsed": "21.466480", "cpuCores": "16", "processes": "2001", "loadAverage1": "0.290000", "loadAverage5": "0.270000", "loadAverage15": "0.340000", "loadAverage1Percent": "0.018125"}
[2026-09-01 04:59:01.520 Z] [EVENT] [cadence.virtuoso.ade.simulationMonitor] - NewPoint {"history": "Interactive.229", "point": 1, "testname": "TRAN", "cornername": "Nominal", "event": "NewPoint", "EventSource": "Simulation Monitor", "HistoryName": "Interactive.229", "logFile": "/home/saul/projects/LF_BG/logs_saul/logs5/Job8.log", "logFileSize": "32699"}
[2026-09-01 04:59:01.622 Z] [EVENT] [cadence.virtuoso.ade.simulationMonitor] - NewPoint {"history": "Interactive.229", "point": 1, "testname": "TRAN", "cornername": "Nominal", "event": "NewPoint", "EventSource": "spectre", "HistoryName": "Interactive.229", "logFile": "/home/saul/simulation/REF_GEN/REF_GEN_f_TB/maestro/results/maestro/Interactive.229/1/TRAN/psf/spectre.out", "logFileSize": "-1"}
[2026-09-01 04:59:01.638 Z] [PROCESS] [cadence.virtuoso.ade.simulationMonitor] - Simulator launched {"hostname": "edatools", "processid": 96911, "history": "Interactive.229", "testname": "TRAN", "cornername": "Nominal", "point": 1, "logfile": "/home/saul/projects/LF_BG/logs_saul/logs5/Job8.log", "simid": "4"}
[2026-09-01 04:59:01.639 Z] [PROCESS] [cadence.virtuoso.ade.simulationMonitor] - Expression evaluator launched {"hostname": "edatools", "processid": 96911, "history": "Interactive.229", "testname": "TRAN", "cornername": "Nominal", "point": 1, "logfile": "/home/saul/projects/LF_BG/logs_saul/logs5/Job8.log"}
[2026-09-01 04:59:01.662 Z] [PROCESS] [cadence.virtuoso.ade.simulationMonitor] - Started Simulation {"hostname": "edatools", "processid": 96911, "history": "Interactive.229", "testname": "TRAN", "cornername": "Nominal", "point": 1, "logfile": "/home/saul/projects/LF_BG/logs_saul/logs5/Job8.log", "event": "started", "task": "simulation"}
[2026-09-01 04:59:02.162 Z] [INFO] [cadence.virtuoso.ade.simulationMonitor] - Peak resident memory used = 169 Mbytes. {"history": "Interactive.229", "point": 1, "testname": "TRAN", "cornername": "Nominal"}
[2026-09-01 04:59:03.663 Z] [INFO] [cadence.virtuoso.ade.simulationMonitor] - Notice from spectre during hierarchy flattening.
    Parasitic optimization will filter out parasitic nodes, nodes only connected to RCs, by default. To view individual parasitic nodes use individual save statements (i.e. save out), or use the 'savefilter=none' option to save all parasitic nodes. Saving all parasitic nodes may slow down simulation and create large waveform files. {"history": "Interactive.229", "point": 1, "testname": "TRAN", "cornername": "Nominal"}
[2026-09-01 04:59:03.663 Z] [INFO] [cadence.virtuoso.ade.simulationMonitor] - Peak resident memory used = 195 Mbytes. {"history": "Interactive.229", "point": 1, "testname": "TRAN", "cornername": "Nominal"}
[2026-09-01 04:59:03.663 Z] [INFO] [cadence.virtuoso.ade.simulationMonitor] - Notice from spectre during hierarchy flattening.
    The value 'psf' specified for the 'checklimitdest' option will no longer be supported in future releases. Use 'spectre -h' to see other recommended values for the 'checklimitdest' option. {"history": "Interactive.229", "point": 1, "testname": "TRAN", "cornername": "Nominal"}
[2026-09-01 04:59:03.663 Z] [WARN] [cadence.virtuoso.ade.simulationMonitor] -     WARNING (SPECTRE-16718): inlinesubcktcurrent option is set as `subckt', all the inline subckts will be treated as normal subckts when you access the current of their terminals. {"history": "Interactive.229", "point": 1, "testname": "TRAN", "cornername": "Nominal"}
[2026-09-01 04:59:03.664 Z] [WARN] [cadence.virtuoso.ade.simulationMonitor] -     WARNING (SPECTRE-8527): There are some nodes and instances removed from the netlist topology check. Check the circuit and correct the topology. Or use preserve_inst to keep them if necessary. {"history": "Interactive.229", "point": 1, "testname": "TRAN", "cornername": "Nominal"}
[2026-09-01 04:59:03.664 Z] [WARN] [cadence.virtuoso.ade.simulationMonitor] -     WARNING (SPECTRE-8529): Dangling instance. V9 is removed. {"history": "Interactive.229", "point": 1, "testname": "TRAN", "cornername": "Nominal"}
[2026-09-01 04:59:03.664 Z] [WARN] [cadence.virtuoso.ade.simulationMonitor] -     WARNING (SPECTRE-8530): Dangling node. net9 is removed. {"history": "Interactive.229", "point": 1, "testname": "TRAN", "cornername": "Nominal"}
[2026-09-01 04:59:03.664 Z] [INFO] [cadence.virtuoso.ade.simulationMonitor] - Peak resident memory used = 197 Mbytes. {"history": "Interactive.229", "point": 1, "testname": "TRAN", "cornername": "Nominal"}
[2026-09-01 04:59:03.664 Z] [INFO] [cadence.virtuoso.ade.simulationMonitor] - Notice from spectre during topology check.
    No DC path from node `VbgT' to ground, Gmin installed to provide path.
    No DC path from node `V1000' to ground, Gmin installed to provide path.
    No DC path from node `V550' to ground, Gmin installed to provide path.
    No DC path from node `LVDS' to ground, Gmin installed to provide path.
    No DC path from node `LDO' to ground, Gmin installed to provide path.
        Further occurrences of this notice will be suppressed. {"history": "Interactive.229", "point": 1, "testname": "TRAN", "cornername": "Nominal"}
[2026-09-01 04:59:03.664 Z] [INFO] [cadence.virtuoso.ade.simulationMonitor] - Notice from spectre during initial setup.
    Number of thread was limited to 1 because of small circuit size. {"history": "Interactive.229", "point": 1, "testname": "TRAN", "cornername": "Nominal"}
[2026-09-01 04:59:03.664 Z] [INFO] [cadence.virtuoso.ade.simulationMonitor] -               nodes 56 {"history": "Interactive.229", "point": 1, "testname": "TRAN", "cornername": "Nominal"}
[2026-09-01 04:59:03.664 Z] [INFO] [cadence.virtuoso.ade.simulationMonitor] - Notice from spectre during initial setup.
    Parasitics reduction enabled. 
         (Resistors reduced by 0.00%  Capacitors reduced by 0.00%, 0.00% of capacitors are coupled after RC reduction).  {"history": "Interactive.229", "point": 1, "testname": "TRAN", "cornername": "Nominal"}
[2026-09-01 04:59:03.664 Z] [INFO] [cadence.virtuoso.ade.simulationMonitor] - Notice from spectre during initial setup.
    1 vsources are shorted because their absolute value is less than or equal to 'vabsshort'.
    Fast APS enabled. {"history": "Interactive.229", "point": 1, "testname": "TRAN", "cornername": "Nominal"}
[2026-09-01 04:59:03.664 Z] [INFO] [cadence.virtuoso.ade.simulationMonitor] - Peak resident memory used = 203 Mbytes. {"history": "Interactive.229", "point": 1, "testname": "TRAN", "cornername": "Nominal"}
[2026-09-01 04:59:03.664 Z] [INFO] [cadence.virtuoso.ade.simulationMonitor] -    -   (Fast APS) Multi-threading. The recommended number of threads is 1, consider adding +mt=1 on command line. {"history": "Interactive.229", "point": 1, "testname": "TRAN", "cornername": "Nominal"}
[2026-09-01 04:59:03.664 Z] [INFO] [cadence.virtuoso.ade.simulationMonitor] - Total time required for dc analysis `dcOp': CPU = 1.799 ms, elapsed = 5.67722 ms, util. = 31.7%. {"history": "Interactive.229", "point": 1, "testname": "TRAN", "cornername": "Nominal"}
[2026-09-01 04:59:03.664 Z] [INFO] [cadence.virtuoso.ade.simulationMonitor] - Peak resident memory used = 203 Mbytes. {"history": "Interactive.229", "point": 1, "testname": "TRAN", "cornername": "Nominal"}
[2026-09-01 04:59:03.664 Z] [INFO] [cadence.virtuoso.ade.simulationMonitor] - Total time required for tran analysis `tran': CPU = 44.558 ms, elapsed = 49.3679 ms, util. = 90.3%. {"history": "Interactive.229", "point": 1, "testname": "TRAN", "cornername": "Nominal"}
[2026-09-01 04:59:03.664 Z] [INFO] [cadence.virtuoso.ade.simulationMonitor] - Peak resident memory used = 203 Mbytes. {"history": "Interactive.229", "point": 1, "testname": "TRAN", "cornername": "Nominal"}
[2026-09-01 04:59:03.665 Z] [INFO] [cadence.virtuoso.ade.simulationMonitor] - Time used: CPU = 266 ms, elapsed = 1.54 s, util. = 17.3%. {"history": "Interactive.229", "point": 1, "testname": "TRAN", "cornername": "Nominal"}
[2026-09-01 04:59:03.665 Z] [INFO] [cadence.virtuoso.ade.simulationMonitor] - Time spent in licensing: elapsed = 23.1 ms. {"history": "Interactive.229", "point": 1, "testname": "TRAN", "cornername": "Nominal"}
[2026-09-01 04:59:03.665 Z] [INFO] [cadence.virtuoso.ade.simulationMonitor] - Peak memory used = 202 Mbytes. {"history": "Interactive.229", "point": 1, "testname": "TRAN", "cornername": "Nominal"}
[2026-09-01 04:59:03.665 Z] [PROCESS] [cadence.virtuoso.ade.simulationMonitor] - Simulation started at: 4:59:01 AM, Tue Sep 1, 2026, ended at: 4:59:03 AM, Tue Sep 1, 2026, with elapsed time (wall clock): 1.54 s. {"history": "Interactive.229", "point": 1, "testname": "TRAN", "cornername": "Nominal"}
[2026-09-01 04:59:03.665 Z] [PROCESS] [cadence.virtuoso.ade.simulationMonitor] - spectre completes with 0 errors, 4 warnings, and 12 notices. {"history": "Interactive.229", "point": 1, "testname": "TRAN", "cornername": "Nominal"}
[2026-09-01 04:59:03.665 Z] [PROCESS] [cadence.virtuoso.ade.simulationMonitor] - Finished simulating for one point {"hostname": "edatools", "processid": 96911, "history": "Interactive.229", "testname": "TRAN", "cornername": "Nominal", "point": 1, "logfile": "/home/saul/projects/LF_BG/logs_saul/logs5/Job8.log", "simid": "4"}
[2026-09-01 04:59:03.665 Z] [PROCESS] [cadence.virtuoso.ade.simulationMonitor] - Simulator exited {"hostname": "edatools", "processid": 96911, "history": "Interactive.229", "testname": "TRAN", "cornername": "Nominal", "point": 1, "logfile": "/home/saul/projects/LF_BG/logs_saul/logs5/Job8.log", "exitStatus": "0"}
[2026-09-01 04:59:03.665 Z] [PROCESS] [cadence.virtuoso.ade.simulationMonitor] - Finished Simulation {"hostname": "edatools", "processid": 96911, "history": "Interactive.229", "testname": "TRAN", "cornername": "Nominal", "point": 1, "logfile": "/home/saul/projects/LF_BG/logs_saul/logs5/Job8.log", "simid": "4"}
[2026-09-01 04:59:05.172 Z] [PROCESS] [cadence.virtuoso.ade.simulationMonitor] - Point Finished {"hostname": "edatools", "processid": 96911, "history": "Interactive.229", "testname": "TRAN", "cornername": "Nominal", "point": 1, "logfile": "/home/saul/projects/LF_BG/logs_saul/logs5/Job8.log"}
[2026-09-01 04:59:57.475 Z] [PROCESS] [cadence.virtuoso.ade.simulationMonitor] - Started History {"hostname": "edatools", "processid": 96911, "history": "Interactive.230", "testname": "TRAN", "cornername": "Nominal", "point": 1, "logfile": "/home/saul/projects/LF_BG/logs_saul/logs5/Job8.log"}
[2026-09-01 04:59:57.476 Z] [PROCESS] [cadence.virtuoso.ade.simulationMonitor] - HostInfo:
Host name (type):	edatools (x86_64)
Operating system:	Linux 7.0.0-30-generic #30~24.04.1-Ubuntu SMP PREEMPT_DYNAMIC Fri Aug  7 13:27:52 UTC 2 {"hostname": "edatools", "processid": 96911, "history": "Interactive.230", "testname": "TRAN", "cornername": "Nominal", "point": 1, "logfile": "/home/saul/projects/LF_BG/logs_saul/logs5/Job8.log", "nodename": "edatools", "domainname": "(none)", "machine": "x86_64", "sysname": "Linux", "release": "7.0.0-30-generic", "version": "#30~24.04.1-Ubuntu SMP PREEMPT_DYNAMIC Fri Aug  7 13:27:52 UTC 2"}
[2026-09-01 04:59:57.477 Z] [PROCESS] [cadence.virtuoso.ade.simulationMonitor] - UsageInfo:
pid=96911
totalPhysicalMemory=62.541851GB,Used=21.443771GB,totalVirtualMemory=70.541847GB,Used=21.443771GB
Cpu: Cores=16, Load average:0.490000,0.340000,0.360000 {"hostname": "edatools", "processid": 96911, "history": "Interactive.230", "testname": "TRAN", "cornername": "Nominal", "point": 1, "logfile": "/home/saul/projects/LF_BG/logs_saul/logs5/Job8.log", "pid": "96911", "totalPhysicalMemory": "62.541851", "physicalMemoryUsed": "21.443771", "totalVirtualMemory": "70.541847", "virtualMemoryUsed": "21.443771", "cpuCores": "16", "processes": "1995", "loadAverage1": "0.490000", "loadAverage5": "0.340000", "loadAverage15": "0.360000", "loadAverage1Percent": "0.030625"}
[2026-09-01 04:59:57.477 Z] [EVENT] [cadence.virtuoso.ade.simulationMonitor] - NewPoint {"history": "Interactive.230", "point": 1, "testname": "TRAN", "cornername": "Nominal", "event": "NewPoint", "EventSource": "Simulation Monitor", "HistoryName": "Interactive.230", "logFile": "/home/saul/projects/LF_BG/logs_saul/logs5/Job8.log", "logFileSize": "44472"}
[2026-09-01 04:59:57.579 Z] [EVENT] [cadence.virtuoso.ade.simulationMonitor] - NewPoint {"history": "Interactive.230", "point": 1, "testname": "TRAN", "cornername": "Nominal", "event": "NewPoint", "EventSource": "spectre", "HistoryName": "Interactive.230", "logFile": "/home/saul/simulation/REF_GEN/REF_GEN_f_TB/maestro/results/maestro/Interactive.230/1/TRAN/psf/spectre.out", "logFileSize": "-1"}
[2026-09-01 04:59:57.585 Z] [PROCESS] [cadence.virtuoso.ade.simulationMonitor] - Simulator launched {"hostname": "edatools", "processid": 96911, "history": "Interactive.230", "testname": "TRAN", "cornername": "Nominal", "point": 1, "logfile": "/home/saul/projects/LF_BG/logs_saul/logs5/Job8.log", "simid": "5"}
[2026-09-01 04:59:57.586 Z] [PROCESS] [cadence.virtuoso.ade.simulationMonitor] - Expression evaluator launched {"hostname": "edatools", "processid": 96911, "history": "Interactive.230", "testname": "TRAN", "cornername": "Nominal", "point": 1, "logfile": "/home/saul/projects/LF_BG/logs_saul/logs5/Job8.log"}
[2026-09-01 04:59:57.606 Z] [PROCESS] [cadence.virtuoso.ade.simulationMonitor] - Started Simulation {"hostname": "edatools", "processid": 96911, "history": "Interactive.230", "testname": "TRAN", "cornername": "Nominal", "point": 1, "logfile": "/home/saul/projects/LF_BG/logs_saul/logs5/Job8.log", "event": "started", "task": "simulation"}
[2026-09-01 04:59:58.106 Z] [INFO] [cadence.virtuoso.ade.simulationMonitor] - Peak resident memory used = 169 Mbytes. {"history": "Interactive.230", "point": 1, "testname": "TRAN", "cornername": "Nominal"}
[2026-09-01 04:59:58.607 Z] [INFO] [cadence.virtuoso.ade.simulationMonitor] - Notice from spectre during hierarchy flattening.
    Parasitic optimization will filter out parasitic nodes, nodes only connected to RCs, by default. To view individual parasitic nodes use individual save statements (i.e. save out), or use the 'savefilter=none' option to save all parasitic nodes. Saving all parasitic nodes may slow down simulation and create large waveform files. {"history": "Interactive.230", "point": 1, "testname": "TRAN", "cornername": "Nominal"}
[2026-09-01 04:59:58.607 Z] [INFO] [cadence.virtuoso.ade.simulationMonitor] - Peak resident memory used = 179 Mbytes. {"history": "Interactive.230", "point": 1, "testname": "TRAN", "cornername": "Nominal"}
[2026-09-01 04:59:58.607 Z] [INFO] [cadence.virtuoso.ade.simulationMonitor] - Notice from spectre during hierarchy flattening.
    The value 'psf' specified for the 'checklimitdest' option will no longer be supported in future releases. Use 'spectre -h' to see other recommended values for the 'checklimitdest' option. {"history": "Interactive.230", "point": 1, "testname": "TRAN", "cornername": "Nominal"}
[2026-09-01 04:59:58.607 Z] [WARN] [cadence.virtuoso.ade.simulationMonitor] -     WARNING (SPECTRE-16718): inlinesubcktcurrent option is set as `subckt', all the inline subckts will be treated as normal subckts when you access the current of their terminals. {"history": "Interactive.230", "point": 1, "testname": "TRAN", "cornername": "Nominal"}
[2026-09-01 04:59:58.607 Z] [WARN] [cadence.virtuoso.ade.simulationMonitor] -     WARNING (SPECTRE-8527): There are some nodes and instances removed from the netlist topology check. Check the circuit and correct the topology. Or use preserve_inst to keep them if necessary. {"history": "Interactive.230", "point": 1, "testname": "TRAN", "cornername": "Nominal"}
[2026-09-01 04:59:58.607 Z] [WARN] [cadence.virtuoso.ade.simulationMonitor] -     WARNING (SPECTRE-8529): Dangling instance. V9 is removed. {"history": "Interactive.230", "point": 1, "testname": "TRAN", "cornername": "Nominal"}
[2026-09-01 04:59:58.607 Z] [WARN] [cadence.virtuoso.ade.simulationMonitor] -     WARNING (SPECTRE-8530): Dangling node. net9 is removed. {"history": "Interactive.230", "point": 1, "testname": "TRAN", "cornername": "Nominal"}
[2026-09-01 04:59:58.607 Z] [INFO] [cadence.virtuoso.ade.simulationMonitor] - Peak resident memory used = 181 Mbytes. {"history": "Interactive.230", "point": 1, "testname": "TRAN", "cornername": "Nominal"}
[2026-09-01 04:59:58.607 Z] [INFO] [cadence.virtuoso.ade.simulationMonitor] - Notice from spectre during topology check.
    No DC path from node `VbgT' to ground, Gmin installed to provide path.
    No DC path from node `V1000' to ground, Gmin installed to provide path.
    No DC path from node `V550' to ground, Gmin installed to provide path.
    No DC path from node `LVDS' to ground, Gmin installed to provide path.
    No DC path from node `LDO' to ground, Gmin installed to provide path.
        Further occurrences of this notice will be suppressed. {"history": "Interactive.230", "point": 1, "testname": "TRAN", "cornername": "Nominal"}
[2026-09-01 04:59:58.607 Z] [INFO] [cadence.virtuoso.ade.simulationMonitor] - Notice from spectre during initial setup.
    Number of thread was limited to 1 because of small circuit size. {"history": "Interactive.230", "point": 1, "testname": "TRAN", "cornername": "Nominal"}
[2026-09-01 04:59:58.607 Z] [INFO] [cadence.virtuoso.ade.simulationMonitor] -               nodes 56 {"history": "Interactive.230", "point": 1, "testname": "TRAN", "cornername": "Nominal"}
[2026-09-01 04:59:58.607 Z] [INFO] [cadence.virtuoso.ade.simulationMonitor] - Notice from spectre during initial setup.
    Parasitics reduction enabled. 
         (Resistors reduced by 0.00%  Capacitors reduced by 0.00%, 0.00% of capacitors are coupled after RC reduction).  {"history": "Interactive.230", "point": 1, "testname": "TRAN", "cornername": "Nominal"}
[2026-09-01 04:59:58.607 Z] [INFO] [cadence.virtuoso.ade.simulationMonitor] - Notice from spectre during initial setup.
    1 vsources are shorted because their absolute value is less than or equal to 'vabsshort'.
    Fast APS enabled. {"history": "Interactive.230", "point": 1, "testname": "TRAN", "cornername": "Nominal"}
[2026-09-01 04:59:58.607 Z] [INFO] [cadence.virtuoso.ade.simulationMonitor] - Peak resident memory used = 189 Mbytes. {"history": "Interactive.230", "point": 1, "testname": "TRAN", "cornername": "Nominal"}
[2026-09-01 04:59:58.607 Z] [INFO] [cadence.virtuoso.ade.simulationMonitor] -    -   (Fast APS) Multi-threading. The recommended number of threads is 1, consider adding +mt=1 on command line. {"history": "Interactive.230", "point": 1, "testname": "TRAN", "cornername": "Nominal"}
[2026-09-01 04:59:58.608 Z] [INFO] [cadence.virtuoso.ade.simulationMonitor] - Total time required for dc analysis `dcOp': CPU = 1.973 ms, elapsed = 5.58114 ms, util. = 35.4%. {"history": "Interactive.230", "point": 1, "testname": "TRAN", "cornername": "Nominal"}
[2026-09-01 04:59:58.608 Z] [INFO] [cadence.virtuoso.ade.simulationMonitor] - Peak resident memory used = 192 Mbytes. {"history": "Interactive.230", "point": 1, "testname": "TRAN", "cornername": "Nominal"}
[2026-09-01 04:59:58.608 Z] [INFO] [cadence.virtuoso.ade.simulationMonitor] - Total time required for tran analysis `tran': CPU = 47.458 ms, elapsed = 50.905 ms, util. = 93.2%. {"history": "Interactive.230", "point": 1, "testname": "TRAN", "cornername": "Nominal"}
[2026-09-01 04:59:58.608 Z] [INFO] [cadence.virtuoso.ade.simulationMonitor] - Peak resident memory used = 196 Mbytes. {"history": "Interactive.230", "point": 1, "testname": "TRAN", "cornername": "Nominal"}
[2026-09-01 04:59:58.608 Z] [INFO] [cadence.virtuoso.ade.simulationMonitor] - Time used: CPU = 233 ms, elapsed = 494 ms, util. = 47.2%. {"history": "Interactive.230", "point": 1, "testname": "TRAN", "cornername": "Nominal"}
[2026-09-01 04:59:58.608 Z] [INFO] [cadence.virtuoso.ade.simulationMonitor] - Time spent in licensing: elapsed = 24.1 ms. {"history": "Interactive.230", "point": 1, "testname": "TRAN", "cornername": "Nominal"}
[2026-09-01 04:59:58.608 Z] [INFO] [cadence.virtuoso.ade.simulationMonitor] - Peak memory used = 196 Mbytes. {"history": "Interactive.230", "point": 1, "testname": "TRAN", "cornername": "Nominal"}
[2026-09-01 04:59:58.608 Z] [PROCESS] [cadence.virtuoso.ade.simulationMonitor] - Simulation started at: 4:59:57 AM, Tue Sep 1, 2026, ended at: 4:59:58 AM, Tue Sep 1, 2026, with elapsed time (wall clock): 494 ms. {"history": "Interactive.230", "point": 1, "testname": "TRAN", "cornername": "Nominal"}
[2026-09-01 04:59:58.608 Z] [PROCESS] [cadence.virtuoso.ade.simulationMonitor] - spectre completes with 0 errors, 4 warnings, and 12 notices. {"history": "Interactive.230", "point": 1, "testname": "TRAN", "cornername": "Nominal"}
[2026-09-01 04:59:58.608 Z] [PROCESS] [cadence.virtuoso.ade.simulationMonitor] - Finished simulating for one point {"hostname": "edatools", "processid": 96911, "history": "Interactive.230", "testname": "TRAN", "cornername": "Nominal", "point": 1, "logfile": "/home/saul/projects/LF_BG/logs_saul/logs5/Job8.log", "simid": "5"}
[2026-09-01 04:59:58.608 Z] [PROCESS] [cadence.virtuoso.ade.simulationMonitor] - Simulator exited {"hostname": "edatools", "processid": 96911, "history": "Interactive.230", "testname": "TRAN", "cornername": "Nominal", "point": 1, "logfile": "/home/saul/projects/LF_BG/logs_saul/logs5/Job8.log", "exitStatus": "0"}
[2026-09-01 04:59:58.608 Z] [PROCESS] [cadence.virtuoso.ade.simulationMonitor] - Finished Simulation {"hostname": "edatools", "processid": 96911, "history": "Interactive.230", "testname": "TRAN", "cornername": "Nominal", "point": 1, "logfile": "/home/saul/projects/LF_BG/logs_saul/logs5/Job8.log", "simid": "5"}
[2026-09-01 05:00:00.615 Z] [PROCESS] [cadence.virtuoso.ade.simulationMonitor] - Point Finished {"hostname": "edatools", "processid": 96911, "history": "Interactive.230", "testname": "TRAN", "cornername": "Nominal", "point": 1, "logfile": "/home/saul/projects/LF_BG/logs_saul/logs5/Job8.log"}
[2026-09-01 05:01:51.283 Z] [PROCESS] [cadence.virtuoso.ade.simulationMonitor] - Started History {"hostname": "edatools", "processid": 96911, "history": "Interactive.231", "testname": "TRAN", "cornername": "Nominal", "point": 1, "logfile": "/home/saul/projects/LF_BG/logs_saul/logs5/Job8.log"}
[2026-09-01 05:01:51.283 Z] [PROCESS] [cadence.virtuoso.ade.simulationMonitor] - HostInfo:
Host name (type):	edatools (x86_64)
Operating system:	Linux 7.0.0-30-generic #30~24.04.1-Ubuntu SMP PREEMPT_DYNAMIC Fri Aug  7 13:27:52 UTC 2 {"hostname": "edatools", "processid": 96911, "history": "Interactive.231", "testname": "TRAN", "cornername": "Nominal", "point": 1, "logfile": "/home/saul/projects/LF_BG/logs_saul/logs5/Job8.log", "nodename": "edatools", "domainname": "(none)", "machine": "x86_64", "sysname": "Linux", "release": "7.0.0-30-generic", "version": "#30~24.04.1-Ubuntu SMP PREEMPT_DYNAMIC Fri Aug  7 13:27:52 UTC 2"}
[2026-09-01 05:01:51.284 Z] [PROCESS] [cadence.virtuoso.ade.simulationMonitor] - UsageInfo:
pid=96911
totalPhysicalMemory=62.541851GB,Used=21.490074GB,totalVirtualMemory=70.541847GB,Used=21.490074GB
Cpu: Cores=16, Load average:0.230000,0.280000,0.330000 {"hostname": "edatools", "processid": 96911, "history": "Interactive.231", "testname": "TRAN", "cornername": "Nominal", "point": 1, "logfile": "/home/saul/projects/LF_BG/logs_saul/logs5/Job8.log", "pid": "96911", "totalPhysicalMemory": "62.541851", "physicalMemoryUsed": "21.490074", "totalVirtualMemory": "70.541847", "virtualMemoryUsed": "21.490074", "cpuCores": "16", "processes": "2004", "loadAverage1": "0.230000", "loadAverage5": "0.280000", "loadAverage15": "0.330000", "loadAverage1Percent": "0.014375"}
[2026-09-01 05:01:51.285 Z] [EVENT] [cadence.virtuoso.ade.simulationMonitor] - NewPoint {"history": "Interactive.231", "point": 1, "testname": "TRAN", "cornername": "Nominal", "event": "NewPoint", "EventSource": "Simulation Monitor", "HistoryName": "Interactive.231", "logFile": "/home/saul/projects/LF_BG/logs_saul/logs5/Job8.log", "logFileSize": "56244"}
[2026-09-01 05:01:51.386 Z] [EVENT] [cadence.virtuoso.ade.simulationMonitor] - NewPoint {"history": "Interactive.231", "point": 1, "testname": "TRAN", "cornername": "Nominal", "event": "NewPoint", "EventSource": "spectre", "HistoryName": "Interactive.231", "logFile": "/home/saul/simulation/REF_GEN/REF_GEN_f_TB/maestro/results/maestro/Interactive.231/1/TRAN/psf/spectre.out", "logFileSize": "-1"}
[2026-09-01 05:01:51.396 Z] [PROCESS] [cadence.virtuoso.ade.simulationMonitor] - Simulator launched {"hostname": "edatools", "processid": 96911, "history": "Interactive.231", "testname": "TRAN", "cornername": "Nominal", "point": 1, "logfile": "/home/saul/projects/LF_BG/logs_saul/logs5/Job8.log", "simid": "6"}
[2026-09-01 05:01:51.398 Z] [PROCESS] [cadence.virtuoso.ade.simulationMonitor] - Expression evaluator launched {"hostname": "edatools", "processid": 96911, "history": "Interactive.231", "testname": "TRAN", "cornername": "Nominal", "point": 1, "logfile": "/home/saul/projects/LF_BG/logs_saul/logs5/Job8.log"}
[2026-09-01 05:01:51.434 Z] [PROCESS] [cadence.virtuoso.ade.simulationMonitor] - Started Simulation {"hostname": "edatools", "processid": 96911, "history": "Interactive.231", "testname": "TRAN", "cornername": "Nominal", "point": 1, "logfile": "/home/saul/projects/LF_BG/logs_saul/logs5/Job8.log", "event": "started", "task": "simulation"}
[2026-09-01 05:01:51.934 Z] [INFO] [cadence.virtuoso.ade.simulationMonitor] - Peak resident memory used = 169 Mbytes. {"history": "Interactive.231", "point": 1, "testname": "TRAN", "cornername": "Nominal"}
[2026-09-01 05:01:54.435 Z] [INFO] [cadence.virtuoso.ade.simulationMonitor] - Notice from spectre during hierarchy flattening.
    Parasitic optimization will filter out parasitic nodes, nodes only connected to RCs, by default. To view individual parasitic nodes use individual save statements (i.e. save out), or use the 'savefilter=none' option to save all parasitic nodes. Saving all parasitic nodes may slow down simulation and create large waveform files. {"history": "Interactive.231", "point": 1, "testname": "TRAN", "cornername": "Nominal"}
[2026-09-01 05:01:54.435 Z] [INFO] [cadence.virtuoso.ade.simulationMonitor] - Peak resident memory used = 195 Mbytes. {"history": "Interactive.231", "point": 1, "testname": "TRAN", "cornername": "Nominal"}
[2026-09-01 05:01:54.435 Z] [INFO] [cadence.virtuoso.ade.simulationMonitor] - Notice from spectre during hierarchy flattening.
    The value 'psf' specified for the 'checklimitdest' option will no longer be supported in future releases. Use 'spectre -h' to see other recommended values for the 'checklimitdest' option. {"history": "Interactive.231", "point": 1, "testname": "TRAN", "cornername": "Nominal"}
[2026-09-01 05:01:54.436 Z] [WARN] [cadence.virtuoso.ade.simulationMonitor] -     WARNING (SPECTRE-16718): inlinesubcktcurrent option is set as `subckt', all the inline subckts will be treated as normal subckts when you access the current of their terminals. {"history": "Interactive.231", "point": 1, "testname": "TRAN", "cornername": "Nominal"}
[2026-09-01 05:01:54.436 Z] [WARN] [cadence.virtuoso.ade.simulationMonitor] -     WARNING (SPECTRE-8527): There are some nodes and instances removed from the netlist topology check. Check the circuit and correct the topology. Or use preserve_inst to keep them if necessary. {"history": "Interactive.231", "point": 1, "testname": "TRAN", "cornername": "Nominal"}
[2026-09-01 05:01:54.436 Z] [WARN] [cadence.virtuoso.ade.simulationMonitor] -     WARNING (SPECTRE-8529): Dangling instance. V9 is removed. {"history": "Interactive.231", "point": 1, "testname": "TRAN", "cornername": "Nominal"}
[2026-09-01 05:01:54.436 Z] [WARN] [cadence.virtuoso.ade.simulationMonitor] -     WARNING (SPECTRE-8530): Dangling node. net9 is removed. {"history": "Interactive.231", "point": 1, "testname": "TRAN", "cornername": "Nominal"}
[2026-09-01 05:01:54.436 Z] [INFO] [cadence.virtuoso.ade.simulationMonitor] - Peak resident memory used = 197 Mbytes. {"history": "Interactive.231", "point": 1, "testname": "TRAN", "cornername": "Nominal"}
[2026-09-01 05:01:54.436 Z] [INFO] [cadence.virtuoso.ade.simulationMonitor] - Notice from spectre during topology check.
    No DC path from node `VbgT' to ground, Gmin installed to provide path.
    No DC path from node `V1000' to ground, Gmin installed to provide path.
    No DC path from node `V550' to ground, Gmin installed to provide path.
    No DC path from node `LVDS' to ground, Gmin installed to provide path.
    No DC path from node `LDO' to ground, Gmin installed to provide path.
        Further occurrences of this notice will be suppressed. {"history": "Interactive.231", "point": 1, "testname": "TRAN", "cornername": "Nominal"}
[2026-09-01 05:01:54.436 Z] [INFO] [cadence.virtuoso.ade.simulationMonitor] - Notice from spectre during initial setup.
    Number of thread was limited to 1 because of small circuit size. {"history": "Interactive.231", "point": 1, "testname": "TRAN", "cornername": "Nominal"}
[2026-09-01 05:01:54.436 Z] [INFO] [cadence.virtuoso.ade.simulationMonitor] -               nodes 56 {"history": "Interactive.231", "point": 1, "testname": "TRAN", "cornername": "Nominal"}
[2026-09-01 05:01:54.436 Z] [INFO] [cadence.virtuoso.ade.simulationMonitor] - Notice from spectre during initial setup.
    Parasitics reduction enabled. 
         (Resistors reduced by 0.00%  Capacitors reduced by 0.00%, 0.00% of capacitors are coupled after RC reduction).  {"history": "Interactive.231", "point": 1, "testname": "TRAN", "cornername": "Nominal"}
[2026-09-01 05:01:54.436 Z] [INFO] [cadence.virtuoso.ade.simulationMonitor] - Notice from spectre during initial setup.
    1 vsources are shorted because their absolute value is less than or equal to 'vabsshort'.
    Fast APS enabled. {"history": "Interactive.231", "point": 1, "testname": "TRAN", "cornername": "Nominal"}
[2026-09-01 05:01:54.436 Z] [INFO] [cadence.virtuoso.ade.simulationMonitor] - Peak resident memory used = 203 Mbytes. {"history": "Interactive.231", "point": 1, "testname": "TRAN", "cornername": "Nominal"}
[2026-09-01 05:01:54.436 Z] [INFO] [cadence.virtuoso.ade.simulationMonitor] -    -   (Fast APS) Multi-threading. The recommended number of threads is 1, consider adding +mt=1 on command line. {"history": "Interactive.231", "point": 1, "testname": "TRAN", "cornername": "Nominal"}
[2026-09-01 05:01:54.436 Z] [INFO] [cadence.virtuoso.ade.simulationMonitor] - Total time required for dc analysis `dcOp': CPU = 3.229 ms, elapsed = 7.34687 ms, util. = 44%. {"history": "Interactive.231", "point": 1, "testname": "TRAN", "cornername": "Nominal"}
[2026-09-01 05:01:54.436 Z] [INFO] [cadence.virtuoso.ade.simulationMonitor] - Peak resident memory used = 203 Mbytes. {"history": "Interactive.231", "point": 1, "testname": "TRAN", "cornername": "Nominal"}
[2026-09-01 05:01:54.937 Z] [INFO] [cadence.virtuoso.ade.simulationMonitor] - Total time required for tran analysis `tran': CPU = 49.475 ms, elapsed = 54.0991 ms, util. = 91.5%. {"history": "Interactive.231", "point": 1, "testname": "TRAN", "cornername": "Nominal"}
[2026-09-01 05:01:54.938 Z] [INFO] [cadence.virtuoso.ade.simulationMonitor] - Peak resident memory used = 203 Mbytes. {"history": "Interactive.231", "point": 1, "testname": "TRAN", "cornername": "Nominal"}
[2026-09-01 05:01:54.939 Z] [INFO] [cadence.virtuoso.ade.simulationMonitor] - Time used: CPU = 307 ms, elapsed = 2.88 s, util. = 10.7%. {"history": "Interactive.231", "point": 1, "testname": "TRAN", "cornername": "Nominal"}
[2026-09-01 05:01:54.939 Z] [INFO] [cadence.virtuoso.ade.simulationMonitor] - Time spent in licensing: elapsed = 27.8 ms. {"history": "Interactive.231", "point": 1, "testname": "TRAN", "cornername": "Nominal"}
[2026-09-01 05:01:54.939 Z] [INFO] [cadence.virtuoso.ade.simulationMonitor] - Peak memory used = 203 Mbytes. {"history": "Interactive.231", "point": 1, "testname": "TRAN", "cornername": "Nominal"}
[2026-09-01 05:01:54.940 Z] [PROCESS] [cadence.virtuoso.ade.simulationMonitor] - Simulation started at: 5:01:51 AM, Tue Sep 1, 2026, ended at: 5:01:54 AM, Tue Sep 1, 2026, with elapsed time (wall clock): 2.88 s. {"history": "Interactive.231", "point": 1, "testname": "TRAN", "cornername": "Nominal"}
[2026-09-01 05:01:54.940 Z] [PROCESS] [cadence.virtuoso.ade.simulationMonitor] - spectre completes with 0 errors, 4 warnings, and 12 notices. {"history": "Interactive.231", "point": 1, "testname": "TRAN", "cornername": "Nominal"}
[2026-09-01 05:01:54.941 Z] [PROCESS] [cadence.virtuoso.ade.simulationMonitor] - Finished simulating for one point {"hostname": "edatools", "processid": 96911, "history": "Interactive.231", "testname": "TRAN", "cornername": "Nominal", "point": 1, "logfile": "/home/saul/projects/LF_BG/logs_saul/logs5/Job8.log", "simid": "6"}
[2026-09-01 05:01:54.941 Z] [PROCESS] [cadence.virtuoso.ade.simulationMonitor] - Simulator exited {"hostname": "edatools", "processid": 96911, "history": "Interactive.231", "testname": "TRAN", "cornername": "Nominal", "point": 1, "logfile": "/home/saul/projects/LF_BG/logs_saul/logs5/Job8.log", "exitStatus": "0"}
[2026-09-01 05:01:54.942 Z] [PROCESS] [cadence.virtuoso.ade.simulationMonitor] - Finished Simulation {"hostname": "edatools", "processid": 96911, "history": "Interactive.231", "testname": "TRAN", "cornername": "Nominal", "point": 1, "logfile": "/home/saul/projects/LF_BG/logs_saul/logs5/Job8.log", "simid": "6"}
[2026-09-01 05:01:55.971 Z] [PROCESS] [cadence.virtuoso.ade.simulationMonitor] - Point Finished {"hostname": "edatools", "processid": 96911, "history": "Interactive.231", "testname": "TRAN", "cornername": "Nominal", "point": 1, "logfile": "/home/saul/projects/LF_BG/logs_saul/logs5/Job8.log"}
[2026-09-01 05:02:28.370 Z] [PROCESS] [cadence.virtuoso.ade.simulationMonitor] - Started History {"hostname": "edatools", "processid": 96911, "history": "Interactive.232", "testname": "TRAN", "cornername": "Nominal", "point": 1, "logfile": "/home/saul/projects/LF_BG/logs_saul/logs5/Job8.log"}
[2026-09-01 05:02:28.371 Z] [PROCESS] [cadence.virtuoso.ade.simulationMonitor] - HostInfo:
Host name (type):	edatools (x86_64)
Operating system:	Linux 7.0.0-30-generic #30~24.04.1-Ubuntu SMP PREEMPT_DYNAMIC Fri Aug  7 13:27:52 UTC 2 {"hostname": "edatools", "processid": 96911, "history": "Interactive.232", "testname": "TRAN", "cornername": "Nominal", "point": 1, "logfile": "/home/saul/projects/LF_BG/logs_saul/logs5/Job8.log", "nodename": "edatools", "domainname": "(none)", "machine": "x86_64", "sysname": "Linux", "release": "7.0.0-30-generic", "version": "#30~24.04.1-Ubuntu SMP PREEMPT_DYNAMIC Fri Aug  7 13:27:52 UTC 2"}
[2026-09-01 05:02:28.372 Z] [PROCESS] [cadence.virtuoso.ade.simulationMonitor] - UsageInfo:
pid=96911
totalPhysicalMemory=62.541851GB,Used=21.534683GB,totalVirtualMemory=70.541847GB,Used=21.534683GB
Cpu: Cores=16, Load average:0.240000,0.270000,0.330000 {"hostname": "edatools", "processid": 96911, "history": "Interactive.232", "testname": "TRAN", "cornername": "Nominal", "point": 1, "logfile": "/home/saul/projects/LF_BG/logs_saul/logs5/Job8.log", "pid": "96911", "totalPhysicalMemory": "62.541851", "physicalMemoryUsed": "21.534683", "totalVirtualMemory": "70.541847", "virtualMemoryUsed": "21.534683", "cpuCores": "16", "processes": "2000", "loadAverage1": "0.240000", "loadAverage5": "0.270000", "loadAverage15": "0.330000", "loadAverage1Percent": "0.015000"}
[2026-09-01 05:02:28.373 Z] [EVENT] [cadence.virtuoso.ade.simulationMonitor] - NewPoint {"history": "Interactive.232", "point": 1, "testname": "TRAN", "cornername": "Nominal", "event": "NewPoint", "EventSource": "Simulation Monitor", "HistoryName": "Interactive.232", "logFile": "/home/saul/projects/LF_BG/logs_saul/logs5/Job8.log", "logFileSize": "68015"}
[2026-09-01 05:02:28.475 Z] [EVENT] [cadence.virtuoso.ade.simulationMonitor] - NewPoint {"history": "Interactive.232", "point": 1, "testname": "TRAN", "cornername": "Nominal", "event": "NewPoint", "EventSource": "spectre", "HistoryName": "Interactive.232", "logFile": "/home/saul/simulation/REF_GEN/REF_GEN_f_TB/maestro/results/maestro/Interactive.232/1/TRAN/psf/spectre.out", "logFileSize": "-1"}
[2026-09-01 05:02:28.494 Z] [PROCESS] [cadence.virtuoso.ade.simulationMonitor] - Simulator launched {"hostname": "edatools", "processid": 96911, "history": "Interactive.232", "testname": "TRAN", "cornername": "Nominal", "point": 1, "logfile": "/home/saul/projects/LF_BG/logs_saul/logs5/Job8.log", "simid": "7"}
[2026-09-01 05:02:28.497 Z] [PROCESS] [cadence.virtuoso.ade.simulationMonitor] - Expression evaluator launched {"hostname": "edatools", "processid": 96911, "history": "Interactive.232", "testname": "TRAN", "cornername": "Nominal", "point": 1, "logfile": "/home/saul/projects/LF_BG/logs_saul/logs5/Job8.log"}
[2026-09-01 05:02:28.526 Z] [PROCESS] [cadence.virtuoso.ade.simulationMonitor] - Started Simulation {"hostname": "edatools", "processid": 96911, "history": "Interactive.232", "testname": "TRAN", "cornername": "Nominal", "point": 1, "logfile": "/home/saul/projects/LF_BG/logs_saul/logs5/Job8.log", "event": "started", "task": "simulation"}
[2026-09-01 05:02:29.027 Z] [INFO] [cadence.virtuoso.ade.simulationMonitor] - Peak resident memory used = 169 Mbytes. {"history": "Interactive.232", "point": 1, "testname": "TRAN", "cornername": "Nominal"}
[2026-09-01 05:02:30.528 Z] [INFO] [cadence.virtuoso.ade.simulationMonitor] - Notice from spectre during hierarchy flattening.
    Parasitic optimization will filter out parasitic nodes, nodes only connected to RCs, by default. To view individual parasitic nodes use individual save statements (i.e. save out), or use the 'savefilter=none' option to save all parasitic nodes. Saving all parasitic nodes may slow down simulation and create large waveform files. {"history": "Interactive.232", "point": 1, "testname": "TRAN", "cornername": "Nominal"}
[2026-09-01 05:02:30.528 Z] [INFO] [cadence.virtuoso.ade.simulationMonitor] - Peak resident memory used = 195 Mbytes. {"history": "Interactive.232", "point": 1, "testname": "TRAN", "cornername": "Nominal"}
[2026-09-01 05:02:30.528 Z] [INFO] [cadence.virtuoso.ade.simulationMonitor] - Notice from spectre during hierarchy flattening.
    The value 'psf' specified for the 'checklimitdest' option will no longer be supported in future releases. Use 'spectre -h' to see other recommended values for the 'checklimitdest' option. {"history": "Interactive.232", "point": 1, "testname": "TRAN", "cornername": "Nominal"}
[2026-09-01 05:02:30.528 Z] [WARN] [cadence.virtuoso.ade.simulationMonitor] -     WARNING (SPECTRE-16718): inlinesubcktcurrent option is set as `subckt', all the inline subckts will be treated as normal subckts when you access the current of their terminals. {"history": "Interactive.232", "point": 1, "testname": "TRAN", "cornername": "Nominal"}
[2026-09-01 05:02:30.528 Z] [WARN] [cadence.virtuoso.ade.simulationMonitor] -     WARNING (SPECTRE-8527): There are some nodes and instances removed from the netlist topology check. Check the circuit and correct the topology. Or use preserve_inst to keep them if necessary. {"history": "Interactive.232", "point": 1, "testname": "TRAN", "cornername": "Nominal"}
[2026-09-01 05:02:30.528 Z] [WARN] [cadence.virtuoso.ade.simulationMonitor] -     WARNING (SPECTRE-8529): Dangling instance. V9 is removed. {"history": "Interactive.232", "point": 1, "testname": "TRAN", "cornername": "Nominal"}
[2026-09-01 05:02:30.528 Z] [WARN] [cadence.virtuoso.ade.simulationMonitor] -     WARNING (SPECTRE-8530): Dangling node. net9 is removed. {"history": "Interactive.232", "point": 1, "testname": "TRAN", "cornername": "Nominal"}
[2026-09-01 05:02:30.528 Z] [INFO] [cadence.virtuoso.ade.simulationMonitor] - Peak resident memory used = 197 Mbytes. {"history": "Interactive.232", "point": 1, "testname": "TRAN", "cornername": "Nominal"}
[2026-09-01 05:02:30.528 Z] [INFO] [cadence.virtuoso.ade.simulationMonitor] - Notice from spectre during topology check.
    No DC path from node `VbgT' to ground, Gmin installed to provide path.
    No DC path from node `V1000' to ground, Gmin installed to provide path.
    No DC path from node `V550' to ground, Gmin installed to provide path.
    No DC path from node `LVDS' to ground, Gmin installed to provide path.
    No DC path from node `LDO' to ground, Gmin installed to provide path.
        Further occurrences of this notice will be suppressed. {"history": "Interactive.232", "point": 1, "testname": "TRAN", "cornername": "Nominal"}
[2026-09-01 05:02:30.528 Z] [INFO] [cadence.virtuoso.ade.simulationMonitor] - Notice from spectre during initial setup.
    Number of thread was limited to 1 because of small circuit size. {"history": "Interactive.232", "point": 1, "testname": "TRAN", "cornername": "Nominal"}
[2026-09-01 05:02:30.528 Z] [INFO] [cadence.virtuoso.ade.simulationMonitor] -               nodes 56 {"history": "Interactive.232", "point": 1, "testname": "TRAN", "cornername": "Nominal"}
[2026-09-01 05:02:30.529 Z] [INFO] [cadence.virtuoso.ade.simulationMonitor] - Notice from spectre during initial setup.
    Parasitics reduction enabled. 
         (Resistors reduced by 0.00%  Capacitors reduced by 0.00%, 0.00% of capacitors are coupled after RC reduction).  {"history": "Interactive.232", "point": 1, "testname": "TRAN", "cornername": "Nominal"}
[2026-09-01 05:02:30.529 Z] [INFO] [cadence.virtuoso.ade.simulationMonitor] - Notice from spectre during initial setup.
    1 vsources are shorted because their absolute value is less than or equal to 'vabsshort'.
    Fast APS enabled. {"history": "Interactive.232", "point": 1, "testname": "TRAN", "cornername": "Nominal"}
[2026-09-01 05:02:30.529 Z] [INFO] [cadence.virtuoso.ade.simulationMonitor] - Peak resident memory used = 203 Mbytes. {"history": "Interactive.232", "point": 1, "testname": "TRAN", "cornername": "Nominal"}
[2026-09-01 05:02:30.529 Z] [INFO] [cadence.virtuoso.ade.simulationMonitor] -    -   (Fast APS) Multi-threading. The recommended number of threads is 1, consider adding +mt=1 on command line. {"history": "Interactive.232", "point": 1, "testname": "TRAN", "cornername": "Nominal"}
[2026-09-01 05:02:30.529 Z] [INFO] [cadence.virtuoso.ade.simulationMonitor] - Total time required for dc analysis `dcOp': CPU = 1.959 ms, elapsed = 5.63097 ms, util. = 34.8%. {"history": "Interactive.232", "point": 1, "testname": "TRAN", "cornername": "Nominal"}
[2026-09-01 05:02:30.529 Z] [INFO] [cadence.virtuoso.ade.simulationMonitor] - Peak resident memory used = 203 Mbytes. {"history": "Interactive.232", "point": 1, "testname": "TRAN", "cornername": "Nominal"}
[2026-09-01 05:02:30.529 Z] [INFO] [cadence.virtuoso.ade.simulationMonitor] - Total time required for tran analysis `tran': CPU = 43.543 ms, elapsed = 47.7481 ms, util. = 91.2%. {"history": "Interactive.232", "point": 1, "testname": "TRAN", "cornername": "Nominal"}
[2026-09-01 05:02:30.529 Z] [INFO] [cadence.virtuoso.ade.simulationMonitor] - Peak resident memory used = 203 Mbytes. {"history": "Interactive.232", "point": 1, "testname": "TRAN", "cornername": "Nominal"}
[2026-09-01 05:02:30.529 Z] [INFO] [cadence.virtuoso.ade.simulationMonitor] - Time used: CPU = 280 ms, elapsed = 1.48 s, util. = 18.9%. {"history": "Interactive.232", "point": 1, "testname": "TRAN", "cornername": "Nominal"}
[2026-09-01 05:02:30.529 Z] [INFO] [cadence.virtuoso.ade.simulationMonitor] - Time spent in licensing: elapsed = 26.9 ms. {"history": "Interactive.232", "point": 1, "testname": "TRAN", "cornername": "Nominal"}
[2026-09-01 05:02:30.529 Z] [INFO] [cadence.virtuoso.ade.simulationMonitor] - Peak memory used = 203 Mbytes. {"history": "Interactive.232", "point": 1, "testname": "TRAN", "cornername": "Nominal"}
[2026-09-01 05:02:30.529 Z] [PROCESS] [cadence.virtuoso.ade.simulationMonitor] - Simulation started at: 5:02:28 AM, Tue Sep 1, 2026, ended at: 5:02:30 AM, Tue Sep 1, 2026, with elapsed time (wall clock): 1.48 s. {"history": "Interactive.232", "point": 1, "testname": "TRAN", "cornername": "Nominal"}
[2026-09-01 05:02:30.529 Z] [PROCESS] [cadence.virtuoso.ade.simulationMonitor] - spectre completes with 0 errors, 4 warnings, and 12 notices. {"history": "Interactive.232", "point": 1, "testname": "TRAN", "cornername": "Nominal"}
[2026-09-01 05:02:30.529 Z] [PROCESS] [cadence.virtuoso.ade.simulationMonitor] - Finished simulating for one point {"hostname": "edatools", "processid": 96911, "history": "Interactive.232", "testname": "TRAN", "cornername": "Nominal", "point": 1, "logfile": "/home/saul/projects/LF_BG/logs_saul/logs5/Job8.log", "simid": "7"}
[2026-09-01 05:02:30.529 Z] [PROCESS] [cadence.virtuoso.ade.simulationMonitor] - Simulator exited {"hostname": "edatools", "processid": 96911, "history": "Interactive.232", "testname": "TRAN", "cornername": "Nominal", "point": 1, "logfile": "/home/saul/projects/LF_BG/logs_saul/logs5/Job8.log", "exitStatus": "0"}
[2026-09-01 05:02:30.529 Z] [PROCESS] [cadence.virtuoso.ade.simulationMonitor] - Finished Simulation {"hostname": "edatools", "processid": 96911, "history": "Interactive.232", "testname": "TRAN", "cornername": "Nominal", "point": 1, "logfile": "/home/saul/projects/LF_BG/logs_saul/logs5/Job8.log", "simid": "7"}
[2026-09-01 05:02:31.536 Z] [PROCESS] [cadence.virtuoso.ade.simulationMonitor] - Point Finished {"hostname": "edatools", "processid": 96911, "history": "Interactive.232", "testname": "TRAN", "cornername": "Nominal", "point": 1, "logfile": "/home/saul/projects/LF_BG/logs_saul/logs5/Job8.log"}
[2026-09-01 05:02:42.659 Z] [PROCESS] [cadence.virtuoso.ade.simulationMonitor] - Started History {"hostname": "edatools", "processid": 96911, "history": "Interactive.233", "testname": "TRAN", "cornername": "Nominal", "point": 1, "logfile": "/home/saul/projects/LF_BG/logs_saul/logs5/Job8.log"}
[2026-09-01 05:02:42.660 Z] [PROCESS] [cadence.virtuoso.ade.simulationMonitor] - HostInfo:
Host name (type):	edatools (x86_64)
Operating system:	Linux 7.0.0-30-generic #30~24.04.1-Ubuntu SMP PREEMPT_DYNAMIC Fri Aug  7 13:27:52 UTC 2 {"hostname": "edatools", "processid": 96911, "history": "Interactive.233", "testname": "TRAN", "cornername": "Nominal", "point": 1, "logfile": "/home/saul/projects/LF_BG/logs_saul/logs5/Job8.log", "nodename": "edatools", "domainname": "(none)", "machine": "x86_64", "sysname": "Linux", "release": "7.0.0-30-generic", "version": "#30~24.04.1-Ubuntu SMP PREEMPT_DYNAMIC Fri Aug  7 13:27:52 UTC 2"}
[2026-09-01 05:02:42.661 Z] [PROCESS] [cadence.virtuoso.ade.simulationMonitor] - UsageInfo:
pid=96911
totalPhysicalMemory=62.541851GB,Used=21.540451GB,totalVirtualMemory=70.541847GB,Used=21.540451GB
Cpu: Cores=16, Load average:0.340000,0.290000,0.340000 {"hostname": "edatools", "processid": 96911, "history": "Interactive.233", "testname": "TRAN", "cornername": "Nominal", "point": 1, "logfile": "/home/saul/projects/LF_BG/logs_saul/logs5/Job8.log", "pid": "96911", "totalPhysicalMemory": "62.541851", "physicalMemoryUsed": "21.540451", "totalVirtualMemory": "70.541847", "virtualMemoryUsed": "21.540451", "cpuCores": "16", "processes": "2004", "loadAverage1": "0.340000", "loadAverage5": "0.290000", "loadAverage15": "0.340000", "loadAverage1Percent": "0.021250"}
[2026-09-01 05:02:42.661 Z] [EVENT] [cadence.virtuoso.ade.simulationMonitor] - NewPoint {"history": "Interactive.233", "point": 1, "testname": "TRAN", "cornername": "Nominal", "event": "NewPoint", "EventSource": "Simulation Monitor", "HistoryName": "Interactive.233", "logFile": "/home/saul/projects/LF_BG/logs_saul/logs5/Job8.log", "logFileSize": "79788"}
[2026-09-01 05:02:42.763 Z] [EVENT] [cadence.virtuoso.ade.simulationMonitor] - NewPoint {"history": "Interactive.233", "point": 1, "testname": "TRAN", "cornername": "Nominal", "event": "NewPoint", "EventSource": "spectre", "HistoryName": "Interactive.233", "logFile": "/home/saul/simulation/REF_GEN/REF_GEN_f_TB/maestro/results/maestro/Interactive.233/1/TRAN/psf/spectre.out", "logFileSize": "-1"}
[2026-09-01 05:02:42.780 Z] [PROCESS] [cadence.virtuoso.ade.simulationMonitor] - Simulator launched {"hostname": "edatools", "processid": 96911, "history": "Interactive.233", "testname": "TRAN", "cornername": "Nominal", "point": 1, "logfile": "/home/saul/projects/LF_BG/logs_saul/logs5/Job8.log", "simid": "8"}
[2026-09-01 05:02:42.783 Z] [PROCESS] [cadence.virtuoso.ade.simulationMonitor] - Expression evaluator launched {"hostname": "edatools", "processid": 96911, "history": "Interactive.233", "testname": "TRAN", "cornername": "Nominal", "point": 1, "logfile": "/home/saul/projects/LF_BG/logs_saul/logs5/Job8.log"}
[2026-09-01 05:02:42.813 Z] [PROCESS] [cadence.virtuoso.ade.simulationMonitor] - Started Simulation {"hostname": "edatools", "processid": 96911, "history": "Interactive.233", "testname": "TRAN", "cornername": "Nominal", "point": 1, "logfile": "/home/saul/projects/LF_BG/logs_saul/logs5/Job8.log", "event": "started", "task": "simulation"}
[2026-09-01 05:02:43.314 Z] [INFO] [cadence.virtuoso.ade.simulationMonitor] - Peak resident memory used = 169 Mbytes. {"history": "Interactive.233", "point": 1, "testname": "TRAN", "cornername": "Nominal"}
[2026-09-01 05:02:43.814 Z] [INFO] [cadence.virtuoso.ade.simulationMonitor] - Notice from spectre during hierarchy flattening.
    Parasitic optimization will filter out parasitic nodes, nodes only connected to RCs, by default. To view individual parasitic nodes use individual save statements (i.e. save out), or use the 'savefilter=none' option to save all parasitic nodes. Saving all parasitic nodes may slow down simulation and create large waveform files. {"history": "Interactive.233", "point": 1, "testname": "TRAN", "cornername": "Nominal"}
[2026-09-01 05:02:43.815 Z] [INFO] [cadence.virtuoso.ade.simulationMonitor] - Peak resident memory used = 179 Mbytes. {"history": "Interactive.233", "point": 1, "testname": "TRAN", "cornername": "Nominal"}
[2026-09-01 05:02:43.815 Z] [INFO] [cadence.virtuoso.ade.simulationMonitor] - Notice from spectre during hierarchy flattening.
    The value 'psf' specified for the 'checklimitdest' option will no longer be supported in future releases. Use 'spectre -h' to see other recommended values for the 'checklimitdest' option. {"history": "Interactive.233", "point": 1, "testname": "TRAN", "cornername": "Nominal"}
[2026-09-01 05:02:43.815 Z] [WARN] [cadence.virtuoso.ade.simulationMonitor] -     WARNING (SPECTRE-16718): inlinesubcktcurrent option is set as `subckt', all the inline subckts will be treated as normal subckts when you access the current of their terminals. {"history": "Interactive.233", "point": 1, "testname": "TRAN", "cornername": "Nominal"}
[2026-09-01 05:02:43.815 Z] [WARN] [cadence.virtuoso.ade.simulationMonitor] -     WARNING (SPECTRE-8527): There are some nodes and instances removed from the netlist topology check. Check the circuit and correct the topology. Or use preserve_inst to keep them if necessary. {"history": "Interactive.233", "point": 1, "testname": "TRAN", "cornername": "Nominal"}
[2026-09-01 05:02:43.815 Z] [WARN] [cadence.virtuoso.ade.simulationMonitor] -     WARNING (SPECTRE-8529): Dangling instance. V9 is removed. {"history": "Interactive.233", "point": 1, "testname": "TRAN", "cornername": "Nominal"}
[2026-09-01 05:02:43.815 Z] [WARN] [cadence.virtuoso.ade.simulationMonitor] -     WARNING (SPECTRE-8530): Dangling node. net9 is removed. {"history": "Interactive.233", "point": 1, "testname": "TRAN", "cornername": "Nominal"}
[2026-09-01 05:02:43.816 Z] [INFO] [cadence.virtuoso.ade.simulationMonitor] - Peak resident memory used = 181 Mbytes. {"history": "Interactive.233", "point": 1, "testname": "TRAN", "cornername": "Nominal"}
[2026-09-01 05:02:43.816 Z] [INFO] [cadence.virtuoso.ade.simulationMonitor] - Notice from spectre during topology check.
    No DC path from node `VbgT' to ground, Gmin installed to provide path.
    No DC path from node `V1000' to ground, Gmin installed to provide path.
    No DC path from node `V550' to ground, Gmin installed to provide path.
    No DC path from node `LVDS' to ground, Gmin installed to provide path.
    No DC path from node `LDO' to ground, Gmin installed to provide path.
        Further occurrences of this notice will be suppressed. {"history": "Interactive.233", "point": 1, "testname": "TRAN", "cornername": "Nominal"}
[2026-09-01 05:02:43.816 Z] [INFO] [cadence.virtuoso.ade.simulationMonitor] - Notice from spectre during initial setup.
    Number of thread was limited to 1 because of small circuit size. {"history": "Interactive.233", "point": 1, "testname": "TRAN", "cornername": "Nominal"}
[2026-09-01 05:02:43.816 Z] [INFO] [cadence.virtuoso.ade.simulationMonitor] -               nodes 56 {"history": "Interactive.233", "point": 1, "testname": "TRAN", "cornername": "Nominal"}
[2026-09-01 05:02:43.816 Z] [INFO] [cadence.virtuoso.ade.simulationMonitor] - Notice from spectre during initial setup.
    Parasitics reduction enabled. 
         (Resistors reduced by 0.00%  Capacitors reduced by 0.00%, 0.00% of capacitors are coupled after RC reduction).  {"history": "Interactive.233", "point": 1, "testname": "TRAN", "cornername": "Nominal"}
[2026-09-01 05:02:43.816 Z] [INFO] [cadence.virtuoso.ade.simulationMonitor] - Notice from spectre during initial setup.
    1 vsources are shorted because their absolute value is less than or equal to 'vabsshort'.
    Fast APS enabled. {"history": "Interactive.233", "point": 1, "testname": "TRAN", "cornername": "Nominal"}
[2026-09-01 05:02:43.816 Z] [INFO] [cadence.virtuoso.ade.simulationMonitor] - Peak resident memory used = 189 Mbytes. {"history": "Interactive.233", "point": 1, "testname": "TRAN", "cornername": "Nominal"}
[2026-09-01 05:02:43.816 Z] [INFO] [cadence.virtuoso.ade.simulationMonitor] -    -   (Fast APS) Multi-threading. The recommended number of threads is 1, consider adding +mt=1 on command line. {"history": "Interactive.233", "point": 1, "testname": "TRAN", "cornername": "Nominal"}
[2026-09-01 05:02:43.817 Z] [INFO] [cadence.virtuoso.ade.simulationMonitor] - Total time required for dc analysis `dcOp': CPU = 2.373 ms, elapsed = 5.71609 ms, util. = 41.5%. {"history": "Interactive.233", "point": 1, "testname": "TRAN", "cornername": "Nominal"}
[2026-09-01 05:02:43.817 Z] [INFO] [cadence.virtuoso.ade.simulationMonitor] - Peak resident memory used = 192 Mbytes. {"history": "Interactive.233", "point": 1, "testname": "TRAN", "cornername": "Nominal"}
[2026-09-01 05:02:43.817 Z] [INFO] [cadence.virtuoso.ade.simulationMonitor] - Total time required for tran analysis `tran': CPU = 45.331 ms, elapsed = 48.964 ms, util. = 92.6%. {"history": "Interactive.233", "point": 1, "testname": "TRAN", "cornername": "Nominal"}
[2026-09-01 05:02:43.817 Z] [INFO] [cadence.virtuoso.ade.simulationMonitor] - Peak resident memory used = 196 Mbytes. {"history": "Interactive.233", "point": 1, "testname": "TRAN", "cornername": "Nominal"}
[2026-09-01 05:02:43.817 Z] [INFO] [cadence.virtuoso.ade.simulationMonitor] - Time used: CPU = 219 ms, elapsed = 436 ms, util. = 50.4%. {"history": "Interactive.233", "point": 1, "testname": "TRAN", "cornername": "Nominal"}
[2026-09-01 05:02:43.817 Z] [INFO] [cadence.virtuoso.ade.simulationMonitor] - Time spent in licensing: elapsed = 27.9 ms, percentage of total = 6.4%. {"history": "Interactive.233", "point": 1, "testname": "TRAN", "cornername": "Nominal"}
[2026-09-01 05:02:43.817 Z] [INFO] [cadence.virtuoso.ade.simulationMonitor] - Peak memory used = 196 Mbytes. {"history": "Interactive.233", "point": 1, "testname": "TRAN", "cornername": "Nominal"}
[2026-09-01 05:02:43.817 Z] [PROCESS] [cadence.virtuoso.ade.simulationMonitor] - Simulation started at: 5:02:42 AM, Tue Sep 1, 2026, ended at: 5:02:43 AM, Tue Sep 1, 2026, with elapsed time (wall clock): 436 ms. {"history": "Interactive.233", "point": 1, "testname": "TRAN", "cornername": "Nominal"}
[2026-09-01 05:02:43.818 Z] [PROCESS] [cadence.virtuoso.ade.simulationMonitor] - spectre completes with 0 errors, 4 warnings, and 12 notices. {"history": "Interactive.233", "point": 1, "testname": "TRAN", "cornername": "Nominal"}
[2026-09-01 05:02:43.818 Z] [PROCESS] [cadence.virtuoso.ade.simulationMonitor] - Finished simulating for one point {"hostname": "edatools", "processid": 96911, "history": "Interactive.233", "testname": "TRAN", "cornername": "Nominal", "point": 1, "logfile": "/home/saul/projects/LF_BG/logs_saul/logs5/Job8.log", "simid": "8"}
[2026-09-01 05:02:43.818 Z] [PROCESS] [cadence.virtuoso.ade.simulationMonitor] - Simulator exited {"hostname": "edatools", "processid": 96911, "history": "Interactive.233", "testname": "TRAN", "cornername": "Nominal", "point": 1, "logfile": "/home/saul/projects/LF_BG/logs_saul/logs5/Job8.log", "exitStatus": "0"}
[2026-09-01 05:02:43.818 Z] [PROCESS] [cadence.virtuoso.ade.simulationMonitor] - Finished Simulation {"hostname": "edatools", "processid": 96911, "history": "Interactive.233", "testname": "TRAN", "cornername": "Nominal", "point": 1, "logfile": "/home/saul/projects/LF_BG/logs_saul/logs5/Job8.log", "simid": "8"}
[2026-09-01 05:02:45.825 Z] [PROCESS] [cadence.virtuoso.ade.simulationMonitor] - Point Finished {"hostname": "edatools", "processid": 96911, "history": "Interactive.233", "testname": "TRAN", "cornername": "Nominal", "point": 1, "logfile": "/home/saul/projects/LF_BG/logs_saul/logs5/Job8.log"}
[2026-09-01 05:03:13.418 Z] [PROCESS] [cadence.virtuoso.ade.simulationMonitor] - Started History {"hostname": "edatools", "processid": 96911, "history": "Interactive.234", "testname": "TRAN", "cornername": "Nominal", "point": 1, "logfile": "/home/saul/projects/LF_BG/logs_saul/logs5/Job8.log"}
[2026-09-01 05:03:13.420 Z] [PROCESS] [cadence.virtuoso.ade.simulationMonitor] - HostInfo:
Host name (type):	edatools (x86_64)
Operating system:	Linux 7.0.0-30-generic #30~24.04.1-Ubuntu SMP PREEMPT_DYNAMIC Fri Aug  7 13:27:52 UTC 2 {"hostname": "edatools", "processid": 96911, "history": "Interactive.234", "testname": "TRAN", "cornername": "Nominal", "point": 1, "logfile": "/home/saul/projects/LF_BG/logs_saul/logs5/Job8.log", "nodename": "edatools", "domainname": "(none)", "machine": "x86_64", "sysname": "Linux", "release": "7.0.0-30-generic", "version": "#30~24.04.1-Ubuntu SMP PREEMPT_DYNAMIC Fri Aug  7 13:27:52 UTC 2"}
[2026-09-01 05:03:13.420 Z] [PROCESS] [cadence.virtuoso.ade.simulationMonitor] - UsageInfo:
pid=96911
totalPhysicalMemory=62.541851GB,Used=21.514694GB,totalVirtualMemory=70.541847GB,Used=21.514694GB
Cpu: Cores=16, Load average:0.410000,0.310000,0.340000 {"hostname": "edatools", "processid": 96911, "history": "Interactive.234", "testname": "TRAN", "cornername": "Nominal", "point": 1, "logfile": "/home/saul/projects/LF_BG/logs_saul/logs5/Job8.log", "pid": "96911", "totalPhysicalMemory": "62.541851", "physicalMemoryUsed": "21.514694", "totalVirtualMemory": "70.541847", "virtualMemoryUsed": "21.514694", "cpuCores": "16", "processes": "1995", "loadAverage1": "0.410000", "loadAverage5": "0.310000", "loadAverage15": "0.340000", "loadAverage1Percent": "0.025625"}
[2026-09-01 05:03:13.421 Z] [EVENT] [cadence.virtuoso.ade.simulationMonitor] - NewPoint {"history": "Interactive.234", "point": 1, "testname": "TRAN", "cornername": "Nominal", "event": "NewPoint", "EventSource": "Simulation Monitor", "HistoryName": "Interactive.234", "logFile": "/home/saul/projects/LF_BG/logs_saul/logs5/Job8.log", "logFileSize": "91588"}
[2026-09-01 05:03:13.523 Z] [EVENT] [cadence.virtuoso.ade.simulationMonitor] - NewPoint {"history": "Interactive.234", "point": 1, "testname": "TRAN", "cornername": "Nominal", "event": "NewPoint", "EventSource": "spectre", "HistoryName": "Interactive.234", "logFile": "/home/saul/simulation/REF_GEN/REF_GEN_f_TB/maestro/results/maestro/Interactive.234/1/TRAN/psf/spectre.out", "logFileSize": "-1"}
[2026-09-01 05:03:13.528 Z] [PROCESS] [cadence.virtuoso.ade.simulationMonitor] - Simulator launched {"hostname": "edatools", "processid": 96911, "history": "Interactive.234", "testname": "TRAN", "cornername": "Nominal", "point": 1, "logfile": "/home/saul/projects/LF_BG/logs_saul/logs5/Job8.log", "simid": "9"}
[2026-09-01 05:03:13.529 Z] [PROCESS] [cadence.virtuoso.ade.simulationMonitor] - Expression evaluator launched {"hostname": "edatools", "processid": 96911, "history": "Interactive.234", "testname": "TRAN", "cornername": "Nominal", "point": 1, "logfile": "/home/saul/projects/LF_BG/logs_saul/logs5/Job8.log"}
[2026-09-01 05:03:13.549 Z] [PROCESS] [cadence.virtuoso.ade.simulationMonitor] - Started Simulation {"hostname": "edatools", "processid": 96911, "history": "Interactive.234", "testname": "TRAN", "cornername": "Nominal", "point": 1, "logfile": "/home/saul/projects/LF_BG/logs_saul/logs5/Job8.log", "event": "started", "task": "simulation"}
[2026-09-01 05:03:14.050 Z] [INFO] [cadence.virtuoso.ade.simulationMonitor] - Peak resident memory used = 169 Mbytes. {"history": "Interactive.234", "point": 1, "testname": "TRAN", "cornername": "Nominal"}
[2026-09-01 05:03:14.551 Z] [INFO] [cadence.virtuoso.ade.simulationMonitor] - Notice from spectre during hierarchy flattening.
    Parasitic optimization will filter out parasitic nodes, nodes only connected to RCs, by default. To view individual parasitic nodes use individual save statements (i.e. save out), or use the 'savefilter=none' option to save all parasitic nodes. Saving all parasitic nodes may slow down simulation and create large waveform files. {"history": "Interactive.234", "point": 1, "testname": "TRAN", "cornername": "Nominal"}
[2026-09-01 05:03:14.552 Z] [INFO] [cadence.virtuoso.ade.simulationMonitor] - Peak resident memory used = 179 Mbytes. {"history": "Interactive.234", "point": 1, "testname": "TRAN", "cornername": "Nominal"}
[2026-09-01 05:03:14.552 Z] [INFO] [cadence.virtuoso.ade.simulationMonitor] - Notice from spectre during hierarchy flattening.
    The value 'psf' specified for the 'checklimitdest' option will no longer be supported in future releases. Use 'spectre -h' to see other recommended values for the 'checklimitdest' option. {"history": "Interactive.234", "point": 1, "testname": "TRAN", "cornername": "Nominal"}
[2026-09-01 05:03:14.553 Z] [WARN] [cadence.virtuoso.ade.simulationMonitor] -     WARNING (SPECTRE-16718): inlinesubcktcurrent option is set as `subckt', all the inline subckts will be treated as normal subckts when you access the current of their terminals. {"history": "Interactive.234", "point": 1, "testname": "TRAN", "cornername": "Nominal"}
[2026-09-01 05:03:14.553 Z] [WARN] [cadence.virtuoso.ade.simulationMonitor] -     WARNING (SPECTRE-8527): There are some nodes and instances removed from the netlist topology check. Check the circuit and correct the topology. Or use preserve_inst to keep them if necessary. {"history": "Interactive.234", "point": 1, "testname": "TRAN", "cornername": "Nominal"}
[2026-09-01 05:03:14.553 Z] [WARN] [cadence.virtuoso.ade.simulationMonitor] -     WARNING (SPECTRE-8529): Dangling instance. V9 is removed. {"history": "Interactive.234", "point": 1, "testname": "TRAN", "cornername": "Nominal"}
[2026-09-01 05:03:14.554 Z] [WARN] [cadence.virtuoso.ade.simulationMonitor] -     WARNING (SPECTRE-8530): Dangling node. net9 is removed. {"history": "Interactive.234", "point": 1, "testname": "TRAN", "cornername": "Nominal"}
[2026-09-01 05:03:14.554 Z] [INFO] [cadence.virtuoso.ade.simulationMonitor] - Peak resident memory used = 181 Mbytes. {"history": "Interactive.234", "point": 1, "testname": "TRAN", "cornername": "Nominal"}
[2026-09-01 05:03:14.554 Z] [INFO] [cadence.virtuoso.ade.simulationMonitor] - Notice from spectre during topology check.
    No DC path from node `VbgT' to ground, Gmin installed to provide path.
    No DC path from node `V1000' to ground, Gmin installed to provide path.
    No DC path from node `V550' to ground, Gmin installed to provide path.
    No DC path from node `LVDS' to ground, Gmin installed to provide path.
    No DC path from node `LDO' to ground, Gmin installed to provide path.
        Further occurrences of this notice will be suppressed. {"history": "Interactive.234", "point": 1, "testname": "TRAN", "cornername": "Nominal"}
[2026-09-01 05:03:14.555 Z] [INFO] [cadence.virtuoso.ade.simulationMonitor] - Notice from spectre during initial setup.
    Number of thread was limited to 1 because of small circuit size. {"history": "Interactive.234", "point": 1, "testname": "TRAN", "cornername": "Nominal"}
[2026-09-01 05:03:14.555 Z] [INFO] [cadence.virtuoso.ade.simulationMonitor] -               nodes 56 {"history": "Interactive.234", "point": 1, "testname": "TRAN", "cornername": "Nominal"}
[2026-09-01 05:03:14.555 Z] [INFO] [cadence.virtuoso.ade.simulationMonitor] - Notice from spectre during initial setup.
    Parasitics reduction enabled. 
         (Resistors reduced by 0.00%  Capacitors reduced by 0.00%, 0.00% of capacitors are coupled after RC reduction).  {"history": "Interactive.234", "point": 1, "testname": "TRAN", "cornername": "Nominal"}
[2026-09-01 05:03:14.555 Z] [INFO] [cadence.virtuoso.ade.simulationMonitor] - Notice from spectre during initial setup.
    1 vsources are shorted because their absolute value is less than or equal to 'vabsshort'.
    Fast APS enabled. {"history": "Interactive.234", "point": 1, "testname": "TRAN", "cornername": "Nominal"}
[2026-09-01 05:03:14.556 Z] [INFO] [cadence.virtuoso.ade.simulationMonitor] - Peak resident memory used = 189 Mbytes. {"history": "Interactive.234", "point": 1, "testname": "TRAN", "cornername": "Nominal"}
[2026-09-01 05:03:14.556 Z] [INFO] [cadence.virtuoso.ade.simulationMonitor] -    -   (Fast APS) Multi-threading. The recommended number of threads is 1, consider adding +mt=1 on command line. {"history": "Interactive.234", "point": 1, "testname": "TRAN", "cornername": "Nominal"}
[2026-09-01 05:03:14.556 Z] [INFO] [cadence.virtuoso.ade.simulationMonitor] - Total time required for dc analysis `dcOp': CPU = 1.684 ms, elapsed = 5.58615 ms, util. = 30.1%. {"history": "Interactive.234", "point": 1, "testname": "TRAN", "cornername": "Nominal"}
[2026-09-01 05:03:14.556 Z] [INFO] [cadence.virtuoso.ade.simulationMonitor] - Peak resident memory used = 192 Mbytes. {"history": "Interactive.234", "point": 1, "testname": "TRAN", "cornername": "Nominal"}
[2026-09-01 05:03:14.556 Z] [INFO] [cadence.virtuoso.ade.simulationMonitor] - Total time required for tran analysis `tran': CPU = 53.043 ms, elapsed = 57.466 ms, util. = 92.3%. {"history": "Interactive.234", "point": 1, "testname": "TRAN", "cornername": "Nominal"}
[2026-09-01 05:03:14.556 Z] [INFO] [cadence.virtuoso.ade.simulationMonitor] - Peak resident memory used = 196 Mbytes. {"history": "Interactive.234", "point": 1, "testname": "TRAN", "cornername": "Nominal"}
[2026-09-01 05:03:14.556 Z] [INFO] [cadence.virtuoso.ade.simulationMonitor] - Time used: CPU = 236 ms, elapsed = 488 ms, util. = 48.3%. {"history": "Interactive.234", "point": 1, "testname": "TRAN", "cornername": "Nominal"}
[2026-09-01 05:03:14.556 Z] [INFO] [cadence.virtuoso.ade.simulationMonitor] - Time spent in licensing: elapsed = 25 ms, percentage of total = 5.12%. {"history": "Interactive.234", "point": 1, "testname": "TRAN", "cornername": "Nominal"}
[2026-09-01 05:03:14.556 Z] [INFO] [cadence.virtuoso.ade.simulationMonitor] - Peak memory used = 196 Mbytes. {"history": "Interactive.234", "point": 1, "testname": "TRAN", "cornername": "Nominal"}
[2026-09-01 05:03:14.556 Z] [PROCESS] [cadence.virtuoso.ade.simulationMonitor] - Simulation started at: 5:03:13 AM, Tue Sep 1, 2026, ended at: 5:03:14 AM, Tue Sep 1, 2026, with elapsed time (wall clock): 488 ms. {"history": "Interactive.234", "point": 1, "testname": "TRAN", "cornername": "Nominal"}
[2026-09-01 05:03:14.556 Z] [PROCESS] [cadence.virtuoso.ade.simulationMonitor] - spectre completes with 0 errors, 4 warnings, and 12 notices. {"history": "Interactive.234", "point": 1, "testname": "TRAN", "cornername": "Nominal"}
[2026-09-01 05:03:14.556 Z] [PROCESS] [cadence.virtuoso.ade.simulationMonitor] - Finished simulating for one point {"hostname": "edatools", "processid": 96911, "history": "Interactive.234", "testname": "TRAN", "cornername": "Nominal", "point": 1, "logfile": "/home/saul/projects/LF_BG/logs_saul/logs5/Job8.log", "simid": "9"}
[2026-09-01 05:03:14.556 Z] [PROCESS] [cadence.virtuoso.ade.simulationMonitor] - Simulator exited {"hostname": "edatools", "processid": 96911, "history": "Interactive.234", "testname": "TRAN", "cornername": "Nominal", "point": 1, "logfile": "/home/saul/projects/LF_BG/logs_saul/logs5/Job8.log", "exitStatus": "0"}
[2026-09-01 05:03:14.556 Z] [PROCESS] [cadence.virtuoso.ade.simulationMonitor] - Finished Simulation {"hostname": "edatools", "processid": 96911, "history": "Interactive.234", "testname": "TRAN", "cornername": "Nominal", "point": 1, "logfile": "/home/saul/projects/LF_BG/logs_saul/logs5/Job8.log", "simid": "9"}
[2026-09-01 05:03:16.564 Z] [PROCESS] [cadence.virtuoso.ade.simulationMonitor] - Point Finished {"hostname": "edatools", "processid": 96911, "history": "Interactive.234", "testname": "TRAN", "cornername": "Nominal", "point": 1, "logfile": "/home/saul/projects/LF_BG/logs_saul/logs5/Job8.log"}
[2026-09-01 05:08:17.706 Z] [PROCESS] [cadence.virtuoso.ade.simulationMonitor] - Current memory used: 52.9531 MBytes, peak memory used: 52.9531 MBytes {"hostname": "edatools", "processid": 96911, "history": "Interactive.234", "testname": "TRAN", "cornername": "Nominal", "point": 1, "logfile": "/home/saul/projects/LF_BG/logs_saul/logs5/Job8.log"}
[2026-09-01 05:08:17.707 Z] [PROCESS] [cadence.virtuoso.ade.simulationMonitor] - Simulation Monitor process exit. {"hostname": "edatools", "processid": 96911, "history": "Interactive.234", "testname": "TRAN", "cornername": "Nominal", "point": 1, "logfile": "/home/saul/projects/LF_BG/logs_saul/logs5/Job8.log"}
