[ADE GUI: e2b294f9-63e4-46d7-8695-e990597c1f21]
[2026-09-01 04:15:35.840 Z] [PROCESS] [cadence.virtuoso.ade.gui] - /home/saul/projects/LF_BG/.tmp_saul/.cmddir5/swiftLoggingService0 is starting {"logfile": "/home/saul/projects/LF_BG/logs_saul/logs5/LoggingService0.log"}
[2026-09-01 04:15:35.947 Z] [PROCESS] [cadence.virtuoso.ade.gui] - /home/saul/projects/LF_BG/.tmp_saul/.cmddir5/swiftNetlistService1 is starting {"logfile": "/home/saul/projects/LF_BG/logs_saul/logs5/Service1.log"}
[2026-09-01 04:15:35.948 Z] [PROCESS] [cadence.virtuoso.ade.gui] - Logging Service '84343' is starting up on host 'edatools' {"logfile": "/home/saul/projects/LF_BG/logs_saul/logs5/LoggingService0.log"}
[2026-09-01 04:15:36.474 Z] [PROCESS] [cadence.virtuoso.ade.gui] - Netlist Service '84365' is starting up on host 'edatools' {"logfile": "/home/saul/projects/LF_BG/logs_saul/logs5/Service1.log"}
[2026-09-01 04:15:47.919 Z] [PROCESS] [cadence.virtuoso.ade.gui] - Logging Service '84343' stopped with exit code '0' {"logfile": "/home/saul/projects/LF_BG/logs_saul/logs5/LoggingService0.log"}
[2026-09-01 04:16:13.288 Z] [PROCESS] [cadence.virtuoso.ade.gui] - /home/saul/projects/LF_BG/.tmp_saul/.cmddir5/swiftLoggingService2 is starting {"logfile": "/home/saul/projects/LF_BG/logs_saul/logs5/LoggingService2.log"}
[2026-09-01 04:16:13.394 Z] [PROCESS] [cadence.virtuoso.ade.gui] - /home/saul/projects/LF_BG/.tmp_saul/.cmddir5/swiftNetlistService3 is starting {"logfile": "/home/saul/projects/LF_BG/logs_saul/logs5/Service3.log"}
[2026-09-01 04:16:13.395 Z] [PROCESS] [cadence.virtuoso.ade.gui] - Logging Service '84666' is starting up on host 'edatools' {"logfile": "/home/saul/projects/LF_BG/logs_saul/logs5/LoggingService2.log"}
[2026-09-01 04:16:14.407 Z] [PROCESS] [cadence.virtuoso.ade.gui] - Netlist Service '84688' is starting up on host 'edatools' {"logfile": "/home/saul/projects/LF_BG/logs_saul/logs5/Service3.log"}
[2026-09-01 04:17:21.137 Z] [WARN] [cadence.virtuoso.ade.gui] - The following global variable(s) are enabled, but are not used by any test in the active setup:
PD PD_PULSE 
It is recommended to delete or disable these variable(s) because they are not being considered by the simulation run. {"detailed_message": "", "message_id": "ASSEMBLER-1704"}
[2026-09-01 04:17:21.284 Z] [EVENT] [cadence.virtuoso.ade.gui] - NewHistoryCreated {"history": "Interactive.215", "event": "NewHistoryCreated", "EventSource": "ADE GUI", "HistoryName": "Interactive.215", "WorkDir": "/home/saul/projects/LF_BG", "HistorySimDir": "/home/saul/simulation/REF_GEN/REF_GEN_f_TB/maestro/results/maestro/Interactive.215", "HistoryResultsDir": "/home/saul/projects/LF_BG/REF_GEN/REF_GEN_f_TB/maestro/results/maestro"}
[2026-09-01 04:17:21.284 Z] [PROCESS] [cadence.virtuoso.ade.gui] - History Setup {"hostname": "edatools", "processid": 83587, "history": "Interactive.215", "logfile": "/home/saul/projects/LF_BG/logs_saul/logs5/virtuoso_ade_debug.log", "jobmode": "LSCS", "runmode": "Single Run, Sweeps and Corners", "lib": "REF_GEN", "cell": "REF_GEN_f_TB", "view": "maestro", "icversion": "sub-version  IC6.1.8-64b.500.36 ", "runstart": "Tue Sep  1 04:17:21 2026\n", "timezonelocal": "+000", "spectreversion": "unknown", "jobpolicyname": "ADE XL Default", "maxjobs": "unknown", "ncjobpolicyname": "", "ncmaxjobs": "unknown", "numtests": "1", "runfinished": "unknown", "runelapsed": "-1", "numcorners": "1"}
[2026-09-01 04:17:21.846 Z] [WARN] [cadence.virtuoso.ade.gui] - Could not find log file for Same Process Job 0. Log message for this job will be printed in the CDS log file. {"history": "Interactive.215", "testname": "TRAN", "detailed_message": "", "message_id": "ASSEMBLER-5028"}
[2026-09-01 04:17:24.352 Z] [INFO] [cadence.virtuoso.ade.gui] - Simulation will use spectre batch mode because the GCC version used by Spectre and Virtuoso are not compatible. {"history": "Interactive.215", "testname": "TRAN", "detailed_message": "", "message_id": "ASSEMBLER-5024"}
[2026-09-01 04:17:24.392 Z] [EVENT] [cadence.virtuoso.ade.pointevaluator] - NewPoint {"history": "Interactive.215", "point": 1, "testname": "TRAN", "event": "NewPoint", "EventSource": "ADE GUI", "HistoryName": "Interactive.215", "logFile": "/home/saul/projects/LF_BG/logs_saul/logs5/virtuoso_ade_debug.log", "logFileSize": "3956"}
[2026-09-01 04:17:24.392 Z] [INFO] [cadence.virtuoso.ade.pointevaluator] - Started netlisting {"history": "Interactive.215", "point": 1, "testname": "TRAN"}
[2026-09-01 04:17:24.911 Z] [INFO] [cadence.virtuoso.ade.pointevaluator] - Finished netlisting {"history": "Interactive.215", "point": 1, "testname": "TRAN"}
[2026-09-01 04:17:24.911 Z] [INFO] [cadence.virtuoso.ade.pointevaluator] - Submitted {"history": "Interactive.215", "point": 1, "testname": "TRAN"}
[2026-09-01 04:17:26.586 Z] [PROCESS] [cadence.virtuoso.ade.gui] - /home/saul/projects/LF_BG/.tmp_saul/.cmddir5/swiftJob4 is starting {"logfile": "/home/saul/projects/LF_BG/logs_saul/logs5/Job4.log"}
[2026-09-01 04:17:26.699 Z] [PROCESS] [cadence.virtuoso.ade.gui] - Simulation Monitor process '85307' is starting up on host 'edatools' {"logfile": "/home/saul/projects/LF_BG/logs_saul/logs5/Job4.log"}
[2026-09-01 04:17:28.361 Z] [PROCESS] [cadence.virtuoso.ade.gui] - ln: failed to create symbolic link '/home/saul/simulation/REF_GEN/REF_GEN_f_TB/maestro/results/maestro/Interactive.215/1/TRAN/netlist/exprOutputs.log': File exists
 {"logfile": "/home/saul/projects/LF_BG/logs_saul/logs5/Job4.log"}
[2026-09-01 04:17:28.364 Z] [PROCESS] [cadence.virtuoso.ade.gui] - ln: failed to create symbolic link '/home/saul/simulation/REF_GEN/REF_GEN_f_TB/maestro/results/maestro/Interactive.215/1/TRAN/netlist/amps_evaluator.log': File exists
 {"logfile": "/home/saul/projects/LF_BG/logs_saul/logs5/Job4.log"}
[2026-09-01 04:17:30.067 Z] [INFO] [cadence.virtuoso.ade.gui] - Point completed {"history": "Interactive.215", "point": 1, "testname": "TRAN"}
[2026-09-01 04:17:30.157 Z] [EVENT] [cadence.virtuoso.ade.gui] - HistoryFinished {"history": "Interactive.215", "point": 1, "testname": "TRAN", "event": "HistoryFinished", "EventSource": "ADE GUI", "HistoryName": "Interactive.215"}
[2026-09-01 04:21:18.177 Z] [PROCESS] [cadence.virtuoso.ade.gui] - Netlist Service '84688' stopped with exit code '0' {"logfile": "/home/saul/projects/LF_BG/logs_saul/logs5/Service3.log"}
[2026-09-01 04:32:38.639 Z] [PROCESS] [cadence.virtuoso.ade.gui] - Logging Service '84666' stopped with exit code '0' {"logfile": "/home/saul/projects/LF_BG/logs_saul/logs5/LoggingService2.log"}
[2026-09-01 04:33:09.697 Z] [WARN] [cadence.virtuoso.ade.gui] - The following global variable(s) are enabled, but are not used by any test in the active setup:
PD PD_PULSE 
It is recommended to delete or disable these variable(s) because they are not being considered by the simulation run. {"history": "Interactive.215", "point": 1, "testname": "TRAN", "detailed_message": "", "message_id": "ASSEMBLER-1704"}
[2026-09-01 04:33:09.830 Z] [EVENT] [cadence.virtuoso.ade.gui] - NewHistoryCreated {"history": "Interactive.216", "point": 1, "testname": "TRAN", "event": "NewHistoryCreated", "EventSource": "ADE GUI", "HistoryName": "Interactive.216", "WorkDir": "/home/saul/projects/LF_BG", "HistorySimDir": "/home/saul/simulation/REF_GEN/REF_GEN_f_TB/maestro/results/maestro/Interactive.216", "HistoryResultsDir": "/home/saul/projects/LF_BG/REF_GEN/REF_GEN_f_TB/maestro/results/maestro"}
[2026-09-01 04:33:09.830 Z] [PROCESS] [cadence.virtuoso.ade.gui] - History Setup {"hostname": "edatools", "processid": 83587, "history": "Interactive.216", "testname": "TRAN", "point": 1, "logfile": "/home/saul/projects/LF_BG/logs_saul/logs5/virtuoso_ade_debug.log", "jobmode": "LSCS", "runmode": "Single Run, Sweeps and Corners", "lib": "REF_GEN", "cell": "REF_GEN_f_TB", "view": "maestro", "icversion": "sub-version  IC6.1.8-64b.500.36 ", "runstart": "Tue Sep  1 04:33:09 2026\n", "timezonelocal": "+000", "spectreversion": "unknown", "jobpolicyname": "ADE XL Default", "maxjobs": "unknown", "ncjobpolicyname": "", "ncmaxjobs": "unknown", "numtests": "1", "runfinished": "unknown", "runelapsed": "-1", "numcorners": "1"}
[2026-09-01 04:33:10.923 Z] [INFO] [cadence.virtuoso.ade.gui] - Simulation will use spectre batch mode because the GCC version used by Spectre and Virtuoso are not compatible. {"history": "Interactive.216", "point": 1, "testname": "TRAN", "detailed_message": "", "message_id": "ASSEMBLER-5024"}
[2026-09-01 04:33:10.954 Z] [EVENT] [cadence.virtuoso.ade.pointevaluator] - NewPoint {"history": "Interactive.216", "point": 1, "testname": "TRAN", "event": "NewPoint", "EventSource": "ADE GUI", "HistoryName": "Interactive.216", "logFile": "/home/saul/projects/LF_BG/logs_saul/logs5/virtuoso_ade_debug.log", "logFileSize": "8411"}
[2026-09-01 04:33:10.954 Z] [INFO] [cadence.virtuoso.ade.pointevaluator] - Started netlisting {"history": "Interactive.216", "point": 1, "testname": "TRAN"}
[2026-09-01 04:33:11.424 Z] [INFO] [cadence.virtuoso.ade.pointevaluator] - Finished netlisting {"history": "Interactive.216", "point": 1, "testname": "TRAN"}
[2026-09-01 04:33:11.424 Z] [INFO] [cadence.virtuoso.ade.pointevaluator] - Submitted {"history": "Interactive.216", "point": 1, "testname": "TRAN"}
[2026-09-01 04:33:15.362 Z] [PROCESS] [cadence.virtuoso.ade.gui] - /home/saul/projects/LF_BG/.tmp_saul/.cmddir5/swiftLoggingService5 is starting {"logfile": "/home/saul/projects/LF_BG/logs_saul/logs5/LoggingService5.log"}
[2026-09-01 04:33:15.480 Z] [PROCESS] [cadence.virtuoso.ade.gui] - /home/saul/projects/LF_BG/.tmp_saul/.cmddir5/swiftJob6 is starting {"logfile": "/home/saul/projects/LF_BG/logs_saul/logs5/Job6.log"}
[2026-09-01 04:33:15.480 Z] [PROCESS] [cadence.virtuoso.ade.gui] - Logging Service '88812' is starting up on host 'edatools' {"logfile": "/home/saul/projects/LF_BG/logs_saul/logs5/LoggingService5.log"}
[2026-09-01 04:33:15.584 Z] [PROCESS] [cadence.virtuoso.ade.gui] - Simulation Monitor process '88829' is starting up on host 'edatools' {"logfile": "/home/saul/projects/LF_BG/logs_saul/logs5/Job6.log"}
[2026-09-01 04:33:17.712 Z] [PROCESS] [cadence.virtuoso.ade.gui] - ln: failed to create symbolic link '/home/saul/simulation/REF_GEN/REF_GEN_f_TB/maestro/results/maestro/Interactive.216/1/TRAN/netlist/exprOutputs.log': File exists
 {"logfile": "/home/saul/projects/LF_BG/logs_saul/logs5/Job6.log"}
[2026-09-01 04:33:17.715 Z] [PROCESS] [cadence.virtuoso.ade.gui] - ln: failed to create symbolic link '/home/saul/simulation/REF_GEN/REF_GEN_f_TB/maestro/results/maestro/Interactive.216/1/TRAN/netlist/amps_evaluator.log': File exists
 {"logfile": "/home/saul/projects/LF_BG/logs_saul/logs5/Job6.log"}
[2026-09-01 04:33:19.071 Z] [INFO] [cadence.virtuoso.ade.gui] - Point completed {"history": "Interactive.216", "point": 1, "testname": "TRAN"}
[2026-09-01 04:33:19.115 Z] [EVENT] [cadence.virtuoso.ade.gui] - HistoryFinished {"history": "Interactive.216", "point": 1, "testname": "TRAN", "event": "HistoryFinished", "EventSource": "ADE GUI", "HistoryName": "Interactive.216"}
[2026-09-01 04:33:34.404 Z] [WARN] [cadence.virtuoso.ade.gui] - The following global variable(s) are enabled, but are not used by any test in the active setup:
PD PD_PULSE 
It is recommended to delete or disable these variable(s) because they are not being considered by the simulation run. {"history": "Interactive.216", "point": 1, "testname": "TRAN", "detailed_message": "", "message_id": "ASSEMBLER-1704"}
[2026-09-01 04:33:34.535 Z] [EVENT] [cadence.virtuoso.ade.gui] - NewHistoryCreated {"history": "Interactive.217", "point": 1, "testname": "TRAN", "event": "NewHistoryCreated", "EventSource": "ADE GUI", "HistoryName": "Interactive.217", "WorkDir": "/home/saul/projects/LF_BG", "HistorySimDir": "/home/saul/simulation/REF_GEN/REF_GEN_f_TB/maestro/results/maestro/Interactive.217", "HistoryResultsDir": "/home/saul/projects/LF_BG/REF_GEN/REF_GEN_f_TB/maestro/results/maestro"}
[2026-09-01 04:33:34.535 Z] [PROCESS] [cadence.virtuoso.ade.gui] - History Setup {"hostname": "edatools", "processid": 83587, "history": "Interactive.217", "testname": "TRAN", "point": 1, "logfile": "/home/saul/projects/LF_BG/logs_saul/logs5/virtuoso_ade_debug.log", "jobmode": "LSCS", "runmode": "Single Run, Sweeps and Corners", "lib": "REF_GEN", "cell": "REF_GEN_f_TB", "view": "maestro", "icversion": "sub-version  IC6.1.8-64b.500.36 ", "runstart": "Tue Sep  1 04:33:34 2026\n", "timezonelocal": "+000", "spectreversion": "unknown", "jobpolicyname": "ADE XL Default", "maxjobs": "unknown", "ncjobpolicyname": "", "ncmaxjobs": "unknown", "numtests": "1", "runfinished": "unknown", "runelapsed": "-1", "numcorners": "1"}
[2026-09-01 04:33:35.634 Z] [INFO] [cadence.virtuoso.ade.gui] - Simulation will use spectre batch mode because the GCC version used by Spectre and Virtuoso are not compatible. {"history": "Interactive.217", "point": 1, "testname": "TRAN", "detailed_message": "", "message_id": "ASSEMBLER-5024"}
[2026-09-01 04:33:35.663 Z] [EVENT] [cadence.virtuoso.ade.pointevaluator] - NewPoint {"history": "Interactive.217", "point": 1, "testname": "TRAN", "event": "NewPoint", "EventSource": "ADE GUI", "HistoryName": "Interactive.217", "logFile": "/home/saul/projects/LF_BG/logs_saul/logs5/virtuoso_ade_debug.log", "logFileSize": "12907"}
[2026-09-01 04:33:35.663 Z] [INFO] [cadence.virtuoso.ade.pointevaluator] - Started netlisting {"history": "Interactive.217", "point": 1, "testname": "TRAN"}
[2026-09-01 04:33:36.129 Z] [INFO] [cadence.virtuoso.ade.pointevaluator] - Finished netlisting {"history": "Interactive.217", "point": 1, "testname": "TRAN"}
[2026-09-01 04:33:36.130 Z] [INFO] [cadence.virtuoso.ade.pointevaluator] - Submitted {"history": "Interactive.217", "point": 1, "testname": "TRAN"}
[2026-09-01 04:33:38.796 Z] [PROCESS] [cadence.virtuoso.ade.gui] - ln: failed to create symbolic link '/home/saul/simulation/REF_GEN/REF_GEN_f_TB/maestro/results/maestro/Interactive.217/1/TRAN/netlist/exprOutputs.log': File exists
 {"logfile": "/home/saul/projects/LF_BG/logs_saul/logs5/Job6.log"}
[2026-09-01 04:33:38.799 Z] [PROCESS] [cadence.virtuoso.ade.gui] - ln: failed to create symbolic link '/home/saul/simulation/REF_GEN/REF_GEN_f_TB/maestro/results/maestro/Interactive.217/1/TRAN/netlist/amps_evaluator.log': File exists
 {"logfile": "/home/saul/projects/LF_BG/logs_saul/logs5/Job6.log"}
[2026-09-01 04:33:40.065 Z] [INFO] [cadence.virtuoso.ade.gui] - Point completed {"history": "Interactive.217", "point": 1, "testname": "TRAN"}
[2026-09-01 04:33:40.143 Z] [EVENT] [cadence.virtuoso.ade.gui] - HistoryFinished {"history": "Interactive.217", "point": 1, "testname": "TRAN", "event": "HistoryFinished", "EventSource": "ADE GUI", "HistoryName": "Interactive.217"}
[2026-09-01 04:36:58.036 Z] [WARN] [cadence.virtuoso.ade.gui] - The following global variable(s) are enabled, but are not used by any test in the active setup:
PD PD_PULSE 
It is recommended to delete or disable these variable(s) because they are not being considered by the simulation run. {"history": "Interactive.217", "point": 1, "testname": "TRAN", "detailed_message": "", "message_id": "ASSEMBLER-1704"}
[2026-09-01 04:36:58.172 Z] [EVENT] [cadence.virtuoso.ade.gui] - NewHistoryCreated {"history": "Interactive.218", "point": 1, "testname": "TRAN", "event": "NewHistoryCreated", "EventSource": "ADE GUI", "HistoryName": "Interactive.218", "WorkDir": "/home/saul/projects/LF_BG", "HistorySimDir": "/home/saul/simulation/REF_GEN/REF_GEN_f_TB/maestro/results/maestro/Interactive.218", "HistoryResultsDir": "/home/saul/projects/LF_BG/REF_GEN/REF_GEN_f_TB/maestro/results/maestro"}
[2026-09-01 04:36:58.172 Z] [PROCESS] [cadence.virtuoso.ade.gui] - History Setup {"hostname": "edatools", "processid": 83587, "history": "Interactive.218", "testname": "TRAN", "point": 1, "logfile": "/home/saul/projects/LF_BG/logs_saul/logs5/virtuoso_ade_debug.log", "jobmode": "LSCS", "runmode": "Single Run, Sweeps and Corners", "lib": "REF_GEN", "cell": "REF_GEN_f_TB", "view": "maestro", "icversion": "sub-version  IC6.1.8-64b.500.36 ", "runstart": "Tue Sep  1 04:36:58 2026\n", "timezonelocal": "+000", "spectreversion": "unknown", "jobpolicyname": "ADE XL Default", "maxjobs": "unknown", "ncjobpolicyname": "", "ncmaxjobs": "unknown", "numtests": "1", "runfinished": "unknown", "runelapsed": "-1", "numcorners": "1"}
[2026-09-01 04:36:59.233 Z] [INFO] [cadence.virtuoso.ade.gui] - Simulation will use spectre batch mode because the GCC version used by Spectre and Virtuoso are not compatible. {"history": "Interactive.218", "point": 1, "testname": "OP", "detailed_message": "", "message_id": "ASSEMBLER-5024"}
[2026-09-01 04:36:59.269 Z] [EVENT] [cadence.virtuoso.ade.pointevaluator] - NewPoint {"history": "Interactive.218", "point": 1, "testname": "OP", "event": "NewPoint", "EventSource": "ADE GUI", "HistoryName": "Interactive.218", "logFile": "/home/saul/projects/LF_BG/logs_saul/logs5/virtuoso_ade_debug.log", "logFileSize": "16576"}
[2026-09-01 04:36:59.270 Z] [INFO] [cadence.virtuoso.ade.pointevaluator] - Started netlisting {"history": "Interactive.218", "point": 1, "testname": "OP"}
[2026-09-01 04:37:00.623 Z] [INFO] [cadence.virtuoso.ade.pointevaluator] - Finished netlisting {"history": "Interactive.218", "point": 1, "testname": "OP"}
[2026-09-01 04:37:00.623 Z] [INFO] [cadence.virtuoso.ade.pointevaluator] - Submitted {"history": "Interactive.218", "point": 1, "testname": "OP"}
[2026-09-01 04:37:02.299 Z] [PROCESS] [cadence.virtuoso.ade.gui] - ln: failed to create symbolic link '/home/saul/simulation/REF_GEN/REF_GEN_f_TB/maestro/results/maestro/Interactive.218/1/OP/netlist/exprOutputs.log': File exists
 {"logfile": "/home/saul/projects/LF_BG/logs_saul/logs5/Job6.log"}
[2026-09-01 04:37:02.301 Z] [PROCESS] [cadence.virtuoso.ade.gui] - ln: failed to create symbolic link '/home/saul/simulation/REF_GEN/REF_GEN_f_TB/maestro/results/maestro/Interactive.218/1/OP/netlist/amps_evaluator.log': File exists
 {"logfile": "/home/saul/projects/LF_BG/logs_saul/logs5/Job6.log"}
[2026-09-01 04:37:04.070 Z] [INFO] [cadence.virtuoso.ade.gui] - Point completed {"history": "Interactive.218", "point": 1, "testname": "OP"}
[2026-09-01 04:37:04.141 Z] [EVENT] [cadence.virtuoso.ade.gui] - HistoryFinished {"history": "Interactive.218", "point": 1, "testname": "OP", "event": "HistoryFinished", "EventSource": "ADE GUI", "HistoryName": "Interactive.218"}
[2026-09-01 04:42:34.746 Z] [WARN] [cadence.virtuoso.ade.gui] - The following global variable(s) are enabled, but are not used by any test in the active setup:
PD PD_PULSE 
It is recommended to delete or disable these variable(s) because they are not being considered by the simulation run. {"history": "Interactive.218", "point": 1, "testname": "OP", "detailed_message": "", "message_id": "ASSEMBLER-1704"}
[2026-09-01 04:42:34.883 Z] [EVENT] [cadence.virtuoso.ade.gui] - NewHistoryCreated {"history": "Interactive.219", "point": 1, "testname": "OP", "event": "NewHistoryCreated", "EventSource": "ADE GUI", "HistoryName": "Interactive.219", "WorkDir": "/home/saul/projects/LF_BG", "HistorySimDir": "/home/saul/simulation/REF_GEN/REF_GEN_f_TB/maestro/results/maestro/Interactive.219", "HistoryResultsDir": "/home/saul/projects/LF_BG/REF_GEN/REF_GEN_f_TB/maestro/results/maestro"}
[2026-09-01 04:42:34.883 Z] [PROCESS] [cadence.virtuoso.ade.gui] - History Setup {"hostname": "edatools", "processid": 83587, "history": "Interactive.219", "testname": "OP", "point": 1, "logfile": "/home/saul/projects/LF_BG/logs_saul/logs5/virtuoso_ade_debug.log", "jobmode": "LSCS", "runmode": "Single Run, Sweeps and Corners", "lib": "REF_GEN", "cell": "REF_GEN_f_TB", "view": "maestro", "icversion": "sub-version  IC6.1.8-64b.500.36 ", "runstart": "Tue Sep  1 04:42:34 2026\n", "timezonelocal": "+000", "spectreversion": "unknown", "jobpolicyname": "ADE XL Default", "maxjobs": "unknown", "ncjobpolicyname": "", "ncmaxjobs": "unknown", "numtests": "1", "runfinished": "unknown", "runelapsed": "-1", "numcorners": "1"}
[2026-09-01 04:42:35.942 Z] [INFO] [cadence.virtuoso.ade.gui] - Simulation will use spectre batch mode because the GCC version used by Spectre and Virtuoso are not compatible. {"history": "Interactive.219", "point": 1, "testname": "OP", "detailed_message": "", "message_id": "ASSEMBLER-5024"}
[2026-09-01 04:42:35.973 Z] [EVENT] [cadence.virtuoso.ade.pointevaluator] - NewPoint {"history": "Interactive.219", "point": 1, "testname": "OP", "event": "NewPoint", "EventSource": "ADE GUI", "HistoryName": "Interactive.219", "logFile": "/home/saul/projects/LF_BG/logs_saul/logs5/virtuoso_ade_debug.log", "logFileSize": "20223"}
[2026-09-01 04:42:35.973 Z] [INFO] [cadence.virtuoso.ade.pointevaluator] - Started netlisting {"history": "Interactive.219", "point": 1, "testname": "OP"}
[2026-09-01 04:42:37.112 Z] [INFO] [cadence.virtuoso.ade.pointevaluator] - Finished netlisting {"history": "Interactive.219", "point": 1, "testname": "OP"}
[2026-09-01 04:42:37.112 Z] [INFO] [cadence.virtuoso.ade.pointevaluator] - Submitted {"history": "Interactive.219", "point": 1, "testname": "OP"}
[2026-09-01 04:42:40.489 Z] [PROCESS] [cadence.virtuoso.ade.gui] - /home/saul/projects/LF_BG/.tmp_saul/.cmddir5/swiftJob7 is starting {"logfile": "/home/saul/projects/LF_BG/logs_saul/logs5/Job7.log"}
[2026-09-01 04:42:40.602 Z] [PROCESS] [cadence.virtuoso.ade.gui] - Simulation Monitor process '91707' is starting up on host 'edatools' {"logfile": "/home/saul/projects/LF_BG/logs_saul/logs5/Job7.log"}
[2026-09-01 04:42:42.778 Z] [PROCESS] [cadence.virtuoso.ade.gui] - ln: failed to create symbolic link '/home/saul/simulation/REF_GEN/REF_GEN_f_TB/maestro/results/maestro/Interactive.219/1/OP/netlist/exprOutputs.log': File exists
 {"logfile": "/home/saul/projects/LF_BG/logs_saul/logs5/Job7.log"}
[2026-09-01 04:42:42.781 Z] [PROCESS] [cadence.virtuoso.ade.gui] - ln: failed to create symbolic link '/home/saul/simulation/REF_GEN/REF_GEN_f_TB/maestro/results/maestro/Interactive.219/1/OP/netlist/amps_evaluator.log': File exists
 {"logfile": "/home/saul/projects/LF_BG/logs_saul/logs5/Job7.log"}
[2026-09-01 04:42:44.071 Z] [INFO] [cadence.virtuoso.ade.gui] - Point completed {"history": "Interactive.219", "point": 1, "testname": "OP"}
[2026-09-01 04:42:44.142 Z] [EVENT] [cadence.virtuoso.ade.gui] - HistoryFinished {"history": "Interactive.219", "point": 1, "testname": "OP", "event": "HistoryFinished", "EventSource": "ADE GUI", "HistoryName": "Interactive.219"}
[2026-09-01 04:43:19.427 Z] [WARN] [cadence.virtuoso.ade.gui] - The following global variable(s) are enabled, but are not used by any test in the active setup:
PD PD_PULSE 
It is recommended to delete or disable these variable(s) because they are not being considered by the simulation run. {"history": "Interactive.219", "point": 1, "testname": "OP", "detailed_message": "", "message_id": "ASSEMBLER-1704"}
[2026-09-01 04:43:19.562 Z] [EVENT] [cadence.virtuoso.ade.gui] - NewHistoryCreated {"history": "Interactive.220", "point": 1, "testname": "OP", "event": "NewHistoryCreated", "EventSource": "ADE GUI", "HistoryName": "Interactive.220", "WorkDir": "/home/saul/projects/LF_BG", "HistorySimDir": "/home/saul/simulation/REF_GEN/REF_GEN_f_TB/maestro/results/maestro/Interactive.220", "HistoryResultsDir": "/home/saul/projects/LF_BG/REF_GEN/REF_GEN_f_TB/maestro/results/maestro"}
[2026-09-01 04:43:19.562 Z] [PROCESS] [cadence.virtuoso.ade.gui] - History Setup {"hostname": "edatools", "processid": 83587, "history": "Interactive.220", "testname": "OP", "point": 1, "logfile": "/home/saul/projects/LF_BG/logs_saul/logs5/virtuoso_ade_debug.log", "jobmode": "LSCS", "runmode": "Single Run, Sweeps and Corners", "lib": "REF_GEN", "cell": "REF_GEN_f_TB", "view": "maestro", "icversion": "sub-version  IC6.1.8-64b.500.36 ", "runstart": "Tue Sep  1 04:43:19 2026\n", "timezonelocal": "+000", "spectreversion": "unknown", "jobpolicyname": "ADE XL Default", "maxjobs": "unknown", "ncjobpolicyname": "", "ncmaxjobs": "unknown", "numtests": "1", "runfinished": "unknown", "runelapsed": "-1", "numcorners": "1"}
[2026-09-01 04:43:20.710 Z] [INFO] [cadence.virtuoso.ade.gui] - Simulation will use spectre batch mode because the GCC version used by Spectre and Virtuoso are not compatible. {"history": "Interactive.220", "point": 1, "testname": "OP", "detailed_message": "", "message_id": "ASSEMBLER-5024"}
[2026-09-01 04:43:20.743 Z] [EVENT] [cadence.virtuoso.ade.pointevaluator] - NewPoint {"history": "Interactive.220", "point": 1, "testname": "OP", "event": "NewPoint", "EventSource": "ADE GUI", "HistoryName": "Interactive.220", "logFile": "/home/saul/projects/LF_BG/logs_saul/logs5/virtuoso_ade_debug.log", "logFileSize": "24272"}
[2026-09-01 04:43:20.744 Z] [INFO] [cadence.virtuoso.ade.pointevaluator] - Started netlisting {"history": "Interactive.220", "point": 1, "testname": "OP"}
[2026-09-01 04:43:21.840 Z] [INFO] [cadence.virtuoso.ade.pointevaluator] - Finished netlisting {"history": "Interactive.220", "point": 1, "testname": "OP"}
[2026-09-01 04:43:21.840 Z] [INFO] [cadence.virtuoso.ade.pointevaluator] - Submitted {"history": "Interactive.220", "point": 1, "testname": "OP"}
[2026-09-01 04:43:24.516 Z] [PROCESS] [cadence.virtuoso.ade.gui] - ln: failed to create symbolic link '/home/saul/simulation/REF_GEN/REF_GEN_f_TB/maestro/results/maestro/Interactive.220/1/OP/netlist/exprOutputs.log': File exists
 {"logfile": "/home/saul/projects/LF_BG/logs_saul/logs5/Job7.log"}
[2026-09-01 04:43:24.519 Z] [PROCESS] [cadence.virtuoso.ade.gui] - ln: failed to create symbolic link '/home/saul/simulation/REF_GEN/REF_GEN_f_TB/maestro/results/maestro/Interactive.220/1/OP/netlist/amps_evaluator.log': File exists
 {"logfile": "/home/saul/projects/LF_BG/logs_saul/logs5/Job7.log"}
[2026-09-01 04:43:26.069 Z] [INFO] [cadence.virtuoso.ade.gui] - Point completed {"history": "Interactive.220", "point": 1, "testname": "OP"}
[2026-09-01 04:43:26.112 Z] [EVENT] [cadence.virtuoso.ade.gui] - HistoryFinished {"history": "Interactive.220", "point": 1, "testname": "OP", "event": "HistoryFinished", "EventSource": "ADE GUI", "HistoryName": "Interactive.220"}
[2026-09-01 04:45:12.286 Z] [WARN] [cadence.virtuoso.ade.gui] - The following global variable(s) are enabled, but are not used by any test in the active setup:
PD PD_PULSE 
It is recommended to delete or disable these variable(s) because they are not being considered by the simulation run. {"history": "Interactive.220", "point": 1, "testname": "OP", "detailed_message": "", "message_id": "ASSEMBLER-1704"}
[2026-09-01 04:45:12.542 Z] [EVENT] [cadence.virtuoso.ade.gui] - NewHistoryCreated {"history": "Interactive.221", "point": 1, "testname": "OP", "event": "NewHistoryCreated", "EventSource": "ADE GUI", "HistoryName": "Interactive.221", "WorkDir": "/home/saul/projects/LF_BG", "HistorySimDir": "/home/saul/simulation/REF_GEN/REF_GEN_f_TB/maestro/results/maestro/Interactive.221", "HistoryResultsDir": "/home/saul/projects/LF_BG/REF_GEN/REF_GEN_f_TB/maestro/results/maestro"}
[2026-09-01 04:45:12.542 Z] [PROCESS] [cadence.virtuoso.ade.gui] - History Setup {"hostname": "edatools", "processid": 83587, "history": "Interactive.221", "testname": "OP", "point": 1, "logfile": "/home/saul/projects/LF_BG/logs_saul/logs5/virtuoso_ade_debug.log", "jobmode": "LSCS", "runmode": "Single Run, Sweeps and Corners", "lib": "REF_GEN", "cell": "REF_GEN_f_TB", "view": "maestro", "icversion": "sub-version  IC6.1.8-64b.500.36 ", "runstart": "Tue Sep  1 04:45:12 2026\n", "timezonelocal": "+000", "spectreversion": "unknown", "jobpolicyname": "ADE XL Default", "maxjobs": "unknown", "ncjobpolicyname": "", "ncmaxjobs": "unknown", "numtests": "1", "runfinished": "unknown", "runelapsed": "-1", "numcorners": "1"}
[2026-09-01 04:45:13.680 Z] [INFO] [cadence.virtuoso.ade.gui] - Simulation will use spectre batch mode because the GCC version used by Spectre and Virtuoso are not compatible. {"history": "Interactive.221", "point": 1, "testname": "OP", "detailed_message": "", "message_id": "ASSEMBLER-5024"}
[2026-09-01 04:45:13.712 Z] [EVENT] [cadence.virtuoso.ade.pointevaluator] - NewPoint {"history": "Interactive.221", "point": 1, "testname": "OP", "event": "NewPoint", "EventSource": "ADE GUI", "HistoryName": "Interactive.221", "logFile": "/home/saul/projects/LF_BG/logs_saul/logs5/virtuoso_ade_debug.log", "logFileSize": "27919"}
[2026-09-01 04:45:13.712 Z] [INFO] [cadence.virtuoso.ade.pointevaluator] - Started netlisting {"history": "Interactive.221", "point": 1, "testname": "OP"}
[2026-09-01 04:45:14.703 Z] [INFO] [cadence.virtuoso.ade.pointevaluator] - Finished netlisting {"history": "Interactive.221", "point": 1, "testname": "OP"}
[2026-09-01 04:45:14.703 Z] [INFO] [cadence.virtuoso.ade.pointevaluator] - Submitted {"history": "Interactive.221", "point": 1, "testname": "OP"}
[2026-09-01 04:45:18.881 Z] [PROCESS] [cadence.virtuoso.ade.gui] - ln: failed to create symbolic link '/home/saul/simulation/REF_GEN/REF_GEN_f_TB/maestro/results/maestro/Interactive.221/1/OP/netlist/exprOutputs.log': File exists
 {"logfile": "/home/saul/projects/LF_BG/logs_saul/logs5/Job7.log"}
[2026-09-01 04:45:18.884 Z] [PROCESS] [cadence.virtuoso.ade.gui] - ln: failed to create symbolic link '/home/saul/simulation/REF_GEN/REF_GEN_f_TB/maestro/results/maestro/Interactive.221/1/OP/netlist/amps_evaluator.log': File exists
 {"logfile": "/home/saul/projects/LF_BG/logs_saul/logs5/Job7.log"}
[2026-09-01 04:45:20.071 Z] [INFO] [cadence.virtuoso.ade.gui] - Point completed {"history": "Interactive.221", "point": 1, "testname": "OP"}
[2026-09-01 04:45:20.133 Z] [EVENT] [cadence.virtuoso.ade.gui] - HistoryFinished {"history": "Interactive.221", "point": 1, "testname": "OP", "event": "HistoryFinished", "EventSource": "ADE GUI", "HistoryName": "Interactive.221"}
[2026-09-01 04:46:23.339 Z] [WARN] [cadence.virtuoso.ade.gui] - The following global variable(s) are enabled, but are not used by any test in the active setup:
PD PD_PULSE 
It is recommended to delete or disable these variable(s) because they are not being considered by the simulation run. {"history": "Interactive.221", "point": 1, "testname": "OP", "detailed_message": "", "message_id": "ASSEMBLER-1704"}
[2026-09-01 04:46:23.478 Z] [EVENT] [cadence.virtuoso.ade.gui] - NewHistoryCreated {"history": "Interactive.222", "point": 1, "testname": "OP", "event": "NewHistoryCreated", "EventSource": "ADE GUI", "HistoryName": "Interactive.222", "WorkDir": "/home/saul/projects/LF_BG", "HistorySimDir": "/home/saul/simulation/REF_GEN/REF_GEN_f_TB/maestro/results/maestro/Interactive.222", "HistoryResultsDir": "/home/saul/projects/LF_BG/REF_GEN/REF_GEN_f_TB/maestro/results/maestro"}
[2026-09-01 04:46:23.478 Z] [PROCESS] [cadence.virtuoso.ade.gui] - History Setup {"hostname": "edatools", "processid": 83587, "history": "Interactive.222", "testname": "OP", "point": 1, "logfile": "/home/saul/projects/LF_BG/logs_saul/logs5/virtuoso_ade_debug.log", "jobmode": "LSCS", "runmode": "Single Run, Sweeps and Corners", "lib": "REF_GEN", "cell": "REF_GEN_f_TB", "view": "maestro", "icversion": "sub-version  IC6.1.8-64b.500.36 ", "runstart": "Tue Sep  1 04:46:23 2026\n", "timezonelocal": "+000", "spectreversion": "unknown", "jobpolicyname": "ADE XL Default", "maxjobs": "unknown", "ncjobpolicyname": "", "ncmaxjobs": "unknown", "numtests": "1", "runfinished": "unknown", "runelapsed": "-1", "numcorners": "1"}
[2026-09-01 04:46:24.569 Z] [INFO] [cadence.virtuoso.ade.gui] - Simulation will use spectre batch mode because the GCC version used by Spectre and Virtuoso are not compatible. {"history": "Interactive.222", "point": 1, "testname": "TRAN", "detailed_message": "", "message_id": "ASSEMBLER-5024"}
[2026-09-01 04:46:24.598 Z] [EVENT] [cadence.virtuoso.ade.pointevaluator] - NewPoint {"history": "Interactive.222", "point": 1, "testname": "TRAN", "event": "NewPoint", "EventSource": "ADE GUI", "HistoryName": "Interactive.222", "logFile": "/home/saul/projects/LF_BG/logs_saul/logs5/virtuoso_ade_debug.log", "logFileSize": "31568"}
[2026-09-01 04:46:24.599 Z] [INFO] [cadence.virtuoso.ade.pointevaluator] - Started netlisting {"history": "Interactive.222", "point": 1, "testname": "TRAN"}
[2026-09-01 04:46:25.047 Z] [INFO] [cadence.virtuoso.ade.pointevaluator] - Finished netlisting {"history": "Interactive.222", "point": 1, "testname": "TRAN"}
[2026-09-01 04:46:25.047 Z] [INFO] [cadence.virtuoso.ade.pointevaluator] - Submitted {"history": "Interactive.222", "point": 1, "testname": "TRAN"}
[2026-09-01 04:46:26.713 Z] [PROCESS] [cadence.virtuoso.ade.gui] - ln: failed to create symbolic link '/home/saul/simulation/REF_GEN/REF_GEN_f_TB/maestro/results/maestro/Interactive.222/1/TRAN/netlist/exprOutputs.log': File exists
 {"logfile": "/home/saul/projects/LF_BG/logs_saul/logs5/Job7.log"}
[2026-09-01 04:46:26.716 Z] [PROCESS] [cadence.virtuoso.ade.gui] - ln: failed to create symbolic link '/home/saul/simulation/REF_GEN/REF_GEN_f_TB/maestro/results/maestro/Interactive.222/1/TRAN/netlist/amps_evaluator.log': File exists
 {"logfile": "/home/saul/projects/LF_BG/logs_saul/logs5/Job7.log"}
[2026-09-01 04:46:29.066 Z] [INFO] [cadence.virtuoso.ade.gui] - Point completed {"history": "Interactive.222", "point": 1, "testname": "TRAN"}
[2026-09-01 04:46:29.164 Z] [EVENT] [cadence.virtuoso.ade.gui] - HistoryFinished {"history": "Interactive.222", "point": 1, "testname": "TRAN", "event": "HistoryFinished", "EventSource": "ADE GUI", "HistoryName": "Interactive.222"}
[2026-09-01 04:47:52.268 Z] [WARN] [cadence.virtuoso.ade.gui] - The following global variable(s) are enabled, but are not used by any test in the active setup:
PD PD_PULSE 
It is recommended to delete or disable these variable(s) because they are not being considered by the simulation run. {"history": "Interactive.222", "point": 1, "testname": "TRAN", "detailed_message": "", "message_id": "ASSEMBLER-1704"}
[2026-09-01 04:47:52.402 Z] [EVENT] [cadence.virtuoso.ade.gui] - NewHistoryCreated {"history": "Interactive.223", "point": 1, "testname": "TRAN", "event": "NewHistoryCreated", "EventSource": "ADE GUI", "HistoryName": "Interactive.223", "WorkDir": "/home/saul/projects/LF_BG", "HistorySimDir": "/home/saul/simulation/REF_GEN/REF_GEN_f_TB/maestro/results/maestro/Interactive.223", "HistoryResultsDir": "/home/saul/projects/LF_BG/REF_GEN/REF_GEN_f_TB/maestro/results/maestro"}
[2026-09-01 04:47:52.402 Z] [PROCESS] [cadence.virtuoso.ade.gui] - History Setup {"hostname": "edatools", "processid": 83587, "history": "Interactive.223", "testname": "TRAN", "point": 1, "logfile": "/home/saul/projects/LF_BG/logs_saul/logs5/virtuoso_ade_debug.log", "jobmode": "LSCS", "runmode": "Single Run, Sweeps and Corners", "lib": "REF_GEN", "cell": "REF_GEN_f_TB", "view": "maestro", "icversion": "sub-version  IC6.1.8-64b.500.36 ", "runstart": "Tue Sep  1 04:47:52 2026\n", "timezonelocal": "+000", "spectreversion": "unknown", "jobpolicyname": "ADE XL Default", "maxjobs": "unknown", "ncjobpolicyname": "", "ncmaxjobs": "unknown", "numtests": "1", "runfinished": "unknown", "runelapsed": "-1", "numcorners": "1"}
[2026-09-01 04:47:53.558 Z] [INFO] [cadence.virtuoso.ade.gui] - Simulation will use spectre batch mode because the GCC version used by Spectre and Virtuoso are not compatible. {"history": "Interactive.223", "point": 1, "testname": "TRAN", "detailed_message": "", "message_id": "ASSEMBLER-5024"}
[2026-09-01 04:47:53.589 Z] [EVENT] [cadence.virtuoso.ade.pointevaluator] - NewPoint {"history": "Interactive.223", "point": 1, "testname": "TRAN", "event": "NewPoint", "EventSource": "ADE GUI", "HistoryName": "Interactive.223", "logFile": "/home/saul/projects/LF_BG/logs_saul/logs5/virtuoso_ade_debug.log", "logFileSize": "35239"}
[2026-09-01 04:47:53.590 Z] [INFO] [cadence.virtuoso.ade.pointevaluator] - Started netlisting {"history": "Interactive.223", "point": 1, "testname": "TRAN"}
[2026-09-01 04:47:53.911 Z] [INFO] [cadence.virtuoso.ade.pointevaluator] - Finished netlisting {"history": "Interactive.223", "point": 1, "testname": "TRAN"}
[2026-09-01 04:47:53.911 Z] [INFO] [cadence.virtuoso.ade.pointevaluator] - Submitted {"history": "Interactive.223", "point": 1, "testname": "TRAN"}
[2026-09-01 04:47:55.573 Z] [PROCESS] [cadence.virtuoso.ade.gui] - ln: failed to create symbolic link '/home/saul/simulation/REF_GEN/REF_GEN_f_TB/maestro/results/maestro/Interactive.223/1/TRAN/netlist/exprOutputs.log': File exists
 {"logfile": "/home/saul/projects/LF_BG/logs_saul/logs5/Job7.log"}
[2026-09-01 04:47:55.573 Z] [PROCESS] [cadence.virtuoso.ade.gui] - ln: failed to create symbolic link '/home/saul/simulation/REF_GEN/REF_GEN_f_TB/maestro/results/maestro/Interactive.223/1/TRAN/netlist/amps_evaluator.log': File exists
 {"logfile": "/home/saul/projects/LF_BG/logs_saul/logs5/Job7.log"}
[2026-09-01 04:47:58.062 Z] [INFO] [cadence.virtuoso.ade.gui] - Point completed {"history": "Interactive.223", "point": 1, "testname": "TRAN"}
[2026-09-01 04:47:58.137 Z] [EVENT] [cadence.virtuoso.ade.gui] - HistoryFinished {"history": "Interactive.223", "point": 1, "testname": "TRAN", "event": "HistoryFinished", "EventSource": "ADE GUI", "HistoryName": "Interactive.223"}
[2026-09-01 04:48:30.668 Z] [WARN] [cadence.virtuoso.ade.gui] - The following global variable(s) are enabled, but are not used by any test in the active setup:
PD PD_PULSE 
It is recommended to delete or disable these variable(s) because they are not being considered by the simulation run. {"history": "Interactive.223", "point": 1, "testname": "TRAN", "detailed_message": "", "message_id": "ASSEMBLER-1704"}
[2026-09-01 04:48:30.807 Z] [EVENT] [cadence.virtuoso.ade.gui] - NewHistoryCreated {"history": "Interactive.224", "point": 1, "testname": "TRAN", "event": "NewHistoryCreated", "EventSource": "ADE GUI", "HistoryName": "Interactive.224", "WorkDir": "/home/saul/projects/LF_BG", "HistorySimDir": "/home/saul/simulation/REF_GEN/REF_GEN_f_TB/maestro/results/maestro/Interactive.224", "HistoryResultsDir": "/home/saul/projects/LF_BG/REF_GEN/REF_GEN_f_TB/maestro/results/maestro"}
[2026-09-01 04:48:30.807 Z] [PROCESS] [cadence.virtuoso.ade.gui] - History Setup {"hostname": "edatools", "processid": 83587, "history": "Interactive.224", "testname": "TRAN", "point": 1, "logfile": "/home/saul/projects/LF_BG/logs_saul/logs5/virtuoso_ade_debug.log", "jobmode": "LSCS", "runmode": "Single Run, Sweeps and Corners", "lib": "REF_GEN", "cell": "REF_GEN_f_TB", "view": "maestro", "icversion": "sub-version  IC6.1.8-64b.500.36 ", "runstart": "Tue Sep  1 04:48:30 2026\n", "timezonelocal": "+000", "spectreversion": "unknown", "jobpolicyname": "ADE XL Default", "maxjobs": "unknown", "ncjobpolicyname": "", "ncmaxjobs": "unknown", "numtests": "1", "runfinished": "unknown", "runelapsed": "-1", "numcorners": "1"}
[2026-09-01 04:48:31.934 Z] [INFO] [cadence.virtuoso.ade.gui] - Simulation will use spectre batch mode because the GCC version used by Spectre and Virtuoso are not compatible. {"history": "Interactive.224", "point": 1, "testname": "TRAN", "detailed_message": "", "message_id": "ASSEMBLER-5024"}
[2026-09-01 04:48:31.965 Z] [EVENT] [cadence.virtuoso.ade.pointevaluator] - NewPoint {"history": "Interactive.224", "point": 1, "testname": "TRAN", "event": "NewPoint", "EventSource": "ADE GUI", "HistoryName": "Interactive.224", "logFile": "/home/saul/projects/LF_BG/logs_saul/logs5/virtuoso_ade_debug.log", "logFileSize": "38910"}
[2026-09-01 04:48:31.965 Z] [INFO] [cadence.virtuoso.ade.pointevaluator] - Started netlisting {"history": "Interactive.224", "point": 1, "testname": "TRAN"}
[2026-09-01 04:48:32.340 Z] [INFO] [cadence.virtuoso.ade.pointevaluator] - Finished netlisting {"history": "Interactive.224", "point": 1, "testname": "TRAN"}
[2026-09-01 04:48:32.341 Z] [INFO] [cadence.virtuoso.ade.pointevaluator] - Submitted {"history": "Interactive.224", "point": 1, "testname": "TRAN"}
[2026-09-01 04:48:34.003 Z] [PROCESS] [cadence.virtuoso.ade.gui] - ln: failed to create symbolic link '/home/saul/simulation/REF_GEN/REF_GEN_f_TB/maestro/results/maestro/Interactive.224/1/TRAN/netlist/exprOutputs.log': File exists
 {"logfile": "/home/saul/projects/LF_BG/logs_saul/logs5/Job7.log"}
[2026-09-01 04:48:34.004 Z] [PROCESS] [cadence.virtuoso.ade.gui] - ln: failed to create symbolic link '/home/saul/simulation/REF_GEN/REF_GEN_f_TB/maestro/results/maestro/Interactive.224/1/TRAN/netlist/amps_evaluator.log': File exists
 {"logfile": "/home/saul/projects/LF_BG/logs_saul/logs5/Job7.log"}
[2026-09-01 04:48:36.063 Z] [INFO] [cadence.virtuoso.ade.gui] - Point completed {"history": "Interactive.224", "point": 1, "testname": "TRAN"}
[2026-09-01 04:48:36.134 Z] [EVENT] [cadence.virtuoso.ade.gui] - HistoryFinished {"history": "Interactive.224", "point": 1, "testname": "TRAN", "event": "HistoryFinished", "EventSource": "ADE GUI", "HistoryName": "Interactive.224"}
[2026-09-01 04:49:41.672 Z] [WARN] [cadence.virtuoso.ade.gui] - The following global variable(s) are enabled, but are not used by any test in the active setup:
PD PD_PULSE 
It is recommended to delete or disable these variable(s) because they are not being considered by the simulation run. {"history": "Interactive.224", "point": 1, "testname": "TRAN", "detailed_message": "", "message_id": "ASSEMBLER-1704"}
[2026-09-01 04:49:41.828 Z] [EVENT] [cadence.virtuoso.ade.gui] - NewHistoryCreated {"history": "Interactive.225", "point": 1, "testname": "TRAN", "event": "NewHistoryCreated", "EventSource": "ADE GUI", "HistoryName": "Interactive.225", "WorkDir": "/home/saul/projects/LF_BG", "HistorySimDir": "/home/saul/simulation/REF_GEN/REF_GEN_f_TB/maestro/results/maestro/Interactive.225", "HistoryResultsDir": "/home/saul/projects/LF_BG/REF_GEN/REF_GEN_f_TB/maestro/results/maestro"}
[2026-09-01 04:49:41.829 Z] [PROCESS] [cadence.virtuoso.ade.gui] - History Setup {"hostname": "edatools", "processid": 83587, "history": "Interactive.225", "testname": "TRAN", "point": 1, "logfile": "/home/saul/projects/LF_BG/logs_saul/logs5/virtuoso_ade_debug.log", "jobmode": "LSCS", "runmode": "Single Run, Sweeps and Corners", "lib": "REF_GEN", "cell": "REF_GEN_f_TB", "view": "maestro", "icversion": "sub-version  IC6.1.8-64b.500.36 ", "runstart": "Tue Sep  1 04:49:41 2026\n", "timezonelocal": "+000", "spectreversion": "unknown", "jobpolicyname": "ADE XL Default", "maxjobs": "unknown", "ncjobpolicyname": "", "ncmaxjobs": "unknown", "numtests": "1", "runfinished": "unknown", "runelapsed": "-1", "numcorners": "1"}
[2026-09-01 04:49:42.963 Z] [INFO] [cadence.virtuoso.ade.gui] - Simulation will use spectre batch mode because the GCC version used by Spectre and Virtuoso are not compatible. {"history": "Interactive.225", "point": 1, "testname": "TRAN", "detailed_message": "", "message_id": "ASSEMBLER-5024"}
[2026-09-01 04:49:42.993 Z] [EVENT] [cadence.virtuoso.ade.pointevaluator] - NewPoint {"history": "Interactive.225", "point": 1, "testname": "TRAN", "event": "NewPoint", "EventSource": "ADE GUI", "HistoryName": "Interactive.225", "logFile": "/home/saul/projects/LF_BG/logs_saul/logs5/virtuoso_ade_debug.log", "logFileSize": "42581"}
[2026-09-01 04:49:42.994 Z] [INFO] [cadence.virtuoso.ade.pointevaluator] - Started netlisting {"history": "Interactive.225", "point": 1, "testname": "TRAN"}
[2026-09-01 04:49:43.437 Z] [INFO] [cadence.virtuoso.ade.pointevaluator] - Finished netlisting {"history": "Interactive.225", "point": 1, "testname": "TRAN"}
[2026-09-01 04:49:43.437 Z] [INFO] [cadence.virtuoso.ade.pointevaluator] - Submitted {"history": "Interactive.225", "point": 1, "testname": "TRAN"}
[2026-09-01 04:49:46.086 Z] [PROCESS] [cadence.virtuoso.ade.gui] - ln: failed to create symbolic link '/home/saul/simulation/REF_GEN/REF_GEN_f_TB/maestro/results/maestro/Interactive.225/1/TRAN/netlist/exprOutputs.log': File exists
 {"logfile": "/home/saul/projects/LF_BG/logs_saul/logs5/Job7.log"}
[2026-09-01 04:49:46.089 Z] [PROCESS] [cadence.virtuoso.ade.gui] - ln: failed to create symbolic link '/home/saul/simulation/REF_GEN/REF_GEN_f_TB/maestro/results/maestro/Interactive.225/1/TRAN/netlist/amps_evaluator.log': File exists
 {"logfile": "/home/saul/projects/LF_BG/logs_saul/logs5/Job7.log"}
[2026-09-01 04:49:48.066 Z] [INFO] [cadence.virtuoso.ade.gui] - Point completed {"history": "Interactive.225", "point": 1, "testname": "TRAN"}
[2026-09-01 04:49:48.116 Z] [EVENT] [cadence.virtuoso.ade.gui] - HistoryFinished {"history": "Interactive.225", "point": 1, "testname": "TRAN", "event": "HistoryFinished", "EventSource": "ADE GUI", "HistoryName": "Interactive.225"}
[2026-09-01 04:55:49.141 Z] [WARN] [cadence.virtuoso.ade.gui] - The following global variable(s) are enabled, but are not used by any test in the active setup:
PD PD_PULSE 
It is recommended to delete or disable these variable(s) because they are not being considered by the simulation run. {"history": "Interactive.225", "point": 1, "testname": "TRAN", "detailed_message": "", "message_id": "ASSEMBLER-1704"}
[2026-09-01 04:55:49.298 Z] [EVENT] [cadence.virtuoso.ade.gui] - NewHistoryCreated {"history": "Interactive.226", "point": 1, "testname": "TRAN", "event": "NewHistoryCreated", "EventSource": "ADE GUI", "HistoryName": "Interactive.226", "WorkDir": "/home/saul/projects/LF_BG", "HistorySimDir": "/home/saul/simulation/REF_GEN/REF_GEN_f_TB/maestro/results/maestro/Interactive.226", "HistoryResultsDir": "/home/saul/projects/LF_BG/REF_GEN/REF_GEN_f_TB/maestro/results/maestro"}
[2026-09-01 04:55:49.299 Z] [PROCESS] [cadence.virtuoso.ade.gui] - History Setup {"hostname": "edatools", "processid": 83587, "history": "Interactive.226", "testname": "TRAN", "point": 1, "logfile": "/home/saul/projects/LF_BG/logs_saul/logs5/virtuoso_ade_debug.log", "jobmode": "LSCS", "runmode": "Single Run, Sweeps and Corners", "lib": "REF_GEN", "cell": "REF_GEN_f_TB", "view": "maestro", "icversion": "sub-version  IC6.1.8-64b.500.36 ", "runstart": "Tue Sep  1 04:55:49 2026\n", "timezonelocal": "+000", "spectreversion": "unknown", "jobpolicyname": "ADE XL Default", "maxjobs": "unknown", "ncjobpolicyname": "", "ncmaxjobs": "unknown", "numtests": "1", "runfinished": "unknown", "runelapsed": "-1", "numcorners": "1"}
[2026-09-01 04:55:50.544 Z] [INFO] [cadence.virtuoso.ade.gui] - Simulation will use spectre batch mode because the GCC version used by Spectre and Virtuoso are not compatible. {"history": "Interactive.226", "point": 1, "testname": "TRAN", "detailed_message": "", "message_id": "ASSEMBLER-5024"}
[2026-09-01 04:55:50.575 Z] [EVENT] [cadence.virtuoso.ade.pointevaluator] - NewPoint {"history": "Interactive.226", "point": 1, "testname": "TRAN", "event": "NewPoint", "EventSource": "ADE GUI", "HistoryName": "Interactive.226", "logFile": "/home/saul/projects/LF_BG/logs_saul/logs5/virtuoso_ade_debug.log", "logFileSize": "46252"}
[2026-09-01 04:55:50.576 Z] [INFO] [cadence.virtuoso.ade.pointevaluator] - Started netlisting {"history": "Interactive.226", "point": 1, "testname": "TRAN"}
[2026-09-01 04:55:51.115 Z] [INFO] [cadence.virtuoso.ade.pointevaluator] - Finished netlisting {"history": "Interactive.226", "point": 1, "testname": "TRAN"}
[2026-09-01 04:55:51.115 Z] [INFO] [cadence.virtuoso.ade.pointevaluator] - Submitted {"history": "Interactive.226", "point": 1, "testname": "TRAN"}
[2026-09-01 04:55:54.578 Z] [PROCESS] [cadence.virtuoso.ade.gui] - /home/saul/projects/LF_BG/.tmp_saul/.cmddir5/swiftJob8 is starting {"logfile": "/home/saul/projects/LF_BG/logs_saul/logs5/Job8.log"}
[2026-09-01 04:55:54.687 Z] [PROCESS] [cadence.virtuoso.ade.gui] - Simulation Monitor process '96911' is starting up on host 'edatools' {"logfile": "/home/saul/projects/LF_BG/logs_saul/logs5/Job8.log"}
[2026-09-01 04:55:56.062 Z] [ERROR] [cadence.virtuoso.ade.gui] - Simulation error {"history": "Interactive.226", "point": 1, "testname": "TRAN"}
[2026-09-01 04:55:56.099 Z] [EVENT] [cadence.virtuoso.ade.gui] - HistoryFinished {"history": "Interactive.226", "point": 1, "testname": "TRAN", "event": "HistoryFinished", "EventSource": "ADE GUI", "HistoryName": "Interactive.226"}
[2026-09-01 04:56:30.194 Z] [WARN] [cadence.virtuoso.ade.gui] - The following global variable(s) are enabled, but are not used by any test in the active setup:
PD PD_PULSE 
It is recommended to delete or disable these variable(s) because they are not being considered by the simulation run. {"history": "Interactive.226", "point": 1, "testname": "TRAN", "detailed_message": "", "message_id": "ASSEMBLER-1704"}
[2026-09-01 04:56:30.348 Z] [EVENT] [cadence.virtuoso.ade.gui] - NewHistoryCreated {"history": "Interactive.227", "point": 1, "testname": "TRAN", "event": "NewHistoryCreated", "EventSource": "ADE GUI", "HistoryName": "Interactive.227", "WorkDir": "/home/saul/projects/LF_BG", "HistorySimDir": "/home/saul/simulation/REF_GEN/REF_GEN_f_TB/maestro/results/maestro/Interactive.227", "HistoryResultsDir": "/home/saul/projects/LF_BG/REF_GEN/REF_GEN_f_TB/maestro/results/maestro"}
[2026-09-01 04:56:30.348 Z] [PROCESS] [cadence.virtuoso.ade.gui] - History Setup {"hostname": "edatools", "processid": 83587, "history": "Interactive.227", "testname": "TRAN", "point": 1, "logfile": "/home/saul/projects/LF_BG/logs_saul/logs5/virtuoso_ade_debug.log", "jobmode": "LSCS", "runmode": "Single Run, Sweeps and Corners", "lib": "REF_GEN", "cell": "REF_GEN_f_TB", "view": "maestro", "icversion": "sub-version  IC6.1.8-64b.500.36 ", "runstart": "Tue Sep  1 04:56:30 2026\n", "timezonelocal": "+000", "spectreversion": "unknown", "jobpolicyname": "ADE XL Default", "maxjobs": "unknown", "ncjobpolicyname": "", "ncmaxjobs": "unknown", "numtests": "1", "runfinished": "unknown", "runelapsed": "-1", "numcorners": "1"}
[2026-09-01 04:56:31.489 Z] [INFO] [cadence.virtuoso.ade.gui] - Simulation will use spectre batch mode because the GCC version used by Spectre and Virtuoso are not compatible. {"history": "Interactive.227", "point": 1, "testname": "TRAN", "detailed_message": "", "message_id": "ASSEMBLER-5024"}
[2026-09-01 04:56:31.520 Z] [EVENT] [cadence.virtuoso.ade.pointevaluator] - NewPoint {"history": "Interactive.227", "point": 1, "testname": "TRAN", "event": "NewPoint", "EventSource": "ADE GUI", "HistoryName": "Interactive.227", "logFile": "/home/saul/projects/LF_BG/logs_saul/logs5/virtuoso_ade_debug.log", "logFileSize": "49728"}
[2026-09-01 04:56:31.520 Z] [INFO] [cadence.virtuoso.ade.pointevaluator] - Started netlisting {"history": "Interactive.227", "point": 1, "testname": "TRAN"}
[2026-09-01 04:56:32.024 Z] [INFO] [cadence.virtuoso.ade.pointevaluator] - Finished netlisting {"history": "Interactive.227", "point": 1, "testname": "TRAN"}
[2026-09-01 04:56:32.024 Z] [INFO] [cadence.virtuoso.ade.pointevaluator] - Submitted {"history": "Interactive.227", "point": 1, "testname": "TRAN"}
[2026-09-01 04:56:34.677 Z] [PROCESS] [cadence.virtuoso.ade.gui] - ln: failed to create symbolic link '/home/saul/simulation/REF_GEN/REF_GEN_f_TB/maestro/results/maestro/Interactive.227/1/TRAN/netlist/exprOutputs.log': File exists
 {"logfile": "/home/saul/projects/LF_BG/logs_saul/logs5/Job8.log"}
[2026-09-01 04:56:34.680 Z] [PROCESS] [cadence.virtuoso.ade.gui] - ln: failed to create symbolic link '/home/saul/simulation/REF_GEN/REF_GEN_f_TB/maestro/results/maestro/Interactive.227/1/TRAN/netlist/amps_evaluator.log': File exists
 {"logfile": "/home/saul/projects/LF_BG/logs_saul/logs5/Job8.log"}
[2026-09-01 04:56:36.063 Z] [INFO] [cadence.virtuoso.ade.gui] - Point completed {"history": "Interactive.227", "point": 1, "testname": "TRAN"}
[2026-09-01 04:56:36.101 Z] [EVENT] [cadence.virtuoso.ade.gui] - HistoryFinished {"history": "Interactive.227", "point": 1, "testname": "TRAN", "event": "HistoryFinished", "EventSource": "ADE GUI", "HistoryName": "Interactive.227"}
[2026-09-01 04:57:41.947 Z] [WARN] [cadence.virtuoso.ade.gui] - The following global variable(s) are enabled, but are not used by any test in the active setup:
PD PD_PULSE 
It is recommended to delete or disable these variable(s) because they are not being considered by the simulation run. {"history": "Interactive.227", "point": 1, "testname": "TRAN", "detailed_message": "", "message_id": "ASSEMBLER-1704"}
[2026-09-01 04:57:42.109 Z] [EVENT] [cadence.virtuoso.ade.gui] - NewHistoryCreated {"history": "Interactive.228", "point": 1, "testname": "TRAN", "event": "NewHistoryCreated", "EventSource": "ADE GUI", "HistoryName": "Interactive.228", "WorkDir": "/home/saul/projects/LF_BG", "HistorySimDir": "/home/saul/simulation/REF_GEN/REF_GEN_f_TB/maestro/results/maestro/Interactive.228", "HistoryResultsDir": "/home/saul/projects/LF_BG/REF_GEN/REF_GEN_f_TB/maestro/results/maestro"}
[2026-09-01 04:57:42.110 Z] [PROCESS] [cadence.virtuoso.ade.gui] - History Setup {"hostname": "edatools", "processid": 83587, "history": "Interactive.228", "testname": "TRAN", "point": 1, "logfile": "/home/saul/projects/LF_BG/logs_saul/logs5/virtuoso_ade_debug.log", "jobmode": "LSCS", "runmode": "Single Run, Sweeps and Corners", "lib": "REF_GEN", "cell": "REF_GEN_f_TB", "view": "maestro", "icversion": "sub-version  IC6.1.8-64b.500.36 ", "runstart": "Tue Sep  1 04:57:42 2026\n", "timezonelocal": "+000", "spectreversion": "unknown", "jobpolicyname": "ADE XL Default", "maxjobs": "unknown", "ncjobpolicyname": "", "ncmaxjobs": "unknown", "numtests": "1", "runfinished": "unknown", "runelapsed": "-1", "numcorners": "1"}
[2026-09-01 04:57:43.265 Z] [INFO] [cadence.virtuoso.ade.gui] - Simulation will use spectre batch mode because the GCC version used by Spectre and Virtuoso are not compatible. {"history": "Interactive.228", "point": 1, "testname": "TRAN", "detailed_message": "", "message_id": "ASSEMBLER-5024"}
[2026-09-01 04:57:43.295 Z] [EVENT] [cadence.virtuoso.ade.pointevaluator] - NewPoint {"history": "Interactive.228", "point": 1, "testname": "TRAN", "event": "NewPoint", "EventSource": "ADE GUI", "HistoryName": "Interactive.228", "logFile": "/home/saul/projects/LF_BG/logs_saul/logs5/virtuoso_ade_debug.log", "logFileSize": "53399"}
[2026-09-01 04:57:43.296 Z] [INFO] [cadence.virtuoso.ade.pointevaluator] - Started netlisting {"history": "Interactive.228", "point": 1, "testname": "TRAN"}
[2026-09-01 04:57:43.741 Z] [INFO] [cadence.virtuoso.ade.pointevaluator] - Finished netlisting {"history": "Interactive.228", "point": 1, "testname": "TRAN"}
[2026-09-01 04:57:43.741 Z] [INFO] [cadence.virtuoso.ade.pointevaluator] - Submitted {"history": "Interactive.228", "point": 1, "testname": "TRAN"}
[2026-09-01 04:57:46.406 Z] [PROCESS] [cadence.virtuoso.ade.gui] - ln: failed to create symbolic link '/home/saul/simulation/REF_GEN/REF_GEN_f_TB/maestro/results/maestro/Interactive.228/1/TRAN/netlist/exprOutputs.log': File exists
 {"logfile": "/home/saul/projects/LF_BG/logs_saul/logs5/Job8.log"}
[2026-09-01 04:57:46.409 Z] [PROCESS] [cadence.virtuoso.ade.gui] - ln: failed to create symbolic link '/home/saul/simulation/REF_GEN/REF_GEN_f_TB/maestro/results/maestro/Interactive.228/1/TRAN/netlist/amps_evaluator.log': File exists
 {"logfile": "/home/saul/projects/LF_BG/logs_saul/logs5/Job8.log"}
[2026-09-01 04:57:48.063 Z] [INFO] [cadence.virtuoso.ade.gui] - Point completed {"history": "Interactive.228", "point": 1, "testname": "TRAN"}
[2026-09-01 04:57:48.137 Z] [EVENT] [cadence.virtuoso.ade.gui] - HistoryFinished {"history": "Interactive.228", "point": 1, "testname": "TRAN", "event": "HistoryFinished", "EventSource": "ADE GUI", "HistoryName": "Interactive.228"}
[2026-09-01 04:58:59.218 Z] [WARN] [cadence.virtuoso.ade.gui] - The following global variable(s) are enabled, but are not used by any test in the active setup:
PD PD_PULSE 
It is recommended to delete or disable these variable(s) because they are not being considered by the simulation run. {"history": "Interactive.228", "point": 1, "testname": "TRAN", "detailed_message": "", "message_id": "ASSEMBLER-1704"}
[2026-09-01 04:58:59.372 Z] [EVENT] [cadence.virtuoso.ade.gui] - NewHistoryCreated {"history": "Interactive.229", "point": 1, "testname": "TRAN", "event": "NewHistoryCreated", "EventSource": "ADE GUI", "HistoryName": "Interactive.229", "WorkDir": "/home/saul/projects/LF_BG", "HistorySimDir": "/home/saul/simulation/REF_GEN/REF_GEN_f_TB/maestro/results/maestro/Interactive.229", "HistoryResultsDir": "/home/saul/projects/LF_BG/REF_GEN/REF_GEN_f_TB/maestro/results/maestro"}
[2026-09-01 04:58:59.372 Z] [PROCESS] [cadence.virtuoso.ade.gui] - History Setup {"hostname": "edatools", "processid": 83587, "history": "Interactive.229", "testname": "TRAN", "point": 1, "logfile": "/home/saul/projects/LF_BG/logs_saul/logs5/virtuoso_ade_debug.log", "jobmode": "LSCS", "runmode": "Single Run, Sweeps and Corners", "lib": "REF_GEN", "cell": "REF_GEN_f_TB", "view": "maestro", "icversion": "sub-version  IC6.1.8-64b.500.36 ", "runstart": "Tue Sep  1 04:58:59 2026\n", "timezonelocal": "+000", "spectreversion": "unknown", "jobpolicyname": "ADE XL Default", "maxjobs": "unknown", "ncjobpolicyname": "", "ncmaxjobs": "unknown", "numtests": "1", "runfinished": "unknown", "runelapsed": "-1", "numcorners": "1"}
[2026-09-01 04:59:00.528 Z] [INFO] [cadence.virtuoso.ade.gui] - Simulation will use spectre batch mode because the GCC version used by Spectre and Virtuoso are not compatible. {"history": "Interactive.229", "point": 1, "testname": "TRAN", "detailed_message": "", "message_id": "ASSEMBLER-5024"}
[2026-09-01 04:59:00.563 Z] [EVENT] [cadence.virtuoso.ade.pointevaluator] - NewPoint {"history": "Interactive.229", "point": 1, "testname": "TRAN", "event": "NewPoint", "EventSource": "ADE GUI", "HistoryName": "Interactive.229", "logFile": "/home/saul/projects/LF_BG/logs_saul/logs5/virtuoso_ade_debug.log", "logFileSize": "57070"}
[2026-09-01 04:59:00.563 Z] [INFO] [cadence.virtuoso.ade.pointevaluator] - Started netlisting {"history": "Interactive.229", "point": 1, "testname": "TRAN"}
[2026-09-01 04:59:01.018 Z] [INFO] [cadence.virtuoso.ade.pointevaluator] - Finished netlisting {"history": "Interactive.229", "point": 1, "testname": "TRAN"}
[2026-09-01 04:59:01.018 Z] [INFO] [cadence.virtuoso.ade.pointevaluator] - Submitted {"history": "Interactive.229", "point": 1, "testname": "TRAN"}
[2026-09-01 04:59:03.668 Z] [PROCESS] [cadence.virtuoso.ade.gui] - ln: failed to create symbolic link '/home/saul/simulation/REF_GEN/REF_GEN_f_TB/maestro/results/maestro/Interactive.229/1/TRAN/netlist/exprOutputs.log': File exists
 {"logfile": "/home/saul/projects/LF_BG/logs_saul/logs5/Job8.log"}
[2026-09-01 04:59:03.671 Z] [PROCESS] [cadence.virtuoso.ade.gui] - ln: failed to create symbolic link '/home/saul/simulation/REF_GEN/REF_GEN_f_TB/maestro/results/maestro/Interactive.229/1/TRAN/netlist/amps_evaluator.log': File exists
 {"logfile": "/home/saul/projects/LF_BG/logs_saul/logs5/Job8.log"}
[2026-09-01 04:59:05.058 Z] [INFO] [cadence.virtuoso.ade.gui] - Point completed {"history": "Interactive.229", "point": 1, "testname": "TRAN"}
[2026-09-01 04:59:05.095 Z] [EVENT] [cadence.virtuoso.ade.gui] - HistoryFinished {"history": "Interactive.229", "point": 1, "testname": "TRAN", "event": "HistoryFinished", "EventSource": "ADE GUI", "HistoryName": "Interactive.229"}
[2026-09-01 04:59:55.139 Z] [WARN] [cadence.virtuoso.ade.gui] - The following global variable(s) are enabled, but are not used by any test in the active setup:
PD PD_PULSE 
It is recommended to delete or disable these variable(s) because they are not being considered by the simulation run. {"history": "Interactive.229", "point": 1, "testname": "TRAN", "detailed_message": "", "message_id": "ASSEMBLER-1704"}
[2026-09-01 04:59:55.398 Z] [EVENT] [cadence.virtuoso.ade.gui] - NewHistoryCreated {"history": "Interactive.230", "point": 1, "testname": "TRAN", "event": "NewHistoryCreated", "EventSource": "ADE GUI", "HistoryName": "Interactive.230", "WorkDir": "/home/saul/projects/LF_BG", "HistorySimDir": "/home/saul/simulation/REF_GEN/REF_GEN_f_TB/maestro/results/maestro/Interactive.230", "HistoryResultsDir": "/home/saul/projects/LF_BG/REF_GEN/REF_GEN_f_TB/maestro/results/maestro"}
[2026-09-01 04:59:55.398 Z] [PROCESS] [cadence.virtuoso.ade.gui] - History Setup {"hostname": "edatools", "processid": 83587, "history": "Interactive.230", "testname": "TRAN", "point": 1, "logfile": "/home/saul/projects/LF_BG/logs_saul/logs5/virtuoso_ade_debug.log", "jobmode": "LSCS", "runmode": "Single Run, Sweeps and Corners", "lib": "REF_GEN", "cell": "REF_GEN_f_TB", "view": "maestro", "icversion": "sub-version  IC6.1.8-64b.500.36 ", "runstart": "Tue Sep  1 04:59:55 2026\n", "timezonelocal": "+000", "spectreversion": "unknown", "jobpolicyname": "ADE XL Default", "maxjobs": "unknown", "ncjobpolicyname": "", "ncmaxjobs": "unknown", "numtests": "1", "runfinished": "unknown", "runelapsed": "-1", "numcorners": "1"}
[2026-09-01 04:59:56.559 Z] [INFO] [cadence.virtuoso.ade.gui] - Simulation will use spectre batch mode because the GCC version used by Spectre and Virtuoso are not compatible. {"history": "Interactive.230", "point": 1, "testname": "TRAN", "detailed_message": "", "message_id": "ASSEMBLER-5024"}
[2026-09-01 04:59:56.594 Z] [EVENT] [cadence.virtuoso.ade.pointevaluator] - NewPoint {"history": "Interactive.230", "point": 1, "testname": "TRAN", "event": "NewPoint", "EventSource": "ADE GUI", "HistoryName": "Interactive.230", "logFile": "/home/saul/projects/LF_BG/logs_saul/logs5/virtuoso_ade_debug.log", "logFileSize": "60741"}
[2026-09-01 04:59:56.594 Z] [INFO] [cadence.virtuoso.ade.pointevaluator] - Started netlisting {"history": "Interactive.230", "point": 1, "testname": "TRAN"}
[2026-09-01 04:59:56.975 Z] [INFO] [cadence.virtuoso.ade.pointevaluator] - Finished netlisting {"history": "Interactive.230", "point": 1, "testname": "TRAN"}
[2026-09-01 04:59:56.975 Z] [INFO] [cadence.virtuoso.ade.pointevaluator] - Submitted {"history": "Interactive.230", "point": 1, "testname": "TRAN"}
[2026-09-01 04:59:58.611 Z] [PROCESS] [cadence.virtuoso.ade.gui] - ln: failed to create symbolic link '/home/saul/simulation/REF_GEN/REF_GEN_f_TB/maestro/results/maestro/Interactive.230/1/TRAN/netlist/exprOutputs.log': File exists
 {"logfile": "/home/saul/projects/LF_BG/logs_saul/logs5/Job8.log"}
[2026-09-01 04:59:58.614 Z] [PROCESS] [cadence.virtuoso.ade.gui] - ln: failed to create symbolic link '/home/saul/simulation/REF_GEN/REF_GEN_f_TB/maestro/results/maestro/Interactive.230/1/TRAN/netlist/amps_evaluator.log': File exists
 {"logfile": "/home/saul/projects/LF_BG/logs_saul/logs5/Job8.log"}
[2026-09-01 05:00:01.067 Z] [INFO] [cadence.virtuoso.ade.gui] - Point completed {"history": "Interactive.230", "point": 1, "testname": "TRAN"}
[2026-09-01 05:00:01.148 Z] [EVENT] [cadence.virtuoso.ade.gui] - HistoryFinished {"history": "Interactive.230", "point": 1, "testname": "TRAN", "event": "HistoryFinished", "EventSource": "ADE GUI", "HistoryName": "Interactive.230"}
[2026-09-01 05:01:48.969 Z] [WARN] [cadence.virtuoso.ade.gui] - The following global variable(s) are enabled, but are not used by any test in the active setup:
PD PD_PULSE 
It is recommended to delete or disable these variable(s) because they are not being considered by the simulation run. {"history": "Interactive.230", "point": 1, "testname": "TRAN", "detailed_message": "", "message_id": "ASSEMBLER-1704"}
[2026-09-01 05:01:49.130 Z] [EVENT] [cadence.virtuoso.ade.gui] - NewHistoryCreated {"history": "Interactive.231", "point": 1, "testname": "TRAN", "event": "NewHistoryCreated", "EventSource": "ADE GUI", "HistoryName": "Interactive.231", "WorkDir": "/home/saul/projects/LF_BG", "HistorySimDir": "/home/saul/simulation/REF_GEN/REF_GEN_f_TB/maestro/results/maestro/Interactive.231", "HistoryResultsDir": "/home/saul/projects/LF_BG/REF_GEN/REF_GEN_f_TB/maestro/results/maestro"}
[2026-09-01 05:01:49.130 Z] [PROCESS] [cadence.virtuoso.ade.gui] - History Setup {"hostname": "edatools", "processid": 83587, "history": "Interactive.231", "testname": "TRAN", "point": 1, "logfile": "/home/saul/projects/LF_BG/logs_saul/logs5/virtuoso_ade_debug.log", "jobmode": "LSCS", "runmode": "Single Run, Sweeps and Corners", "lib": "REF_GEN", "cell": "REF_GEN_f_TB", "view": "maestro", "icversion": "sub-version  IC6.1.8-64b.500.36 ", "runstart": "Tue Sep  1 05:01:49 2026\n", "timezonelocal": "+000", "spectreversion": "unknown", "jobpolicyname": "ADE XL Default", "maxjobs": "unknown", "ncjobpolicyname": "", "ncmaxjobs": "unknown", "numtests": "1", "runfinished": "unknown", "runelapsed": "-1", "numcorners": "1"}
[2026-09-01 05:01:50.270 Z] [INFO] [cadence.virtuoso.ade.gui] - Simulation will use spectre batch mode because the GCC version used by Spectre and Virtuoso are not compatible. {"history": "Interactive.231", "point": 1, "testname": "TRAN", "detailed_message": "", "message_id": "ASSEMBLER-5024"}
[2026-09-01 05:01:50.301 Z] [EVENT] [cadence.virtuoso.ade.pointevaluator] - NewPoint {"history": "Interactive.231", "point": 1, "testname": "TRAN", "event": "NewPoint", "EventSource": "ADE GUI", "HistoryName": "Interactive.231", "logFile": "/home/saul/projects/LF_BG/logs_saul/logs5/virtuoso_ade_debug.log", "logFileSize": "64412"}
[2026-09-01 05:01:50.301 Z] [INFO] [cadence.virtuoso.ade.pointevaluator] - Started netlisting {"history": "Interactive.231", "point": 1, "testname": "TRAN"}
[2026-09-01 05:01:50.783 Z] [INFO] [cadence.virtuoso.ade.pointevaluator] - Finished netlisting {"history": "Interactive.231", "point": 1, "testname": "TRAN"}
[2026-09-01 05:01:50.783 Z] [INFO] [cadence.virtuoso.ade.pointevaluator] - Submitted {"history": "Interactive.231", "point": 1, "testname": "TRAN"}
[2026-09-01 05:01:54.957 Z] [PROCESS] [cadence.virtuoso.ade.gui] - ln: failed to create symbolic link '/home/saul/simulation/REF_GEN/REF_GEN_f_TB/maestro/results/maestro/Interactive.231/1/TRAN/netlist/exprOutputs.log': File exists
 {"logfile": "/home/saul/projects/LF_BG/logs_saul/logs5/Job8.log"}
[2026-09-01 05:01:54.970 Z] [PROCESS] [cadence.virtuoso.ade.gui] - ln: failed to create symbolic link '/home/saul/simulation/REF_GEN/REF_GEN_f_TB/maestro/results/maestro/Interactive.231/1/TRAN/netlist/amps_evaluator.log': File exists
 {"logfile": "/home/saul/projects/LF_BG/logs_saul/logs5/Job8.log"}
[2026-09-01 05:01:56.069 Z] [INFO] [cadence.virtuoso.ade.gui] - Point completed {"history": "Interactive.231", "point": 1, "testname": "TRAN"}
[2026-09-01 05:01:56.114 Z] [EVENT] [cadence.virtuoso.ade.gui] - HistoryFinished {"history": "Interactive.231", "point": 1, "testname": "TRAN", "event": "HistoryFinished", "EventSource": "ADE GUI", "HistoryName": "Interactive.231"}
[2026-09-01 05:02:26.032 Z] [WARN] [cadence.virtuoso.ade.gui] - The following global variable(s) are enabled, but are not used by any test in the active setup:
PD PD_PULSE 
It is recommended to delete or disable these variable(s) because they are not being considered by the simulation run. {"history": "Interactive.231", "point": 1, "testname": "TRAN", "detailed_message": "", "message_id": "ASSEMBLER-1704"}
[2026-09-01 05:02:26.188 Z] [EVENT] [cadence.virtuoso.ade.gui] - NewHistoryCreated {"history": "Interactive.232", "point": 1, "testname": "TRAN", "event": "NewHistoryCreated", "EventSource": "ADE GUI", "HistoryName": "Interactive.232", "WorkDir": "/home/saul/projects/LF_BG", "HistorySimDir": "/home/saul/simulation/REF_GEN/REF_GEN_f_TB/maestro/results/maestro/Interactive.232", "HistoryResultsDir": "/home/saul/projects/LF_BG/REF_GEN/REF_GEN_f_TB/maestro/results/maestro"}
[2026-09-01 05:02:26.189 Z] [PROCESS] [cadence.virtuoso.ade.gui] - History Setup {"hostname": "edatools", "processid": 83587, "history": "Interactive.232", "testname": "TRAN", "point": 1, "logfile": "/home/saul/projects/LF_BG/logs_saul/logs5/virtuoso_ade_debug.log", "jobmode": "LSCS", "runmode": "Single Run, Sweeps and Corners", "lib": "REF_GEN", "cell": "REF_GEN_f_TB", "view": "maestro", "icversion": "sub-version  IC6.1.8-64b.500.36 ", "runstart": "Tue Sep  1 05:02:26 2026\n", "timezonelocal": "+000", "spectreversion": "unknown", "jobpolicyname": "ADE XL Default", "maxjobs": "unknown", "ncjobpolicyname": "", "ncmaxjobs": "unknown", "numtests": "1", "runfinished": "unknown", "runelapsed": "-1", "numcorners": "1"}
[2026-09-01 05:02:27.344 Z] [INFO] [cadence.virtuoso.ade.gui] - Simulation will use spectre batch mode because the GCC version used by Spectre and Virtuoso are not compatible. {"history": "Interactive.232", "point": 1, "testname": "TRAN", "detailed_message": "", "message_id": "ASSEMBLER-5024"}
[2026-09-01 05:02:27.374 Z] [EVENT] [cadence.virtuoso.ade.pointevaluator] - NewPoint {"history": "Interactive.232", "point": 1, "testname": "TRAN", "event": "NewPoint", "EventSource": "ADE GUI", "HistoryName": "Interactive.232", "logFile": "/home/saul/projects/LF_BG/logs_saul/logs5/virtuoso_ade_debug.log", "logFileSize": "68083"}
[2026-09-01 05:02:27.375 Z] [INFO] [cadence.virtuoso.ade.pointevaluator] - Started netlisting {"history": "Interactive.232", "point": 1, "testname": "TRAN"}
[2026-09-01 05:02:27.870 Z] [INFO] [cadence.virtuoso.ade.pointevaluator] - Finished netlisting {"history": "Interactive.232", "point": 1, "testname": "TRAN"}
[2026-09-01 05:02:27.870 Z] [INFO] [cadence.virtuoso.ade.pointevaluator] - Submitted {"history": "Interactive.232", "point": 1, "testname": "TRAN"}
[2026-09-01 05:02:30.533 Z] [PROCESS] [cadence.virtuoso.ade.gui] - ln: failed to create symbolic link '/home/saul/simulation/REF_GEN/REF_GEN_f_TB/maestro/results/maestro/Interactive.232/1/TRAN/netlist/exprOutputs.log': File exists
 {"logfile": "/home/saul/projects/LF_BG/logs_saul/logs5/Job8.log"}
[2026-09-01 05:02:30.535 Z] [PROCESS] [cadence.virtuoso.ade.gui] - ln: failed to create symbolic link '/home/saul/simulation/REF_GEN/REF_GEN_f_TB/maestro/results/maestro/Interactive.232/1/TRAN/netlist/amps_evaluator.log': File exists
 {"logfile": "/home/saul/projects/LF_BG/logs_saul/logs5/Job8.log"}
[2026-09-01 05:02:32.066 Z] [INFO] [cadence.virtuoso.ade.gui] - Point completed {"history": "Interactive.232", "point": 1, "testname": "TRAN"}
[2026-09-01 05:02:32.112 Z] [EVENT] [cadence.virtuoso.ade.gui] - HistoryFinished {"history": "Interactive.232", "point": 1, "testname": "TRAN", "event": "HistoryFinished", "EventSource": "ADE GUI", "HistoryName": "Interactive.232"}
[2026-09-01 05:02:40.414 Z] [WARN] [cadence.virtuoso.ade.gui] - The following global variable(s) are enabled, but are not used by any test in the active setup:
PD PD_PULSE 
It is recommended to delete or disable these variable(s) because they are not being considered by the simulation run. {"history": "Interactive.232", "point": 1, "testname": "TRAN", "detailed_message": "", "message_id": "ASSEMBLER-1704"}
[2026-09-01 05:02:40.573 Z] [EVENT] [cadence.virtuoso.ade.gui] - NewHistoryCreated {"history": "Interactive.233", "point": 1, "testname": "TRAN", "event": "NewHistoryCreated", "EventSource": "ADE GUI", "HistoryName": "Interactive.233", "WorkDir": "/home/saul/projects/LF_BG", "HistorySimDir": "/home/saul/simulation/REF_GEN/REF_GEN_f_TB/maestro/results/maestro/Interactive.233", "HistoryResultsDir": "/home/saul/projects/LF_BG/REF_GEN/REF_GEN_f_TB/maestro/results/maestro"}
[2026-09-01 05:02:40.573 Z] [PROCESS] [cadence.virtuoso.ade.gui] - History Setup {"hostname": "edatools", "processid": 83587, "history": "Interactive.233", "testname": "TRAN", "point": 1, "logfile": "/home/saul/projects/LF_BG/logs_saul/logs5/virtuoso_ade_debug.log", "jobmode": "LSCS", "runmode": "Single Run, Sweeps and Corners", "lib": "REF_GEN", "cell": "REF_GEN_f_TB", "view": "maestro", "icversion": "sub-version  IC6.1.8-64b.500.36 ", "runstart": "Tue Sep  1 05:02:40 2026\n", "timezonelocal": "+000", "spectreversion": "unknown", "jobpolicyname": "ADE XL Default", "maxjobs": "unknown", "ncjobpolicyname": "", "ncmaxjobs": "unknown", "numtests": "1", "runfinished": "unknown", "runelapsed": "-1", "numcorners": "1"}
[2026-09-01 05:02:41.737 Z] [INFO] [cadence.virtuoso.ade.gui] - Simulation will use spectre batch mode because the GCC version used by Spectre and Virtuoso are not compatible. {"history": "Interactive.233", "point": 1, "testname": "TRAN", "detailed_message": "", "message_id": "ASSEMBLER-5024"}
[2026-09-01 05:02:41.767 Z] [EVENT] [cadence.virtuoso.ade.pointevaluator] - NewPoint {"history": "Interactive.233", "point": 1, "testname": "TRAN", "event": "NewPoint", "EventSource": "ADE GUI", "HistoryName": "Interactive.233", "logFile": "/home/saul/projects/LF_BG/logs_saul/logs5/virtuoso_ade_debug.log", "logFileSize": "71754"}
[2026-09-01 05:02:41.767 Z] [INFO] [cadence.virtuoso.ade.pointevaluator] - Started netlisting {"history": "Interactive.233", "point": 1, "testname": "TRAN"}
[2026-09-01 05:02:42.159 Z] [INFO] [cadence.virtuoso.ade.pointevaluator] - Finished netlisting {"history": "Interactive.233", "point": 1, "testname": "TRAN"}
[2026-09-01 05:02:42.160 Z] [INFO] [cadence.virtuoso.ade.pointevaluator] - Submitted {"history": "Interactive.233", "point": 1, "testname": "TRAN"}
[2026-09-01 05:02:43.821 Z] [PROCESS] [cadence.virtuoso.ade.gui] - ln: failed to create symbolic link '/home/saul/simulation/REF_GEN/REF_GEN_f_TB/maestro/results/maestro/Interactive.233/1/TRAN/netlist/exprOutputs.log': File exists
 {"logfile": "/home/saul/projects/LF_BG/logs_saul/logs5/Job8.log"}
[2026-09-01 05:02:43.824 Z] [PROCESS] [cadence.virtuoso.ade.gui] - ln: failed to create symbolic link '/home/saul/simulation/REF_GEN/REF_GEN_f_TB/maestro/results/maestro/Interactive.233/1/TRAN/netlist/amps_evaluator.log': File exists
 {"logfile": "/home/saul/projects/LF_BG/logs_saul/logs5/Job8.log"}
[2026-09-01 05:02:46.069 Z] [INFO] [cadence.virtuoso.ade.gui] - Point completed {"history": "Interactive.233", "point": 1, "testname": "TRAN"}
[2026-09-01 05:02:46.155 Z] [EVENT] [cadence.virtuoso.ade.gui] - HistoryFinished {"history": "Interactive.233", "point": 1, "testname": "TRAN", "event": "HistoryFinished", "EventSource": "ADE GUI", "HistoryName": "Interactive.233"}
[2026-09-01 05:03:11.264 Z] [WARN] [cadence.virtuoso.ade.gui] - The following global variable(s) are enabled, but are not used by any test in the active setup:
PD PD_PULSE 
It is recommended to delete or disable these variable(s) because they are not being considered by the simulation run. {"history": "Interactive.233", "point": 1, "testname": "TRAN", "detailed_message": "", "message_id": "ASSEMBLER-1704"}
[2026-09-01 05:03:11.430 Z] [EVENT] [cadence.virtuoso.ade.gui] - NewHistoryCreated {"history": "Interactive.234", "point": 1, "testname": "TRAN", "event": "NewHistoryCreated", "EventSource": "ADE GUI", "HistoryName": "Interactive.234", "WorkDir": "/home/saul/projects/LF_BG", "HistorySimDir": "/home/saul/simulation/REF_GEN/REF_GEN_f_TB/maestro/results/maestro/Interactive.234", "HistoryResultsDir": "/home/saul/projects/LF_BG/REF_GEN/REF_GEN_f_TB/maestro/results/maestro"}
[2026-09-01 05:03:11.430 Z] [PROCESS] [cadence.virtuoso.ade.gui] - History Setup {"hostname": "edatools", "processid": 83587, "history": "Interactive.234", "testname": "TRAN", "point": 1, "logfile": "/home/saul/projects/LF_BG/logs_saul/logs5/virtuoso_ade_debug.log", "jobmode": "LSCS", "runmode": "Single Run, Sweeps and Corners", "lib": "REF_GEN", "cell": "REF_GEN_f_TB", "view": "maestro", "icversion": "sub-version  IC6.1.8-64b.500.36 ", "runstart": "Tue Sep  1 05:03:11 2026\n", "timezonelocal": "+000", "spectreversion": "unknown", "jobpolicyname": "ADE XL Default", "maxjobs": "unknown", "ncjobpolicyname": "", "ncmaxjobs": "unknown", "numtests": "1", "runfinished": "unknown", "runelapsed": "-1", "numcorners": "1"}
[2026-09-01 05:03:12.589 Z] [INFO] [cadence.virtuoso.ade.gui] - Simulation will use spectre batch mode because the GCC version used by Spectre and Virtuoso are not compatible. {"history": "Interactive.234", "point": 1, "testname": "TRAN", "detailed_message": "", "message_id": "ASSEMBLER-5024"}
[2026-09-01 05:03:12.622 Z] [EVENT] [cadence.virtuoso.ade.pointevaluator] - NewPoint {"history": "Interactive.234", "point": 1, "testname": "TRAN", "event": "NewPoint", "EventSource": "ADE GUI", "HistoryName": "Interactive.234", "logFile": "/home/saul/projects/LF_BG/logs_saul/logs5/virtuoso_ade_debug.log", "logFileSize": "75425"}
[2026-09-01 05:03:12.623 Z] [INFO] [cadence.virtuoso.ade.pointevaluator] - Started netlisting {"history": "Interactive.234", "point": 1, "testname": "TRAN"}
[2026-09-01 05:03:12.919 Z] [INFO] [cadence.virtuoso.ade.pointevaluator] - Finished netlisting {"history": "Interactive.234", "point": 1, "testname": "TRAN"}
[2026-09-01 05:03:12.920 Z] [INFO] [cadence.virtuoso.ade.pointevaluator] - Submitted {"history": "Interactive.234", "point": 1, "testname": "TRAN"}
[2026-09-01 05:03:14.563 Z] [PROCESS] [cadence.virtuoso.ade.gui] - ln: failed to create symbolic link '/home/saul/simulation/REF_GEN/REF_GEN_f_TB/maestro/results/maestro/Interactive.234/1/TRAN/netlist/exprOutputs.log': File exists
 {"logfile": "/home/saul/projects/LF_BG/logs_saul/logs5/Job8.log"}
[2026-09-01 05:03:14.564 Z] [PROCESS] [cadence.virtuoso.ade.gui] - ln: failed to create symbolic link '/home/saul/simulation/REF_GEN/REF_GEN_f_TB/maestro/results/maestro/Interactive.234/1/TRAN/netlist/amps_evaluator.log': File exists
 {"logfile": "/home/saul/projects/LF_BG/logs_saul/logs5/Job8.log"}
[2026-09-01 05:03:17.066 Z] [INFO] [cadence.virtuoso.ade.gui] - Point completed {"history": "Interactive.234", "point": 1, "testname": "TRAN"}
[2026-09-01 05:03:17.139 Z] [EVENT] [cadence.virtuoso.ade.gui] - HistoryFinished {"history": "Interactive.234", "point": 1, "testname": "TRAN", "event": "HistoryFinished", "EventSource": "ADE GUI", "HistoryName": "Interactive.234"}
[2026-09-01 05:18:23.686 Z] [PROCESS] [cadence.virtuoso.ade.gui] - Logging Service '88812' stopped with exit code '0' {"logfile": "/home/saul/projects/LF_BG/logs_saul/logs5/LoggingService5.log"}
[2026-09-01 05:27:08.672 Z] [WARN] [cadence.virtuoso.ade.gui] - The following global variable(s) are enabled, but are not used by any test in the active setup:
PD PD_PULSE 
It is recommended to delete or disable these variable(s) because they are not being considered by the simulation run. {"history": "Interactive.234", "point": 1, "testname": "TRAN", "detailed_message": "", "message_id": "ASSEMBLER-1704"}
[2026-09-01 05:27:08.824 Z] [EVENT] [cadence.virtuoso.ade.gui] - NewHistoryCreated {"history": "Interactive.235", "point": 1, "testname": "TRAN", "event": "NewHistoryCreated", "EventSource": "ADE GUI", "HistoryName": "Interactive.235", "WorkDir": "/home/saul/projects/LF_BG", "HistorySimDir": "/home/saul/simulation/REF_GEN/REF_GEN_f_TB/maestro/results/maestro/Interactive.235", "HistoryResultsDir": "/home/saul/projects/LF_BG/REF_GEN/REF_GEN_f_TB/maestro/results/maestro"}
[2026-09-01 05:27:08.824 Z] [PROCESS] [cadence.virtuoso.ade.gui] - History Setup {"hostname": "edatools", "processid": 83587, "history": "Interactive.235", "testname": "TRAN", "point": 1, "logfile": "/home/saul/projects/LF_BG/logs_saul/logs5/virtuoso_ade_debug.log", "jobmode": "LSCS", "runmode": "Single Run, Sweeps and Corners", "lib": "REF_GEN", "cell": "REF_GEN_f_TB", "view": "maestro", "icversion": "sub-version  IC6.1.8-64b.500.36 ", "runstart": "Tue Sep  1 05:27:08 2026\n", "timezonelocal": "+000", "spectreversion": "unknown", "jobpolicyname": "ADE XL Default", "maxjobs": "unknown", "ncjobpolicyname": "", "ncmaxjobs": "unknown", "numtests": "1", "runfinished": "unknown", "runelapsed": "-1", "numcorners": "1"}
[2026-09-01 05:27:09.966 Z] [INFO] [cadence.virtuoso.ade.gui] - Simulation will use spectre batch mode because the GCC version used by Spectre and Virtuoso are not compatible. {"history": "Interactive.235", "point": 1, "testname": "TRAN", "detailed_message": "", "message_id": "ASSEMBLER-5024"}
[2026-09-01 05:27:09.995 Z] [EVENT] [cadence.virtuoso.ade.pointevaluator] - NewPoint {"history": "Interactive.235", "point": 1, "testname": "TRAN", "event": "NewPoint", "EventSource": "ADE GUI", "HistoryName": "Interactive.235", "logFile": "/home/saul/projects/LF_BG/logs_saul/logs5/virtuoso_ade_debug.log", "logFileSize": "79291"}
[2026-09-01 05:27:09.996 Z] [INFO] [cadence.virtuoso.ade.pointevaluator] - Started netlisting {"history": "Interactive.235", "point": 1, "testname": "TRAN"}
[2026-09-01 05:27:10.473 Z] [INFO] [cadence.virtuoso.ade.pointevaluator] - Finished netlisting {"history": "Interactive.235", "point": 1, "testname": "TRAN"}
[2026-09-01 05:27:10.473 Z] [INFO] [cadence.virtuoso.ade.pointevaluator] - Submitted {"history": "Interactive.235", "point": 1, "testname": "TRAN"}
[2026-09-01 05:27:14.339 Z] [PROCESS] [cadence.virtuoso.ade.gui] - /home/saul/projects/LF_BG/.tmp_saul/.cmddir5/swiftLoggingService9 is starting {"logfile": "/home/saul/projects/LF_BG/logs_saul/logs5/LoggingService9.log"}
[2026-09-01 05:27:14.459 Z] [PROCESS] [cadence.virtuoso.ade.gui] - /home/saul/projects/LF_BG/.tmp_saul/.cmddir5/swiftJob10 is starting {"logfile": "/home/saul/projects/LF_BG/logs_saul/logs5/Job10.log"}
[2026-09-01 05:27:14.460 Z] [PROCESS] [cadence.virtuoso.ade.gui] - Logging Service '103881' is starting up on host 'edatools' {"logfile": "/home/saul/projects/LF_BG/logs_saul/logs5/LoggingService9.log"}
[2026-09-01 05:27:14.565 Z] [PROCESS] [cadence.virtuoso.ade.gui] - Simulation Monitor process '103902' is starting up on host 'edatools' {"logfile": "/home/saul/projects/LF_BG/logs_saul/logs5/Job10.log"}
[2026-09-01 05:27:16.725 Z] [PROCESS] [cadence.virtuoso.ade.gui] - ln: failed to create symbolic link '/home/saul/simulation/REF_GEN/REF_GEN_f_TB/maestro/results/maestro/Interactive.235/1/TRAN/netlist/exprOutputs.log': File exists
 {"logfile": "/home/saul/projects/LF_BG/logs_saul/logs5/Job10.log"}
[2026-09-01 05:27:16.727 Z] [PROCESS] [cadence.virtuoso.ade.gui] - ln: failed to create symbolic link '/home/saul/simulation/REF_GEN/REF_GEN_f_TB/maestro/results/maestro/Interactive.235/1/TRAN/netlist/amps_evaluator.log': File exists
 {"logfile": "/home/saul/projects/LF_BG/logs_saul/logs5/Job10.log"}
[2026-09-01 05:27:18.079 Z] [INFO] [cadence.virtuoso.ade.gui] - Point completed {"history": "Interactive.235", "point": 1, "testname": "TRAN"}
[2026-09-01 05:27:18.118 Z] [EVENT] [cadence.virtuoso.ade.gui] - HistoryFinished {"history": "Interactive.235", "point": 1, "testname": "TRAN", "event": "HistoryFinished", "EventSource": "ADE GUI", "HistoryName": "Interactive.235"}
[2026-09-01 05:29:25.091 Z] [WARN] [cadence.virtuoso.ade.gui] - The following global variable(s) are enabled, but are not used by any test in the active setup:
PD PD_PULSE 
It is recommended to delete or disable these variable(s) because they are not being considered by the simulation run. {"history": "Interactive.235", "point": 1, "testname": "TRAN", "detailed_message": "", "message_id": "ASSEMBLER-1704"}
[2026-09-01 05:29:25.237 Z] [EVENT] [cadence.virtuoso.ade.gui] - NewHistoryCreated {"history": "Interactive.236", "point": 1, "testname": "TRAN", "event": "NewHistoryCreated", "EventSource": "ADE GUI", "HistoryName": "Interactive.236", "WorkDir": "/home/saul/projects/LF_BG", "HistorySimDir": "/home/saul/simulation/REF_GEN/REF_GEN_f_TB/maestro/results/maestro/Interactive.236", "HistoryResultsDir": "/home/saul/projects/LF_BG/REF_GEN/REF_GEN_f_TB/maestro/results/maestro"}
[2026-09-01 05:29:25.237 Z] [PROCESS] [cadence.virtuoso.ade.gui] - History Setup {"hostname": "edatools", "processid": 83587, "history": "Interactive.236", "testname": "TRAN", "point": 1, "logfile": "/home/saul/projects/LF_BG/logs_saul/logs5/virtuoso_ade_debug.log", "jobmode": "LSCS", "runmode": "Single Run, Sweeps and Corners", "lib": "REF_GEN", "cell": "REF_GEN_f_TB", "view": "maestro", "icversion": "sub-version  IC6.1.8-64b.500.36 ", "runstart": "Tue Sep  1 05:29:25 2026\n", "timezonelocal": "+000", "spectreversion": "unknown", "jobpolicyname": "ADE XL Default", "maxjobs": "unknown", "ncjobpolicyname": "", "ncmaxjobs": "unknown", "numtests": "1", "runfinished": "unknown", "runelapsed": "-1", "numcorners": "1"}
[2026-09-01 05:29:26.384 Z] [INFO] [cadence.virtuoso.ade.gui] - Simulation will use spectre batch mode because the GCC version used by Spectre and Virtuoso are not compatible. {"history": "Interactive.236", "point": 1, "testname": "TRAN", "detailed_message": "", "message_id": "ASSEMBLER-5024"}
[2026-09-01 05:29:26.419 Z] [EVENT] [cadence.virtuoso.ade.pointevaluator] - NewPoint {"history": "Interactive.236", "point": 1, "testname": "TRAN", "event": "NewPoint", "EventSource": "ADE GUI", "HistoryName": "Interactive.236", "logFile": "/home/saul/projects/LF_BG/logs_saul/logs5/virtuoso_ade_debug.log", "logFileSize": "83795"}
[2026-09-01 05:29:26.419 Z] [INFO] [cadence.virtuoso.ade.pointevaluator] - Started netlisting {"history": "Interactive.236", "point": 1, "testname": "TRAN"}
[2026-09-01 05:29:26.950 Z] [INFO] [cadence.virtuoso.ade.pointevaluator] - Finished netlisting {"history": "Interactive.236", "point": 1, "testname": "TRAN"}
[2026-09-01 05:29:26.950 Z] [INFO] [cadence.virtuoso.ade.pointevaluator] - Submitted {"history": "Interactive.236", "point": 1, "testname": "TRAN"}
[2026-09-01 05:29:29.604 Z] [PROCESS] [cadence.virtuoso.ade.gui] - ln: failed to create symbolic link '/home/saul/simulation/REF_GEN/REF_GEN_f_TB/maestro/results/maestro/Interactive.236/1/TRAN/netlist/exprOutputs.log': File exists
 {"logfile": "/home/saul/projects/LF_BG/logs_saul/logs5/Job10.log"}
[2026-09-01 05:29:29.607 Z] [PROCESS] [cadence.virtuoso.ade.gui] - ln: failed to create symbolic link '/home/saul/simulation/REF_GEN/REF_GEN_f_TB/maestro/results/maestro/Interactive.236/1/TRAN/netlist/amps_evaluator.log': File exists
 {"logfile": "/home/saul/projects/LF_BG/logs_saul/logs5/Job10.log"}
[2026-09-01 05:29:31.063 Z] [INFO] [cadence.virtuoso.ade.gui] - Point completed {"history": "Interactive.236", "point": 1, "testname": "TRAN"}
[2026-09-01 05:29:31.099 Z] [EVENT] [cadence.virtuoso.ade.gui] - HistoryFinished {"history": "Interactive.236", "point": 1, "testname": "TRAN", "event": "HistoryFinished", "EventSource": "ADE GUI", "HistoryName": "Interactive.236"}
[2026-09-01 05:31:27.149 Z] [WARN] [cadence.virtuoso.ade.gui] - The following global variable(s) are enabled, but are not used by any test in the active setup:
PD PD_PULSE 
It is recommended to delete or disable these variable(s) because they are not being considered by the simulation run. {"history": "Interactive.236", "point": 1, "testname": "TRAN", "detailed_message": "", "message_id": "ASSEMBLER-1704"}
[2026-09-01 05:31:27.307 Z] [EVENT] [cadence.virtuoso.ade.gui] - NewHistoryCreated {"history": "Interactive.237", "point": 1, "testname": "TRAN", "event": "NewHistoryCreated", "EventSource": "ADE GUI", "HistoryName": "Interactive.237", "WorkDir": "/home/saul/projects/LF_BG", "HistorySimDir": "/home/saul/simulation/REF_GEN/REF_GEN_f_TB/maestro/results/maestro/Interactive.237", "HistoryResultsDir": "/home/saul/projects/LF_BG/REF_GEN/REF_GEN_f_TB/maestro/results/maestro"}
[2026-09-01 05:31:27.307 Z] [PROCESS] [cadence.virtuoso.ade.gui] - History Setup {"hostname": "edatools", "processid": 83587, "history": "Interactive.237", "testname": "TRAN", "point": 1, "logfile": "/home/saul/projects/LF_BG/logs_saul/logs5/virtuoso_ade_debug.log", "jobmode": "LSCS", "runmode": "Single Run, Sweeps and Corners", "lib": "REF_GEN", "cell": "REF_GEN_f_TB", "view": "maestro", "icversion": "sub-version  IC6.1.8-64b.500.36 ", "runstart": "Tue Sep  1 05:31:27 2026\n", "timezonelocal": "+000", "spectreversion": "unknown", "jobpolicyname": "ADE XL Default", "maxjobs": "unknown", "ncjobpolicyname": "", "ncmaxjobs": "unknown", "numtests": "1", "runfinished": "unknown", "runelapsed": "-1", "numcorners": "1"}
[2026-09-01 05:31:28.455 Z] [INFO] [cadence.virtuoso.ade.gui] - Simulation will use spectre batch mode because the GCC version used by Spectre and Virtuoso are not compatible. {"history": "Interactive.237", "point": 1, "testname": "TRAN", "detailed_message": "", "message_id": "ASSEMBLER-5024"}
[2026-09-01 05:31:28.498 Z] [EVENT] [cadence.virtuoso.ade.pointevaluator] - NewPoint {"history": "Interactive.237", "point": 1, "testname": "TRAN", "event": "NewPoint", "EventSource": "ADE GUI", "HistoryName": "Interactive.237", "logFile": "/home/saul/projects/LF_BG/logs_saul/logs5/virtuoso_ade_debug.log", "logFileSize": "87468"}
[2026-09-01 05:31:28.499 Z] [INFO] [cadence.virtuoso.ade.pointevaluator] - Started netlisting {"history": "Interactive.237", "point": 1, "testname": "TRAN"}
[2026-09-01 05:31:29.076 Z] [INFO] [cadence.virtuoso.ade.pointevaluator] - Finished netlisting {"history": "Interactive.237", "point": 1, "testname": "TRAN"}
[2026-09-01 05:31:29.076 Z] [INFO] [cadence.virtuoso.ade.pointevaluator] - Submitted {"history": "Interactive.237", "point": 1, "testname": "TRAN"}
[2026-09-01 05:31:32.252 Z] [PROCESS] [cadence.virtuoso.ade.gui] - ln: failed to create symbolic link '/home/saul/simulation/REF_GEN/REF_GEN_f_TB/maestro/results/maestro/Interactive.237/1/TRAN/netlist/exprOutputs.log': File exists
 {"logfile": "/home/saul/projects/LF_BG/logs_saul/logs5/Job10.log"}
[2026-09-01 05:31:32.264 Z] [PROCESS] [cadence.virtuoso.ade.gui] - ln: failed to create symbolic link '/home/saul/simulation/REF_GEN/REF_GEN_f_TB/maestro/results/maestro/Interactive.237/1/TRAN/netlist/amps_evaluator.log': File exists
 {"logfile": "/home/saul/projects/LF_BG/logs_saul/logs5/Job10.log"}
[2026-09-01 05:31:34.062 Z] [INFO] [cadence.virtuoso.ade.gui] - Point completed {"history": "Interactive.237", "point": 1, "testname": "TRAN"}
[2026-09-01 05:31:34.147 Z] [EVENT] [cadence.virtuoso.ade.gui] - HistoryFinished {"history": "Interactive.237", "point": 1, "testname": "TRAN", "event": "HistoryFinished", "EventSource": "ADE GUI", "HistoryName": "Interactive.237"}
[2026-09-01 05:46:38.921 Z] [PROCESS] [cadence.virtuoso.ade.gui] - Logging Service '103881' stopped with exit code '0' {"logfile": "/home/saul/projects/LF_BG/logs_saul/logs5/LoggingService9.log"}
[2026-09-01 06:05:34.834 Z] [WARN] [cadence.virtuoso.ade.gui] - The following global variable(s) are enabled, but are not used by any test in the active setup:
PD PD_PULSE 
It is recommended to delete or disable these variable(s) because they are not being considered by the simulation run. {"history": "Interactive.237", "point": 1, "testname": "TRAN", "detailed_message": "", "message_id": "ASSEMBLER-1704"}
[2026-09-01 06:05:35.102 Z] [EVENT] [cadence.virtuoso.ade.gui] - NewHistoryCreated {"history": "Interactive.238", "point": 1, "testname": "TRAN", "event": "NewHistoryCreated", "EventSource": "ADE GUI", "HistoryName": "Interactive.238", "WorkDir": "/home/saul/projects/LF_BG", "HistorySimDir": "/home/saul/simulation/REF_GEN/REF_GEN_f_TB/maestro/results/maestro/Interactive.238", "HistoryResultsDir": "/home/saul/projects/LF_BG/REF_GEN/REF_GEN_f_TB/maestro/results/maestro"}
[2026-09-01 06:05:35.102 Z] [PROCESS] [cadence.virtuoso.ade.gui] - History Setup {"hostname": "edatools", "processid": 83587, "history": "Interactive.238", "testname": "TRAN", "point": 1, "logfile": "/home/saul/projects/LF_BG/logs_saul/logs5/virtuoso_ade_debug.log", "jobmode": "LSCS", "runmode": "Single Run, Sweeps and Corners", "lib": "REF_GEN", "cell": "REF_GEN_f_TB", "view": "maestro", "icversion": "sub-version  IC6.1.8-64b.500.36 ", "runstart": "Tue Sep  1 06:05:35 2026\n", "timezonelocal": "+000", "spectreversion": "unknown", "jobpolicyname": "ADE XL Default", "maxjobs": "unknown", "ncjobpolicyname": "", "ncmaxjobs": "unknown", "numtests": "1", "runfinished": "unknown", "runelapsed": "-1", "numcorners": "1"}
[2026-09-01 06:05:36.258 Z] [INFO] [cadence.virtuoso.ade.gui] - Simulation will use spectre batch mode because the GCC version used by Spectre and Virtuoso are not compatible. {"history": "Interactive.238", "point": 1, "testname": "TRAN", "detailed_message": "", "message_id": "ASSEMBLER-5024"}
[2026-09-01 06:05:36.290 Z] [EVENT] [cadence.virtuoso.ade.pointevaluator] - NewPoint {"history": "Interactive.238", "point": 1, "testname": "TRAN", "event": "NewPoint", "EventSource": "ADE GUI", "HistoryName": "Interactive.238", "logFile": "/home/saul/projects/LF_BG/logs_saul/logs5/virtuoso_ade_debug.log", "logFileSize": "91337"}
[2026-09-01 06:05:36.291 Z] [INFO] [cadence.virtuoso.ade.pointevaluator] - Started netlisting {"history": "Interactive.238", "point": 1, "testname": "TRAN"}
[2026-09-01 06:05:36.728 Z] [INFO] [cadence.virtuoso.ade.pointevaluator] - Finished netlisting {"history": "Interactive.238", "point": 1, "testname": "TRAN"}
[2026-09-01 06:05:36.728 Z] [INFO] [cadence.virtuoso.ade.pointevaluator] - Submitted {"history": "Interactive.238", "point": 1, "testname": "TRAN"}
[2026-09-01 06:05:40.561 Z] [PROCESS] [cadence.virtuoso.ade.gui] - /home/saul/projects/LF_BG/.tmp_saul/.cmddir5/swiftLoggingService11 is starting {"logfile": "/home/saul/projects/LF_BG/logs_saul/logs5/LoggingService11.log"}
[2026-09-01 06:05:40.674 Z] [PROCESS] [cadence.virtuoso.ade.gui] - /home/saul/projects/LF_BG/.tmp_saul/.cmddir5/swiftJob12 is starting {"logfile": "/home/saul/projects/LF_BG/logs_saul/logs5/Job12.log1"}
[2026-09-01 06:05:40.675 Z] [PROCESS] [cadence.virtuoso.ade.gui] - Logging Service '109789' is starting up on host 'edatools' {"logfile": "/home/saul/projects/LF_BG/logs_saul/logs5/LoggingService11.log"}
[2026-09-01 06:05:40.778 Z] [PROCESS] [cadence.virtuoso.ade.gui] - Simulation Monitor process '109810' is starting up on host 'edatools' {"logfile": "/home/saul/projects/LF_BG/logs_saul/logs5/Job12.log1"}
[2026-09-01 06:05:43.405 Z] [PROCESS] [cadence.virtuoso.ade.gui] - ln: failed to create symbolic link '/home/saul/simulation/REF_GEN/REF_GEN_f_TB/maestro/results/maestro/Interactive.238/1/TRAN/netlist/exprOutputs.log': File exists
 {"logfile": "/home/saul/projects/LF_BG/logs_saul/logs5/Job12.log1"}
[2026-09-01 06:05:43.414 Z] [PROCESS] [cadence.virtuoso.ade.gui] - ln: failed to create symbolic link '/home/saul/simulation/REF_GEN/REF_GEN_f_TB/maestro/results/maestro/Interactive.238/1/TRAN/netlist/amps_evaluator.log': File exists
 {"logfile": "/home/saul/projects/LF_BG/logs_saul/logs5/Job12.log1"}
[2026-09-01 06:05:45.064 Z] [INFO] [cadence.virtuoso.ade.gui] - Point completed {"history": "Interactive.238", "point": 1, "testname": "TRAN"}
[2026-09-01 06:05:45.141 Z] [EVENT] [cadence.virtuoso.ade.gui] - HistoryFinished {"history": "Interactive.238", "point": 1, "testname": "TRAN", "event": "HistoryFinished", "EventSource": "ADE GUI", "HistoryName": "Interactive.238"}
[2026-09-01 06:06:15.429 Z] [WARN] [cadence.virtuoso.ade.gui] - The following global variable(s) are enabled, but are not used by any test in the active setup:
PD PD_PULSE 
It is recommended to delete or disable these variable(s) because they are not being considered by the simulation run. {"history": "Interactive.238", "point": 1, "testname": "TRAN", "detailed_message": "", "message_id": "ASSEMBLER-1704"}
[2026-09-01 06:06:15.588 Z] [EVENT] [cadence.virtuoso.ade.gui] - NewHistoryCreated {"history": "Interactive.239", "point": 1, "testname": "TRAN", "event": "NewHistoryCreated", "EventSource": "ADE GUI", "HistoryName": "Interactive.239", "WorkDir": "/home/saul/projects/LF_BG", "HistorySimDir": "/home/saul/simulation/REF_GEN/REF_GEN_f_TB/maestro/results/maestro/Interactive.239", "HistoryResultsDir": "/home/saul/projects/LF_BG/REF_GEN/REF_GEN_f_TB/maestro/results/maestro"}
[2026-09-01 06:06:15.588 Z] [PROCESS] [cadence.virtuoso.ade.gui] - History Setup {"hostname": "edatools", "processid": 83587, "history": "Interactive.239", "testname": "TRAN", "point": 1, "logfile": "/home/saul/projects/LF_BG/logs_saul/logs5/virtuoso_ade_debug.log", "jobmode": "LSCS", "runmode": "Single Run, Sweeps and Corners", "lib": "REF_GEN", "cell": "REF_GEN_f_TB", "view": "maestro", "icversion": "sub-version  IC6.1.8-64b.500.36 ", "runstart": "Tue Sep  1 06:06:15 2026\n", "timezonelocal": "+000", "spectreversion": "unknown", "jobpolicyname": "ADE XL Default", "maxjobs": "unknown", "ncjobpolicyname": "", "ncmaxjobs": "unknown", "numtests": "1", "runfinished": "unknown", "runelapsed": "-1", "numcorners": "1"}
[2026-09-01 06:06:16.769 Z] [INFO] [cadence.virtuoso.ade.gui] - Simulation will use spectre batch mode because the GCC version used by Spectre and Virtuoso are not compatible. {"history": "Interactive.239", "point": 1, "testname": "OP", "detailed_message": "", "message_id": "ASSEMBLER-5024"}
[2026-09-01 06:06:16.803 Z] [EVENT] [cadence.virtuoso.ade.pointevaluator] - NewPoint {"history": "Interactive.239", "point": 1, "testname": "OP", "event": "NewPoint", "EventSource": "ADE GUI", "HistoryName": "Interactive.239", "logFile": "/home/saul/projects/LF_BG/logs_saul/logs5/virtuoso_ade_debug.log", "logFileSize": "95846"}
[2026-09-01 06:06:16.804 Z] [INFO] [cadence.virtuoso.ade.pointevaluator] - Started netlisting {"history": "Interactive.239", "point": 1, "testname": "OP"}
[2026-09-01 06:06:17.916 Z] [INFO] [cadence.virtuoso.ade.pointevaluator] - Finished netlisting {"history": "Interactive.239", "point": 1, "testname": "OP"}
[2026-09-01 06:06:17.916 Z] [INFO] [cadence.virtuoso.ade.pointevaluator] - Submitted {"history": "Interactive.239", "point": 1, "testname": "OP"}
[2026-09-01 06:06:19.586 Z] [PROCESS] [cadence.virtuoso.ade.gui] - ln: failed to create symbolic link '/home/saul/simulation/REF_GEN/REF_GEN_f_TB/maestro/results/maestro/Interactive.239/1/OP/netlist/exprOutputs.log': File exists
 {"logfile": "/home/saul/projects/LF_BG/logs_saul/logs5/Job12.log1"}
[2026-09-01 06:06:19.586 Z] [PROCESS] [cadence.virtuoso.ade.gui] - ln: failed to create symbolic link '/home/saul/simulation/REF_GEN/REF_GEN_f_TB/maestro/results/maestro/Interactive.239/1/OP/netlist/amps_evaluator.log': File exists
 {"logfile": "/home/saul/projects/LF_BG/logs_saul/logs5/Job12.log1"}
[2026-09-01 06:06:22.068 Z] [INFO] [cadence.virtuoso.ade.gui] - Point completed {"history": "Interactive.239", "point": 1, "testname": "OP"}
[2026-09-01 06:06:22.130 Z] [EVENT] [cadence.virtuoso.ade.gui] - HistoryFinished {"history": "Interactive.239", "point": 1, "testname": "OP", "event": "HistoryFinished", "EventSource": "ADE GUI", "HistoryName": "Interactive.239"}
[2026-09-01 06:08:21.066 Z] [WARN] [cadence.virtuoso.ade.gui] - The following global variable(s) are enabled, but are not used by any test in the active setup:
PD PD_PULSE 
It is recommended to delete or disable these variable(s) because they are not being considered by the simulation run. {"history": "Interactive.239", "point": 1, "testname": "OP", "detailed_message": "", "message_id": "ASSEMBLER-1704"}
[2026-09-01 06:08:21.237 Z] [EVENT] [cadence.virtuoso.ade.gui] - NewHistoryCreated {"history": "Interactive.240", "point": 1, "testname": "OP", "event": "NewHistoryCreated", "EventSource": "ADE GUI", "HistoryName": "Interactive.240", "WorkDir": "/home/saul/projects/LF_BG", "HistorySimDir": "/home/saul/simulation/REF_GEN/REF_GEN_f_TB/maestro/results/maestro/Interactive.240", "HistoryResultsDir": "/home/saul/projects/LF_BG/REF_GEN/REF_GEN_f_TB/maestro/results/maestro"}
[2026-09-01 06:08:21.238 Z] [PROCESS] [cadence.virtuoso.ade.gui] - History Setup {"hostname": "edatools", "processid": 83587, "history": "Interactive.240", "testname": "OP", "point": 1, "logfile": "/home/saul/projects/LF_BG/logs_saul/logs5/virtuoso_ade_debug.log", "jobmode": "LSCS", "runmode": "Single Run, Sweeps and Corners", "lib": "REF_GEN", "cell": "REF_GEN_f_TB", "view": "maestro", "icversion": "sub-version  IC6.1.8-64b.500.36 ", "runstart": "Tue Sep  1 06:08:21 2026\n", "timezonelocal": "+000", "spectreversion": "unknown", "jobpolicyname": "ADE XL Default", "maxjobs": "unknown", "ncjobpolicyname": "", "ncmaxjobs": "unknown", "numtests": "1", "runfinished": "unknown", "runelapsed": "-1", "numcorners": "1"}
[2026-09-01 06:08:22.393 Z] [INFO] [cadence.virtuoso.ade.gui] - Simulation will use spectre batch mode because the GCC version used by Spectre and Virtuoso are not compatible. {"history": "Interactive.240", "point": 1, "testname": "OP", "detailed_message": "", "message_id": "ASSEMBLER-5024"}
[2026-09-01 06:08:22.431 Z] [EVENT] [cadence.virtuoso.ade.pointevaluator] - NewPoint {"history": "Interactive.240", "point": 1, "testname": "OP", "event": "NewPoint", "EventSource": "ADE GUI", "HistoryName": "Interactive.240", "logFile": "/home/saul/projects/LF_BG/logs_saul/logs5/virtuoso_ade_debug.log", "logFileSize": "99497"}
[2026-09-01 06:08:22.431 Z] [INFO] [cadence.virtuoso.ade.pointevaluator] - Started netlisting {"history": "Interactive.240", "point": 1, "testname": "OP"}
[2026-09-01 06:08:23.476 Z] [INFO] [cadence.virtuoso.ade.pointevaluator] - Finished netlisting {"history": "Interactive.240", "point": 1, "testname": "OP"}
[2026-09-01 06:08:23.476 Z] [INFO] [cadence.virtuoso.ade.pointevaluator] - Submitted {"history": "Interactive.240", "point": 1, "testname": "OP"}
[2026-09-01 06:08:26.148 Z] [PROCESS] [cadence.virtuoso.ade.gui] - ln: failed to create symbolic link '/home/saul/simulation/REF_GEN/REF_GEN_f_TB/maestro/results/maestro/Interactive.240/1/OP/netlist/exprOutputs.log': File exists
 {"logfile": "/home/saul/projects/LF_BG/logs_saul/logs5/Job12.log1"}
[2026-09-01 06:08:26.151 Z] [PROCESS] [cadence.virtuoso.ade.gui] - ln: failed to create symbolic link '/home/saul/simulation/REF_GEN/REF_GEN_f_TB/maestro/results/maestro/Interactive.240/1/OP/netlist/amps_evaluator.log': File exists
 {"logfile": "/home/saul/projects/LF_BG/logs_saul/logs5/Job12.log1"}
[2026-09-01 06:08:27.064 Z] [INFO] [cadence.virtuoso.ade.gui] - Point completed {"history": "Interactive.240", "point": 1, "testname": "OP"}
[2026-09-01 06:08:27.100 Z] [EVENT] [cadence.virtuoso.ade.gui] - HistoryFinished {"history": "Interactive.240", "point": 1, "testname": "OP", "event": "HistoryFinished", "EventSource": "ADE GUI", "HistoryName": "Interactive.240"}
[2026-09-01 06:09:09.861 Z] [WARN] [cadence.virtuoso.ade.gui] - The following global variable(s) are enabled, but are not used by any test in the active setup:
PD PD_PULSE 
It is recommended to delete or disable these variable(s) because they are not being considered by the simulation run. {"history": "Interactive.240", "point": 1, "testname": "OP", "detailed_message": "", "message_id": "ASSEMBLER-1704"}
[2026-09-01 06:09:10.028 Z] [EVENT] [cadence.virtuoso.ade.gui] - NewHistoryCreated {"history": "Interactive.241", "point": 1, "testname": "OP", "event": "NewHistoryCreated", "EventSource": "ADE GUI", "HistoryName": "Interactive.241", "WorkDir": "/home/saul/projects/LF_BG", "HistorySimDir": "/home/saul/simulation/REF_GEN/REF_GEN_f_TB/maestro/results/maestro/Interactive.241", "HistoryResultsDir": "/home/saul/projects/LF_BG/REF_GEN/REF_GEN_f_TB/maestro/results/maestro"}
[2026-09-01 06:09:10.029 Z] [PROCESS] [cadence.virtuoso.ade.gui] - History Setup {"hostname": "edatools", "processid": 83587, "history": "Interactive.241", "testname": "OP", "point": 1, "logfile": "/home/saul/projects/LF_BG/logs_saul/logs5/virtuoso_ade_debug.log", "jobmode": "LSCS", "runmode": "Single Run, Sweeps and Corners", "lib": "REF_GEN", "cell": "REF_GEN_f_TB", "view": "maestro", "icversion": "sub-version  IC6.1.8-64b.500.36 ", "runstart": "Tue Sep  1 06:09:10 2026\n", "timezonelocal": "+000", "spectreversion": "unknown", "jobpolicyname": "ADE XL Default", "maxjobs": "unknown", "ncjobpolicyname": "", "ncmaxjobs": "unknown", "numtests": "1", "runfinished": "unknown", "runelapsed": "-1", "numcorners": "1"}
[2026-09-01 06:09:11.195 Z] [INFO] [cadence.virtuoso.ade.gui] - Simulation will use spectre batch mode because the GCC version used by Spectre and Virtuoso are not compatible. {"history": "Interactive.241", "point": 1, "testname": "OP", "detailed_message": "", "message_id": "ASSEMBLER-5024"}
[2026-09-01 06:09:11.229 Z] [EVENT] [cadence.virtuoso.ade.pointevaluator] - NewPoint {"history": "Interactive.241", "point": 1, "testname": "OP", "event": "NewPoint", "EventSource": "ADE GUI", "HistoryName": "Interactive.241", "logFile": "/home/saul/projects/LF_BG/logs_saul/logs5/virtuoso_ade_debug.log", "logFileSize": "103148"}
[2026-09-01 06:09:11.230 Z] [INFO] [cadence.virtuoso.ade.pointevaluator] - Started netlisting {"history": "Interactive.241", "point": 1, "testname": "OP"}
[2026-09-01 06:09:11.599 Z] [INFO] [cadence.virtuoso.ade.pointevaluator] - Finished netlisting {"history": "Interactive.241", "point": 1, "testname": "OP"}
[2026-09-01 06:09:11.599 Z] [INFO] [cadence.virtuoso.ade.pointevaluator] - Submitted {"history": "Interactive.241", "point": 1, "testname": "OP"}
[2026-09-01 06:09:14.763 Z] [PROCESS] [cadence.virtuoso.ade.gui] - ln: failed to create symbolic link '/home/saul/simulation/REF_GEN/REF_GEN_f_TB/maestro/results/maestro/Interactive.241/1/OP/netlist/exprOutputs.log': File exists
 {"logfile": "/home/saul/projects/LF_BG/logs_saul/logs5/Job12.log1"}
[2026-09-01 06:09:14.766 Z] [PROCESS] [cadence.virtuoso.ade.gui] - ln: failed to create symbolic link '/home/saul/simulation/REF_GEN/REF_GEN_f_TB/maestro/results/maestro/Interactive.241/1/OP/netlist/amps_evaluator.log': File exists
 {"logfile": "/home/saul/projects/LF_BG/logs_saul/logs5/Job12.log1"}
[2026-09-01 06:09:16.065 Z] [INFO] [cadence.virtuoso.ade.gui] - Point completed {"history": "Interactive.241", "point": 1, "testname": "OP"}
[2026-09-01 06:09:16.139 Z] [EVENT] [cadence.virtuoso.ade.gui] - HistoryFinished {"history": "Interactive.241", "point": 1, "testname": "OP", "event": "HistoryFinished", "EventSource": "ADE GUI", "HistoryName": "Interactive.241"}
[2026-09-01 06:10:07.528 Z] [WARN] [cadence.virtuoso.ade.gui] - The following global variable(s) are enabled, but are not used by any test in the active setup:
PD PD_PULSE 
It is recommended to delete or disable these variable(s) because they are not being considered by the simulation run. {"history": "Interactive.241", "point": 1, "testname": "OP", "detailed_message": "", "message_id": "ASSEMBLER-1704"}
[2026-09-01 06:10:07.698 Z] [EVENT] [cadence.virtuoso.ade.gui] - NewHistoryCreated {"history": "Interactive.242", "point": 1, "testname": "OP", "event": "NewHistoryCreated", "EventSource": "ADE GUI", "HistoryName": "Interactive.242", "WorkDir": "/home/saul/projects/LF_BG", "HistorySimDir": "/home/saul/simulation/REF_GEN/REF_GEN_f_TB/maestro/results/maestro/Interactive.242", "HistoryResultsDir": "/home/saul/projects/LF_BG/REF_GEN/REF_GEN_f_TB/maestro/results/maestro"}
[2026-09-01 06:10:07.698 Z] [PROCESS] [cadence.virtuoso.ade.gui] - History Setup {"hostname": "edatools", "processid": 83587, "history": "Interactive.242", "testname": "OP", "point": 1, "logfile": "/home/saul/projects/LF_BG/logs_saul/logs5/virtuoso_ade_debug.log", "jobmode": "LSCS", "runmode": "Single Run, Sweeps and Corners", "lib": "REF_GEN", "cell": "REF_GEN_f_TB", "view": "maestro", "icversion": "sub-version  IC6.1.8-64b.500.36 ", "runstart": "Tue Sep  1 06:10:07 2026\n", "timezonelocal": "+000", "spectreversion": "unknown", "jobpolicyname": "ADE XL Default", "maxjobs": "unknown", "ncjobpolicyname": "", "ncmaxjobs": "unknown", "numtests": "1", "runfinished": "unknown", "runelapsed": "-1", "numcorners": "1"}
[2026-09-01 06:10:08.894 Z] [INFO] [cadence.virtuoso.ade.gui] - Simulation will use spectre batch mode because the GCC version used by Spectre and Virtuoso are not compatible. {"history": "Interactive.242", "point": 1, "testname": "OP", "detailed_message": "", "message_id": "ASSEMBLER-5024"}
[2026-09-01 06:10:08.927 Z] [EVENT] [cadence.virtuoso.ade.pointevaluator] - NewPoint {"history": "Interactive.242", "point": 1, "testname": "OP", "event": "NewPoint", "EventSource": "ADE GUI", "HistoryName": "Interactive.242", "logFile": "/home/saul/projects/LF_BG/logs_saul/logs5/virtuoso_ade_debug.log", "logFileSize": "106800"}
[2026-09-01 06:10:08.927 Z] [INFO] [cadence.virtuoso.ade.pointevaluator] - Started netlisting {"history": "Interactive.242", "point": 1, "testname": "OP"}
[2026-09-01 06:10:10.090 Z] [INFO] [cadence.virtuoso.ade.pointevaluator] - Finished netlisting {"history": "Interactive.242", "point": 1, "testname": "OP"}
[2026-09-01 06:10:10.090 Z] [INFO] [cadence.virtuoso.ade.pointevaluator] - Submitted {"history": "Interactive.242", "point": 1, "testname": "OP"}
[2026-09-01 06:10:12.733 Z] [PROCESS] [cadence.virtuoso.ade.gui] - ln: failed to create symbolic link '/home/saul/simulation/REF_GEN/REF_GEN_f_TB/maestro/results/maestro/Interactive.242/1/OP/netlist/exprOutputs.log': File exists
 {"logfile": "/home/saul/projects/LF_BG/logs_saul/logs5/Job12.log1"}
[2026-09-01 06:10:12.736 Z] [PROCESS] [cadence.virtuoso.ade.gui] - ln: failed to create symbolic link '/home/saul/simulation/REF_GEN/REF_GEN_f_TB/maestro/results/maestro/Interactive.242/1/OP/netlist/amps_evaluator.log': File exists
 {"logfile": "/home/saul/projects/LF_BG/logs_saul/logs5/Job12.log1"}
[2026-09-01 06:10:14.063 Z] [INFO] [cadence.virtuoso.ade.gui] - Point completed {"history": "Interactive.242", "point": 1, "testname": "OP"}
[2026-09-01 06:10:14.140 Z] [EVENT] [cadence.virtuoso.ade.gui] - HistoryFinished {"history": "Interactive.242", "point": 1, "testname": "OP", "event": "HistoryFinished", "EventSource": "ADE GUI", "HistoryName": "Interactive.242"}
[2026-09-01 06:11:15.970 Z] [WARN] [cadence.virtuoso.ade.gui] - The following global variable(s) are enabled, but are not used by any test in the active setup:
PD PD_PULSE 
It is recommended to delete or disable these variable(s) because they are not being considered by the simulation run. {"history": "Interactive.242", "point": 1, "testname": "OP", "detailed_message": "", "message_id": "ASSEMBLER-1704"}
[2026-09-01 06:11:16.145 Z] [EVENT] [cadence.virtuoso.ade.gui] - NewHistoryCreated {"history": "Interactive.243", "point": 1, "testname": "OP", "event": "NewHistoryCreated", "EventSource": "ADE GUI", "HistoryName": "Interactive.243", "WorkDir": "/home/saul/projects/LF_BG", "HistorySimDir": "/home/saul/simulation/REF_GEN/REF_GEN_f_TB/maestro/results/maestro/Interactive.243", "HistoryResultsDir": "/home/saul/projects/LF_BG/REF_GEN/REF_GEN_f_TB/maestro/results/maestro"}
[2026-09-01 06:11:16.145 Z] [PROCESS] [cadence.virtuoso.ade.gui] - History Setup {"hostname": "edatools", "processid": 83587, "history": "Interactive.243", "testname": "OP", "point": 1, "logfile": "/home/saul/projects/LF_BG/logs_saul/logs5/virtuoso_ade_debug.log", "jobmode": "LSCS", "runmode": "Single Run, Sweeps and Corners", "lib": "REF_GEN", "cell": "REF_GEN_f_TB", "view": "maestro", "icversion": "sub-version  IC6.1.8-64b.500.36 ", "runstart": "Tue Sep  1 06:11:16 2026\n", "timezonelocal": "+000", "spectreversion": "unknown", "jobpolicyname": "ADE XL Default", "maxjobs": "unknown", "ncjobpolicyname": "", "ncmaxjobs": "unknown", "numtests": "1", "runfinished": "unknown", "runelapsed": "-1", "numcorners": "1"}
[2026-09-01 06:11:17.328 Z] [INFO] [cadence.virtuoso.ade.gui] - Simulation will use spectre batch mode because the GCC version used by Spectre and Virtuoso are not compatible. {"history": "Interactive.243", "point": 1, "testname": "OP", "detailed_message": "", "message_id": "ASSEMBLER-5024"}
[2026-09-01 06:11:17.362 Z] [EVENT] [cadence.virtuoso.ade.pointevaluator] - NewPoint {"history": "Interactive.243", "point": 1, "testname": "OP", "event": "NewPoint", "EventSource": "ADE GUI", "HistoryName": "Interactive.243", "logFile": "/home/saul/projects/LF_BG/logs_saul/logs5/virtuoso_ade_debug.log", "logFileSize": "110452"}
[2026-09-01 06:11:17.362 Z] [INFO] [cadence.virtuoso.ade.pointevaluator] - Started netlisting {"history": "Interactive.243", "point": 1, "testname": "OP"}
[2026-09-01 06:11:17.669 Z] [INFO] [cadence.virtuoso.ade.pointevaluator] - Finished netlisting {"history": "Interactive.243", "point": 1, "testname": "OP"}
[2026-09-01 06:11:17.670 Z] [INFO] [cadence.virtuoso.ade.pointevaluator] - Submitted {"history": "Interactive.243", "point": 1, "testname": "OP"}
[2026-09-01 06:11:19.329 Z] [PROCESS] [cadence.virtuoso.ade.gui] - ln: failed to create symbolic link '/home/saul/simulation/REF_GEN/REF_GEN_f_TB/maestro/results/maestro/Interactive.243/1/OP/netlist/exprOutputs.log': File exists
 {"logfile": "/home/saul/projects/LF_BG/logs_saul/logs5/Job12.log1"}
[2026-09-01 06:11:19.333 Z] [PROCESS] [cadence.virtuoso.ade.gui] - ln: failed to create symbolic link '/home/saul/simulation/REF_GEN/REF_GEN_f_TB/maestro/results/maestro/Interactive.243/1/OP/netlist/amps_evaluator.log': File exists
 {"logfile": "/home/saul/projects/LF_BG/logs_saul/logs5/Job12.log1"}
[2026-09-01 06:11:21.064 Z] [INFO] [cadence.virtuoso.ade.gui] - Point completed {"history": "Interactive.243", "point": 1, "testname": "OP"}
[2026-09-01 06:11:21.103 Z] [EVENT] [cadence.virtuoso.ade.gui] - HistoryFinished {"history": "Interactive.243", "point": 1, "testname": "OP", "event": "HistoryFinished", "EventSource": "ADE GUI", "HistoryName": "Interactive.243"}
[2026-09-01 06:12:03.500 Z] [WARN] [cadence.virtuoso.ade.gui] - The following global variable(s) are enabled, but are not used by any test in the active setup:
PD PD_PULSE 
It is recommended to delete or disable these variable(s) because they are not being considered by the simulation run. {"history": "Interactive.243", "point": 1, "testname": "OP", "detailed_message": "", "message_id": "ASSEMBLER-1704"}
[2026-09-01 06:12:03.653 Z] [EVENT] [cadence.virtuoso.ade.gui] - NewHistoryCreated {"history": "Interactive.244", "point": 1, "testname": "OP", "event": "NewHistoryCreated", "EventSource": "ADE GUI", "HistoryName": "Interactive.244", "WorkDir": "/home/saul/projects/LF_BG", "HistorySimDir": "/home/saul/simulation/REF_GEN/REF_GEN_f_TB/maestro/results/maestro/Interactive.244", "HistoryResultsDir": "/home/saul/projects/LF_BG/REF_GEN/REF_GEN_f_TB/maestro/results/maestro"}
[2026-09-01 06:12:03.654 Z] [PROCESS] [cadence.virtuoso.ade.gui] - History Setup {"hostname": "edatools", "processid": 83587, "history": "Interactive.244", "testname": "OP", "point": 1, "logfile": "/home/saul/projects/LF_BG/logs_saul/logs5/virtuoso_ade_debug.log", "jobmode": "LSCS", "runmode": "Single Run, Sweeps and Corners", "lib": "REF_GEN", "cell": "REF_GEN_f_TB", "view": "maestro", "icversion": "sub-version  IC6.1.8-64b.500.36 ", "runstart": "Tue Sep  1 06:12:03 2026\n", "timezonelocal": "+000", "spectreversion": "unknown", "jobpolicyname": "ADE XL Default", "maxjobs": "unknown", "ncjobpolicyname": "", "ncmaxjobs": "unknown", "numtests": "1", "runfinished": "unknown", "runelapsed": "-1", "numcorners": "1"}
[2026-09-01 06:12:04.825 Z] [INFO] [cadence.virtuoso.ade.gui] - Simulation will use spectre batch mode because the GCC version used by Spectre and Virtuoso are not compatible. {"history": "Interactive.244", "point": 1, "testname": "OP", "detailed_message": "", "message_id": "ASSEMBLER-5024"}
[2026-09-01 06:12:04.857 Z] [EVENT] [cadence.virtuoso.ade.pointevaluator] - NewPoint {"history": "Interactive.244", "point": 1, "testname": "OP", "event": "NewPoint", "EventSource": "ADE GUI", "HistoryName": "Interactive.244", "logFile": "/home/saul/projects/LF_BG/logs_saul/logs5/virtuoso_ade_debug.log", "logFileSize": "114104"}
[2026-09-01 06:12:04.857 Z] [INFO] [cadence.virtuoso.ade.pointevaluator] - Started netlisting {"history": "Interactive.244", "point": 1, "testname": "OP"}
[2026-09-01 06:12:06.036 Z] [INFO] [cadence.virtuoso.ade.pointevaluator] - Finished netlisting {"history": "Interactive.244", "point": 1, "testname": "OP"}
[2026-09-01 06:12:06.036 Z] [INFO] [cadence.virtuoso.ade.pointevaluator] - Submitted {"history": "Interactive.244", "point": 1, "testname": "OP"}
[2026-09-01 06:12:09.205 Z] [PROCESS] [cadence.virtuoso.ade.gui] - ln: failed to create symbolic link '/home/saul/simulation/REF_GEN/REF_GEN_f_TB/maestro/results/maestro/Interactive.244/1/OP/netlist/exprOutputs.log': File exists
 {"logfile": "/home/saul/projects/LF_BG/logs_saul/logs5/Job12.log1"}
[2026-09-01 06:12:09.213 Z] [PROCESS] [cadence.virtuoso.ade.gui] - ln: failed to create symbolic link '/home/saul/simulation/REF_GEN/REF_GEN_f_TB/maestro/results/maestro/Interactive.244/1/OP/netlist/amps_evaluator.log': File exists
 {"logfile": "/home/saul/projects/LF_BG/logs_saul/logs5/Job12.log1"}
[2026-09-01 06:12:10.073 Z] [INFO] [cadence.virtuoso.ade.gui] - Point completed {"history": "Interactive.244", "point": 1, "testname": "OP"}
[2026-09-01 06:12:10.122 Z] [EVENT] [cadence.virtuoso.ade.gui] - HistoryFinished {"history": "Interactive.244", "point": 1, "testname": "OP", "event": "HistoryFinished", "EventSource": "ADE GUI", "HistoryName": "Interactive.244"}
[2026-09-01 06:12:51.369 Z] [WARN] [cadence.virtuoso.ade.gui] - The following global variable(s) are enabled, but are not used by any test in the active setup:
PD PD_PULSE 
It is recommended to delete or disable these variable(s) because they are not being considered by the simulation run. {"history": "Interactive.244", "point": 1, "testname": "OP", "detailed_message": "", "message_id": "ASSEMBLER-1704"}
[2026-09-01 06:12:51.529 Z] [EVENT] [cadence.virtuoso.ade.gui] - NewHistoryCreated {"history": "Interactive.245", "point": 1, "testname": "OP", "event": "NewHistoryCreated", "EventSource": "ADE GUI", "HistoryName": "Interactive.245", "WorkDir": "/home/saul/projects/LF_BG", "HistorySimDir": "/home/saul/simulation/REF_GEN/REF_GEN_f_TB/maestro/results/maestro/Interactive.245", "HistoryResultsDir": "/home/saul/projects/LF_BG/REF_GEN/REF_GEN_f_TB/maestro/results/maestro"}
[2026-09-01 06:12:51.529 Z] [PROCESS] [cadence.virtuoso.ade.gui] - History Setup {"hostname": "edatools", "processid": 83587, "history": "Interactive.245", "testname": "OP", "point": 1, "logfile": "/home/saul/projects/LF_BG/logs_saul/logs5/virtuoso_ade_debug.log", "jobmode": "LSCS", "runmode": "Single Run, Sweeps and Corners", "lib": "REF_GEN", "cell": "REF_GEN_f_TB", "view": "maestro", "icversion": "sub-version  IC6.1.8-64b.500.36 ", "runstart": "Tue Sep  1 06:12:51 2026\n", "timezonelocal": "+000", "spectreversion": "unknown", "jobpolicyname": "ADE XL Default", "maxjobs": "unknown", "ncjobpolicyname": "", "ncmaxjobs": "unknown", "numtests": "1", "runfinished": "unknown", "runelapsed": "-1", "numcorners": "1"}
[2026-09-01 06:12:52.732 Z] [INFO] [cadence.virtuoso.ade.gui] - Simulation will use spectre batch mode because the GCC version used by Spectre and Virtuoso are not compatible. {"history": "Interactive.245", "point": 1, "testname": "OP", "detailed_message": "", "message_id": "ASSEMBLER-5024"}
[2026-09-01 06:12:52.767 Z] [EVENT] [cadence.virtuoso.ade.pointevaluator] - NewPoint {"history": "Interactive.245", "point": 1, "testname": "OP", "event": "NewPoint", "EventSource": "ADE GUI", "HistoryName": "Interactive.245", "logFile": "/home/saul/projects/LF_BG/logs_saul/logs5/virtuoso_ade_debug.log", "logFileSize": "117756"}
[2026-09-01 06:12:52.767 Z] [INFO] [cadence.virtuoso.ade.pointevaluator] - Started netlisting {"history": "Interactive.245", "point": 1, "testname": "OP"}
[2026-09-01 06:12:53.126 Z] [INFO] [cadence.virtuoso.ade.pointevaluator] - Finished netlisting {"history": "Interactive.245", "point": 1, "testname": "OP"}
[2026-09-01 06:12:53.127 Z] [INFO] [cadence.virtuoso.ade.pointevaluator] - Submitted {"history": "Interactive.245", "point": 1, "testname": "OP"}
[2026-09-01 06:12:54.792 Z] [PROCESS] [cadence.virtuoso.ade.gui] - ln: failed to create symbolic link '/home/saul/simulation/REF_GEN/REF_GEN_f_TB/maestro/results/maestro/Interactive.245/1/OP/netlist/exprOutputs.log': File exists
 {"logfile": "/home/saul/projects/LF_BG/logs_saul/logs5/Job12.log1"}
[2026-09-01 06:12:54.796 Z] [PROCESS] [cadence.virtuoso.ade.gui] - ln: failed to create symbolic link '/home/saul/simulation/REF_GEN/REF_GEN_f_TB/maestro/results/maestro/Interactive.245/1/OP/netlist/amps_evaluator.log': File exists
 {"logfile": "/home/saul/projects/LF_BG/logs_saul/logs5/Job12.log1"}
[2026-09-01 06:12:57.071 Z] [INFO] [cadence.virtuoso.ade.gui] - Point completed {"history": "Interactive.245", "point": 1, "testname": "OP"}
[2026-09-01 06:12:57.112 Z] [EVENT] [cadence.virtuoso.ade.gui] - HistoryFinished {"history": "Interactive.245", "point": 1, "testname": "OP", "event": "HistoryFinished", "EventSource": "ADE GUI", "HistoryName": "Interactive.245"}
[2026-09-01 06:28:03.327 Z] [PROCESS] [cadence.virtuoso.ade.gui] - Logging Service '109789' stopped with exit code '0' {"logfile": "/home/saul/projects/LF_BG/logs_saul/logs5/LoggingService11.log"}
[2026-09-01 06:32:44.102 Z] [WARN] [cadence.virtuoso.ade.gui] - The following global variable(s) are enabled, but are not used by any test in the active setup:
PD PD_PULSE 
It is recommended to delete or disable these variable(s) because they are not being considered by the simulation run. {"history": "Interactive.245", "point": 1, "testname": "OP", "detailed_message": "", "message_id": "ASSEMBLER-1704"}
[2026-09-01 06:32:44.265 Z] [EVENT] [cadence.virtuoso.ade.gui] - NewHistoryCreated {"history": "Interactive.246", "point": 1, "testname": "OP", "event": "NewHistoryCreated", "EventSource": "ADE GUI", "HistoryName": "Interactive.246", "WorkDir": "/home/saul/projects/LF_BG", "HistorySimDir": "/home/saul/simulation/REF_GEN/REF_GEN_f_TB/maestro/results/maestro/Interactive.246", "HistoryResultsDir": "/home/saul/projects/LF_BG/REF_GEN/REF_GEN_f_TB/maestro/results/maestro"}
[2026-09-01 06:32:44.265 Z] [PROCESS] [cadence.virtuoso.ade.gui] - History Setup {"hostname": "edatools", "processid": 83587, "history": "Interactive.246", "testname": "OP", "point": 1, "logfile": "/home/saul/projects/LF_BG/logs_saul/logs5/virtuoso_ade_debug.log", "jobmode": "LSCS", "runmode": "Single Run, Sweeps and Corners", "lib": "REF_GEN", "cell": "REF_GEN_f_TB", "view": "maestro", "icversion": "sub-version  IC6.1.8-64b.500.36 ", "runstart": "Tue Sep  1 06:32:44 2026\n", "timezonelocal": "+000", "spectreversion": "unknown", "jobpolicyname": "ADE XL Default", "maxjobs": "unknown", "ncjobpolicyname": "", "ncmaxjobs": "unknown", "numtests": "1", "runfinished": "unknown", "runelapsed": "-1", "numcorners": "1"}
[2026-09-01 06:32:45.481 Z] [INFO] [cadence.virtuoso.ade.gui] - Simulation will use spectre batch mode because the GCC version used by Spectre and Virtuoso are not compatible. {"history": "Interactive.246", "point": 1, "testname": "OP", "detailed_message": "", "message_id": "ASSEMBLER-5024"}
[2026-09-01 06:32:45.522 Z] [EVENT] [cadence.virtuoso.ade.pointevaluator] - NewPoint {"history": "Interactive.246", "point": 1, "testname": "OP", "event": "NewPoint", "EventSource": "ADE GUI", "HistoryName": "Interactive.246", "logFile": "/home/saul/projects/LF_BG/logs_saul/logs5/virtuoso_ade_debug.log", "logFileSize": "121605"}
[2026-09-01 06:32:45.523 Z] [INFO] [cadence.virtuoso.ade.pointevaluator] - Started netlisting {"history": "Interactive.246", "point": 1, "testname": "OP"}
[2026-09-01 06:32:46.576 Z] [INFO] [cadence.virtuoso.ade.pointevaluator] - Finished netlisting {"history": "Interactive.246", "point": 1, "testname": "OP"}
[2026-09-01 06:32:46.576 Z] [INFO] [cadence.virtuoso.ade.pointevaluator] - Submitted {"history": "Interactive.246", "point": 1, "testname": "OP"}
[2026-09-01 06:32:49.559 Z] [PROCESS] [cadence.virtuoso.ade.gui] - /home/saul/projects/LF_BG/.tmp_saul/.cmddir5/swiftLoggingService13 is starting {"logfile": "/home/saul/projects/LF_BG/logs_saul/logs5/LoggingService13.log"}
[2026-09-01 06:32:49.674 Z] [PROCESS] [cadence.virtuoso.ade.gui] - /home/saul/projects/LF_BG/.tmp_saul/.cmddir5/swiftJob14 is starting {"logfile": "/home/saul/projects/LF_BG/logs_saul/logs5/Job14.log"}
[2026-09-01 06:32:49.674 Z] [PROCESS] [cadence.virtuoso.ade.gui] - Logging Service '116451' is starting up on host 'edatools' {"logfile": "/home/saul/projects/LF_BG/logs_saul/logs5/LoggingService13.log"}
[2026-09-01 06:32:49.777 Z] [PROCESS] [cadence.virtuoso.ade.gui] - Simulation Monitor process '116468' is starting up on host 'edatools' {"logfile": "/home/saul/projects/LF_BG/logs_saul/logs5/Job14.log"}
[2026-09-01 06:32:52.419 Z] [PROCESS] [cadence.virtuoso.ade.gui] - ln: failed to create symbolic link '/home/saul/simulation/REF_GEN/REF_GEN_f_TB/maestro/results/maestro/Interactive.246/1/OP/netlist/exprOutputs.log': File exists
 {"logfile": "/home/saul/projects/LF_BG/logs_saul/logs5/Job14.log"}
[2026-09-01 06:32:52.421 Z] [PROCESS] [cadence.virtuoso.ade.gui] - ln: failed to create symbolic link '/home/saul/simulation/REF_GEN/REF_GEN_f_TB/maestro/results/maestro/Interactive.246/1/OP/netlist/amps_evaluator.log': File exists
 {"logfile": "/home/saul/projects/LF_BG/logs_saul/logs5/Job14.log"}
[2026-09-01 06:32:54.063 Z] [INFO] [cadence.virtuoso.ade.gui] - Point completed {"history": "Interactive.246", "point": 1, "testname": "OP"}
[2026-09-01 06:32:54.123 Z] [EVENT] [cadence.virtuoso.ade.gui] - HistoryFinished {"history": "Interactive.246", "point": 1, "testname": "OP", "event": "HistoryFinished", "EventSource": "ADE GUI", "HistoryName": "Interactive.246"}
[2026-09-01 06:33:13.372 Z] [WARN] [cadence.virtuoso.ade.gui] - The following global variable(s) are enabled, but are not used by any test in the active setup:
PD PD_PULSE 
It is recommended to delete or disable these variable(s) because they are not being considered by the simulation run. {"history": "Interactive.246", "point": 1, "testname": "OP", "detailed_message": "", "message_id": "ASSEMBLER-1704"}
[2026-09-01 06:33:13.666 Z] [EVENT] [cadence.virtuoso.ade.gui] - NewHistoryCreated {"history": "Interactive.247", "point": 1, "testname": "OP", "event": "NewHistoryCreated", "EventSource": "ADE GUI", "HistoryName": "Interactive.247", "WorkDir": "/home/saul/projects/LF_BG", "HistorySimDir": "/home/saul/simulation/REF_GEN/REF_GEN_f_TB/maestro/results/maestro/Interactive.247", "HistoryResultsDir": "/home/saul/projects/LF_BG/REF_GEN/REF_GEN_f_TB/maestro/results/maestro"}
[2026-09-01 06:33:13.666 Z] [PROCESS] [cadence.virtuoso.ade.gui] - History Setup {"hostname": "edatools", "processid": 83587, "history": "Interactive.247", "testname": "OP", "point": 1, "logfile": "/home/saul/projects/LF_BG/logs_saul/logs5/virtuoso_ade_debug.log", "jobmode": "LSCS", "runmode": "Single Run, Sweeps and Corners", "lib": "REF_GEN", "cell": "REF_GEN_f_TB", "view": "maestro", "icversion": "sub-version  IC6.1.8-64b.500.36 ", "runstart": "Tue Sep  1 06:33:13 2026\n", "timezonelocal": "+000", "spectreversion": "unknown", "jobpolicyname": "ADE XL Default", "maxjobs": "unknown", "ncjobpolicyname": "", "ncmaxjobs": "unknown", "numtests": "1", "runfinished": "unknown", "runelapsed": "-1", "numcorners": "1"}
[2026-09-01 06:33:14.756 Z] [INFO] [cadence.virtuoso.ade.gui] - Simulation will use spectre batch mode because the GCC version used by Spectre and Virtuoso are not compatible. {"history": "Interactive.247", "point": 1, "testname": "OP", "detailed_message": "", "message_id": "ASSEMBLER-5024"}
[2026-09-01 06:33:14.789 Z] [EVENT] [cadence.virtuoso.ade.pointevaluator] - NewPoint {"history": "Interactive.247", "point": 1, "testname": "OP", "event": "NewPoint", "EventSource": "ADE GUI", "HistoryName": "Interactive.247", "logFile": "/home/saul/projects/LF_BG/logs_saul/logs5/virtuoso_ade_debug.log", "logFileSize": "126089"}
[2026-09-01 06:33:14.789 Z] [INFO] [cadence.virtuoso.ade.pointevaluator] - Started netlisting {"history": "Interactive.247", "point": 1, "testname": "OP"}
[2026-09-01 06:33:15.203 Z] [INFO] [cadence.virtuoso.ade.pointevaluator] - Finished netlisting {"history": "Interactive.247", "point": 1, "testname": "OP"}
[2026-09-01 06:33:15.203 Z] [INFO] [cadence.virtuoso.ade.pointevaluator] - Submitted {"history": "Interactive.247", "point": 1, "testname": "OP"}
[2026-09-01 06:33:16.882 Z] [PROCESS] [cadence.virtuoso.ade.gui] - ln: failed to create symbolic link '/home/saul/simulation/REF_GEN/REF_GEN_f_TB/maestro/results/maestro/Interactive.247/1/OP/netlist/exprOutputs.log': File exists
 {"logfile": "/home/saul/projects/LF_BG/logs_saul/logs5/Job14.log"}
[2026-09-01 06:33:16.885 Z] [PROCESS] [cadence.virtuoso.ade.gui] - ln: failed to create symbolic link '/home/saul/simulation/REF_GEN/REF_GEN_f_TB/maestro/results/maestro/Interactive.247/1/OP/netlist/amps_evaluator.log': File exists
 {"logfile": "/home/saul/projects/LF_BG/logs_saul/logs5/Job14.log"}
[2026-09-01 06:33:19.070 Z] [INFO] [cadence.virtuoso.ade.gui] - Point completed {"history": "Interactive.247", "point": 1, "testname": "OP"}
[2026-09-01 06:33:19.108 Z] [EVENT] [cadence.virtuoso.ade.gui] - HistoryFinished {"history": "Interactive.247", "point": 1, "testname": "OP", "event": "HistoryFinished", "EventSource": "ADE GUI", "HistoryName": "Interactive.247"}
[2026-09-01 06:36:32.748 Z] [WARN] [cadence.virtuoso.ade.gui] - The following global variable(s) are enabled, but are not used by any test in the active setup:
PD PD_PULSE 
It is recommended to delete or disable these variable(s) because they are not being considered by the simulation run. {"history": "Interactive.247", "point": 1, "testname": "OP", "detailed_message": "", "message_id": "ASSEMBLER-1704"}
[2026-09-01 06:36:32.911 Z] [EVENT] [cadence.virtuoso.ade.gui] - NewHistoryCreated {"history": "Interactive.248", "point": 1, "testname": "OP", "event": "NewHistoryCreated", "EventSource": "ADE GUI", "HistoryName": "Interactive.248", "WorkDir": "/home/saul/projects/LF_BG", "HistorySimDir": "/home/saul/simulation/REF_GEN/REF_GEN_f_TB/maestro/results/maestro/Interactive.248", "HistoryResultsDir": "/home/saul/projects/LF_BG/REF_GEN/REF_GEN_f_TB/maestro/results/maestro"}
[2026-09-01 06:36:32.911 Z] [PROCESS] [cadence.virtuoso.ade.gui] - History Setup {"hostname": "edatools", "processid": 83587, "history": "Interactive.248", "testname": "OP", "point": 1, "logfile": "/home/saul/projects/LF_BG/logs_saul/logs5/virtuoso_ade_debug.log", "jobmode": "LSCS", "runmode": "Single Run, Sweeps and Corners", "lib": "REF_GEN", "cell": "REF_GEN_f_TB", "view": "maestro", "icversion": "sub-version  IC6.1.8-64b.500.36 ", "runstart": "Tue Sep  1 06:36:32 2026\n", "timezonelocal": "+000", "spectreversion": "unknown", "jobpolicyname": "ADE XL Default", "maxjobs": "unknown", "ncjobpolicyname": "", "ncmaxjobs": "unknown", "numtests": "1", "runfinished": "unknown", "runelapsed": "-1", "numcorners": "1"}
[2026-09-01 06:36:34.089 Z] [INFO] [cadence.virtuoso.ade.gui] - Simulation will use spectre batch mode because the GCC version used by Spectre and Virtuoso are not compatible. {"history": "Interactive.248", "point": 1, "testname": "OP", "detailed_message": "", "message_id": "ASSEMBLER-5024"}
[2026-09-01 06:36:34.124 Z] [EVENT] [cadence.virtuoso.ade.pointevaluator] - NewPoint {"history": "Interactive.248", "point": 1, "testname": "OP", "event": "NewPoint", "EventSource": "ADE GUI", "HistoryName": "Interactive.248", "logFile": "/home/saul/projects/LF_BG/logs_saul/logs5/virtuoso_ade_debug.log", "logFileSize": "129739"}
[2026-09-01 06:36:34.124 Z] [INFO] [cadence.virtuoso.ade.pointevaluator] - Started netlisting {"history": "Interactive.248", "point": 1, "testname": "OP"}
[2026-09-01 06:36:34.405 Z] [INFO] [cadence.virtuoso.ade.pointevaluator] - Finished netlisting {"history": "Interactive.248", "point": 1, "testname": "OP"}
[2026-09-01 06:36:34.405 Z] [INFO] [cadence.virtuoso.ade.pointevaluator] - Submitted {"history": "Interactive.248", "point": 1, "testname": "OP"}
[2026-09-01 06:36:36.093 Z] [PROCESS] [cadence.virtuoso.ade.gui] - ln: failed to create symbolic link '/home/saul/simulation/REF_GEN/REF_GEN_f_TB/maestro/results/maestro/Interactive.248/1/OP/netlist/exprOutputs.log': File exists
 {"logfile": "/home/saul/projects/LF_BG/logs_saul/logs5/Job14.log"}
[2026-09-01 06:36:36.094 Z] [PROCESS] [cadence.virtuoso.ade.gui] - ln: failed to create symbolic link '/home/saul/simulation/REF_GEN/REF_GEN_f_TB/maestro/results/maestro/Interactive.248/1/OP/netlist/amps_evaluator.log': File exists
 {"logfile": "/home/saul/projects/LF_BG/logs_saul/logs5/Job14.log"}
[2026-09-01 06:36:38.063 Z] [INFO] [cadence.virtuoso.ade.gui] - Point completed {"history": "Interactive.248", "point": 1, "testname": "OP"}
[2026-09-01 06:36:38.107 Z] [EVENT] [cadence.virtuoso.ade.gui] - HistoryFinished {"history": "Interactive.248", "point": 1, "testname": "OP", "event": "HistoryFinished", "EventSource": "ADE GUI", "HistoryName": "Interactive.248"}
[2026-09-01 06:37:57.676 Z] [WARN] [cadence.virtuoso.ade.gui] - The following global variable(s) are enabled, but are not used by any test in the active setup:
PD PD_PULSE 
It is recommended to delete or disable these variable(s) because they are not being considered by the simulation run. {"history": "Interactive.248", "point": 1, "testname": "OP", "detailed_message": "", "message_id": "ASSEMBLER-1704"}
[2026-09-01 06:37:57.841 Z] [EVENT] [cadence.virtuoso.ade.gui] - NewHistoryCreated {"history": "Interactive.249", "point": 1, "testname": "OP", "event": "NewHistoryCreated", "EventSource": "ADE GUI", "HistoryName": "Interactive.249", "WorkDir": "/home/saul/projects/LF_BG", "HistorySimDir": "/home/saul/simulation/REF_GEN/REF_GEN_f_TB/maestro/results/maestro/Interactive.249", "HistoryResultsDir": "/home/saul/projects/LF_BG/REF_GEN/REF_GEN_f_TB/maestro/results/maestro"}
[2026-09-01 06:37:57.841 Z] [PROCESS] [cadence.virtuoso.ade.gui] - History Setup {"hostname": "edatools", "processid": 83587, "history": "Interactive.249", "testname": "OP", "point": 1, "logfile": "/home/saul/projects/LF_BG/logs_saul/logs5/virtuoso_ade_debug.log", "jobmode": "LSCS", "runmode": "Single Run, Sweeps and Corners", "lib": "REF_GEN", "cell": "REF_GEN_f_TB", "view": "maestro", "icversion": "sub-version  IC6.1.8-64b.500.36 ", "runstart": "Tue Sep  1 06:37:57 2026\n", "timezonelocal": "+000", "spectreversion": "unknown", "jobpolicyname": "ADE XL Default", "maxjobs": "unknown", "ncjobpolicyname": "", "ncmaxjobs": "unknown", "numtests": "1", "runfinished": "unknown", "runelapsed": "-1", "numcorners": "1"}
[2026-09-01 06:37:59.035 Z] [INFO] [cadence.virtuoso.ade.gui] - Simulation will use spectre batch mode because the GCC version used by Spectre and Virtuoso are not compatible. {"history": "Interactive.249", "point": 1, "testname": "OP", "detailed_message": "", "message_id": "ASSEMBLER-5024"}
[2026-09-01 06:37:59.069 Z] [EVENT] [cadence.virtuoso.ade.pointevaluator] - NewPoint {"history": "Interactive.249", "point": 1, "testname": "OP", "event": "NewPoint", "EventSource": "ADE GUI", "HistoryName": "Interactive.249", "logFile": "/home/saul/projects/LF_BG/logs_saul/logs5/virtuoso_ade_debug.log", "logFileSize": "133389"}
[2026-09-01 06:37:59.070 Z] [INFO] [cadence.virtuoso.ade.pointevaluator] - Started netlisting {"history": "Interactive.249", "point": 1, "testname": "OP"}
[2026-09-01 06:38:00.092 Z] [INFO] [cadence.virtuoso.ade.pointevaluator] - Finished netlisting {"history": "Interactive.249", "point": 1, "testname": "OP"}
[2026-09-01 06:38:00.092 Z] [INFO] [cadence.virtuoso.ade.pointevaluator] - Submitted {"history": "Interactive.249", "point": 1, "testname": "OP"}
[2026-09-01 06:38:02.759 Z] [PROCESS] [cadence.virtuoso.ade.gui] - ln: failed to create symbolic link '/home/saul/simulation/REF_GEN/REF_GEN_f_TB/maestro/results/maestro/Interactive.249/1/OP/netlist/exprOutputs.log': File exists
 {"logfile": "/home/saul/projects/LF_BG/logs_saul/logs5/Job14.log"}
[2026-09-01 06:38:02.762 Z] [PROCESS] [cadence.virtuoso.ade.gui] - ln: failed to create symbolic link '/home/saul/simulation/REF_GEN/REF_GEN_f_TB/maestro/results/maestro/Interactive.249/1/OP/netlist/amps_evaluator.log': File exists
 {"logfile": "/home/saul/projects/LF_BG/logs_saul/logs5/Job14.log"}
[2026-09-01 06:38:04.071 Z] [INFO] [cadence.virtuoso.ade.gui] - Point completed {"history": "Interactive.249", "point": 1, "testname": "OP"}
[2026-09-01 06:38:04.119 Z] [EVENT] [cadence.virtuoso.ade.gui] - HistoryFinished {"history": "Interactive.249", "point": 1, "testname": "OP", "event": "HistoryFinished", "EventSource": "ADE GUI", "HistoryName": "Interactive.249"}
[2026-09-01 06:38:14.267 Z] [WARN] [cadence.virtuoso.ade.gui] - The following global variable(s) are enabled, but are not used by any test in the active setup:
PD PD_PULSE 
It is recommended to delete or disable these variable(s) because they are not being considered by the simulation run. {"history": "Interactive.249", "point": 1, "testname": "OP", "detailed_message": "", "message_id": "ASSEMBLER-1704"}
[2026-09-01 06:38:14.437 Z] [EVENT] [cadence.virtuoso.ade.gui] - NewHistoryCreated {"history": "Interactive.250", "point": 1, "testname": "OP", "event": "NewHistoryCreated", "EventSource": "ADE GUI", "HistoryName": "Interactive.250", "WorkDir": "/home/saul/projects/LF_BG", "HistorySimDir": "/home/saul/simulation/REF_GEN/REF_GEN_f_TB/maestro/results/maestro/Interactive.250", "HistoryResultsDir": "/home/saul/projects/LF_BG/REF_GEN/REF_GEN_f_TB/maestro/results/maestro"}
[2026-09-01 06:38:14.437 Z] [PROCESS] [cadence.virtuoso.ade.gui] - History Setup {"hostname": "edatools", "processid": 83587, "history": "Interactive.250", "testname": "OP", "point": 1, "logfile": "/home/saul/projects/LF_BG/logs_saul/logs5/virtuoso_ade_debug.log", "jobmode": "LSCS", "runmode": "Single Run, Sweeps and Corners", "lib": "REF_GEN", "cell": "REF_GEN_f_TB", "view": "maestro", "icversion": "sub-version  IC6.1.8-64b.500.36 ", "runstart": "Tue Sep  1 06:38:14 2026\n", "timezonelocal": "+000", "spectreversion": "unknown", "jobpolicyname": "ADE XL Default", "maxjobs": "unknown", "ncjobpolicyname": "", "ncmaxjobs": "unknown", "numtests": "1", "runfinished": "unknown", "runelapsed": "-1", "numcorners": "1"}
[2026-09-01 06:38:15.711 Z] [INFO] [cadence.virtuoso.ade.gui] - Simulation will use spectre batch mode because the GCC version used by Spectre and Virtuoso are not compatible. {"history": "Interactive.250", "point": 1, "testname": "OP", "detailed_message": "", "message_id": "ASSEMBLER-5024"}
[2026-09-01 06:38:15.744 Z] [EVENT] [cadence.virtuoso.ade.pointevaluator] - NewPoint {"history": "Interactive.250", "point": 1, "testname": "OP", "event": "NewPoint", "EventSource": "ADE GUI", "HistoryName": "Interactive.250", "logFile": "/home/saul/projects/LF_BG/logs_saul/logs5/virtuoso_ade_debug.log", "logFileSize": "137039"}
[2026-09-01 06:38:15.744 Z] [INFO] [cadence.virtuoso.ade.pointevaluator] - Started netlisting {"history": "Interactive.250", "point": 1, "testname": "OP"}
[2026-09-01 06:38:16.051 Z] [INFO] [cadence.virtuoso.ade.pointevaluator] - Finished netlisting {"history": "Interactive.250", "point": 1, "testname": "OP"}
[2026-09-01 06:38:16.051 Z] [INFO] [cadence.virtuoso.ade.pointevaluator] - Submitted {"history": "Interactive.250", "point": 1, "testname": "OP"}
[2026-09-01 06:38:17.738 Z] [PROCESS] [cadence.virtuoso.ade.gui] - ln: failed to create symbolic link '/home/saul/simulation/REF_GEN/REF_GEN_f_TB/maestro/results/maestro/Interactive.250/1/OP/netlist/exprOutputs.log': File exists
 {"logfile": "/home/saul/projects/LF_BG/logs_saul/logs5/Job14.log"}
[2026-09-01 06:38:17.743 Z] [PROCESS] [cadence.virtuoso.ade.gui] - ln: failed to create symbolic link '/home/saul/simulation/REF_GEN/REF_GEN_f_TB/maestro/results/maestro/Interactive.250/1/OP/netlist/amps_evaluator.log': File exists
 {"logfile": "/home/saul/projects/LF_BG/logs_saul/logs5/Job14.log"}
[2026-09-01 06:38:20.068 Z] [INFO] [cadence.virtuoso.ade.gui] - Point completed {"history": "Interactive.250", "point": 1, "testname": "OP"}
[2026-09-01 06:38:20.116 Z] [EVENT] [cadence.virtuoso.ade.gui] - HistoryFinished {"history": "Interactive.250", "point": 1, "testname": "OP", "event": "HistoryFinished", "EventSource": "ADE GUI", "HistoryName": "Interactive.250"}
[2026-09-01 06:38:27.563 Z] [WARN] [cadence.virtuoso.ade.gui] - The following global variable(s) are enabled, but are not used by any test in the active setup:
PD PD_PULSE 
It is recommended to delete or disable these variable(s) because they are not being considered by the simulation run. {"history": "Interactive.250", "point": 1, "testname": "OP", "detailed_message": "", "message_id": "ASSEMBLER-1704"}
[2026-09-01 06:38:27.730 Z] [EVENT] [cadence.virtuoso.ade.gui] - NewHistoryCreated {"history": "Interactive.251", "point": 1, "testname": "OP", "event": "NewHistoryCreated", "EventSource": "ADE GUI", "HistoryName": "Interactive.251", "WorkDir": "/home/saul/projects/LF_BG", "HistorySimDir": "/home/saul/simulation/REF_GEN/REF_GEN_f_TB/maestro/results/maestro/Interactive.251", "HistoryResultsDir": "/home/saul/projects/LF_BG/REF_GEN/REF_GEN_f_TB/maestro/results/maestro"}
[2026-09-01 06:38:27.730 Z] [PROCESS] [cadence.virtuoso.ade.gui] - History Setup {"hostname": "edatools", "processid": 83587, "history": "Interactive.251", "testname": "OP", "point": 1, "logfile": "/home/saul/projects/LF_BG/logs_saul/logs5/virtuoso_ade_debug.log", "jobmode": "LSCS", "runmode": "Single Run, Sweeps and Corners", "lib": "REF_GEN", "cell": "REF_GEN_f_TB", "view": "maestro", "icversion": "sub-version  IC6.1.8-64b.500.36 ", "runstart": "Tue Sep  1 06:38:27 2026\n", "timezonelocal": "+000", "spectreversion": "unknown", "jobpolicyname": "ADE XL Default", "maxjobs": "unknown", "ncjobpolicyname": "", "ncmaxjobs": "unknown", "numtests": "1", "runfinished": "unknown", "runelapsed": "-1", "numcorners": "1"}
[2026-09-01 06:38:28.918 Z] [INFO] [cadence.virtuoso.ade.gui] - Simulation will use spectre batch mode because the GCC version used by Spectre and Virtuoso are not compatible. {"history": "Interactive.251", "point": 1, "testname": "OP", "detailed_message": "", "message_id": "ASSEMBLER-5024"}
[2026-09-01 06:38:28.951 Z] [EVENT] [cadence.virtuoso.ade.pointevaluator] - NewPoint {"history": "Interactive.251", "point": 1, "testname": "OP", "event": "NewPoint", "EventSource": "ADE GUI", "HistoryName": "Interactive.251", "logFile": "/home/saul/projects/LF_BG/logs_saul/logs5/virtuoso_ade_debug.log", "logFileSize": "140689"}
[2026-09-01 06:38:28.952 Z] [INFO] [cadence.virtuoso.ade.pointevaluator] - Started netlisting {"history": "Interactive.251", "point": 1, "testname": "OP"}
[2026-09-01 06:38:29.255 Z] [INFO] [cadence.virtuoso.ade.pointevaluator] - Finished netlisting {"history": "Interactive.251", "point": 1, "testname": "OP"}
[2026-09-01 06:38:29.255 Z] [INFO] [cadence.virtuoso.ade.pointevaluator] - Submitted {"history": "Interactive.251", "point": 1, "testname": "OP"}
[2026-09-01 06:38:32.414 Z] [PROCESS] [cadence.virtuoso.ade.gui] - ln: failed to create symbolic link '/home/saul/simulation/REF_GEN/REF_GEN_f_TB/maestro/results/maestro/Interactive.251/1/OP/netlist/exprOutputs.log': File exists
 {"logfile": "/home/saul/projects/LF_BG/logs_saul/logs5/Job14.log"}
[2026-09-01 06:38:32.416 Z] [PROCESS] [cadence.virtuoso.ade.gui] - ln: failed to create symbolic link '/home/saul/simulation/REF_GEN/REF_GEN_f_TB/maestro/results/maestro/Interactive.251/1/OP/netlist/amps_evaluator.log': File exists
 {"logfile": "/home/saul/projects/LF_BG/logs_saul/logs5/Job14.log"}
[2026-09-01 06:38:34.068 Z] [INFO] [cadence.virtuoso.ade.gui] - Point completed {"history": "Interactive.251", "point": 1, "testname": "OP"}
[2026-09-01 06:38:34.133 Z] [EVENT] [cadence.virtuoso.ade.gui] - HistoryFinished {"history": "Interactive.251", "point": 1, "testname": "OP", "event": "HistoryFinished", "EventSource": "ADE GUI", "HistoryName": "Interactive.251"}
[2026-09-01 06:38:54.445 Z] [WARN] [cadence.virtuoso.ade.gui] - The following global variable(s) are enabled, but are not used by any test in the active setup:
PD PD_PULSE 
It is recommended to delete or disable these variable(s) because they are not being considered by the simulation run. {"history": "Interactive.251", "point": 1, "testname": "OP", "detailed_message": "", "message_id": "ASSEMBLER-1704"}
[2026-09-01 06:38:54.618 Z] [EVENT] [cadence.virtuoso.ade.gui] - NewHistoryCreated {"history": "Interactive.252", "point": 1, "testname": "OP", "event": "NewHistoryCreated", "EventSource": "ADE GUI", "HistoryName": "Interactive.252", "WorkDir": "/home/saul/projects/LF_BG", "HistorySimDir": "/home/saul/simulation/REF_GEN/REF_GEN_f_TB/maestro/results/maestro/Interactive.252", "HistoryResultsDir": "/home/saul/projects/LF_BG/REF_GEN/REF_GEN_f_TB/maestro/results/maestro"}
[2026-09-01 06:38:54.618 Z] [PROCESS] [cadence.virtuoso.ade.gui] - History Setup {"hostname": "edatools", "processid": 83587, "history": "Interactive.252", "testname": "OP", "point": 1, "logfile": "/home/saul/projects/LF_BG/logs_saul/logs5/virtuoso_ade_debug.log", "jobmode": "LSCS", "runmode": "Single Run, Sweeps and Corners", "lib": "REF_GEN", "cell": "REF_GEN_f_TB", "view": "maestro", "icversion": "sub-version  IC6.1.8-64b.500.36 ", "runstart": "Tue Sep  1 06:38:54 2026\n", "timezonelocal": "+000", "spectreversion": "unknown", "jobpolicyname": "ADE XL Default", "maxjobs": "unknown", "ncjobpolicyname": "", "ncmaxjobs": "unknown", "numtests": "1", "runfinished": "unknown", "runelapsed": "-1", "numcorners": "1"}
[2026-09-01 06:38:55.810 Z] [INFO] [cadence.virtuoso.ade.gui] - Simulation will use spectre batch mode because the GCC version used by Spectre and Virtuoso are not compatible. {"history": "Interactive.252", "point": 1, "testname": "OP", "detailed_message": "", "message_id": "ASSEMBLER-5024"}
[2026-09-01 06:38:55.843 Z] [EVENT] [cadence.virtuoso.ade.pointevaluator] - NewPoint {"history": "Interactive.252", "point": 1, "testname": "OP", "event": "NewPoint", "EventSource": "ADE GUI", "HistoryName": "Interactive.252", "logFile": "/home/saul/projects/LF_BG/logs_saul/logs5/virtuoso_ade_debug.log", "logFileSize": "144339"}
[2026-09-01 06:38:55.844 Z] [INFO] [cadence.virtuoso.ade.pointevaluator] - Started netlisting {"history": "Interactive.252", "point": 1, "testname": "OP"}
[2026-09-01 06:38:56.130 Z] [INFO] [cadence.virtuoso.ade.pointevaluator] - Finished netlisting {"history": "Interactive.252", "point": 1, "testname": "OP"}
[2026-09-01 06:38:56.130 Z] [INFO] [cadence.virtuoso.ade.pointevaluator] - Submitted {"history": "Interactive.252", "point": 1, "testname": "OP"}
[2026-09-01 06:38:57.801 Z] [PROCESS] [cadence.virtuoso.ade.gui] - ln: failed to create symbolic link '/home/saul/simulation/REF_GEN/REF_GEN_f_TB/maestro/results/maestro/Interactive.252/1/OP/netlist/exprOutputs.log': File exists
 {"logfile": "/home/saul/projects/LF_BG/logs_saul/logs5/Job14.log"}
[2026-09-01 06:38:57.804 Z] [PROCESS] [cadence.virtuoso.ade.gui] - ln: failed to create symbolic link '/home/saul/simulation/REF_GEN/REF_GEN_f_TB/maestro/results/maestro/Interactive.252/1/OP/netlist/amps_evaluator.log': File exists
 {"logfile": "/home/saul/projects/LF_BG/logs_saul/logs5/Job14.log"}
[2026-09-01 06:39:00.071 Z] [INFO] [cadence.virtuoso.ade.gui] - Point completed {"history": "Interactive.252", "point": 1, "testname": "OP"}
[2026-09-01 06:39:00.129 Z] [EVENT] [cadence.virtuoso.ade.gui] - HistoryFinished {"history": "Interactive.252", "point": 1, "testname": "OP", "event": "HistoryFinished", "EventSource": "ADE GUI", "HistoryName": "Interactive.252"}
[2026-09-01 06:39:07.711 Z] [WARN] [cadence.virtuoso.ade.gui] - The following global variable(s) are enabled, but are not used by any test in the active setup:
PD PD_PULSE 
It is recommended to delete or disable these variable(s) because they are not being considered by the simulation run. {"history": "Interactive.252", "point": 1, "testname": "OP", "detailed_message": "", "message_id": "ASSEMBLER-1704"}
[2026-09-01 06:39:07.875 Z] [EVENT] [cadence.virtuoso.ade.gui] - NewHistoryCreated {"history": "Interactive.253", "point": 1, "testname": "OP", "event": "NewHistoryCreated", "EventSource": "ADE GUI", "HistoryName": "Interactive.253", "WorkDir": "/home/saul/projects/LF_BG", "HistorySimDir": "/home/saul/simulation/REF_GEN/REF_GEN_f_TB/maestro/results/maestro/Interactive.253", "HistoryResultsDir": "/home/saul/projects/LF_BG/REF_GEN/REF_GEN_f_TB/maestro/results/maestro"}
[2026-09-01 06:39:07.876 Z] [PROCESS] [cadence.virtuoso.ade.gui] - History Setup {"hostname": "edatools", "processid": 83587, "history": "Interactive.253", "testname": "OP", "point": 1, "logfile": "/home/saul/projects/LF_BG/logs_saul/logs5/virtuoso_ade_debug.log", "jobmode": "LSCS", "runmode": "Single Run, Sweeps and Corners", "lib": "REF_GEN", "cell": "REF_GEN_f_TB", "view": "maestro", "icversion": "sub-version  IC6.1.8-64b.500.36 ", "runstart": "Tue Sep  1 06:39:07 2026\n", "timezonelocal": "+000", "spectreversion": "unknown", "jobpolicyname": "ADE XL Default", "maxjobs": "unknown", "ncjobpolicyname": "", "ncmaxjobs": "unknown", "numtests": "1", "runfinished": "unknown", "runelapsed": "-1", "numcorners": "1"}
[2026-09-01 06:39:09.077 Z] [INFO] [cadence.virtuoso.ade.gui] - Simulation will use spectre batch mode because the GCC version used by Spectre and Virtuoso are not compatible. {"history": "Interactive.253", "point": 1, "testname": "OP", "detailed_message": "", "message_id": "ASSEMBLER-5024"}
[2026-09-01 06:39:09.115 Z] [EVENT] [cadence.virtuoso.ade.pointevaluator] - NewPoint {"history": "Interactive.253", "point": 1, "testname": "OP", "event": "NewPoint", "EventSource": "ADE GUI", "HistoryName": "Interactive.253", "logFile": "/home/saul/projects/LF_BG/logs_saul/logs5/virtuoso_ade_debug.log", "logFileSize": "147989"}
[2026-09-01 06:39:09.116 Z] [INFO] [cadence.virtuoso.ade.pointevaluator] - Started netlisting {"history": "Interactive.253", "point": 1, "testname": "OP"}
[2026-09-01 06:39:09.466 Z] [INFO] [cadence.virtuoso.ade.pointevaluator] - Finished netlisting {"history": "Interactive.253", "point": 1, "testname": "OP"}
[2026-09-01 06:39:09.466 Z] [INFO] [cadence.virtuoso.ade.pointevaluator] - Submitted {"history": "Interactive.253", "point": 1, "testname": "OP"}
[2026-09-01 06:39:11.116 Z] [PROCESS] [cadence.virtuoso.ade.gui] - ln: failed to create symbolic link '/home/saul/simulation/REF_GEN/REF_GEN_f_TB/maestro/results/maestro/Interactive.253/1/OP/netlist/exprOutputs.log': File exists
 {"logfile": "/home/saul/projects/LF_BG/logs_saul/logs5/Job14.log"}
[2026-09-01 06:39:11.117 Z] [PROCESS] [cadence.virtuoso.ade.gui] - ln: failed to create symbolic link '/home/saul/simulation/REF_GEN/REF_GEN_f_TB/maestro/results/maestro/Interactive.253/1/OP/netlist/amps_evaluator.log': File exists
 {"logfile": "/home/saul/projects/LF_BG/logs_saul/logs5/Job14.log"}
[2026-09-01 06:39:13.071 Z] [INFO] [cadence.virtuoso.ade.gui] - Point completed {"history": "Interactive.253", "point": 1, "testname": "OP"}
[2026-09-01 06:39:13.112 Z] [EVENT] [cadence.virtuoso.ade.gui] - HistoryFinished {"history": "Interactive.253", "point": 1, "testname": "OP", "event": "HistoryFinished", "EventSource": "ADE GUI", "HistoryName": "Interactive.253"}
[2026-09-01 06:39:23.374 Z] [WARN] [cadence.virtuoso.ade.gui] - The following global variable(s) are enabled, but are not used by any test in the active setup:
PD PD_PULSE 
It is recommended to delete or disable these variable(s) because they are not being considered by the simulation run. {"history": "Interactive.253", "point": 1, "testname": "OP", "detailed_message": "", "message_id": "ASSEMBLER-1704"}
[2026-09-01 06:39:23.536 Z] [EVENT] [cadence.virtuoso.ade.gui] - NewHistoryCreated {"history": "Interactive.254", "point": 1, "testname": "OP", "event": "NewHistoryCreated", "EventSource": "ADE GUI", "HistoryName": "Interactive.254", "WorkDir": "/home/saul/projects/LF_BG", "HistorySimDir": "/home/saul/simulation/REF_GEN/REF_GEN_f_TB/maestro/results/maestro/Interactive.254", "HistoryResultsDir": "/home/saul/projects/LF_BG/REF_GEN/REF_GEN_f_TB/maestro/results/maestro"}
[2026-09-01 06:39:23.536 Z] [PROCESS] [cadence.virtuoso.ade.gui] - History Setup {"hostname": "edatools", "processid": 83587, "history": "Interactive.254", "testname": "OP", "point": 1, "logfile": "/home/saul/projects/LF_BG/logs_saul/logs5/virtuoso_ade_debug.log", "jobmode": "LSCS", "runmode": "Single Run, Sweeps and Corners", "lib": "REF_GEN", "cell": "REF_GEN_f_TB", "view": "maestro", "icversion": "sub-version  IC6.1.8-64b.500.36 ", "runstart": "Tue Sep  1 06:39:23 2026\n", "timezonelocal": "+000", "spectreversion": "unknown", "jobpolicyname": "ADE XL Default", "maxjobs": "unknown", "ncjobpolicyname": "", "ncmaxjobs": "unknown", "numtests": "1", "runfinished": "unknown", "runelapsed": "-1", "numcorners": "1"}
[2026-09-01 06:39:24.725 Z] [INFO] [cadence.virtuoso.ade.gui] - Simulation will use spectre batch mode because the GCC version used by Spectre and Virtuoso are not compatible. {"history": "Interactive.254", "point": 1, "testname": "OP", "detailed_message": "", "message_id": "ASSEMBLER-5024"}
[2026-09-01 06:39:24.758 Z] [EVENT] [cadence.virtuoso.ade.pointevaluator] - NewPoint {"history": "Interactive.254", "point": 1, "testname": "OP", "event": "NewPoint", "EventSource": "ADE GUI", "HistoryName": "Interactive.254", "logFile": "/home/saul/projects/LF_BG/logs_saul/logs5/virtuoso_ade_debug.log", "logFileSize": "151639"}
[2026-09-01 06:39:24.759 Z] [INFO] [cadence.virtuoso.ade.pointevaluator] - Started netlisting {"history": "Interactive.254", "point": 1, "testname": "OP"}
[2026-09-01 06:39:25.119 Z] [INFO] [cadence.virtuoso.ade.pointevaluator] - Finished netlisting {"history": "Interactive.254", "point": 1, "testname": "OP"}
[2026-09-01 06:39:25.120 Z] [INFO] [cadence.virtuoso.ade.pointevaluator] - Submitted {"history": "Interactive.254", "point": 1, "testname": "OP"}
[2026-09-01 06:39:26.788 Z] [PROCESS] [cadence.virtuoso.ade.gui] - ln: failed to create symbolic link '/home/saul/simulation/REF_GEN/REF_GEN_f_TB/maestro/results/maestro/Interactive.254/1/OP/netlist/exprOutputs.log': File exists
 {"logfile": "/home/saul/projects/LF_BG/logs_saul/logs5/Job14.log"}
[2026-09-01 06:39:26.797 Z] [PROCESS] [cadence.virtuoso.ade.gui] - ln: failed to create symbolic link '/home/saul/simulation/REF_GEN/REF_GEN_f_TB/maestro/results/maestro/Interactive.254/1/OP/netlist/amps_evaluator.log': File exists
 {"logfile": "/home/saul/projects/LF_BG/logs_saul/logs5/Job14.log"}
[2026-09-01 06:39:29.071 Z] [INFO] [cadence.virtuoso.ade.gui] - Point completed {"history": "Interactive.254", "point": 1, "testname": "OP"}
[2026-09-01 06:39:29.111 Z] [EVENT] [cadence.virtuoso.ade.gui] - HistoryFinished {"history": "Interactive.254", "point": 1, "testname": "OP", "event": "HistoryFinished", "EventSource": "ADE GUI", "HistoryName": "Interactive.254"}
[2026-09-01 06:39:44.712 Z] [WARN] [cadence.virtuoso.ade.gui] - The following global variable(s) are enabled, but are not used by any test in the active setup:
PD PD_PULSE 
It is recommended to delete or disable these variable(s) because they are not being considered by the simulation run. {"history": "Interactive.254", "point": 1, "testname": "OP", "detailed_message": "", "message_id": "ASSEMBLER-1704"}
[2026-09-01 06:39:44.909 Z] [EVENT] [cadence.virtuoso.ade.gui] - NewHistoryCreated {"history": "Interactive.255", "point": 1, "testname": "OP", "event": "NewHistoryCreated", "EventSource": "ADE GUI", "HistoryName": "Interactive.255", "WorkDir": "/home/saul/projects/LF_BG", "HistorySimDir": "/home/saul/simulation/REF_GEN/REF_GEN_f_TB/maestro/results/maestro/Interactive.255", "HistoryResultsDir": "/home/saul/projects/LF_BG/REF_GEN/REF_GEN_f_TB/maestro/results/maestro"}
[2026-09-01 06:39:44.909 Z] [PROCESS] [cadence.virtuoso.ade.gui] - History Setup {"hostname": "edatools", "processid": 83587, "history": "Interactive.255", "testname": "OP", "point": 1, "logfile": "/home/saul/projects/LF_BG/logs_saul/logs5/virtuoso_ade_debug.log", "jobmode": "LSCS", "runmode": "Single Run, Sweeps and Corners", "lib": "REF_GEN", "cell": "REF_GEN_f_TB", "view": "maestro", "icversion": "sub-version  IC6.1.8-64b.500.36 ", "runstart": "Tue Sep  1 06:39:44 2026\n", "timezonelocal": "+000", "spectreversion": "unknown", "jobpolicyname": "ADE XL Default", "maxjobs": "unknown", "ncjobpolicyname": "", "ncmaxjobs": "unknown", "numtests": "1", "runfinished": "unknown", "runelapsed": "-1", "numcorners": "1"}
[2026-09-01 06:39:46.095 Z] [INFO] [cadence.virtuoso.ade.gui] - Simulation will use spectre batch mode because the GCC version used by Spectre and Virtuoso are not compatible. {"history": "Interactive.255", "point": 1, "testname": "OP", "detailed_message": "", "message_id": "ASSEMBLER-5024"}
[2026-09-01 06:39:46.133 Z] [EVENT] [cadence.virtuoso.ade.pointevaluator] - NewPoint {"history": "Interactive.255", "point": 1, "testname": "OP", "event": "NewPoint", "EventSource": "ADE GUI", "HistoryName": "Interactive.255", "logFile": "/home/saul/projects/LF_BG/logs_saul/logs5/virtuoso_ade_debug.log", "logFileSize": "155289"}
[2026-09-01 06:39:46.133 Z] [INFO] [cadence.virtuoso.ade.pointevaluator] - Started netlisting {"history": "Interactive.255", "point": 1, "testname": "OP"}
[2026-09-01 06:39:46.490 Z] [INFO] [cadence.virtuoso.ade.pointevaluator] - Finished netlisting {"history": "Interactive.255", "point": 1, "testname": "OP"}
[2026-09-01 06:39:46.490 Z] [INFO] [cadence.virtuoso.ade.pointevaluator] - Submitted {"history": "Interactive.255", "point": 1, "testname": "OP"}
[2026-09-01 06:39:48.126 Z] [PROCESS] [cadence.virtuoso.ade.gui] - ln: failed to create symbolic link '/home/saul/simulation/REF_GEN/REF_GEN_f_TB/maestro/results/maestro/Interactive.255/1/OP/netlist/exprOutputs.log': File exists
 {"logfile": "/home/saul/projects/LF_BG/logs_saul/logs5/Job14.log"}
[2026-09-01 06:39:48.129 Z] [PROCESS] [cadence.virtuoso.ade.gui] - ln: failed to create symbolic link '/home/saul/simulation/REF_GEN/REF_GEN_f_TB/maestro/results/maestro/Interactive.255/1/OP/netlist/amps_evaluator.log': File exists
 {"logfile": "/home/saul/projects/LF_BG/logs_saul/logs5/Job14.log"}
[2026-09-01 06:39:50.072 Z] [INFO] [cadence.virtuoso.ade.gui] - Point completed {"history": "Interactive.255", "point": 1, "testname": "OP"}
[2026-09-01 06:39:50.115 Z] [EVENT] [cadence.virtuoso.ade.gui] - HistoryFinished {"history": "Interactive.255", "point": 1, "testname": "OP", "event": "HistoryFinished", "EventSource": "ADE GUI", "HistoryName": "Interactive.255"}
[2026-09-01 06:40:04.185 Z] [WARN] [cadence.virtuoso.ade.gui] - The following global variable(s) are enabled, but are not used by any test in the active setup:
PD PD_PULSE 
It is recommended to delete or disable these variable(s) because they are not being considered by the simulation run. {"history": "Interactive.255", "point": 1, "testname": "OP", "detailed_message": "", "message_id": "ASSEMBLER-1704"}
[2026-09-01 06:40:04.349 Z] [EVENT] [cadence.virtuoso.ade.gui] - NewHistoryCreated {"history": "Interactive.256", "point": 1, "testname": "OP", "event": "NewHistoryCreated", "EventSource": "ADE GUI", "HistoryName": "Interactive.256", "WorkDir": "/home/saul/projects/LF_BG", "HistorySimDir": "/home/saul/simulation/REF_GEN/REF_GEN_f_TB/maestro/results/maestro/Interactive.256", "HistoryResultsDir": "/home/saul/projects/LF_BG/REF_GEN/REF_GEN_f_TB/maestro/results/maestro"}
[2026-09-01 06:40:04.350 Z] [PROCESS] [cadence.virtuoso.ade.gui] - History Setup {"hostname": "edatools", "processid": 83587, "history": "Interactive.256", "testname": "OP", "point": 1, "logfile": "/home/saul/projects/LF_BG/logs_saul/logs5/virtuoso_ade_debug.log", "jobmode": "LSCS", "runmode": "Single Run, Sweeps and Corners", "lib": "REF_GEN", "cell": "REF_GEN_f_TB", "view": "maestro", "icversion": "sub-version  IC6.1.8-64b.500.36 ", "runstart": "Tue Sep  1 06:40:04 2026\n", "timezonelocal": "+000", "spectreversion": "unknown", "jobpolicyname": "ADE XL Default", "maxjobs": "unknown", "ncjobpolicyname": "", "ncmaxjobs": "unknown", "numtests": "1", "runfinished": "unknown", "runelapsed": "-1", "numcorners": "1"}
[2026-09-01 06:40:05.533 Z] [INFO] [cadence.virtuoso.ade.gui] - Simulation will use spectre batch mode because the GCC version used by Spectre and Virtuoso are not compatible. {"history": "Interactive.256", "point": 1, "testname": "OP", "detailed_message": "", "message_id": "ASSEMBLER-5024"}
[2026-09-01 06:40:05.567 Z] [EVENT] [cadence.virtuoso.ade.pointevaluator] - NewPoint {"history": "Interactive.256", "point": 1, "testname": "OP", "event": "NewPoint", "EventSource": "ADE GUI", "HistoryName": "Interactive.256", "logFile": "/home/saul/projects/LF_BG/logs_saul/logs5/virtuoso_ade_debug.log", "logFileSize": "158939"}
[2026-09-01 06:40:05.567 Z] [INFO] [cadence.virtuoso.ade.pointevaluator] - Started netlisting {"history": "Interactive.256", "point": 1, "testname": "OP"}
[2026-09-01 06:40:05.959 Z] [INFO] [cadence.virtuoso.ade.pointevaluator] - Finished netlisting {"history": "Interactive.256", "point": 1, "testname": "OP"}
[2026-09-01 06:40:05.959 Z] [INFO] [cadence.virtuoso.ade.pointevaluator] - Submitted {"history": "Interactive.256", "point": 1, "testname": "OP"}
[2026-09-01 06:40:07.624 Z] [PROCESS] [cadence.virtuoso.ade.gui] - ln: failed to create symbolic link '/home/saul/simulation/REF_GEN/REF_GEN_f_TB/maestro/results/maestro/Interactive.256/1/OP/netlist/exprOutputs.log': File exists
 {"logfile": "/home/saul/projects/LF_BG/logs_saul/logs5/Job14.log"}
[2026-09-01 06:40:07.627 Z] [PROCESS] [cadence.virtuoso.ade.gui] - ln: failed to create symbolic link '/home/saul/simulation/REF_GEN/REF_GEN_f_TB/maestro/results/maestro/Interactive.256/1/OP/netlist/amps_evaluator.log': File exists
 {"logfile": "/home/saul/projects/LF_BG/logs_saul/logs5/Job14.log"}
[2026-09-01 06:40:10.068 Z] [INFO] [cadence.virtuoso.ade.gui] - Point completed {"history": "Interactive.256", "point": 1, "testname": "OP"}
[2026-09-01 06:40:10.127 Z] [EVENT] [cadence.virtuoso.ade.gui] - HistoryFinished {"history": "Interactive.256", "point": 1, "testname": "OP", "event": "HistoryFinished", "EventSource": "ADE GUI", "HistoryName": "Interactive.256"}
[2026-09-01 06:40:36.250 Z] [WARN] [cadence.virtuoso.ade.gui] - The following global variable(s) are enabled, but are not used by any test in the active setup:
PD PD_PULSE 
It is recommended to delete or disable these variable(s) because they are not being considered by the simulation run. {"history": "Interactive.256", "point": 1, "testname": "OP", "detailed_message": "", "message_id": "ASSEMBLER-1704"}
[2026-09-01 06:40:36.413 Z] [EVENT] [cadence.virtuoso.ade.gui] - NewHistoryCreated {"history": "Interactive.257", "point": 1, "testname": "OP", "event": "NewHistoryCreated", "EventSource": "ADE GUI", "HistoryName": "Interactive.257", "WorkDir": "/home/saul/projects/LF_BG", "HistorySimDir": "/home/saul/simulation/REF_GEN/REF_GEN_f_TB/maestro/results/maestro/Interactive.257", "HistoryResultsDir": "/home/saul/projects/LF_BG/REF_GEN/REF_GEN_f_TB/maestro/results/maestro"}
[2026-09-01 06:40:36.413 Z] [PROCESS] [cadence.virtuoso.ade.gui] - History Setup {"hostname": "edatools", "processid": 83587, "history": "Interactive.257", "testname": "OP", "point": 1, "logfile": "/home/saul/projects/LF_BG/logs_saul/logs5/virtuoso_ade_debug.log", "jobmode": "LSCS", "runmode": "Single Run, Sweeps and Corners", "lib": "REF_GEN", "cell": "REF_GEN_f_TB", "view": "maestro", "icversion": "sub-version  IC6.1.8-64b.500.36 ", "runstart": "Tue Sep  1 06:40:36 2026\n", "timezonelocal": "+000", "spectreversion": "unknown", "jobpolicyname": "ADE XL Default", "maxjobs": "unknown", "ncjobpolicyname": "", "ncmaxjobs": "unknown", "numtests": "1", "runfinished": "unknown", "runelapsed": "-1", "numcorners": "1"}
[2026-09-01 06:40:37.598 Z] [INFO] [cadence.virtuoso.ade.gui] - Simulation will use spectre batch mode because the GCC version used by Spectre and Virtuoso are not compatible. {"history": "Interactive.257", "point": 1, "testname": "OP", "detailed_message": "", "message_id": "ASSEMBLER-5024"}
[2026-09-01 06:40:37.631 Z] [EVENT] [cadence.virtuoso.ade.pointevaluator] - NewPoint {"history": "Interactive.257", "point": 1, "testname": "OP", "event": "NewPoint", "EventSource": "ADE GUI", "HistoryName": "Interactive.257", "logFile": "/home/saul/projects/LF_BG/logs_saul/logs5/virtuoso_ade_debug.log", "logFileSize": "162589"}
[2026-09-01 06:40:37.632 Z] [INFO] [cadence.virtuoso.ade.pointevaluator] - Started netlisting {"history": "Interactive.257", "point": 1, "testname": "OP"}
[2026-09-01 06:40:37.953 Z] [INFO] [cadence.virtuoso.ade.pointevaluator] - Finished netlisting {"history": "Interactive.257", "point": 1, "testname": "OP"}
[2026-09-01 06:40:37.953 Z] [INFO] [cadence.virtuoso.ade.pointevaluator] - Submitted {"history": "Interactive.257", "point": 1, "testname": "OP"}
[2026-09-01 06:40:39.609 Z] [PROCESS] [cadence.virtuoso.ade.gui] - ln: failed to create symbolic link '/home/saul/simulation/REF_GEN/REF_GEN_f_TB/maestro/results/maestro/Interactive.257/1/OP/netlist/exprOutputs.log': File exists
 {"logfile": "/home/saul/projects/LF_BG/logs_saul/logs5/Job14.log"}
[2026-09-01 06:40:39.612 Z] [PROCESS] [cadence.virtuoso.ade.gui] - ln: failed to create symbolic link '/home/saul/simulation/REF_GEN/REF_GEN_f_TB/maestro/results/maestro/Interactive.257/1/OP/netlist/amps_evaluator.log': File exists
 {"logfile": "/home/saul/projects/LF_BG/logs_saul/logs5/Job14.log"}
[2026-09-01 06:40:42.069 Z] [INFO] [cadence.virtuoso.ade.gui] - Point completed {"history": "Interactive.257", "point": 1, "testname": "OP"}
[2026-09-01 06:40:42.109 Z] [EVENT] [cadence.virtuoso.ade.gui] - HistoryFinished {"history": "Interactive.257", "point": 1, "testname": "OP", "event": "HistoryFinished", "EventSource": "ADE GUI", "HistoryName": "Interactive.257"}
[2026-09-01 06:47:28.588 Z] [WARN] [cadence.virtuoso.ade.gui] - The following global variable(s) are enabled, but are not used by any test in the active setup:
PD PD_PULSE 
It is recommended to delete or disable these variable(s) because they are not being considered by the simulation run. {"history": "Interactive.257", "point": 1, "testname": "OP", "detailed_message": "", "message_id": "ASSEMBLER-1704"}
[2026-09-01 06:47:28.738 Z] [EVENT] [cadence.virtuoso.ade.gui] - NewHistoryCreated {"history": "Interactive.258", "point": 1, "testname": "OP", "event": "NewHistoryCreated", "EventSource": "ADE GUI", "HistoryName": "Interactive.258", "WorkDir": "/home/saul/projects/LF_BG", "HistorySimDir": "/home/saul/simulation/REF_GEN/REF_GEN_f_TB/maestro/results/maestro/Interactive.258", "HistoryResultsDir": "/home/saul/projects/LF_BG/REF_GEN/REF_GEN_f_TB/maestro/results/maestro"}
[2026-09-01 06:47:28.739 Z] [PROCESS] [cadence.virtuoso.ade.gui] - History Setup {"hostname": "edatools", "processid": 83587, "history": "Interactive.258", "testname": "OP", "point": 1, "logfile": "/home/saul/projects/LF_BG/logs_saul/logs5/virtuoso_ade_debug.log", "jobmode": "LSCS", "runmode": "Single Run, Sweeps and Corners", "lib": "REF_GEN", "cell": "REF_GEN_f_TB", "view": "maestro", "icversion": "sub-version  IC6.1.8-64b.500.36 ", "runstart": "Tue Sep  1 06:47:28 2026\n", "timezonelocal": "+000", "spectreversion": "unknown", "jobpolicyname": "ADE XL Default", "maxjobs": "unknown", "ncjobpolicyname": "", "ncmaxjobs": "unknown", "numtests": "1", "runfinished": "unknown", "runelapsed": "-1", "numcorners": "1"}
[2026-09-01 06:47:29.905 Z] [INFO] [cadence.virtuoso.ade.gui] - Simulation will use spectre batch mode because the GCC version used by Spectre and Virtuoso are not compatible. {"history": "Interactive.258", "point": 1, "testname": "OP", "detailed_message": "", "message_id": "ASSEMBLER-5024"}
[2026-09-01 06:47:29.937 Z] [EVENT] [cadence.virtuoso.ade.pointevaluator] - NewPoint {"history": "Interactive.258", "point": 1, "testname": "OP", "event": "NewPoint", "EventSource": "ADE GUI", "HistoryName": "Interactive.258", "logFile": "/home/saul/projects/LF_BG/logs_saul/logs5/virtuoso_ade_debug.log", "logFileSize": "166239"}
[2026-09-01 06:47:29.938 Z] [INFO] [cadence.virtuoso.ade.pointevaluator] - Started netlisting {"history": "Interactive.258", "point": 1, "testname": "OP"}
[2026-09-01 06:47:31.101 Z] [INFO] [cadence.virtuoso.ade.pointevaluator] - Finished netlisting {"history": "Interactive.258", "point": 1, "testname": "OP"}
[2026-09-01 06:47:31.101 Z] [INFO] [cadence.virtuoso.ade.pointevaluator] - Submitted {"history": "Interactive.258", "point": 1, "testname": "OP"}
[2026-09-01 06:47:33.780 Z] [PROCESS] [cadence.virtuoso.ade.gui] - /home/saul/projects/LF_BG/.tmp_saul/.cmddir5/swiftJob15 is starting {"logfile": "/home/saul/projects/LF_BG/logs_saul/logs5/Job15.log"}
[2026-09-01 06:47:33.884 Z] [PROCESS] [cadence.virtuoso.ade.gui] - Simulation Monitor process '123064' is starting up on host 'edatools' {"logfile": "/home/saul/projects/LF_BG/logs_saul/logs5/Job15.log"}
[2026-09-01 06:47:36.036 Z] [PROCESS] [cadence.virtuoso.ade.gui] - ln: failed to create symbolic link '/home/saul/simulation/REF_GEN/REF_GEN_f_TB/maestro/results/maestro/Interactive.258/1/OP/netlist/exprOutputs.log': File exists
 {"logfile": "/home/saul/projects/LF_BG/logs_saul/logs5/Job15.log"}
[2026-09-01 06:47:36.039 Z] [PROCESS] [cadence.virtuoso.ade.gui] - ln: failed to create symbolic link '/home/saul/simulation/REF_GEN/REF_GEN_f_TB/maestro/results/maestro/Interactive.258/1/OP/netlist/amps_evaluator.log': File exists
 {"logfile": "/home/saul/projects/LF_BG/logs_saul/logs5/Job15.log"}
[2026-09-01 06:47:37.069 Z] [INFO] [cadence.virtuoso.ade.gui] - Point completed {"history": "Interactive.258", "point": 1, "testname": "OP"}
[2026-09-01 06:47:37.113 Z] [EVENT] [cadence.virtuoso.ade.gui] - HistoryFinished {"history": "Interactive.258", "point": 1, "testname": "OP", "event": "HistoryFinished", "EventSource": "ADE GUI", "HistoryName": "Interactive.258"}
[2026-09-01 06:51:11.828 Z] [WARN] [cadence.virtuoso.ade.gui] - The following global variable(s) are enabled, but are not used by any test in the active setup:
PD PD_PULSE 
It is recommended to delete or disable these variable(s) because they are not being considered by the simulation run. {"history": "Interactive.258", "point": 1, "testname": "OP", "detailed_message": "", "message_id": "ASSEMBLER-1704"}
[2026-09-01 06:51:11.982 Z] [EVENT] [cadence.virtuoso.ade.gui] - NewHistoryCreated {"history": "Interactive.259", "point": 1, "testname": "OP", "event": "NewHistoryCreated", "EventSource": "ADE GUI", "HistoryName": "Interactive.259", "WorkDir": "/home/saul/projects/LF_BG", "HistorySimDir": "/home/saul/simulation/REF_GEN/REF_GEN_f_TB/maestro/results/maestro/Interactive.259", "HistoryResultsDir": "/home/saul/projects/LF_BG/REF_GEN/REF_GEN_f_TB/maestro/results/maestro"}
[2026-09-01 06:51:11.983 Z] [PROCESS] [cadence.virtuoso.ade.gui] - History Setup {"hostname": "edatools", "processid": 83587, "history": "Interactive.259", "testname": "OP", "point": 1, "logfile": "/home/saul/projects/LF_BG/logs_saul/logs5/virtuoso_ade_debug.log", "jobmode": "LSCS", "runmode": "Single Run, Sweeps and Corners", "lib": "REF_GEN", "cell": "REF_GEN_f_TB", "view": "maestro", "icversion": "sub-version  IC6.1.8-64b.500.36 ", "runstart": "Tue Sep  1 06:51:11 2026\n", "timezonelocal": "+000", "spectreversion": "unknown", "jobpolicyname": "ADE XL Default", "maxjobs": "unknown", "ncjobpolicyname": "", "ncmaxjobs": "unknown", "numtests": "1", "runfinished": "unknown", "runelapsed": "-1", "numcorners": "1"}
[2026-09-01 06:51:13.220 Z] [INFO] [cadence.virtuoso.ade.gui] - Simulation will use spectre batch mode because the GCC version used by Spectre and Virtuoso are not compatible. {"history": "Interactive.259", "point": 1, "testname": "OP", "detailed_message": "", "message_id": "ASSEMBLER-5024"}
[2026-09-01 06:51:13.259 Z] [EVENT] [cadence.virtuoso.ade.pointevaluator] - NewPoint {"history": "Interactive.259", "point": 1, "testname": "OP", "event": "NewPoint", "EventSource": "ADE GUI", "HistoryName": "Interactive.259", "logFile": "/home/saul/projects/LF_BG/logs_saul/logs5/virtuoso_ade_debug.log", "logFileSize": "170295"}
[2026-09-01 06:51:13.260 Z] [INFO] [cadence.virtuoso.ade.pointevaluator] - Started netlisting {"history": "Interactive.259", "point": 1, "testname": "OP"}
[2026-09-01 06:51:14.306 Z] [INFO] [cadence.virtuoso.ade.pointevaluator] - Finished netlisting {"history": "Interactive.259", "point": 1, "testname": "OP"}
[2026-09-01 06:51:14.306 Z] [INFO] [cadence.virtuoso.ade.pointevaluator] - Submitted {"history": "Interactive.259", "point": 1, "testname": "OP"}
[2026-09-01 06:51:16.963 Z] [PROCESS] [cadence.virtuoso.ade.gui] - ln: failed to create symbolic link '/home/saul/simulation/REF_GEN/REF_GEN_f_TB/maestro/results/maestro/Interactive.259/1/OP/netlist/exprOutputs.log': File exists
 {"logfile": "/home/saul/projects/LF_BG/logs_saul/logs5/Job15.log"}
[2026-09-01 06:51:16.966 Z] [PROCESS] [cadence.virtuoso.ade.gui] - ln: failed to create symbolic link '/home/saul/simulation/REF_GEN/REF_GEN_f_TB/maestro/results/maestro/Interactive.259/1/OP/netlist/amps_evaluator.log': File exists
 {"logfile": "/home/saul/projects/LF_BG/logs_saul/logs5/Job15.log"}
[2026-09-01 06:51:18.064 Z] [INFO] [cadence.virtuoso.ade.gui] - Point completed {"history": "Interactive.259", "point": 1, "testname": "OP"}
[2026-09-01 06:51:18.135 Z] [EVENT] [cadence.virtuoso.ade.gui] - HistoryFinished {"history": "Interactive.259", "point": 1, "testname": "OP", "event": "HistoryFinished", "EventSource": "ADE GUI", "HistoryName": "Interactive.259"}
[2026-09-01 06:52:14.002 Z] [WARN] [cadence.virtuoso.ade.gui] - The following global variable(s) are enabled, but are not used by any test in the active setup:
PD PD_PULSE 
It is recommended to delete or disable these variable(s) because they are not being considered by the simulation run. {"history": "Interactive.259", "point": 1, "testname": "OP", "detailed_message": "", "message_id": "ASSEMBLER-1704"}
[2026-09-01 06:52:14.381 Z] [EVENT] [cadence.virtuoso.ade.gui] - NewHistoryCreated {"history": "Interactive.260", "point": 1, "testname": "OP", "event": "NewHistoryCreated", "EventSource": "ADE GUI", "HistoryName": "Interactive.260", "WorkDir": "/home/saul/projects/LF_BG", "HistorySimDir": "/home/saul/simulation/REF_GEN/REF_GEN_f_TB/maestro/results/maestro/Interactive.260", "HistoryResultsDir": "/home/saul/projects/LF_BG/REF_GEN/REF_GEN_f_TB/maestro/results/maestro"}
[2026-09-01 06:52:14.381 Z] [PROCESS] [cadence.virtuoso.ade.gui] - History Setup {"hostname": "edatools", "processid": 83587, "history": "Interactive.260", "testname": "OP", "point": 1, "logfile": "/home/saul/projects/LF_BG/logs_saul/logs5/virtuoso_ade_debug.log", "jobmode": "LSCS", "runmode": "Single Run, Sweeps and Corners", "lib": "REF_GEN", "cell": "REF_GEN_f_TB", "view": "maestro", "icversion": "sub-version  IC6.1.8-64b.500.36 ", "runstart": "Tue Sep  1 06:52:14 2026\n", "timezonelocal": "+000", "spectreversion": "unknown", "jobpolicyname": "ADE XL Default", "maxjobs": "unknown", "ncjobpolicyname": "", "ncmaxjobs": "unknown", "numtests": "1", "runfinished": "unknown", "runelapsed": "-1", "numcorners": "1"}
[2026-09-01 06:52:15.543 Z] [INFO] [cadence.virtuoso.ade.gui] - Simulation will use spectre batch mode because the GCC version used by Spectre and Virtuoso are not compatible. {"history": "Interactive.260", "point": 1, "testname": "OP", "detailed_message": "", "message_id": "ASSEMBLER-5024"}
[2026-09-01 06:52:15.581 Z] [EVENT] [cadence.virtuoso.ade.pointevaluator] - NewPoint {"history": "Interactive.260", "point": 1, "testname": "OP", "event": "NewPoint", "EventSource": "ADE GUI", "HistoryName": "Interactive.260", "logFile": "/home/saul/projects/LF_BG/logs_saul/logs5/virtuoso_ade_debug.log", "logFileSize": "173945"}
[2026-09-01 06:52:15.581 Z] [INFO] [cadence.virtuoso.ade.pointevaluator] - Started netlisting {"history": "Interactive.260", "point": 1, "testname": "OP"}
[2026-09-01 06:52:15.962 Z] [INFO] [cadence.virtuoso.ade.pointevaluator] - Finished netlisting {"history": "Interactive.260", "point": 1, "testname": "OP"}
[2026-09-01 06:52:15.962 Z] [INFO] [cadence.virtuoso.ade.pointevaluator] - Submitted {"history": "Interactive.260", "point": 1, "testname": "OP"}
[2026-09-01 06:52:17.611 Z] [PROCESS] [cadence.virtuoso.ade.gui] - ln: failed to create symbolic link '/home/saul/simulation/REF_GEN/REF_GEN_f_TB/maestro/results/maestro/Interactive.260/1/OP/netlist/exprOutputs.log': File exists
 {"logfile": "/home/saul/projects/LF_BG/logs_saul/logs5/Job15.log"}
[2026-09-01 06:52:17.614 Z] [PROCESS] [cadence.virtuoso.ade.gui] - ln: failed to create symbolic link '/home/saul/simulation/REF_GEN/REF_GEN_f_TB/maestro/results/maestro/Interactive.260/1/OP/netlist/amps_evaluator.log': File exists
 {"logfile": "/home/saul/projects/LF_BG/logs_saul/logs5/Job15.log"}
[2026-09-01 06:52:20.065 Z] [INFO] [cadence.virtuoso.ade.gui] - Point completed {"history": "Interactive.260", "point": 1, "testname": "OP"}
[2026-09-01 06:52:20.121 Z] [EVENT] [cadence.virtuoso.ade.gui] - HistoryFinished {"history": "Interactive.260", "point": 1, "testname": "OP", "event": "HistoryFinished", "EventSource": "ADE GUI", "HistoryName": "Interactive.260"}
[2026-09-01 06:52:39.749 Z] [WARN] [cadence.virtuoso.ade.gui] - The following global variable(s) are enabled, but are not used by any test in the active setup:
PD PD_PULSE 
It is recommended to delete or disable these variable(s) because they are not being considered by the simulation run. {"history": "Interactive.260", "point": 1, "testname": "OP", "detailed_message": "", "message_id": "ASSEMBLER-1704"}
[2026-09-01 06:52:39.921 Z] [EVENT] [cadence.virtuoso.ade.gui] - NewHistoryCreated {"history": "Interactive.261", "point": 1, "testname": "OP", "event": "NewHistoryCreated", "EventSource": "ADE GUI", "HistoryName": "Interactive.261", "WorkDir": "/home/saul/projects/LF_BG", "HistorySimDir": "/home/saul/simulation/REF_GEN/REF_GEN_f_TB/maestro/results/maestro/Interactive.261", "HistoryResultsDir": "/home/saul/projects/LF_BG/REF_GEN/REF_GEN_f_TB/maestro/results/maestro"}
[2026-09-01 06:52:39.922 Z] [PROCESS] [cadence.virtuoso.ade.gui] - History Setup {"hostname": "edatools", "processid": 83587, "history": "Interactive.261", "testname": "OP", "point": 1, "logfile": "/home/saul/projects/LF_BG/logs_saul/logs5/virtuoso_ade_debug.log", "jobmode": "LSCS", "runmode": "Single Run, Sweeps and Corners", "lib": "REF_GEN", "cell": "REF_GEN_f_TB", "view": "maestro", "icversion": "sub-version  IC6.1.8-64b.500.36 ", "runstart": "Tue Sep  1 06:52:39 2026\n", "timezonelocal": "+000", "spectreversion": "unknown", "jobpolicyname": "ADE XL Default", "maxjobs": "unknown", "ncjobpolicyname": "", "ncmaxjobs": "unknown", "numtests": "1", "runfinished": "unknown", "runelapsed": "-1", "numcorners": "1"}
[2026-09-01 06:52:41.098 Z] [INFO] [cadence.virtuoso.ade.gui] - Simulation will use spectre batch mode because the GCC version used by Spectre and Virtuoso are not compatible. {"history": "Interactive.261", "point": 1, "testname": "OP", "detailed_message": "", "message_id": "ASSEMBLER-5024"}
[2026-09-01 06:52:41.132 Z] [EVENT] [cadence.virtuoso.ade.pointevaluator] - NewPoint {"history": "Interactive.261", "point": 1, "testname": "OP", "event": "NewPoint", "EventSource": "ADE GUI", "HistoryName": "Interactive.261", "logFile": "/home/saul/projects/LF_BG/logs_saul/logs5/virtuoso_ade_debug.log", "logFileSize": "177595"}
[2026-09-01 06:52:41.132 Z] [INFO] [cadence.virtuoso.ade.pointevaluator] - Started netlisting {"history": "Interactive.261", "point": 1, "testname": "OP"}
[2026-09-01 06:52:41.503 Z] [INFO] [cadence.virtuoso.ade.pointevaluator] - Finished netlisting {"history": "Interactive.261", "point": 1, "testname": "OP"}
[2026-09-01 06:52:41.503 Z] [INFO] [cadence.virtuoso.ade.pointevaluator] - Submitted {"history": "Interactive.261", "point": 1, "testname": "OP"}
[2026-09-01 06:52:44.674 Z] [PROCESS] [cadence.virtuoso.ade.gui] - ln: failed to create symbolic link '/home/saul/simulation/REF_GEN/REF_GEN_f_TB/maestro/results/maestro/Interactive.261/1/OP/netlist/exprOutputs.log': File exists
 {"logfile": "/home/saul/projects/LF_BG/logs_saul/logs5/Job15.log"}
[2026-09-01 06:52:44.680 Z] [PROCESS] [cadence.virtuoso.ade.gui] - ln: failed to create symbolic link '/home/saul/simulation/REF_GEN/REF_GEN_f_TB/maestro/results/maestro/Interactive.261/1/OP/netlist/amps_evaluator.log': File exists
 {"logfile": "/home/saul/projects/LF_BG/logs_saul/logs5/Job15.log"}
[2026-09-01 06:52:46.062 Z] [INFO] [cadence.virtuoso.ade.gui] - Point completed {"history": "Interactive.261", "point": 1, "testname": "OP"}
[2026-09-01 06:52:46.144 Z] [EVENT] [cadence.virtuoso.ade.gui] - HistoryFinished {"history": "Interactive.261", "point": 1, "testname": "OP", "event": "HistoryFinished", "EventSource": "ADE GUI", "HistoryName": "Interactive.261"}
[2026-09-01 06:58:11.790 Z] [WARN] [cadence.virtuoso.ade.gui] - The following global variable(s) are enabled, but are not used by any test in the active setup:
PD PD_PULSE 
It is recommended to delete or disable these variable(s) because they are not being considered by the simulation run. {"history": "Interactive.261", "point": 1, "testname": "OP", "detailed_message": "", "message_id": "ASSEMBLER-1704"}
[2026-09-01 06:58:11.949 Z] [EVENT] [cadence.virtuoso.ade.gui] - NewHistoryCreated {"history": "Interactive.262", "point": 1, "testname": "OP", "event": "NewHistoryCreated", "EventSource": "ADE GUI", "HistoryName": "Interactive.262", "WorkDir": "/home/saul/projects/LF_BG", "HistorySimDir": "/home/saul/simulation/REF_GEN/REF_GEN_f_TB/maestro/results/maestro/Interactive.262", "HistoryResultsDir": "/home/saul/projects/LF_BG/REF_GEN/REF_GEN_f_TB/maestro/results/maestro"}
[2026-09-01 06:58:11.950 Z] [PROCESS] [cadence.virtuoso.ade.gui] - History Setup {"hostname": "edatools", "processid": 83587, "history": "Interactive.262", "testname": "OP", "point": 1, "logfile": "/home/saul/projects/LF_BG/logs_saul/logs5/virtuoso_ade_debug.log", "jobmode": "LSCS", "runmode": "Single Run, Sweeps and Corners", "lib": "REF_GEN", "cell": "REF_GEN_f_TB", "view": "maestro", "icversion": "sub-version  IC6.1.8-64b.500.36 ", "runstart": "Tue Sep  1 06:58:11 2026\n", "timezonelocal": "+000", "spectreversion": "unknown", "jobpolicyname": "ADE XL Default", "maxjobs": "unknown", "ncjobpolicyname": "", "ncmaxjobs": "unknown", "numtests": "1", "runfinished": "unknown", "runelapsed": "-1", "numcorners": "1"}
[2026-09-01 06:58:13.133 Z] [INFO] [cadence.virtuoso.ade.gui] - Simulation will use spectre batch mode because the GCC version used by Spectre and Virtuoso are not compatible. {"history": "Interactive.262", "point": 1, "testname": "OP", "detailed_message": "", "message_id": "ASSEMBLER-5024"}
[2026-09-01 06:58:13.166 Z] [EVENT] [cadence.virtuoso.ade.pointevaluator] - NewPoint {"history": "Interactive.262", "point": 1, "testname": "OP", "event": "NewPoint", "EventSource": "ADE GUI", "HistoryName": "Interactive.262", "logFile": "/home/saul/projects/LF_BG/logs_saul/logs5/virtuoso_ade_debug.log", "logFileSize": "181245"}
[2026-09-01 06:58:13.167 Z] [INFO] [cadence.virtuoso.ade.pointevaluator] - Started netlisting {"history": "Interactive.262", "point": 1, "testname": "OP"}
[2026-09-01 06:58:14.237 Z] [INFO] [cadence.virtuoso.ade.pointevaluator] - Finished netlisting {"history": "Interactive.262", "point": 1, "testname": "OP"}
[2026-09-01 06:58:14.237 Z] [INFO] [cadence.virtuoso.ade.pointevaluator] - Submitted {"history": "Interactive.262", "point": 1, "testname": "OP"}
[2026-09-01 06:58:17.493 Z] [PROCESS] [cadence.virtuoso.ade.gui] - /home/saul/projects/LF_BG/.tmp_saul/.cmddir5/swiftJob16 is starting {"logfile": "/home/saul/projects/LF_BG/logs_saul/logs5/Job16.log"}
[2026-09-01 06:58:17.598 Z] [PROCESS] [cadence.virtuoso.ade.gui] - Simulation Monitor process '126297' is starting up on host 'edatools' {"logfile": "/home/saul/projects/LF_BG/logs_saul/logs5/Job16.log"}
[2026-09-01 06:58:19.754 Z] [PROCESS] [cadence.virtuoso.ade.gui] - ln: failed to create symbolic link '/home/saul/simulation/REF_GEN/REF_GEN_f_TB/maestro/results/maestro/Interactive.262/1/OP/netlist/exprOutputs.log': File exists
 {"logfile": "/home/saul/projects/LF_BG/logs_saul/logs5/Job16.log"}
[2026-09-01 06:58:19.757 Z] [PROCESS] [cadence.virtuoso.ade.gui] - ln: failed to create symbolic link '/home/saul/simulation/REF_GEN/REF_GEN_f_TB/maestro/results/maestro/Interactive.262/1/OP/netlist/amps_evaluator.log': File exists
 {"logfile": "/home/saul/projects/LF_BG/logs_saul/logs5/Job16.log"}
[2026-09-01 06:58:21.064 Z] [INFO] [cadence.virtuoso.ade.gui] - Point completed {"history": "Interactive.262", "point": 1, "testname": "OP"}
[2026-09-01 06:58:21.104 Z] [EVENT] [cadence.virtuoso.ade.gui] - HistoryFinished {"history": "Interactive.262", "point": 1, "testname": "OP", "event": "HistoryFinished", "EventSource": "ADE GUI", "HistoryName": "Interactive.262"}
[2026-09-01 06:58:48.776 Z] [WARN] [cadence.virtuoso.ade.gui] - The following global variable(s) are enabled, but are not used by any test in the active setup:
PD PD_PULSE 
It is recommended to delete or disable these variable(s) because they are not being considered by the simulation run. {"history": "Interactive.262", "point": 1, "testname": "OP", "detailed_message": "", "message_id": "ASSEMBLER-1704"}
[2026-09-01 06:58:48.941 Z] [EVENT] [cadence.virtuoso.ade.gui] - NewHistoryCreated {"history": "Interactive.263", "point": 1, "testname": "OP", "event": "NewHistoryCreated", "EventSource": "ADE GUI", "HistoryName": "Interactive.263", "WorkDir": "/home/saul/projects/LF_BG", "HistorySimDir": "/home/saul/simulation/REF_GEN/REF_GEN_f_TB/maestro/results/maestro/Interactive.263", "HistoryResultsDir": "/home/saul/projects/LF_BG/REF_GEN/REF_GEN_f_TB/maestro/results/maestro"}
[2026-09-01 06:58:48.941 Z] [PROCESS] [cadence.virtuoso.ade.gui] - History Setup {"hostname": "edatools", "processid": 83587, "history": "Interactive.263", "testname": "OP", "point": 1, "logfile": "/home/saul/projects/LF_BG/logs_saul/logs5/virtuoso_ade_debug.log", "jobmode": "LSCS", "runmode": "Single Run, Sweeps and Corners", "lib": "REF_GEN", "cell": "REF_GEN_f_TB", "view": "maestro", "icversion": "sub-version  IC6.1.8-64b.500.36 ", "runstart": "Tue Sep  1 06:58:48 2026\n", "timezonelocal": "+000", "spectreversion": "unknown", "jobpolicyname": "ADE XL Default", "maxjobs": "unknown", "ncjobpolicyname": "", "ncmaxjobs": "unknown", "numtests": "1", "runfinished": "unknown", "runelapsed": "-1", "numcorners": "1"}
[2026-09-01 06:58:50.182 Z] [INFO] [cadence.virtuoso.ade.gui] - Simulation will use spectre batch mode because the GCC version used by Spectre and Virtuoso are not compatible. {"history": "Interactive.263", "point": 1, "testname": "OP", "detailed_message": "", "message_id": "ASSEMBLER-5024"}
[2026-09-01 06:58:50.215 Z] [EVENT] [cadence.virtuoso.ade.pointevaluator] - NewPoint {"history": "Interactive.263", "point": 1, "testname": "OP", "event": "NewPoint", "EventSource": "ADE GUI", "HistoryName": "Interactive.263", "logFile": "/home/saul/projects/LF_BG/logs_saul/logs5/virtuoso_ade_debug.log", "logFileSize": "185301"}
[2026-09-01 06:58:50.216 Z] [INFO] [cadence.virtuoso.ade.pointevaluator] - Started netlisting {"history": "Interactive.263", "point": 1, "testname": "OP"}
[2026-09-01 06:58:50.519 Z] [INFO] [cadence.virtuoso.ade.pointevaluator] - Finished netlisting {"history": "Interactive.263", "point": 1, "testname": "OP"}
[2026-09-01 06:58:50.519 Z] [INFO] [cadence.virtuoso.ade.pointevaluator] - Submitted {"history": "Interactive.263", "point": 1, "testname": "OP"}
[2026-09-01 06:58:52.174 Z] [PROCESS] [cadence.virtuoso.ade.gui] - ln: failed to create symbolic link '/home/saul/simulation/REF_GEN/REF_GEN_f_TB/maestro/results/maestro/Interactive.263/1/OP/netlist/exprOutputs.log': File exists
 {"logfile": "/home/saul/projects/LF_BG/logs_saul/logs5/Job16.log"}
[2026-09-01 06:58:52.177 Z] [PROCESS] [cadence.virtuoso.ade.gui] - ln: failed to create symbolic link '/home/saul/simulation/REF_GEN/REF_GEN_f_TB/maestro/results/maestro/Interactive.263/1/OP/netlist/amps_evaluator.log': File exists
 {"logfile": "/home/saul/projects/LF_BG/logs_saul/logs5/Job16.log"}
[2026-09-01 06:58:54.070 Z] [INFO] [cadence.virtuoso.ade.gui] - Point completed {"history": "Interactive.263", "point": 1, "testname": "OP"}
[2026-09-01 06:58:54.111 Z] [EVENT] [cadence.virtuoso.ade.gui] - HistoryFinished {"history": "Interactive.263", "point": 1, "testname": "OP", "event": "HistoryFinished", "EventSource": "ADE GUI", "HistoryName": "Interactive.263"}
[2026-09-01 07:01:58.319 Z] [WARN] [cadence.virtuoso.ade.gui] - The following global variable(s) are enabled, but are not used by any test in the active setup:
PD PD_PULSE 
It is recommended to delete or disable these variable(s) because they are not being considered by the simulation run. {"history": "Interactive.263", "point": 1, "testname": "OP", "detailed_message": "", "message_id": "ASSEMBLER-1704"}
[2026-09-01 07:01:58.606 Z] [EVENT] [cadence.virtuoso.ade.gui] - NewHistoryCreated {"history": "Interactive.264", "point": 1, "testname": "OP", "event": "NewHistoryCreated", "EventSource": "ADE GUI", "HistoryName": "Interactive.264", "WorkDir": "/home/saul/projects/LF_BG", "HistorySimDir": "/home/saul/simulation/REF_GEN/REF_GEN_f_TB/maestro/results/maestro/Interactive.264", "HistoryResultsDir": "/home/saul/projects/LF_BG/REF_GEN/REF_GEN_f_TB/maestro/results/maestro"}
[2026-09-01 07:01:58.606 Z] [PROCESS] [cadence.virtuoso.ade.gui] - History Setup {"hostname": "edatools", "processid": 83587, "history": "Interactive.264", "testname": "OP", "point": 1, "logfile": "/home/saul/projects/LF_BG/logs_saul/logs5/virtuoso_ade_debug.log", "jobmode": "LSCS", "runmode": "Single Run, Sweeps and Corners", "lib": "REF_GEN", "cell": "REF_GEN_f_TB", "view": "maestro", "icversion": "sub-version  IC6.1.8-64b.500.36 ", "runstart": "Tue Sep  1 07:01:58 2026\n", "timezonelocal": "+000", "spectreversion": "unknown", "jobpolicyname": "ADE XL Default", "maxjobs": "unknown", "ncjobpolicyname": "", "ncmaxjobs": "unknown", "numtests": "1", "runfinished": "unknown", "runelapsed": "-1", "numcorners": "1"}
[2026-09-01 07:01:59.776 Z] [INFO] [cadence.virtuoso.ade.gui] - Simulation will use spectre batch mode because the GCC version used by Spectre and Virtuoso are not compatible. {"history": "Interactive.264", "point": 1, "testname": "OP", "detailed_message": "", "message_id": "ASSEMBLER-5024"}
[2026-09-01 07:01:59.808 Z] [EVENT] [cadence.virtuoso.ade.pointevaluator] - NewPoint {"history": "Interactive.264", "point": 1, "testname": "OP", "event": "NewPoint", "EventSource": "ADE GUI", "HistoryName": "Interactive.264", "logFile": "/home/saul/projects/LF_BG/logs_saul/logs5/virtuoso_ade_debug.log", "logFileSize": "188951"}
[2026-09-01 07:01:59.809 Z] [INFO] [cadence.virtuoso.ade.pointevaluator] - Started netlisting {"history": "Interactive.264", "point": 1, "testname": "OP"}
[2026-09-01 07:02:00.088 Z] [INFO] [cadence.virtuoso.ade.pointevaluator] - Finished netlisting {"history": "Interactive.264", "point": 1, "testname": "OP"}
[2026-09-01 07:02:00.088 Z] [INFO] [cadence.virtuoso.ade.pointevaluator] - Submitted {"history": "Interactive.264", "point": 1, "testname": "OP"}
[2026-09-01 07:02:01.754 Z] [PROCESS] [cadence.virtuoso.ade.gui] - ln: failed to create symbolic link '/home/saul/simulation/REF_GEN/REF_GEN_f_TB/maestro/results/maestro/Interactive.264/1/OP/netlist/exprOutputs.log': File exists
 {"logfile": "/home/saul/projects/LF_BG/logs_saul/logs5/Job16.log"}
[2026-09-01 07:02:01.757 Z] [PROCESS] [cadence.virtuoso.ade.gui] - ln: failed to create symbolic link '/home/saul/simulation/REF_GEN/REF_GEN_f_TB/maestro/results/maestro/Interactive.264/1/OP/netlist/amps_evaluator.log': File exists
 {"logfile": "/home/saul/projects/LF_BG/logs_saul/logs5/Job16.log"}
[2026-09-01 07:02:04.070 Z] [INFO] [cadence.virtuoso.ade.gui] - Point completed {"history": "Interactive.264", "point": 1, "testname": "OP"}
[2026-09-01 07:02:04.118 Z] [EVENT] [cadence.virtuoso.ade.gui] - HistoryFinished {"history": "Interactive.264", "point": 1, "testname": "OP", "event": "HistoryFinished", "EventSource": "ADE GUI", "HistoryName": "Interactive.264"}
[2026-09-01 07:02:16.950 Z] [WARN] [cadence.virtuoso.ade.gui] - The following global variable(s) are enabled, but are not used by any test in the active setup:
PD PD_PULSE 
It is recommended to delete or disable these variable(s) because they are not being considered by the simulation run. {"history": "Interactive.264", "point": 1, "testname": "OP", "detailed_message": "", "message_id": "ASSEMBLER-1704"}
[2026-09-01 07:02:17.116 Z] [EVENT] [cadence.virtuoso.ade.gui] - NewHistoryCreated {"history": "Interactive.265", "point": 1, "testname": "OP", "event": "NewHistoryCreated", "EventSource": "ADE GUI", "HistoryName": "Interactive.265", "WorkDir": "/home/saul/projects/LF_BG", "HistorySimDir": "/home/saul/simulation/REF_GEN/REF_GEN_f_TB/maestro/results/maestro/Interactive.265", "HistoryResultsDir": "/home/saul/projects/LF_BG/REF_GEN/REF_GEN_f_TB/maestro/results/maestro"}
[2026-09-01 07:02:17.116 Z] [PROCESS] [cadence.virtuoso.ade.gui] - History Setup {"hostname": "edatools", "processid": 83587, "history": "Interactive.265", "testname": "OP", "point": 1, "logfile": "/home/saul/projects/LF_BG/logs_saul/logs5/virtuoso_ade_debug.log", "jobmode": "LSCS", "runmode": "Single Run, Sweeps and Corners", "lib": "REF_GEN", "cell": "REF_GEN_f_TB", "view": "maestro", "icversion": "sub-version  IC6.1.8-64b.500.36 ", "runstart": "Tue Sep  1 07:02:17 2026\n", "timezonelocal": "+000", "spectreversion": "unknown", "jobpolicyname": "ADE XL Default", "maxjobs": "unknown", "ncjobpolicyname": "", "ncmaxjobs": "unknown", "numtests": "1", "runfinished": "unknown", "runelapsed": "-1", "numcorners": "1"}
[2026-09-01 07:02:18.303 Z] [INFO] [cadence.virtuoso.ade.gui] - Simulation will use spectre batch mode because the GCC version used by Spectre and Virtuoso are not compatible. {"history": "Interactive.265", "point": 1, "testname": "OP", "detailed_message": "", "message_id": "ASSEMBLER-5024"}
[2026-09-01 07:02:18.336 Z] [EVENT] [cadence.virtuoso.ade.pointevaluator] - NewPoint {"history": "Interactive.265", "point": 1, "testname": "OP", "event": "NewPoint", "EventSource": "ADE GUI", "HistoryName": "Interactive.265", "logFile": "/home/saul/projects/LF_BG/logs_saul/logs5/virtuoso_ade_debug.log", "logFileSize": "192601"}
[2026-09-01 07:02:18.336 Z] [INFO] [cadence.virtuoso.ade.pointevaluator] - Started netlisting {"history": "Interactive.265", "point": 1, "testname": "OP"}
[2026-09-01 07:02:18.644 Z] [INFO] [cadence.virtuoso.ade.pointevaluator] - Finished netlisting {"history": "Interactive.265", "point": 1, "testname": "OP"}
[2026-09-01 07:02:18.644 Z] [INFO] [cadence.virtuoso.ade.pointevaluator] - Submitted {"history": "Interactive.265", "point": 1, "testname": "OP"}
[2026-09-01 07:02:20.318 Z] [PROCESS] [cadence.virtuoso.ade.gui] - ln: failed to create symbolic link '/home/saul/simulation/REF_GEN/REF_GEN_f_TB/maestro/results/maestro/Interactive.265/1/OP/netlist/exprOutputs.log': File exists
 {"logfile": "/home/saul/projects/LF_BG/logs_saul/logs5/Job16.log"}
[2026-09-01 07:02:20.322 Z] [PROCESS] [cadence.virtuoso.ade.gui] - ln: failed to create symbolic link '/home/saul/simulation/REF_GEN/REF_GEN_f_TB/maestro/results/maestro/Interactive.265/1/OP/netlist/amps_evaluator.log': File exists
 {"logfile": "/home/saul/projects/LF_BG/logs_saul/logs5/Job16.log"}
[2026-09-01 07:02:22.063 Z] [INFO] [cadence.virtuoso.ade.gui] - Point completed {"history": "Interactive.265", "point": 1, "testname": "OP"}
[2026-09-01 07:02:22.137 Z] [EVENT] [cadence.virtuoso.ade.gui] - HistoryFinished {"history": "Interactive.265", "point": 1, "testname": "OP", "event": "HistoryFinished", "EventSource": "ADE GUI", "HistoryName": "Interactive.265"}
[2026-09-01 07:02:46.082 Z] [WARN] [cadence.virtuoso.ade.gui] - The following global variable(s) are enabled, but are not used by any test in the active setup:
PD PD_PULSE 
It is recommended to delete or disable these variable(s) because they are not being considered by the simulation run. {"history": "Interactive.265", "point": 1, "testname": "OP", "detailed_message": "", "message_id": "ASSEMBLER-1704"}
[2026-09-01 07:02:46.241 Z] [EVENT] [cadence.virtuoso.ade.gui] - NewHistoryCreated {"history": "Interactive.266", "point": 1, "testname": "OP", "event": "NewHistoryCreated", "EventSource": "ADE GUI", "HistoryName": "Interactive.266", "WorkDir": "/home/saul/projects/LF_BG", "HistorySimDir": "/home/saul/simulation/REF_GEN/REF_GEN_f_TB/maestro/results/maestro/Interactive.266", "HistoryResultsDir": "/home/saul/projects/LF_BG/REF_GEN/REF_GEN_f_TB/maestro/results/maestro"}
[2026-09-01 07:02:46.241 Z] [PROCESS] [cadence.virtuoso.ade.gui] - History Setup {"hostname": "edatools", "processid": 83587, "history": "Interactive.266", "testname": "OP", "point": 1, "logfile": "/home/saul/projects/LF_BG/logs_saul/logs5/virtuoso_ade_debug.log", "jobmode": "LSCS", "runmode": "Single Run, Sweeps and Corners", "lib": "REF_GEN", "cell": "REF_GEN_f_TB", "view": "maestro", "icversion": "sub-version  IC6.1.8-64b.500.36 ", "runstart": "Tue Sep  1 07:02:46 2026\n", "timezonelocal": "+000", "spectreversion": "unknown", "jobpolicyname": "ADE XL Default", "maxjobs": "unknown", "ncjobpolicyname": "", "ncmaxjobs": "unknown", "numtests": "1", "runfinished": "unknown", "runelapsed": "-1", "numcorners": "1"}
[2026-09-01 07:02:47.425 Z] [INFO] [cadence.virtuoso.ade.gui] - Simulation will use spectre batch mode because the GCC version used by Spectre and Virtuoso are not compatible. {"history": "Interactive.266", "point": 1, "testname": "OP", "detailed_message": "", "message_id": "ASSEMBLER-5024"}
[2026-09-01 07:02:47.458 Z] [EVENT] [cadence.virtuoso.ade.pointevaluator] - NewPoint {"history": "Interactive.266", "point": 1, "testname": "OP", "event": "NewPoint", "EventSource": "ADE GUI", "HistoryName": "Interactive.266", "logFile": "/home/saul/projects/LF_BG/logs_saul/logs5/virtuoso_ade_debug.log", "logFileSize": "196251"}
[2026-09-01 07:02:47.459 Z] [INFO] [cadence.virtuoso.ade.pointevaluator] - Started netlisting {"history": "Interactive.266", "point": 1, "testname": "OP"}
[2026-09-01 07:02:47.730 Z] [INFO] [cadence.virtuoso.ade.pointevaluator] - Finished netlisting {"history": "Interactive.266", "point": 1, "testname": "OP"}
[2026-09-01 07:02:47.730 Z] [INFO] [cadence.virtuoso.ade.pointevaluator] - Submitted {"history": "Interactive.266", "point": 1, "testname": "OP"}
[2026-09-01 07:02:49.387 Z] [PROCESS] [cadence.virtuoso.ade.gui] - ln: failed to create symbolic link '/home/saul/simulation/REF_GEN/REF_GEN_f_TB/maestro/results/maestro/Interactive.266/1/OP/netlist/exprOutputs.log': File exists
 {"logfile": "/home/saul/projects/LF_BG/logs_saul/logs5/Job16.log"}
[2026-09-01 07:02:49.397 Z] [PROCESS] [cadence.virtuoso.ade.gui] - ln: failed to create symbolic link '/home/saul/simulation/REF_GEN/REF_GEN_f_TB/maestro/results/maestro/Interactive.266/1/OP/netlist/amps_evaluator.log': File exists
 {"logfile": "/home/saul/projects/LF_BG/logs_saul/logs5/Job16.log"}
[2026-09-01 07:02:51.060 Z] [INFO] [cadence.virtuoso.ade.gui] - Point completed {"history": "Interactive.266", "point": 1, "testname": "OP"}
[2026-09-01 07:02:51.099 Z] [EVENT] [cadence.virtuoso.ade.gui] - HistoryFinished {"history": "Interactive.266", "point": 1, "testname": "OP", "event": "HistoryFinished", "EventSource": "ADE GUI", "HistoryName": "Interactive.266"}
[2026-09-01 07:06:29.717 Z] [WARN] [cadence.virtuoso.ade.gui] - The following global variable(s) are enabled, but are not used by any test in the active setup:
PD PD_PULSE 
It is recommended to delete or disable these variable(s) because they are not being considered by the simulation run. {"history": "Interactive.266", "point": 1, "testname": "OP", "detailed_message": "", "message_id": "ASSEMBLER-1704"}
[2026-09-01 07:06:29.881 Z] [EVENT] [cadence.virtuoso.ade.gui] - NewHistoryCreated {"history": "Interactive.267", "point": 1, "testname": "OP", "event": "NewHistoryCreated", "EventSource": "ADE GUI", "HistoryName": "Interactive.267", "WorkDir": "/home/saul/projects/LF_BG", "HistorySimDir": "/home/saul/simulation/REF_GEN/REF_GEN_f_TB/maestro/results/maestro/Interactive.267", "HistoryResultsDir": "/home/saul/projects/LF_BG/REF_GEN/REF_GEN_f_TB/maestro/results/maestro"}
[2026-09-01 07:06:29.882 Z] [PROCESS] [cadence.virtuoso.ade.gui] - History Setup {"hostname": "edatools", "processid": 83587, "history": "Interactive.267", "testname": "OP", "point": 1, "logfile": "/home/saul/projects/LF_BG/logs_saul/logs5/virtuoso_ade_debug.log", "jobmode": "LSCS", "runmode": "Single Run, Sweeps and Corners", "lib": "REF_GEN", "cell": "REF_GEN_f_TB", "view": "maestro", "icversion": "sub-version  IC6.1.8-64b.500.36 ", "runstart": "Tue Sep  1 07:06:29 2026\n", "timezonelocal": "+000", "spectreversion": "unknown", "jobpolicyname": "ADE XL Default", "maxjobs": "unknown", "ncjobpolicyname": "", "ncmaxjobs": "unknown", "numtests": "1", "runfinished": "unknown", "runelapsed": "-1", "numcorners": "1"}
[2026-09-01 07:06:31.053 Z] [INFO] [cadence.virtuoso.ade.gui] - Simulation will use spectre batch mode because the GCC version used by Spectre and Virtuoso are not compatible. {"history": "Interactive.267", "point": 1, "testname": "OP", "detailed_message": "", "message_id": "ASSEMBLER-5024"}
[2026-09-01 07:06:31.087 Z] [EVENT] [cadence.virtuoso.ade.pointevaluator] - NewPoint {"history": "Interactive.267", "point": 1, "testname": "OP", "event": "NewPoint", "EventSource": "ADE GUI", "HistoryName": "Interactive.267", "logFile": "/home/saul/projects/LF_BG/logs_saul/logs5/virtuoso_ade_debug.log", "logFileSize": "199901"}
[2026-09-01 07:06:31.087 Z] [INFO] [cadence.virtuoso.ade.pointevaluator] - Started netlisting {"history": "Interactive.267", "point": 1, "testname": "OP"}
[2026-09-01 07:06:32.157 Z] [INFO] [cadence.virtuoso.ade.pointevaluator] - Finished netlisting {"history": "Interactive.267", "point": 1, "testname": "OP"}
[2026-09-01 07:06:32.157 Z] [INFO] [cadence.virtuoso.ade.pointevaluator] - Submitted {"history": "Interactive.267", "point": 1, "testname": "OP"}
[2026-09-01 07:06:34.825 Z] [PROCESS] [cadence.virtuoso.ade.gui] - ln: failed to create symbolic link '/home/saul/simulation/REF_GEN/REF_GEN_f_TB/maestro/results/maestro/Interactive.267/1/OP/netlist/exprOutputs.log': File exists
 {"logfile": "/home/saul/projects/LF_BG/logs_saul/logs5/Job16.log"}
[2026-09-01 07:06:34.828 Z] [PROCESS] [cadence.virtuoso.ade.gui] - ln: failed to create symbolic link '/home/saul/simulation/REF_GEN/REF_GEN_f_TB/maestro/results/maestro/Interactive.267/1/OP/netlist/amps_evaluator.log': File exists
 {"logfile": "/home/saul/projects/LF_BG/logs_saul/logs5/Job16.log"}
[2026-09-01 07:06:36.064 Z] [INFO] [cadence.virtuoso.ade.gui] - Point completed {"history": "Interactive.267", "point": 1, "testname": "OP"}
[2026-09-01 07:06:36.141 Z] [EVENT] [cadence.virtuoso.ade.gui] - HistoryFinished {"history": "Interactive.267", "point": 1, "testname": "OP", "event": "HistoryFinished", "EventSource": "ADE GUI", "HistoryName": "Interactive.267"}
[2026-09-01 07:10:21.235 Z] [WARN] [cadence.virtuoso.ade.gui] - The following global variable(s) are enabled, but are not used by any test in the active setup:
PD PD_PULSE 
It is recommended to delete or disable these variable(s) because they are not being considered by the simulation run. {"history": "Interactive.267", "point": 1, "testname": "OP", "detailed_message": "", "message_id": "ASSEMBLER-1704"}
[2026-09-01 07:10:21.405 Z] [EVENT] [cadence.virtuoso.ade.gui] - NewHistoryCreated {"history": "Interactive.268", "point": 1, "testname": "OP", "event": "NewHistoryCreated", "EventSource": "ADE GUI", "HistoryName": "Interactive.268", "WorkDir": "/home/saul/projects/LF_BG", "HistorySimDir": "/home/saul/simulation/REF_GEN/REF_GEN_f_TB/maestro/results/maestro/Interactive.268", "HistoryResultsDir": "/home/saul/projects/LF_BG/REF_GEN/REF_GEN_f_TB/maestro/results/maestro"}
[2026-09-01 07:10:21.405 Z] [PROCESS] [cadence.virtuoso.ade.gui] - History Setup {"hostname": "edatools", "processid": 83587, "history": "Interactive.268", "testname": "OP", "point": 1, "logfile": "/home/saul/projects/LF_BG/logs_saul/logs5/virtuoso_ade_debug.log", "jobmode": "LSCS", "runmode": "Single Run, Sweeps and Corners", "lib": "REF_GEN", "cell": "REF_GEN_f_TB", "view": "maestro", "icversion": "sub-version  IC6.1.8-64b.500.36 ", "runstart": "Tue Sep  1 07:10:21 2026\n", "timezonelocal": "+000", "spectreversion": "unknown", "jobpolicyname": "ADE XL Default", "maxjobs": "unknown", "ncjobpolicyname": "", "ncmaxjobs": "unknown", "numtests": "1", "runfinished": "unknown", "runelapsed": "-1", "numcorners": "1"}
[2026-09-01 07:10:22.592 Z] [INFO] [cadence.virtuoso.ade.gui] - Simulation will use spectre batch mode because the GCC version used by Spectre and Virtuoso are not compatible. {"history": "Interactive.268", "point": 1, "testname": "OP", "detailed_message": "", "message_id": "ASSEMBLER-5024"}
[2026-09-01 07:10:22.627 Z] [EVENT] [cadence.virtuoso.ade.pointevaluator] - NewPoint {"history": "Interactive.268", "point": 1, "testname": "OP", "event": "NewPoint", "EventSource": "ADE GUI", "HistoryName": "Interactive.268", "logFile": "/home/saul/projects/LF_BG/logs_saul/logs5/virtuoso_ade_debug.log", "logFileSize": "203551"}
[2026-09-01 07:10:22.628 Z] [INFO] [cadence.virtuoso.ade.pointevaluator] - Started netlisting {"history": "Interactive.268", "point": 1, "testname": "OP"}
[2026-09-01 07:10:23.758 Z] [INFO] [cadence.virtuoso.ade.pointevaluator] - Finished netlisting {"history": "Interactive.268", "point": 1, "testname": "OP"}
[2026-09-01 07:10:23.758 Z] [INFO] [cadence.virtuoso.ade.pointevaluator] - Submitted {"history": "Interactive.268", "point": 1, "testname": "OP"}
[2026-09-01 07:10:26.416 Z] [PROCESS] [cadence.virtuoso.ade.gui] - ln: failed to create symbolic link '/home/saul/simulation/REF_GEN/REF_GEN_f_TB/maestro/results/maestro/Interactive.268/1/OP/netlist/exprOutputs.log': File exists
 {"logfile": "/home/saul/projects/LF_BG/logs_saul/logs5/Job16.log"}
[2026-09-01 07:10:26.419 Z] [PROCESS] [cadence.virtuoso.ade.gui] - ln: failed to create symbolic link '/home/saul/simulation/REF_GEN/REF_GEN_f_TB/maestro/results/maestro/Interactive.268/1/OP/netlist/amps_evaluator.log': File exists
 {"logfile": "/home/saul/projects/LF_BG/logs_saul/logs5/Job16.log"}
[2026-09-01 07:10:28.065 Z] [INFO] [cadence.virtuoso.ade.gui] - Point completed {"history": "Interactive.268", "point": 1, "testname": "OP"}
[2026-09-01 07:10:28.098 Z] [EVENT] [cadence.virtuoso.ade.gui] - HistoryFinished {"history": "Interactive.268", "point": 1, "testname": "OP", "event": "HistoryFinished", "EventSource": "ADE GUI", "HistoryName": "Interactive.268"}
[2026-09-01 07:10:34.593 Z] [WARN] [cadence.virtuoso.ade.gui] - The following global variable(s) are enabled, but are not used by any test in the active setup:
PD PD_PULSE 
It is recommended to delete or disable these variable(s) because they are not being considered by the simulation run. {"history": "Interactive.268", "point": 1, "testname": "OP", "detailed_message": "", "message_id": "ASSEMBLER-1704"}
[2026-09-01 07:10:34.749 Z] [EVENT] [cadence.virtuoso.ade.gui] - NewHistoryCreated {"history": "Interactive.269", "point": 1, "testname": "OP", "event": "NewHistoryCreated", "EventSource": "ADE GUI", "HistoryName": "Interactive.269", "WorkDir": "/home/saul/projects/LF_BG", "HistorySimDir": "/home/saul/simulation/REF_GEN/REF_GEN_f_TB/maestro/results/maestro/Interactive.269", "HistoryResultsDir": "/home/saul/projects/LF_BG/REF_GEN/REF_GEN_f_TB/maestro/results/maestro"}
[2026-09-01 07:10:34.749 Z] [PROCESS] [cadence.virtuoso.ade.gui] - History Setup {"hostname": "edatools", "processid": 83587, "history": "Interactive.269", "testname": "OP", "point": 1, "logfile": "/home/saul/projects/LF_BG/logs_saul/logs5/virtuoso_ade_debug.log", "jobmode": "LSCS", "runmode": "Single Run, Sweeps and Corners", "lib": "REF_GEN", "cell": "REF_GEN_f_TB", "view": "maestro", "icversion": "sub-version  IC6.1.8-64b.500.36 ", "runstart": "Tue Sep  1 07:10:34 2026\n", "timezonelocal": "+000", "spectreversion": "unknown", "jobpolicyname": "ADE XL Default", "maxjobs": "unknown", "ncjobpolicyname": "", "ncmaxjobs": "unknown", "numtests": "1", "runfinished": "unknown", "runelapsed": "-1", "numcorners": "1"}
[2026-09-01 07:10:36.011 Z] [INFO] [cadence.virtuoso.ade.gui] - Simulation will use spectre batch mode because the GCC version used by Spectre and Virtuoso are not compatible. {"history": "Interactive.269", "point": 1, "testname": "OP", "detailed_message": "", "message_id": "ASSEMBLER-5024"}
[2026-09-01 07:10:36.046 Z] [EVENT] [cadence.virtuoso.ade.pointevaluator] - NewPoint {"history": "Interactive.269", "point": 1, "testname": "OP", "event": "NewPoint", "EventSource": "ADE GUI", "HistoryName": "Interactive.269", "logFile": "/home/saul/projects/LF_BG/logs_saul/logs5/virtuoso_ade_debug.log", "logFileSize": "207201"}
[2026-09-01 07:10:36.046 Z] [INFO] [cadence.virtuoso.ade.pointevaluator] - Started netlisting {"history": "Interactive.269", "point": 1, "testname": "OP"}
[2026-09-01 07:10:36.385 Z] [INFO] [cadence.virtuoso.ade.pointevaluator] - Finished netlisting {"history": "Interactive.269", "point": 1, "testname": "OP"}
[2026-09-01 07:10:36.385 Z] [INFO] [cadence.virtuoso.ade.pointevaluator] - Submitted {"history": "Interactive.269", "point": 1, "testname": "OP"}
[2026-09-01 07:10:38.052 Z] [PROCESS] [cadence.virtuoso.ade.gui] - ln: failed to create symbolic link '/home/saul/simulation/REF_GEN/REF_GEN_f_TB/maestro/results/maestro/Interactive.269/1/OP/netlist/exprOutputs.log': File exists
 {"logfile": "/home/saul/projects/LF_BG/logs_saul/logs5/Job16.log"}
[2026-09-01 07:10:38.068 Z] [PROCESS] [cadence.virtuoso.ade.gui] - ln: failed to create symbolic link '/home/saul/simulation/REF_GEN/REF_GEN_f_TB/maestro/results/maestro/Interactive.269/1/OP/netlist/amps_evaluator.log': File exists
 {"logfile": "/home/saul/projects/LF_BG/logs_saul/logs5/Job16.log"}
[2026-09-01 07:10:40.064 Z] [INFO] [cadence.virtuoso.ade.gui] - Point completed {"history": "Interactive.269", "point": 1, "testname": "OP"}
[2026-09-01 07:10:40.120 Z] [EVENT] [cadence.virtuoso.ade.gui] - HistoryFinished {"history": "Interactive.269", "point": 1, "testname": "OP", "event": "HistoryFinished", "EventSource": "ADE GUI", "HistoryName": "Interactive.269"}
[2026-09-01 07:20:00.128 Z] [WARN] [cadence.virtuoso.ade.gui] - The following global variable(s) are enabled, but are not used by any test in the active setup:
PD PD_PULSE 
It is recommended to delete or disable these variable(s) because they are not being considered by the simulation run. {"history": "Interactive.269", "point": 1, "testname": "OP", "detailed_message": "", "message_id": "ASSEMBLER-1704"}
[2026-09-01 07:20:00.283 Z] [EVENT] [cadence.virtuoso.ade.gui] - NewHistoryCreated {"history": "Interactive.270", "point": 1, "testname": "OP", "event": "NewHistoryCreated", "EventSource": "ADE GUI", "HistoryName": "Interactive.270", "WorkDir": "/home/saul/projects/LF_BG", "HistorySimDir": "/home/saul/simulation/REF_GEN/REF_GEN_f_TB/maestro/results/maestro/Interactive.270", "HistoryResultsDir": "/home/saul/projects/LF_BG/REF_GEN/REF_GEN_f_TB/maestro/results/maestro"}
[2026-09-01 07:20:00.283 Z] [PROCESS] [cadence.virtuoso.ade.gui] - History Setup {"hostname": "edatools", "processid": 83587, "history": "Interactive.270", "testname": "OP", "point": 1, "logfile": "/home/saul/projects/LF_BG/logs_saul/logs5/virtuoso_ade_debug.log", "jobmode": "LSCS", "runmode": "Single Run, Sweeps and Corners", "lib": "REF_GEN", "cell": "REF_GEN_f_TB", "view": "maestro", "icversion": "sub-version  IC6.1.8-64b.500.36 ", "runstart": "Tue Sep  1 07:20:00 2026\n", "timezonelocal": "+000", "spectreversion": "unknown", "jobpolicyname": "ADE XL Default", "maxjobs": "unknown", "ncjobpolicyname": "", "ncmaxjobs": "unknown", "numtests": "1", "runfinished": "unknown", "runelapsed": "-1", "numcorners": "1"}
[2026-09-01 07:20:01.482 Z] [INFO] [cadence.virtuoso.ade.gui] - Simulation will use spectre batch mode because the GCC version used by Spectre and Virtuoso are not compatible. {"history": "Interactive.270", "point": 1, "testname": "OP", "detailed_message": "", "message_id": "ASSEMBLER-5024"}
[2026-09-01 07:20:01.515 Z] [EVENT] [cadence.virtuoso.ade.pointevaluator] - NewPoint {"history": "Interactive.270", "point": 1, "testname": "OP", "event": "NewPoint", "EventSource": "ADE GUI", "HistoryName": "Interactive.270", "logFile": "/home/saul/projects/LF_BG/logs_saul/logs5/virtuoso_ade_debug.log", "logFileSize": "210851"}
[2026-09-01 07:20:01.516 Z] [INFO] [cadence.virtuoso.ade.pointevaluator] - Started netlisting {"history": "Interactive.270", "point": 1, "testname": "OP"}
[2026-09-01 07:20:02.574 Z] [INFO] [cadence.virtuoso.ade.pointevaluator] - Finished netlisting {"history": "Interactive.270", "point": 1, "testname": "OP"}
[2026-09-01 07:20:02.574 Z] [INFO] [cadence.virtuoso.ade.pointevaluator] - Submitted {"history": "Interactive.270", "point": 1, "testname": "OP"}
[2026-09-01 07:20:05.574 Z] [PROCESS] [cadence.virtuoso.ade.gui] - /home/saul/projects/LF_BG/.tmp_saul/.cmddir5/swiftJob17 is starting {"logfile": "/home/saul/projects/LF_BG/logs_saul/logs5/Job17.log"}
[2026-09-01 07:20:05.678 Z] [PROCESS] [cadence.virtuoso.ade.gui] - Simulation Monitor process '132885' is starting up on host 'edatools' {"logfile": "/home/saul/projects/LF_BG/logs_saul/logs5/Job17.log"}
[2026-09-01 07:20:07.835 Z] [PROCESS] [cadence.virtuoso.ade.gui] - ln: failed to create symbolic link '/home/saul/simulation/REF_GEN/REF_GEN_f_TB/maestro/results/maestro/Interactive.270/1/OP/netlist/exprOutputs.log': File exists
 {"logfile": "/home/saul/projects/LF_BG/logs_saul/logs5/Job17.log"}
[2026-09-01 07:20:07.838 Z] [PROCESS] [cadence.virtuoso.ade.gui] - ln: failed to create symbolic link '/home/saul/simulation/REF_GEN/REF_GEN_f_TB/maestro/results/maestro/Interactive.270/1/OP/netlist/amps_evaluator.log': File exists
 {"logfile": "/home/saul/projects/LF_BG/logs_saul/logs5/Job17.log"}
[2026-09-01 07:20:09.059 Z] [INFO] [cadence.virtuoso.ade.gui] - Point completed {"history": "Interactive.270", "point": 1, "testname": "OP"}
[2026-09-01 07:20:09.137 Z] [EVENT] [cadence.virtuoso.ade.gui] - HistoryFinished {"history": "Interactive.270", "point": 1, "testname": "OP", "event": "HistoryFinished", "EventSource": "ADE GUI", "HistoryName": "Interactive.270"}
[2026-09-01 07:21:23.924 Z] [WARN] [cadence.virtuoso.ade.gui] - The following global variable(s) are enabled, but are not used by any test in the active setup:
PD PD_PULSE 
It is recommended to delete or disable these variable(s) because they are not being considered by the simulation run. {"history": "Interactive.270", "point": 1, "testname": "OP", "detailed_message": "", "message_id": "ASSEMBLER-1704"}
[2026-09-01 07:21:24.082 Z] [EVENT] [cadence.virtuoso.ade.gui] - NewHistoryCreated {"history": "Interactive.271", "point": 1, "testname": "OP", "event": "NewHistoryCreated", "EventSource": "ADE GUI", "HistoryName": "Interactive.271", "WorkDir": "/home/saul/projects/LF_BG", "HistorySimDir": "/home/saul/simulation/REF_GEN/REF_GEN_f_TB/maestro/results/maestro/Interactive.271", "HistoryResultsDir": "/home/saul/projects/LF_BG/REF_GEN/REF_GEN_f_TB/maestro/results/maestro"}
[2026-09-01 07:21:24.082 Z] [PROCESS] [cadence.virtuoso.ade.gui] - History Setup {"hostname": "edatools", "processid": 83587, "history": "Interactive.271", "testname": "OP", "point": 1, "logfile": "/home/saul/projects/LF_BG/logs_saul/logs5/virtuoso_ade_debug.log", "jobmode": "LSCS", "runmode": "Single Run, Sweeps and Corners", "lib": "REF_GEN", "cell": "REF_GEN_f_TB", "view": "maestro", "icversion": "sub-version  IC6.1.8-64b.500.36 ", "runstart": "Tue Sep  1 07:21:24 2026\n", "timezonelocal": "+000", "spectreversion": "unknown", "jobpolicyname": "ADE XL Default", "maxjobs": "unknown", "ncjobpolicyname": "", "ncmaxjobs": "unknown", "numtests": "1", "runfinished": "unknown", "runelapsed": "-1", "numcorners": "1"}
[2026-09-01 07:21:25.409 Z] [INFO] [cadence.virtuoso.ade.gui] - Simulation will use spectre batch mode because the GCC version used by Spectre and Virtuoso are not compatible. {"history": "Interactive.271", "point": 1, "testname": "OP", "detailed_message": "", "message_id": "ASSEMBLER-5024"}
[2026-09-01 07:21:25.448 Z] [EVENT] [cadence.virtuoso.ade.pointevaluator] - NewPoint {"history": "Interactive.271", "point": 1, "testname": "OP", "event": "NewPoint", "EventSource": "ADE GUI", "HistoryName": "Interactive.271", "logFile": "/home/saul/projects/LF_BG/logs_saul/logs5/virtuoso_ade_debug.log", "logFileSize": "214907"}
[2026-09-01 07:21:25.449 Z] [INFO] [cadence.virtuoso.ade.pointevaluator] - Started netlisting {"history": "Interactive.271", "point": 1, "testname": "OP"}
[2026-09-01 07:21:26.811 Z] [INFO] [cadence.virtuoso.ade.pointevaluator] - Finished netlisting {"history": "Interactive.271", "point": 1, "testname": "OP"}
[2026-09-01 07:21:26.811 Z] [INFO] [cadence.virtuoso.ade.pointevaluator] - Submitted {"history": "Interactive.271", "point": 1, "testname": "OP"}
[2026-09-01 07:21:31.467 Z] [PROCESS] [cadence.virtuoso.ade.gui] - ln: failed to create symbolic link '/home/saul/simulation/REF_GEN/REF_GEN_f_TB/maestro/results/maestro/Interactive.271/1/OP/netlist/exprOutputs.log': File exists
 {"logfile": "/home/saul/projects/LF_BG/logs_saul/logs5/Job17.log"}
[2026-09-01 07:21:31.470 Z] [PROCESS] [cadence.virtuoso.ade.gui] - ln: failed to create symbolic link '/home/saul/simulation/REF_GEN/REF_GEN_f_TB/maestro/results/maestro/Interactive.271/1/OP/netlist/amps_evaluator.log': File exists
 {"logfile": "/home/saul/projects/LF_BG/logs_saul/logs5/Job17.log"}
[2026-09-01 07:21:33.063 Z] [INFO] [cadence.virtuoso.ade.gui] - Point completed {"history": "Interactive.271", "point": 1, "testname": "OP"}
[2026-09-01 07:21:33.097 Z] [EVENT] [cadence.virtuoso.ade.gui] - HistoryFinished {"history": "Interactive.271", "point": 1, "testname": "OP", "event": "HistoryFinished", "EventSource": "ADE GUI", "HistoryName": "Interactive.271"}
[2026-09-01 07:21:39.708 Z] [WARN] [cadence.virtuoso.ade.gui] - The following global variable(s) are enabled, but are not used by any test in the active setup:
PD PD_PULSE 
It is recommended to delete or disable these variable(s) because they are not being considered by the simulation run. {"history": "Interactive.271", "point": 1, "testname": "OP", "detailed_message": "", "message_id": "ASSEMBLER-1704"}
[2026-09-01 07:21:39.873 Z] [EVENT] [cadence.virtuoso.ade.gui] - NewHistoryCreated {"history": "Interactive.272", "point": 1, "testname": "OP", "event": "NewHistoryCreated", "EventSource": "ADE GUI", "HistoryName": "Interactive.272", "WorkDir": "/home/saul/projects/LF_BG", "HistorySimDir": "/home/saul/simulation/REF_GEN/REF_GEN_f_TB/maestro/results/maestro/Interactive.272", "HistoryResultsDir": "/home/saul/projects/LF_BG/REF_GEN/REF_GEN_f_TB/maestro/results/maestro"}
[2026-09-01 07:21:39.874 Z] [PROCESS] [cadence.virtuoso.ade.gui] - History Setup {"hostname": "edatools", "processid": 83587, "history": "Interactive.272", "testname": "OP", "point": 1, "logfile": "/home/saul/projects/LF_BG/logs_saul/logs5/virtuoso_ade_debug.log", "jobmode": "LSCS", "runmode": "Single Run, Sweeps and Corners", "lib": "REF_GEN", "cell": "REF_GEN_f_TB", "view": "maestro", "icversion": "sub-version  IC6.1.8-64b.500.36 ", "runstart": "Tue Sep  1 07:21:39 2026\n", "timezonelocal": "+000", "spectreversion": "unknown", "jobpolicyname": "ADE XL Default", "maxjobs": "unknown", "ncjobpolicyname": "", "ncmaxjobs": "unknown", "numtests": "1", "runfinished": "unknown", "runelapsed": "-1", "numcorners": "1"}
[2026-09-01 07:21:41.101 Z] [INFO] [cadence.virtuoso.ade.gui] - Simulation will use spectre batch mode because the GCC version used by Spectre and Virtuoso are not compatible. {"history": "Interactive.272", "point": 1, "testname": "OP", "detailed_message": "", "message_id": "ASSEMBLER-5024"}
[2026-09-01 07:21:41.135 Z] [EVENT] [cadence.virtuoso.ade.pointevaluator] - NewPoint {"history": "Interactive.272", "point": 1, "testname": "OP", "event": "NewPoint", "EventSource": "ADE GUI", "HistoryName": "Interactive.272", "logFile": "/home/saul/projects/LF_BG/logs_saul/logs5/virtuoso_ade_debug.log", "logFileSize": "218557"}
[2026-09-01 07:21:41.135 Z] [INFO] [cadence.virtuoso.ade.pointevaluator] - Started netlisting {"history": "Interactive.272", "point": 1, "testname": "OP"}
[2026-09-01 07:21:41.441 Z] [INFO] [cadence.virtuoso.ade.pointevaluator] - Finished netlisting {"history": "Interactive.272", "point": 1, "testname": "OP"}
[2026-09-01 07:21:41.442 Z] [INFO] [cadence.virtuoso.ade.pointevaluator] - Submitted {"history": "Interactive.272", "point": 1, "testname": "OP"}
[2026-09-01 07:21:43.108 Z] [PROCESS] [cadence.virtuoso.ade.gui] - ln: failed to create symbolic link '/home/saul/simulation/REF_GEN/REF_GEN_f_TB/maestro/results/maestro/Interactive.272/1/OP/netlist/exprOutputs.log': File exists
 {"logfile": "/home/saul/projects/LF_BG/logs_saul/logs5/Job17.log"}
[2026-09-01 07:21:43.109 Z] [PROCESS] [cadence.virtuoso.ade.gui] - ln: failed to create symbolic link '/home/saul/simulation/REF_GEN/REF_GEN_f_TB/maestro/results/maestro/Interactive.272/1/OP/netlist/amps_evaluator.log': File exists
 {"logfile": "/home/saul/projects/LF_BG/logs_saul/logs5/Job17.log"}
[2026-09-01 07:21:45.063 Z] [INFO] [cadence.virtuoso.ade.gui] - Point completed {"history": "Interactive.272", "point": 1, "testname": "OP"}
[2026-09-01 07:21:45.120 Z] [EVENT] [cadence.virtuoso.ade.gui] - HistoryFinished {"history": "Interactive.272", "point": 1, "testname": "OP", "event": "HistoryFinished", "EventSource": "ADE GUI", "HistoryName": "Interactive.272"}
[2026-09-01 07:22:18.468 Z] [WARN] [cadence.virtuoso.ade.gui] - The following global variable(s) are enabled, but are not used by any test in the active setup:
PD PD_PULSE 
It is recommended to delete or disable these variable(s) because they are not being considered by the simulation run. {"history": "Interactive.272", "point": 1, "testname": "OP", "detailed_message": "", "message_id": "ASSEMBLER-1704"}
[2026-09-01 07:22:18.630 Z] [EVENT] [cadence.virtuoso.ade.gui] - NewHistoryCreated {"history": "Interactive.273", "point": 1, "testname": "OP", "event": "NewHistoryCreated", "EventSource": "ADE GUI", "HistoryName": "Interactive.273", "WorkDir": "/home/saul/projects/LF_BG", "HistorySimDir": "/home/saul/simulation/REF_GEN/REF_GEN_f_TB/maestro/results/maestro/Interactive.273", "HistoryResultsDir": "/home/saul/projects/LF_BG/REF_GEN/REF_GEN_f_TB/maestro/results/maestro"}
[2026-09-01 07:22:18.630 Z] [PROCESS] [cadence.virtuoso.ade.gui] - History Setup {"hostname": "edatools", "processid": 83587, "history": "Interactive.273", "testname": "OP", "point": 1, "logfile": "/home/saul/projects/LF_BG/logs_saul/logs5/virtuoso_ade_debug.log", "jobmode": "LSCS", "runmode": "Single Run, Sweeps and Corners", "lib": "REF_GEN", "cell": "REF_GEN_f_TB", "view": "maestro", "icversion": "sub-version  IC6.1.8-64b.500.36 ", "runstart": "Tue Sep  1 07:22:18 2026\n", "timezonelocal": "+000", "spectreversion": "unknown", "jobpolicyname": "ADE XL Default", "maxjobs": "unknown", "ncjobpolicyname": "", "ncmaxjobs": "unknown", "numtests": "1", "runfinished": "unknown", "runelapsed": "-1", "numcorners": "1"}
[2026-09-01 07:22:19.813 Z] [INFO] [cadence.virtuoso.ade.gui] - Simulation will use spectre batch mode because the GCC version used by Spectre and Virtuoso are not compatible. {"history": "Interactive.273", "point": 1, "testname": "TRAN", "detailed_message": "", "message_id": "ASSEMBLER-5024"}
[2026-09-01 07:22:19.843 Z] [EVENT] [cadence.virtuoso.ade.pointevaluator] - NewPoint {"history": "Interactive.273", "point": 1, "testname": "TRAN", "event": "NewPoint", "EventSource": "ADE GUI", "HistoryName": "Interactive.273", "logFile": "/home/saul/projects/LF_BG/logs_saul/logs5/virtuoso_ade_debug.log", "logFileSize": "222209"}
[2026-09-01 07:22:19.844 Z] [INFO] [cadence.virtuoso.ade.pointevaluator] - Started netlisting {"history": "Interactive.273", "point": 1, "testname": "TRAN"}
[2026-09-01 07:22:20.282 Z] [INFO] [cadence.virtuoso.ade.pointevaluator] - Finished netlisting {"history": "Interactive.273", "point": 1, "testname": "TRAN"}
[2026-09-01 07:22:20.282 Z] [INFO] [cadence.virtuoso.ade.pointevaluator] - Submitted {"history": "Interactive.273", "point": 1, "testname": "TRAN"}
[2026-09-01 07:22:22.446 Z] [PROCESS] [cadence.virtuoso.ade.gui] - ln: failed to create symbolic link '/home/saul/simulation/REF_GEN/REF_GEN_f_TB/maestro/results/maestro/Interactive.273/1/TRAN/netlist/exprOutputs.log': File exists
 {"logfile": "/home/saul/projects/LF_BG/logs_saul/logs5/Job17.log"}
[2026-09-01 07:22:22.449 Z] [PROCESS] [cadence.virtuoso.ade.gui] - ln: failed to create symbolic link '/home/saul/simulation/REF_GEN/REF_GEN_f_TB/maestro/results/maestro/Interactive.273/1/TRAN/netlist/amps_evaluator.log': File exists
 {"logfile": "/home/saul/projects/LF_BG/logs_saul/logs5/Job17.log"}
[2026-09-01 07:22:24.069 Z] [INFO] [cadence.virtuoso.ade.gui] - Point completed {"history": "Interactive.273", "point": 1, "testname": "TRAN"}
[2026-09-01 07:22:24.114 Z] [EVENT] [cadence.virtuoso.ade.gui] - HistoryFinished {"history": "Interactive.273", "point": 1, "testname": "TRAN", "event": "HistoryFinished", "EventSource": "ADE GUI", "HistoryName": "Interactive.273"}
[2026-09-01 07:22:59.028 Z] [WARN] [cadence.virtuoso.ade.gui] - The following global variable(s) are enabled, but are not used by any test in the active setup:
PD PD_PULSE 
It is recommended to delete or disable these variable(s) because they are not being considered by the simulation run. {"history": "Interactive.273", "point": 1, "testname": "TRAN", "detailed_message": "", "message_id": "ASSEMBLER-1704"}
[2026-09-01 07:22:59.211 Z] [EVENT] [cadence.virtuoso.ade.gui] - NewHistoryCreated {"history": "Interactive.274", "point": 1, "testname": "TRAN", "event": "NewHistoryCreated", "EventSource": "ADE GUI", "HistoryName": "Interactive.274", "WorkDir": "/home/saul/projects/LF_BG", "HistorySimDir": "/home/saul/simulation/REF_GEN/REF_GEN_f_TB/maestro/results/maestro/Interactive.274", "HistoryResultsDir": "/home/saul/projects/LF_BG/REF_GEN/REF_GEN_f_TB/maestro/results/maestro"}
[2026-09-01 07:22:59.211 Z] [PROCESS] [cadence.virtuoso.ade.gui] - History Setup {"hostname": "edatools", "processid": 83587, "history": "Interactive.274", "testname": "TRAN", "point": 1, "logfile": "/home/saul/projects/LF_BG/logs_saul/logs5/virtuoso_ade_debug.log", "jobmode": "LSCS", "runmode": "Single Run, Sweeps and Corners", "lib": "REF_GEN", "cell": "REF_GEN_f_TB", "view": "maestro", "icversion": "sub-version  IC6.1.8-64b.500.36 ", "runstart": "Tue Sep  1 07:22:59 2026\n", "timezonelocal": "+000", "spectreversion": "unknown", "jobpolicyname": "ADE XL Default", "maxjobs": "unknown", "ncjobpolicyname": "", "ncmaxjobs": "unknown", "numtests": "1", "runfinished": "unknown", "runelapsed": "-1", "numcorners": "1"}
[2026-09-01 07:23:00.493 Z] [INFO] [cadence.virtuoso.ade.gui] - Simulation will use spectre batch mode because the GCC version used by Spectre and Virtuoso are not compatible. {"history": "Interactive.274", "point": 1, "testname": "TRAN", "detailed_message": "", "message_id": "ASSEMBLER-5024"}
[2026-09-01 07:23:00.529 Z] [EVENT] [cadence.virtuoso.ade.pointevaluator] - NewPoint {"history": "Interactive.274", "point": 1, "testname": "TRAN", "event": "NewPoint", "EventSource": "ADE GUI", "HistoryName": "Interactive.274", "logFile": "/home/saul/projects/LF_BG/logs_saul/logs5/virtuoso_ade_debug.log", "logFileSize": "225883"}
[2026-09-01 07:23:00.529 Z] [INFO] [cadence.virtuoso.ade.pointevaluator] - Started netlisting {"history": "Interactive.274", "point": 1, "testname": "TRAN"}
[2026-09-01 07:23:00.978 Z] [INFO] [cadence.virtuoso.ade.pointevaluator] - Finished netlisting {"history": "Interactive.274", "point": 1, "testname": "TRAN"}
[2026-09-01 07:23:00.978 Z] [INFO] [cadence.virtuoso.ade.pointevaluator] - Submitted {"history": "Interactive.274", "point": 1, "testname": "TRAN"}
[2026-09-01 07:23:02.658 Z] [PROCESS] [cadence.virtuoso.ade.gui] - ln: failed to create symbolic link '/home/saul/simulation/REF_GEN/REF_GEN_f_TB/maestro/results/maestro/Interactive.274/1/TRAN/netlist/exprOutputs.log': File exists
 {"logfile": "/home/saul/projects/LF_BG/logs_saul/logs5/Job17.log"}
[2026-09-01 07:23:02.666 Z] [PROCESS] [cadence.virtuoso.ade.gui] - ln: failed to create symbolic link '/home/saul/simulation/REF_GEN/REF_GEN_f_TB/maestro/results/maestro/Interactive.274/1/TRAN/netlist/amps_evaluator.log': File exists
 {"logfile": "/home/saul/projects/LF_BG/logs_saul/logs5/Job17.log"}
[2026-09-01 07:23:05.062 Z] [INFO] [cadence.virtuoso.ade.gui] - Point completed {"history": "Interactive.274", "point": 1, "testname": "TRAN"}
[2026-09-01 07:23:05.122 Z] [EVENT] [cadence.virtuoso.ade.gui] - HistoryFinished {"history": "Interactive.274", "point": 1, "testname": "TRAN", "event": "HistoryFinished", "EventSource": "ADE GUI", "HistoryName": "Interactive.274"}
[2026-09-01 07:25:13.787 Z] [WARN] [cadence.virtuoso.ade.gui] - The following global variable(s) are enabled, but are not used by any test in the active setup:
PD PD_PULSE 
It is recommended to delete or disable these variable(s) because they are not being considered by the simulation run. {"history": "Interactive.274", "point": 1, "testname": "TRAN", "detailed_message": "", "message_id": "ASSEMBLER-1704"}
[2026-09-01 07:25:13.949 Z] [EVENT] [cadence.virtuoso.ade.gui] - NewHistoryCreated {"history": "Interactive.275", "point": 1, "testname": "TRAN", "event": "NewHistoryCreated", "EventSource": "ADE GUI", "HistoryName": "Interactive.275", "WorkDir": "/home/saul/projects/LF_BG", "HistorySimDir": "/home/saul/simulation/REF_GEN/REF_GEN_f_TB/maestro/results/maestro/Interactive.275", "HistoryResultsDir": "/home/saul/projects/LF_BG/REF_GEN/REF_GEN_f_TB/maestro/results/maestro"}
[2026-09-01 07:25:13.949 Z] [PROCESS] [cadence.virtuoso.ade.gui] - History Setup {"hostname": "edatools", "processid": 83587, "history": "Interactive.275", "testname": "TRAN", "point": 1, "logfile": "/home/saul/projects/LF_BG/logs_saul/logs5/virtuoso_ade_debug.log", "jobmode": "LSCS", "runmode": "Single Run, Sweeps and Corners", "lib": "REF_GEN", "cell": "REF_GEN_f_TB", "view": "maestro", "icversion": "sub-version  IC6.1.8-64b.500.36 ", "runstart": "Tue Sep  1 07:25:13 2026\n", "timezonelocal": "+000", "spectreversion": "unknown", "jobpolicyname": "ADE XL Default", "maxjobs": "unknown", "ncjobpolicyname": "", "ncmaxjobs": "unknown", "numtests": "1", "runfinished": "unknown", "runelapsed": "-1", "numcorners": "1"}
[2026-09-01 07:25:15.144 Z] [INFO] [cadence.virtuoso.ade.gui] - Simulation will use spectre batch mode because the GCC version used by Spectre and Virtuoso are not compatible. {"history": "Interactive.275", "point": 1, "testname": "TRAN", "detailed_message": "", "message_id": "ASSEMBLER-5024"}
[2026-09-01 07:25:15.182 Z] [EVENT] [cadence.virtuoso.ade.pointevaluator] - NewPoint {"history": "Interactive.275", "point": 1, "testname": "TRAN", "event": "NewPoint", "EventSource": "ADE GUI", "HistoryName": "Interactive.275", "logFile": "/home/saul/projects/LF_BG/logs_saul/logs5/virtuoso_ade_debug.log", "logFileSize": "229557"}
[2026-09-01 07:25:15.183 Z] [INFO] [cadence.virtuoso.ade.pointevaluator] - Started netlisting {"history": "Interactive.275", "point": 1, "testname": "TRAN"}
[2026-09-01 07:25:15.487 Z] [INFO] [cadence.virtuoso.ade.pointevaluator] - Finished netlisting {"history": "Interactive.275", "point": 1, "testname": "TRAN"}
[2026-09-01 07:25:15.488 Z] [INFO] [cadence.virtuoso.ade.pointevaluator] - Submitted {"history": "Interactive.275", "point": 1, "testname": "TRAN"}
[2026-09-01 07:25:39.616 Z] [WARN] [cadence.virtuoso.ade.gui] - The following global variable(s) are enabled, but are not used by any test in the active setup:
PD PD_PULSE 
It is recommended to delete or disable these variable(s) because they are not being considered by the simulation run. {"history": "Interactive.275", "point": 1, "testname": "TRAN", "detailed_message": "", "message_id": "ASSEMBLER-1704"}
[2026-09-01 07:25:39.787 Z] [EVENT] [cadence.virtuoso.ade.gui] - NewHistoryCreated {"history": "Interactive.276", "point": 1, "testname": "TRAN", "event": "NewHistoryCreated", "EventSource": "ADE GUI", "HistoryName": "Interactive.276", "WorkDir": "/home/saul/projects/LF_BG", "HistorySimDir": "/home/saul/simulation/REF_GEN/REF_GEN_f_TB/maestro/results/maestro/Interactive.276", "HistoryResultsDir": "/home/saul/projects/LF_BG/REF_GEN/REF_GEN_f_TB/maestro/results/maestro"}
[2026-09-01 07:25:39.788 Z] [PROCESS] [cadence.virtuoso.ade.gui] - History Setup {"hostname": "edatools", "processid": 83587, "history": "Interactive.276", "testname": "TRAN", "point": 1, "logfile": "/home/saul/projects/LF_BG/logs_saul/logs5/virtuoso_ade_debug.log", "jobmode": "LSCS", "runmode": "Single Run, Sweeps and Corners", "lib": "REF_GEN", "cell": "REF_GEN_f_TB", "view": "maestro", "icversion": "sub-version  IC6.1.8-64b.500.36 ", "runstart": "Tue Sep  1 07:25:39 2026\n", "timezonelocal": "+000", "spectreversion": "unknown", "jobpolicyname": "ADE XL Default", "maxjobs": "unknown", "ncjobpolicyname": "", "ncmaxjobs": "unknown", "numtests": "1", "runfinished": "unknown", "runelapsed": "-1", "numcorners": "1"}
[2026-09-01 07:25:40.970 Z] [INFO] [cadence.virtuoso.ade.gui] - Simulation will use spectre batch mode because the GCC version used by Spectre and Virtuoso are not compatible. {"history": "Interactive.276", "point": 1, "testname": "TRAN", "detailed_message": "", "message_id": "ASSEMBLER-5024"}
[2026-09-01 07:25:41.000 Z] [EVENT] [cadence.virtuoso.ade.pointevaluator] - NewPoint {"history": "Interactive.276", "point": 1, "testname": "TRAN", "event": "NewPoint", "EventSource": "ADE GUI", "HistoryName": "Interactive.276", "logFile": "/home/saul/projects/LF_BG/logs_saul/logs5/virtuoso_ade_debug.log", "logFileSize": "232255"}
[2026-09-01 07:25:41.001 Z] [INFO] [cadence.virtuoso.ade.pointevaluator] - Started netlisting {"history": "Interactive.276", "point": 1, "testname": "TRAN"}
[2026-09-01 07:25:41.365 Z] [INFO] [cadence.virtuoso.ade.pointevaluator] - Finished netlisting {"history": "Interactive.276", "point": 1, "testname": "TRAN"}
[2026-09-01 07:25:41.365 Z] [INFO] [cadence.virtuoso.ade.pointevaluator] - Submitted {"history": "Interactive.276", "point": 1, "testname": "TRAN"}
[2026-09-01 07:26:44.238 Z] [EVENT] [cadence.virtuoso.ade.gui] - HistoryFinished {"history": "Interactive.276", "point": 1, "testname": "TRAN", "event": "HistoryFinished", "EventSource": "ADE GUI", "HistoryName": "Interactive.275"}
[2026-09-01 07:26:44.341 Z] [EVENT] [cadence.virtuoso.ade.gui] - HistoryFinished {"history": "Interactive.276", "point": 1, "testname": "TRAN", "event": "HistoryFinished", "EventSource": "ADE GUI", "HistoryName": "Interactive.276"}
[2026-09-01 07:26:46.201 Z] [WARN] [cadence.virtuoso.ade.gui] - The following global variable(s) are enabled, but are not used by any test in the active setup:
PD PD_PULSE 
It is recommended to delete or disable these variable(s) because they are not being considered by the simulation run. {"history": "Interactive.276", "point": 1, "testname": "TRAN", "detailed_message": "", "message_id": "ASSEMBLER-1704"}
[2026-09-01 07:26:46.371 Z] [EVENT] [cadence.virtuoso.ade.gui] - NewHistoryCreated {"history": "Interactive.277", "point": 1, "testname": "TRAN", "event": "NewHistoryCreated", "EventSource": "ADE GUI", "HistoryName": "Interactive.277", "WorkDir": "/home/saul/projects/LF_BG", "HistorySimDir": "/home/saul/simulation/REF_GEN/REF_GEN_f_TB/maestro/results/maestro/Interactive.277", "HistoryResultsDir": "/home/saul/projects/LF_BG/REF_GEN/REF_GEN_f_TB/maestro/results/maestro"}
[2026-09-01 07:26:46.371 Z] [PROCESS] [cadence.virtuoso.ade.gui] - History Setup {"hostname": "edatools", "processid": 83587, "history": "Interactive.277", "testname": "TRAN", "point": 1, "logfile": "/home/saul/projects/LF_BG/logs_saul/logs5/virtuoso_ade_debug.log", "jobmode": "LSCS", "runmode": "Single Run, Sweeps and Corners", "lib": "REF_GEN", "cell": "REF_GEN_f_TB", "view": "maestro", "icversion": "sub-version  IC6.1.8-64b.500.36 ", "runstart": "Tue Sep  1 07:26:46 2026\n", "timezonelocal": "+000", "spectreversion": "unknown", "jobpolicyname": "ADE XL Default", "maxjobs": "unknown", "ncjobpolicyname": "", "ncmaxjobs": "unknown", "numtests": "1", "runfinished": "unknown", "runelapsed": "-1", "numcorners": "1"}
[2026-09-01 07:26:47.564 Z] [INFO] [cadence.virtuoso.ade.gui] - Simulation will use spectre batch mode because the GCC version used by Spectre and Virtuoso are not compatible. {"history": "Interactive.277", "point": 1, "testname": "TRAN", "detailed_message": "", "message_id": "ASSEMBLER-5024"}
[2026-09-01 07:26:47.599 Z] [EVENT] [cadence.virtuoso.ade.pointevaluator] - NewPoint {"history": "Interactive.277", "point": 1, "testname": "TRAN", "event": "NewPoint", "EventSource": "ADE GUI", "HistoryName": "Interactive.277", "logFile": "/home/saul/projects/LF_BG/logs_saul/logs5/virtuoso_ade_debug.log", "logFileSize": "235417"}
[2026-09-01 07:26:47.600 Z] [INFO] [cadence.virtuoso.ade.pointevaluator] - Started netlisting {"history": "Interactive.277", "point": 1, "testname": "TRAN"}
[2026-09-01 07:26:48.013 Z] [INFO] [cadence.virtuoso.ade.pointevaluator] - Finished netlisting {"history": "Interactive.277", "point": 1, "testname": "TRAN"}
[2026-09-01 07:26:48.013 Z] [INFO] [cadence.virtuoso.ade.pointevaluator] - Submitted {"history": "Interactive.277", "point": 1, "testname": "TRAN"}
[2026-09-01 07:27:00.672 Z] [PROCESS] [cadence.virtuoso.ade.gui] - ln: failed to create symbolic link '/home/saul/simulation/REF_GEN/REF_GEN_f_TB/maestro/results/maestro/Interactive.277/1/TRAN/netlist/exprOutputs.log': File exists
 {"logfile": "/home/saul/projects/LF_BG/logs_saul/logs5/Job17.log"}
[2026-09-01 07:27:00.683 Z] [PROCESS] [cadence.virtuoso.ade.gui] - ln: failed to create symbolic link '/home/saul/simulation/REF_GEN/REF_GEN_f_TB/maestro/results/maestro/Interactive.277/1/TRAN/netlist/amps_evaluator.log': File exists
 {"logfile": "/home/saul/projects/LF_BG/logs_saul/logs5/Job17.log"}
[2026-09-01 07:27:02.065 Z] [INFO] [cadence.virtuoso.ade.gui] - Point completed {"history": "Interactive.277", "point": 1, "testname": "TRAN"}
[2026-09-01 07:27:02.114 Z] [EVENT] [cadence.virtuoso.ade.gui] - HistoryFinished {"history": "Interactive.277", "point": 1, "testname": "TRAN", "event": "HistoryFinished", "EventSource": "ADE GUI", "HistoryName": "Interactive.277"}
[2026-09-01 07:27:35.875 Z] [WARN] [cadence.virtuoso.ade.gui] - The following global variable(s) are enabled, but are not used by any test in the active setup:
PD PD_PULSE 
It is recommended to delete or disable these variable(s) because they are not being considered by the simulation run. {"history": "Interactive.277", "point": 1, "testname": "TRAN", "detailed_message": "", "message_id": "ASSEMBLER-1704"}
[2026-09-01 07:27:36.051 Z] [EVENT] [cadence.virtuoso.ade.gui] - NewHistoryCreated {"history": "Interactive.278", "point": 1, "testname": "TRAN", "event": "NewHistoryCreated", "EventSource": "ADE GUI", "HistoryName": "Interactive.278", "WorkDir": "/home/saul/projects/LF_BG", "HistorySimDir": "/home/saul/simulation/REF_GEN/REF_GEN_f_TB/maestro/results/maestro/Interactive.278", "HistoryResultsDir": "/home/saul/projects/LF_BG/REF_GEN/REF_GEN_f_TB/maestro/results/maestro"}
[2026-09-01 07:27:36.051 Z] [PROCESS] [cadence.virtuoso.ade.gui] - History Setup {"hostname": "edatools", "processid": 83587, "history": "Interactive.278", "testname": "TRAN", "point": 1, "logfile": "/home/saul/projects/LF_BG/logs_saul/logs5/virtuoso_ade_debug.log", "jobmode": "LSCS", "runmode": "Single Run, Sweeps and Corners", "lib": "REF_GEN", "cell": "REF_GEN_f_TB", "view": "maestro", "icversion": "sub-version  IC6.1.8-64b.500.36 ", "runstart": "Tue Sep  1 07:27:36 2026\n", "timezonelocal": "+000", "spectreversion": "unknown", "jobpolicyname": "ADE XL Default", "maxjobs": "unknown", "ncjobpolicyname": "", "ncmaxjobs": "unknown", "numtests": "1", "runfinished": "unknown", "runelapsed": "-1", "numcorners": "1"}
[2026-09-01 07:27:37.241 Z] [INFO] [cadence.virtuoso.ade.gui] - Simulation will use spectre batch mode because the GCC version used by Spectre and Virtuoso are not compatible. {"history": "Interactive.278", "point": 1, "testname": "OP", "detailed_message": "", "message_id": "ASSEMBLER-5024"}
[2026-09-01 07:27:37.276 Z] [EVENT] [cadence.virtuoso.ade.pointevaluator] - NewPoint {"history": "Interactive.278", "point": 1, "testname": "OP", "event": "NewPoint", "EventSource": "ADE GUI", "HistoryName": "Interactive.278", "logFile": "/home/saul/projects/LF_BG/logs_saul/logs5/virtuoso_ade_debug.log", "logFileSize": "239089"}
[2026-09-01 07:27:37.276 Z] [INFO] [cadence.virtuoso.ade.pointevaluator] - Started netlisting {"history": "Interactive.278", "point": 1, "testname": "OP"}
[2026-09-01 07:27:37.684 Z] [INFO] [cadence.virtuoso.ade.pointevaluator] - Finished netlisting {"history": "Interactive.278", "point": 1, "testname": "OP"}
[2026-09-01 07:27:37.684 Z] [INFO] [cadence.virtuoso.ade.pointevaluator] - Submitted {"history": "Interactive.278", "point": 1, "testname": "OP"}
[2026-09-01 07:27:39.336 Z] [PROCESS] [cadence.virtuoso.ade.gui] - ln: failed to create symbolic link '/home/saul/simulation/REF_GEN/REF_GEN_f_TB/maestro/results/maestro/Interactive.278/1/OP/netlist/exprOutputs.log': File exists
 {"logfile": "/home/saul/projects/LF_BG/logs_saul/logs5/Job17.log"}
[2026-09-01 07:27:39.339 Z] [PROCESS] [cadence.virtuoso.ade.gui] - ln: failed to create symbolic link '/home/saul/simulation/REF_GEN/REF_GEN_f_TB/maestro/results/maestro/Interactive.278/1/OP/netlist/amps_evaluator.log': File exists
 {"logfile": "/home/saul/projects/LF_BG/logs_saul/logs5/Job17.log"}
[2026-09-01 07:27:41.065 Z] [INFO] [cadence.virtuoso.ade.gui] - Point completed {"history": "Interactive.278", "point": 1, "testname": "OP"}
[2026-09-01 07:27:41.112 Z] [EVENT] [cadence.virtuoso.ade.gui] - HistoryFinished {"history": "Interactive.278", "point": 1, "testname": "OP", "event": "HistoryFinished", "EventSource": "ADE GUI", "HistoryName": "Interactive.278"}
[2026-09-01 07:32:06.371 Z] [WARN] [cadence.virtuoso.ade.gui] - The following global variable(s) are enabled, but are not used by any test in the active setup:
PD PD_PULSE 
It is recommended to delete or disable these variable(s) because they are not being considered by the simulation run. {"history": "Interactive.278", "point": 1, "testname": "OP", "detailed_message": "", "message_id": "ASSEMBLER-1704"}
[2026-09-01 07:32:06.543 Z] [EVENT] [cadence.virtuoso.ade.gui] - NewHistoryCreated {"history": "Interactive.279", "point": 1, "testname": "OP", "event": "NewHistoryCreated", "EventSource": "ADE GUI", "HistoryName": "Interactive.279", "WorkDir": "/home/saul/projects/LF_BG", "HistorySimDir": "/home/saul/simulation/REF_GEN/REF_GEN_f_TB/maestro/results/maestro/Interactive.279", "HistoryResultsDir": "/home/saul/projects/LF_BG/REF_GEN/REF_GEN_f_TB/maestro/results/maestro"}
[2026-09-01 07:32:06.543 Z] [PROCESS] [cadence.virtuoso.ade.gui] - History Setup {"hostname": "edatools", "processid": 83587, "history": "Interactive.279", "testname": "OP", "point": 1, "logfile": "/home/saul/projects/LF_BG/logs_saul/logs5/virtuoso_ade_debug.log", "jobmode": "LSCS", "runmode": "Single Run, Sweeps and Corners", "lib": "REF_GEN", "cell": "REF_GEN_f_TB", "view": "maestro", "icversion": "sub-version  IC6.1.8-64b.500.36 ", "runstart": "Tue Sep  1 07:32:06 2026\n", "timezonelocal": "+000", "spectreversion": "unknown", "jobpolicyname": "ADE XL Default", "maxjobs": "unknown", "ncjobpolicyname": "", "ncmaxjobs": "unknown", "numtests": "1", "runfinished": "unknown", "runelapsed": "-1", "numcorners": "1"}
[2026-09-01 07:32:07.745 Z] [INFO] [cadence.virtuoso.ade.gui] - Simulation will use spectre batch mode because the GCC version used by Spectre and Virtuoso are not compatible. {"history": "Interactive.279", "point": 1, "testname": "OP", "detailed_message": "", "message_id": "ASSEMBLER-5024"}
[2026-09-01 07:32:07.783 Z] [EVENT] [cadence.virtuoso.ade.pointevaluator] - NewPoint {"history": "Interactive.279", "point": 1, "testname": "OP", "event": "NewPoint", "EventSource": "ADE GUI", "HistoryName": "Interactive.279", "logFile": "/home/saul/projects/LF_BG/logs_saul/logs5/virtuoso_ade_debug.log", "logFileSize": "242739"}
[2026-09-01 07:32:07.783 Z] [INFO] [cadence.virtuoso.ade.pointevaluator] - Started netlisting {"history": "Interactive.279", "point": 1, "testname": "OP"}
[2026-09-01 07:32:08.998 Z] [INFO] [cadence.virtuoso.ade.pointevaluator] - Finished netlisting {"history": "Interactive.279", "point": 1, "testname": "OP"}
[2026-09-01 07:32:08.999 Z] [INFO] [cadence.virtuoso.ade.pointevaluator] - Submitted {"history": "Interactive.279", "point": 1, "testname": "OP"}
[2026-09-01 07:32:11.155 Z] [PROCESS] [cadence.virtuoso.ade.gui] - ln: failed to create symbolic link '/home/saul/simulation/REF_GEN/REF_GEN_f_TB/maestro/results/maestro/Interactive.279/1/OP/netlist/exprOutputs.log': File exists
 {"logfile": "/home/saul/projects/LF_BG/logs_saul/logs5/Job17.log"}
[2026-09-01 07:32:11.158 Z] [PROCESS] [cadence.virtuoso.ade.gui] - ln: failed to create symbolic link '/home/saul/simulation/REF_GEN/REF_GEN_f_TB/maestro/results/maestro/Interactive.279/1/OP/netlist/amps_evaluator.log': File exists
 {"logfile": "/home/saul/projects/LF_BG/logs_saul/logs5/Job17.log"}
[2026-09-01 07:32:13.061 Z] [INFO] [cadence.virtuoso.ade.gui] - Point completed {"history": "Interactive.279", "point": 1, "testname": "OP"}
[2026-09-01 07:32:13.098 Z] [EVENT] [cadence.virtuoso.ade.gui] - HistoryFinished {"history": "Interactive.279", "point": 1, "testname": "OP", "event": "HistoryFinished", "EventSource": "ADE GUI", "HistoryName": "Interactive.279"}
[2026-09-01 07:32:52.398 Z] [WARN] [cadence.virtuoso.ade.gui] - The following global variable(s) are enabled, but are not used by any test in the active setup:
PD PD_PULSE 
It is recommended to delete or disable these variable(s) because they are not being considered by the simulation run. {"history": "Interactive.279", "point": 1, "testname": "OP", "detailed_message": "", "message_id": "ASSEMBLER-1704"}
[2026-09-01 07:32:52.726 Z] [EVENT] [cadence.virtuoso.ade.gui] - NewHistoryCreated {"history": "Interactive.280", "point": 1, "testname": "OP", "event": "NewHistoryCreated", "EventSource": "ADE GUI", "HistoryName": "Interactive.280", "WorkDir": "/home/saul/projects/LF_BG", "HistorySimDir": "/home/saul/simulation/REF_GEN/REF_GEN_f_TB/maestro/results/maestro/Interactive.280", "HistoryResultsDir": "/home/saul/projects/LF_BG/REF_GEN/REF_GEN_f_TB/maestro/results/maestro"}
[2026-09-01 07:32:52.726 Z] [PROCESS] [cadence.virtuoso.ade.gui] - History Setup {"hostname": "edatools", "processid": 83587, "history": "Interactive.280", "testname": "OP", "point": 1, "logfile": "/home/saul/projects/LF_BG/logs_saul/logs5/virtuoso_ade_debug.log", "jobmode": "LSCS", "runmode": "Single Run, Sweeps and Corners", "lib": "REF_GEN", "cell": "REF_GEN_f_TB", "view": "maestro", "icversion": "sub-version  IC6.1.8-64b.500.36 ", "runstart": "Tue Sep  1 07:32:52 2026\n", "timezonelocal": "+000", "spectreversion": "unknown", "jobpolicyname": "ADE XL Default", "maxjobs": "unknown", "ncjobpolicyname": "", "ncmaxjobs": "unknown", "numtests": "1", "runfinished": "unknown", "runelapsed": "-1", "numcorners": "1"}
[2026-09-01 07:32:53.900 Z] [INFO] [cadence.virtuoso.ade.gui] - Simulation will use spectre batch mode because the GCC version used by Spectre and Virtuoso are not compatible. {"history": "Interactive.280", "point": 1, "testname": "OP", "detailed_message": "", "message_id": "ASSEMBLER-5024"}
[2026-09-01 07:32:53.942 Z] [EVENT] [cadence.virtuoso.ade.pointevaluator] - NewPoint {"history": "Interactive.280", "point": 1, "testname": "OP", "event": "NewPoint", "EventSource": "ADE GUI", "HistoryName": "Interactive.280", "logFile": "/home/saul/projects/LF_BG/logs_saul/logs5/virtuoso_ade_debug.log", "logFileSize": "246389"}
[2026-09-01 07:32:53.943 Z] [INFO] [cadence.virtuoso.ade.pointevaluator] - Started netlisting {"history": "Interactive.280", "point": 1, "testname": "OP"}
[2026-09-01 07:32:54.362 Z] [INFO] [cadence.virtuoso.ade.pointevaluator] - Finished netlisting {"history": "Interactive.280", "point": 1, "testname": "OP"}
[2026-09-01 07:32:54.362 Z] [INFO] [cadence.virtuoso.ade.pointevaluator] - Submitted {"history": "Interactive.280", "point": 1, "testname": "OP"}
[2026-09-01 07:32:56.025 Z] [PROCESS] [cadence.virtuoso.ade.gui] - ln: failed to create symbolic link '/home/saul/simulation/REF_GEN/REF_GEN_f_TB/maestro/results/maestro/Interactive.280/1/OP/netlist/exprOutputs.log': File exists
 {"logfile": "/home/saul/projects/LF_BG/logs_saul/logs5/Job17.log"}
[2026-09-01 07:32:56.028 Z] [PROCESS] [cadence.virtuoso.ade.gui] - ln: failed to create symbolic link '/home/saul/simulation/REF_GEN/REF_GEN_f_TB/maestro/results/maestro/Interactive.280/1/OP/netlist/amps_evaluator.log': File exists
 {"logfile": "/home/saul/projects/LF_BG/logs_saul/logs5/Job17.log"}
[2026-09-01 07:32:58.065 Z] [INFO] [cadence.virtuoso.ade.gui] - Point completed {"history": "Interactive.280", "point": 1, "testname": "OP"}
[2026-09-01 07:32:58.141 Z] [EVENT] [cadence.virtuoso.ade.gui] - HistoryFinished {"history": "Interactive.280", "point": 1, "testname": "OP", "event": "HistoryFinished", "EventSource": "ADE GUI", "HistoryName": "Interactive.280"}
[2026-09-01 07:34:06.791 Z] [WARN] [cadence.virtuoso.ade.gui] - The following global variable(s) are enabled, but are not used by any test in the active setup:
PD PD_PULSE 
It is recommended to delete or disable these variable(s) because they are not being considered by the simulation run. {"history": "Interactive.280", "point": 1, "testname": "OP", "detailed_message": "", "message_id": "ASSEMBLER-1704"}
[2026-09-01 07:34:06.958 Z] [EVENT] [cadence.virtuoso.ade.gui] - NewHistoryCreated {"history": "Interactive.281", "point": 1, "testname": "OP", "event": "NewHistoryCreated", "EventSource": "ADE GUI", "HistoryName": "Interactive.281", "WorkDir": "/home/saul/projects/LF_BG", "HistorySimDir": "/home/saul/simulation/REF_GEN/REF_GEN_f_TB/maestro/results/maestro/Interactive.281", "HistoryResultsDir": "/home/saul/projects/LF_BG/REF_GEN/REF_GEN_f_TB/maestro/results/maestro"}
[2026-09-01 07:34:06.959 Z] [PROCESS] [cadence.virtuoso.ade.gui] - History Setup {"hostname": "edatools", "processid": 83587, "history": "Interactive.281", "testname": "OP", "point": 1, "logfile": "/home/saul/projects/LF_BG/logs_saul/logs5/virtuoso_ade_debug.log", "jobmode": "LSCS", "runmode": "Single Run, Sweeps and Corners", "lib": "REF_GEN", "cell": "REF_GEN_f_TB", "view": "maestro", "icversion": "sub-version  IC6.1.8-64b.500.36 ", "runstart": "Tue Sep  1 07:34:06 2026\n", "timezonelocal": "+000", "spectreversion": "unknown", "jobpolicyname": "ADE XL Default", "maxjobs": "unknown", "ncjobpolicyname": "", "ncmaxjobs": "unknown", "numtests": "1", "runfinished": "unknown", "runelapsed": "-1", "numcorners": "1"}
[2026-09-01 07:34:08.216 Z] [INFO] [cadence.virtuoso.ade.gui] - Simulation will use spectre batch mode because the GCC version used by Spectre and Virtuoso are not compatible. {"history": "Interactive.281", "point": 1, "testname": "OP", "detailed_message": "", "message_id": "ASSEMBLER-5024"}
[2026-09-01 07:34:08.258 Z] [EVENT] [cadence.virtuoso.ade.pointevaluator] - NewPoint {"history": "Interactive.281", "point": 1, "testname": "OP", "event": "NewPoint", "EventSource": "ADE GUI", "HistoryName": "Interactive.281", "logFile": "/home/saul/projects/LF_BG/logs_saul/logs5/virtuoso_ade_debug.log", "logFileSize": "250039"}
[2026-09-01 07:34:08.259 Z] [INFO] [cadence.virtuoso.ade.pointevaluator] - Started netlisting {"history": "Interactive.281", "point": 1, "testname": "OP"}
[2026-09-01 07:34:08.637 Z] [INFO] [cadence.virtuoso.ade.pointevaluator] - Finished netlisting {"history": "Interactive.281", "point": 1, "testname": "OP"}
[2026-09-01 07:34:08.637 Z] [INFO] [cadence.virtuoso.ade.pointevaluator] - Submitted {"history": "Interactive.281", "point": 1, "testname": "OP"}
[2026-09-01 07:34:11.792 Z] [PROCESS] [cadence.virtuoso.ade.gui] - ln: failed to create symbolic link '/home/saul/simulation/REF_GEN/REF_GEN_f_TB/maestro/results/maestro/Interactive.281/1/OP/netlist/exprOutputs.log': File exists
 {"logfile": "/home/saul/projects/LF_BG/logs_saul/logs5/Job17.log"}
[2026-09-01 07:34:11.795 Z] [PROCESS] [cadence.virtuoso.ade.gui] - ln: failed to create symbolic link '/home/saul/simulation/REF_GEN/REF_GEN_f_TB/maestro/results/maestro/Interactive.281/1/OP/netlist/amps_evaluator.log': File exists
 {"logfile": "/home/saul/projects/LF_BG/logs_saul/logs5/Job17.log"}
[2026-09-01 07:34:13.073 Z] [INFO] [cadence.virtuoso.ade.gui] - Point completed {"history": "Interactive.281", "point": 1, "testname": "OP"}
[2026-09-01 07:34:13.132 Z] [EVENT] [cadence.virtuoso.ade.gui] - HistoryFinished {"history": "Interactive.281", "point": 1, "testname": "OP", "event": "HistoryFinished", "EventSource": "ADE GUI", "HistoryName": "Interactive.281"}
[2026-09-01 07:49:19.845 Z] [PROCESS] [cadence.virtuoso.ade.gui] - Logging Service '116451' stopped with exit code '0' {"logfile": "/home/saul/projects/LF_BG/logs_saul/logs5/LoggingService13.log"}
[2026-09-01 07:50:30.462 Z] [WARN] [cadence.virtuoso.ade.gui] - The following global variable(s) are enabled, but are not used by any test in the active setup:
PD PD_PULSE 
It is recommended to delete or disable these variable(s) because they are not being considered by the simulation run. {"history": "Interactive.281", "point": 1, "testname": "OP", "detailed_message": "", "message_id": "ASSEMBLER-1704"}
[2026-09-01 07:50:30.630 Z] [EVENT] [cadence.virtuoso.ade.gui] - NewHistoryCreated {"history": "Interactive.282", "point": 1, "testname": "OP", "event": "NewHistoryCreated", "EventSource": "ADE GUI", "HistoryName": "Interactive.282", "WorkDir": "/home/saul/projects/LF_BG", "HistorySimDir": "/home/saul/simulation/REF_GEN/REF_GEN_f_TB/maestro/results/maestro/Interactive.282", "HistoryResultsDir": "/home/saul/projects/LF_BG/REF_GEN/REF_GEN_f_TB/maestro/results/maestro"}
[2026-09-01 07:50:30.631 Z] [PROCESS] [cadence.virtuoso.ade.gui] - History Setup {"hostname": "edatools", "processid": 83587, "history": "Interactive.282", "testname": "OP", "point": 1, "logfile": "/home/saul/projects/LF_BG/logs_saul/logs5/virtuoso_ade_debug.log", "jobmode": "LSCS", "runmode": "Single Run, Sweeps and Corners", "lib": "REF_GEN", "cell": "REF_GEN_f_TB", "view": "maestro", "icversion": "sub-version  IC6.1.8-64b.500.36 ", "runstart": "Tue Sep  1 07:50:30 2026\n", "timezonelocal": "+000", "spectreversion": "unknown", "jobpolicyname": "ADE XL Default", "maxjobs": "unknown", "ncjobpolicyname": "", "ncmaxjobs": "unknown", "numtests": "1", "runfinished": "unknown", "runelapsed": "-1", "numcorners": "1"}
[2026-09-01 07:50:31.836 Z] [INFO] [cadence.virtuoso.ade.gui] - Simulation will use spectre batch mode because the GCC version used by Spectre and Virtuoso are not compatible. {"history": "Interactive.282", "point": 1, "testname": "OP", "detailed_message": "", "message_id": "ASSEMBLER-5024"}
[2026-09-01 07:50:31.872 Z] [EVENT] [cadence.virtuoso.ade.pointevaluator] - NewPoint {"history": "Interactive.282", "point": 1, "testname": "OP", "event": "NewPoint", "EventSource": "ADE GUI", "HistoryName": "Interactive.282", "logFile": "/home/saul/projects/LF_BG/logs_saul/logs5/virtuoso_ade_debug.log", "logFileSize": "253886"}
[2026-09-01 07:50:31.873 Z] [INFO] [cadence.virtuoso.ade.pointevaluator] - Started netlisting {"history": "Interactive.282", "point": 1, "testname": "OP"}
[2026-09-01 07:50:33.114 Z] [INFO] [cadence.virtuoso.ade.pointevaluator] - Finished netlisting {"history": "Interactive.282", "point": 1, "testname": "OP"}
[2026-09-01 07:50:33.114 Z] [INFO] [cadence.virtuoso.ade.pointevaluator] - Submitted {"history": "Interactive.282", "point": 1, "testname": "OP"}
[2026-09-01 07:50:35.797 Z] [PROCESS] [cadence.virtuoso.ade.gui] - /home/saul/projects/LF_BG/.tmp_saul/.cmddir5/swiftLoggingService18 is starting {"logfile": "/home/saul/projects/LF_BG/logs_saul/logs5/LoggingService18.log"}
[2026-09-01 07:50:35.912 Z] [PROCESS] [cadence.virtuoso.ade.gui] - /home/saul/projects/LF_BG/.tmp_saul/.cmddir5/swiftJob19 is starting {"logfile": "/home/saul/projects/LF_BG/logs_saul/logs5/Job19.log"}
[2026-09-01 07:50:35.912 Z] [PROCESS] [cadence.virtuoso.ade.gui] - Logging Service '141393' is starting up on host 'edatools' {"logfile": "/home/saul/projects/LF_BG/logs_saul/logs5/LoggingService18.log"}
[2026-09-01 07:50:36.015 Z] [PROCESS] [cadence.virtuoso.ade.gui] - Simulation Monitor process '141410' is starting up on host 'edatools' {"logfile": "/home/saul/projects/LF_BG/logs_saul/logs5/Job19.log"}
[2026-09-01 07:50:38.645 Z] [PROCESS] [cadence.virtuoso.ade.gui] - ln: failed to create symbolic link '/home/saul/simulation/REF_GEN/REF_GEN_f_TB/maestro/results/maestro/Interactive.282/1/OP/netlist/exprOutputs.log': File exists
 {"logfile": "/home/saul/projects/LF_BG/logs_saul/logs5/Job19.log"}
[2026-09-01 07:50:38.648 Z] [PROCESS] [cadence.virtuoso.ade.gui] - ln: failed to create symbolic link '/home/saul/simulation/REF_GEN/REF_GEN_f_TB/maestro/results/maestro/Interactive.282/1/OP/netlist/amps_evaluator.log': File exists
 {"logfile": "/home/saul/projects/LF_BG/logs_saul/logs5/Job19.log"}
[2026-09-01 07:50:40.068 Z] [INFO] [cadence.virtuoso.ade.gui] - Point completed {"history": "Interactive.282", "point": 1, "testname": "OP"}
[2026-09-01 07:50:40.110 Z] [EVENT] [cadence.virtuoso.ade.gui] - HistoryFinished {"history": "Interactive.282", "point": 1, "testname": "OP", "event": "HistoryFinished", "EventSource": "ADE GUI", "HistoryName": "Interactive.282"}
[2026-09-01 07:51:02.545 Z] [WARN] [cadence.virtuoso.ade.gui] - The following global variable(s) are enabled, but are not used by any test in the active setup:
PD PD_PULSE 
It is recommended to delete or disable these variable(s) because they are not being considered by the simulation run. {"history": "Interactive.282", "point": 1, "testname": "OP", "detailed_message": "", "message_id": "ASSEMBLER-1704"}
[2026-09-01 07:51:02.721 Z] [EVENT] [cadence.virtuoso.ade.gui] - NewHistoryCreated {"history": "Interactive.283", "point": 1, "testname": "OP", "event": "NewHistoryCreated", "EventSource": "ADE GUI", "HistoryName": "Interactive.283", "WorkDir": "/home/saul/projects/LF_BG", "HistorySimDir": "/home/saul/simulation/REF_GEN/REF_GEN_f_TB/maestro/results/maestro/Interactive.283", "HistoryResultsDir": "/home/saul/projects/LF_BG/REF_GEN/REF_GEN_f_TB/maestro/results/maestro"}
[2026-09-01 07:51:02.721 Z] [PROCESS] [cadence.virtuoso.ade.gui] - History Setup {"hostname": "edatools", "processid": 83587, "history": "Interactive.283", "testname": "OP", "point": 1, "logfile": "/home/saul/projects/LF_BG/logs_saul/logs5/virtuoso_ade_debug.log", "jobmode": "LSCS", "runmode": "Single Run, Sweeps and Corners", "lib": "REF_GEN", "cell": "REF_GEN_f_TB", "view": "maestro", "icversion": "sub-version  IC6.1.8-64b.500.36 ", "runstart": "Tue Sep  1 07:51:02 2026\n", "timezonelocal": "+000", "spectreversion": "unknown", "jobpolicyname": "ADE XL Default", "maxjobs": "unknown", "ncjobpolicyname": "", "ncmaxjobs": "unknown", "numtests": "1", "runfinished": "unknown", "runelapsed": "-1", "numcorners": "1"}
[2026-09-01 07:51:04.017 Z] [INFO] [cadence.virtuoso.ade.gui] - Simulation will use spectre batch mode because the GCC version used by Spectre and Virtuoso are not compatible. {"history": "Interactive.283", "point": 1, "testname": "OP", "detailed_message": "", "message_id": "ASSEMBLER-5024"}
[2026-09-01 07:51:04.049 Z] [EVENT] [cadence.virtuoso.ade.pointevaluator] - NewPoint {"history": "Interactive.283", "point": 1, "testname": "OP", "event": "NewPoint", "EventSource": "ADE GUI", "HistoryName": "Interactive.283", "logFile": "/home/saul/projects/LF_BG/logs_saul/logs5/virtuoso_ade_debug.log", "logFileSize": "258370"}
[2026-09-01 07:51:04.050 Z] [INFO] [cadence.virtuoso.ade.pointevaluator] - Started netlisting {"history": "Interactive.283", "point": 1, "testname": "OP"}
[2026-09-01 07:51:05.205 Z] [INFO] [cadence.virtuoso.ade.pointevaluator] - Finished netlisting {"history": "Interactive.283", "point": 1, "testname": "OP"}
[2026-09-01 07:51:05.205 Z] [INFO] [cadence.virtuoso.ade.pointevaluator] - Submitted {"history": "Interactive.283", "point": 1, "testname": "OP"}
[2026-09-01 07:51:08.370 Z] [PROCESS] [cadence.virtuoso.ade.gui] - ln: failed to create symbolic link '/home/saul/simulation/REF_GEN/REF_GEN_f_TB/maestro/results/maestro/Interactive.283/1/OP/netlist/exprOutputs.log': File exists
 {"logfile": "/home/saul/projects/LF_BG/logs_saul/logs5/Job19.log"}
[2026-09-01 07:51:08.378 Z] [PROCESS] [cadence.virtuoso.ade.gui] - ln: failed to create symbolic link '/home/saul/simulation/REF_GEN/REF_GEN_f_TB/maestro/results/maestro/Interactive.283/1/OP/netlist/amps_evaluator.log': File exists
 {"logfile": "/home/saul/projects/LF_BG/logs_saul/logs5/Job19.log"}
[2026-09-01 07:51:09.059 Z] [INFO] [cadence.virtuoso.ade.gui] - Point completed {"history": "Interactive.283", "point": 1, "testname": "OP"}
[2026-09-01 07:51:09.095 Z] [EVENT] [cadence.virtuoso.ade.gui] - HistoryFinished {"history": "Interactive.283", "point": 1, "testname": "OP", "event": "HistoryFinished", "EventSource": "ADE GUI", "HistoryName": "Interactive.283"}
[2026-09-01 07:51:18.733 Z] [WARN] [cadence.virtuoso.ade.gui] - The following global variable(s) are enabled, but are not used by any test in the active setup:
PD PD_PULSE 
It is recommended to delete or disable these variable(s) because they are not being considered by the simulation run. {"history": "Interactive.283", "point": 1, "testname": "OP", "detailed_message": "", "message_id": "ASSEMBLER-1704"}
[2026-09-01 07:51:18.899 Z] [EVENT] [cadence.virtuoso.ade.gui] - NewHistoryCreated {"history": "Interactive.284", "point": 1, "testname": "OP", "event": "NewHistoryCreated", "EventSource": "ADE GUI", "HistoryName": "Interactive.284", "WorkDir": "/home/saul/projects/LF_BG", "HistorySimDir": "/home/saul/simulation/REF_GEN/REF_GEN_f_TB/maestro/results/maestro/Interactive.284", "HistoryResultsDir": "/home/saul/projects/LF_BG/REF_GEN/REF_GEN_f_TB/maestro/results/maestro"}
[2026-09-01 07:51:18.899 Z] [PROCESS] [cadence.virtuoso.ade.gui] - History Setup {"hostname": "edatools", "processid": 83587, "history": "Interactive.284", "testname": "OP", "point": 1, "logfile": "/home/saul/projects/LF_BG/logs_saul/logs5/virtuoso_ade_debug.log", "jobmode": "LSCS", "runmode": "Single Run, Sweeps and Corners", "lib": "REF_GEN", "cell": "REF_GEN_f_TB", "view": "maestro", "icversion": "sub-version  IC6.1.8-64b.500.36 ", "runstart": "Tue Sep  1 07:51:18 2026\n", "timezonelocal": "+000", "spectreversion": "unknown", "jobpolicyname": "ADE XL Default", "maxjobs": "unknown", "ncjobpolicyname": "", "ncmaxjobs": "unknown", "numtests": "1", "runfinished": "unknown", "runelapsed": "-1", "numcorners": "1"}
[2026-09-01 07:51:20.173 Z] [INFO] [cadence.virtuoso.ade.gui] - Simulation will use spectre batch mode because the GCC version used by Spectre and Virtuoso are not compatible. {"history": "Interactive.284", "point": 1, "testname": "OP", "detailed_message": "", "message_id": "ASSEMBLER-5024"}
[2026-09-01 07:51:20.211 Z] [EVENT] [cadence.virtuoso.ade.pointevaluator] - NewPoint {"history": "Interactive.284", "point": 1, "testname": "OP", "event": "NewPoint", "EventSource": "ADE GUI", "HistoryName": "Interactive.284", "logFile": "/home/saul/projects/LF_BG/logs_saul/logs5/virtuoso_ade_debug.log", "logFileSize": "262020"}
[2026-09-01 07:51:20.212 Z] [INFO] [cadence.virtuoso.ade.pointevaluator] - Started netlisting {"history": "Interactive.284", "point": 1, "testname": "OP"}
[2026-09-01 07:51:20.621 Z] [INFO] [cadence.virtuoso.ade.pointevaluator] - Finished netlisting {"history": "Interactive.284", "point": 1, "testname": "OP"}
[2026-09-01 07:51:20.621 Z] [INFO] [cadence.virtuoso.ade.pointevaluator] - Submitted {"history": "Interactive.284", "point": 1, "testname": "OP"}
[2026-09-01 07:51:22.271 Z] [PROCESS] [cadence.virtuoso.ade.gui] - ln: failed to create symbolic link '/home/saul/simulation/REF_GEN/REF_GEN_f_TB/maestro/results/maestro/Interactive.284/1/OP/netlist/exprOutputs.log': File exists
 {"logfile": "/home/saul/projects/LF_BG/logs_saul/logs5/Job19.log"}
[2026-09-01 07:51:22.273 Z] [PROCESS] [cadence.virtuoso.ade.gui] - ln: failed to create symbolic link '/home/saul/simulation/REF_GEN/REF_GEN_f_TB/maestro/results/maestro/Interactive.284/1/OP/netlist/amps_evaluator.log': File exists
 {"logfile": "/home/saul/projects/LF_BG/logs_saul/logs5/Job19.log"}
[2026-09-01 07:51:24.070 Z] [INFO] [cadence.virtuoso.ade.gui] - Point completed {"history": "Interactive.284", "point": 1, "testname": "OP"}
[2026-09-01 07:51:24.114 Z] [EVENT] [cadence.virtuoso.ade.gui] - HistoryFinished {"history": "Interactive.284", "point": 1, "testname": "OP", "event": "HistoryFinished", "EventSource": "ADE GUI", "HistoryName": "Interactive.284"}
[2026-09-01 07:52:07.461 Z] [WARN] [cadence.virtuoso.ade.gui] - The following global variable(s) are enabled, but are not used by any test in the active setup:
PD PD_PULSE 
It is recommended to delete or disable these variable(s) because they are not being considered by the simulation run. {"history": "Interactive.284", "point": 1, "testname": "OP", "detailed_message": "", "message_id": "ASSEMBLER-1704"}
[2026-09-01 07:52:07.630 Z] [EVENT] [cadence.virtuoso.ade.gui] - NewHistoryCreated {"history": "Interactive.285", "point": 1, "testname": "OP", "event": "NewHistoryCreated", "EventSource": "ADE GUI", "HistoryName": "Interactive.285", "WorkDir": "/home/saul/projects/LF_BG", "HistorySimDir": "/home/saul/simulation/REF_GEN/REF_GEN_f_TB/maestro/results/maestro/Interactive.285", "HistoryResultsDir": "/home/saul/projects/LF_BG/REF_GEN/REF_GEN_f_TB/maestro/results/maestro"}
[2026-09-01 07:52:07.631 Z] [PROCESS] [cadence.virtuoso.ade.gui] - History Setup {"hostname": "edatools", "processid": 83587, "history": "Interactive.285", "testname": "OP", "point": 1, "logfile": "/home/saul/projects/LF_BG/logs_saul/logs5/virtuoso_ade_debug.log", "jobmode": "LSCS", "runmode": "Single Run, Sweeps and Corners", "lib": "REF_GEN", "cell": "REF_GEN_f_TB", "view": "maestro", "icversion": "sub-version  IC6.1.8-64b.500.36 ", "runstart": "Tue Sep  1 07:52:07 2026\n", "timezonelocal": "+000", "spectreversion": "unknown", "jobpolicyname": "ADE XL Default", "maxjobs": "unknown", "ncjobpolicyname": "", "ncmaxjobs": "unknown", "numtests": "1", "runfinished": "unknown", "runelapsed": "-1", "numcorners": "1"}
[2026-09-01 07:52:08.819 Z] [INFO] [cadence.virtuoso.ade.gui] - Simulation will use spectre batch mode because the GCC version used by Spectre and Virtuoso are not compatible. {"history": "Interactive.285", "point": 1, "testname": "OP", "detailed_message": "", "message_id": "ASSEMBLER-5024"}
[2026-09-01 07:52:08.852 Z] [EVENT] [cadence.virtuoso.ade.pointevaluator] - NewPoint {"history": "Interactive.285", "point": 1, "testname": "OP", "event": "NewPoint", "EventSource": "ADE GUI", "HistoryName": "Interactive.285", "logFile": "/home/saul/projects/LF_BG/logs_saul/logs5/virtuoso_ade_debug.log", "logFileSize": "265670"}
[2026-09-01 07:52:08.853 Z] [INFO] [cadence.virtuoso.ade.pointevaluator] - Started netlisting {"history": "Interactive.285", "point": 1, "testname": "OP"}
[2026-09-01 07:52:09.210 Z] [INFO] [cadence.virtuoso.ade.pointevaluator] - Finished netlisting {"history": "Interactive.285", "point": 1, "testname": "OP"}
[2026-09-01 07:52:09.210 Z] [INFO] [cadence.virtuoso.ade.pointevaluator] - Submitted {"history": "Interactive.285", "point": 1, "testname": "OP"}
[2026-09-01 07:52:10.872 Z] [PROCESS] [cadence.virtuoso.ade.gui] - ln: failed to create symbolic link '/home/saul/simulation/REF_GEN/REF_GEN_f_TB/maestro/results/maestro/Interactive.285/1/OP/netlist/exprOutputs.log': File exists
 {"logfile": "/home/saul/projects/LF_BG/logs_saul/logs5/Job19.log"}
[2026-09-01 07:52:10.880 Z] [PROCESS] [cadence.virtuoso.ade.gui] - ln: failed to create symbolic link '/home/saul/simulation/REF_GEN/REF_GEN_f_TB/maestro/results/maestro/Interactive.285/1/OP/netlist/amps_evaluator.log': File exists
 {"logfile": "/home/saul/projects/LF_BG/logs_saul/logs5/Job19.log"}
[2026-09-01 07:52:13.063 Z] [INFO] [cadence.virtuoso.ade.gui] - Point completed {"history": "Interactive.285", "point": 1, "testname": "OP"}
[2026-09-01 07:52:13.097 Z] [EVENT] [cadence.virtuoso.ade.gui] - HistoryFinished {"history": "Interactive.285", "point": 1, "testname": "OP", "event": "HistoryFinished", "EventSource": "ADE GUI", "HistoryName": "Interactive.285"}
[2026-09-01 07:53:44.345 Z] [WARN] [cadence.virtuoso.ade.gui] - The following global variable(s) are enabled, but are not used by any test in the active setup:
PD PD_PULSE 
It is recommended to delete or disable these variable(s) because they are not being considered by the simulation run. {"history": "Interactive.285", "point": 1, "testname": "OP", "detailed_message": "", "message_id": "ASSEMBLER-1704"}
[2026-09-01 07:53:44.521 Z] [EVENT] [cadence.virtuoso.ade.gui] - NewHistoryCreated {"history": "Interactive.286", "point": 1, "testname": "OP", "event": "NewHistoryCreated", "EventSource": "ADE GUI", "HistoryName": "Interactive.286", "WorkDir": "/home/saul/projects/LF_BG", "HistorySimDir": "/home/saul/simulation/REF_GEN/REF_GEN_f_TB/maestro/results/maestro/Interactive.286", "HistoryResultsDir": "/home/saul/projects/LF_BG/REF_GEN/REF_GEN_f_TB/maestro/results/maestro"}
[2026-09-01 07:53:44.521 Z] [PROCESS] [cadence.virtuoso.ade.gui] - History Setup {"hostname": "edatools", "processid": 83587, "history": "Interactive.286", "testname": "OP", "point": 1, "logfile": "/home/saul/projects/LF_BG/logs_saul/logs5/virtuoso_ade_debug.log", "jobmode": "LSCS", "runmode": "Single Run, Sweeps and Corners", "lib": "REF_GEN", "cell": "REF_GEN_f_TB", "view": "maestro", "icversion": "sub-version  IC6.1.8-64b.500.36 ", "runstart": "Tue Sep  1 07:53:44 2026\n", "timezonelocal": "+000", "spectreversion": "unknown", "jobpolicyname": "ADE XL Default", "maxjobs": "unknown", "ncjobpolicyname": "", "ncmaxjobs": "unknown", "numtests": "1", "runfinished": "unknown", "runelapsed": "-1", "numcorners": "1"}
[2026-09-01 07:53:45.729 Z] [INFO] [cadence.virtuoso.ade.gui] - Simulation will use spectre batch mode because the GCC version used by Spectre and Virtuoso are not compatible. {"history": "Interactive.286", "point": 1, "testname": "OP", "detailed_message": "", "message_id": "ASSEMBLER-5024"}
[2026-09-01 07:53:45.766 Z] [EVENT] [cadence.virtuoso.ade.pointevaluator] - NewPoint {"history": "Interactive.286", "point": 1, "testname": "OP", "event": "NewPoint", "EventSource": "ADE GUI", "HistoryName": "Interactive.286", "logFile": "/home/saul/projects/LF_BG/logs_saul/logs5/virtuoso_ade_debug.log", "logFileSize": "269320"}
[2026-09-01 07:53:45.767 Z] [INFO] [cadence.virtuoso.ade.pointevaluator] - Started netlisting {"history": "Interactive.286", "point": 1, "testname": "OP"}
[2026-09-01 07:53:46.119 Z] [INFO] [cadence.virtuoso.ade.pointevaluator] - Finished netlisting {"history": "Interactive.286", "point": 1, "testname": "OP"}
[2026-09-01 07:53:46.119 Z] [INFO] [cadence.virtuoso.ade.pointevaluator] - Submitted {"history": "Interactive.286", "point": 1, "testname": "OP"}
[2026-09-01 07:53:47.781 Z] [PROCESS] [cadence.virtuoso.ade.gui] - ln: failed to create symbolic link '/home/saul/simulation/REF_GEN/REF_GEN_f_TB/maestro/results/maestro/Interactive.286/1/OP/netlist/exprOutputs.log': File exists
 {"logfile": "/home/saul/projects/LF_BG/logs_saul/logs5/Job19.log"}
[2026-09-01 07:53:47.787 Z] [PROCESS] [cadence.virtuoso.ade.gui] - ln: failed to create symbolic link '/home/saul/simulation/REF_GEN/REF_GEN_f_TB/maestro/results/maestro/Interactive.286/1/OP/netlist/amps_evaluator.log': File exists
 {"logfile": "/home/saul/projects/LF_BG/logs_saul/logs5/Job19.log"}
[2026-09-01 07:53:50.064 Z] [INFO] [cadence.virtuoso.ade.gui] - Point completed {"history": "Interactive.286", "point": 1, "testname": "OP"}
[2026-09-01 07:53:50.136 Z] [EVENT] [cadence.virtuoso.ade.gui] - HistoryFinished {"history": "Interactive.286", "point": 1, "testname": "OP", "event": "HistoryFinished", "EventSource": "ADE GUI", "HistoryName": "Interactive.286"}
[2026-09-01 07:55:05.214 Z] [WARN] [cadence.virtuoso.ade.gui] - The following global variable(s) are enabled, but are not used by any test in the active setup:
PD PD_PULSE 
It is recommended to delete or disable these variable(s) because they are not being considered by the simulation run. {"history": "Interactive.286", "point": 1, "testname": "OP", "detailed_message": "", "message_id": "ASSEMBLER-1704"}
[2026-09-01 07:55:05.384 Z] [EVENT] [cadence.virtuoso.ade.gui] - NewHistoryCreated {"history": "Interactive.287", "point": 1, "testname": "OP", "event": "NewHistoryCreated", "EventSource": "ADE GUI", "HistoryName": "Interactive.287", "WorkDir": "/home/saul/projects/LF_BG", "HistorySimDir": "/home/saul/simulation/REF_GEN/REF_GEN_f_TB/maestro/results/maestro/Interactive.287", "HistoryResultsDir": "/home/saul/projects/LF_BG/REF_GEN/REF_GEN_f_TB/maestro/results/maestro"}
[2026-09-01 07:55:05.384 Z] [PROCESS] [cadence.virtuoso.ade.gui] - History Setup {"hostname": "edatools", "processid": 83587, "history": "Interactive.287", "testname": "OP", "point": 1, "logfile": "/home/saul/projects/LF_BG/logs_saul/logs5/virtuoso_ade_debug.log", "jobmode": "LSCS", "runmode": "Single Run, Sweeps and Corners", "lib": "REF_GEN", "cell": "REF_GEN_f_TB", "view": "maestro", "icversion": "sub-version  IC6.1.8-64b.500.36 ", "runstart": "Tue Sep  1 07:55:05 2026\n", "timezonelocal": "+000", "spectreversion": "unknown", "jobpolicyname": "ADE XL Default", "maxjobs": "unknown", "ncjobpolicyname": "", "ncmaxjobs": "unknown", "numtests": "1", "runfinished": "unknown", "runelapsed": "-1", "numcorners": "1"}
[2026-09-01 07:55:06.577 Z] [INFO] [cadence.virtuoso.ade.gui] - Simulation will use spectre batch mode because the GCC version used by Spectre and Virtuoso are not compatible. {"history": "Interactive.287", "point": 1, "testname": "OP", "detailed_message": "", "message_id": "ASSEMBLER-5024"}
[2026-09-01 07:55:06.614 Z] [EVENT] [cadence.virtuoso.ade.pointevaluator] - NewPoint {"history": "Interactive.287", "point": 1, "testname": "OP", "event": "NewPoint", "EventSource": "ADE GUI", "HistoryName": "Interactive.287", "logFile": "/home/saul/projects/LF_BG/logs_saul/logs5/virtuoso_ade_debug.log", "logFileSize": "272970"}
[2026-09-01 07:55:06.614 Z] [INFO] [cadence.virtuoso.ade.pointevaluator] - Started netlisting {"history": "Interactive.287", "point": 1, "testname": "OP"}
[2026-09-01 07:55:07.068 Z] [INFO] [cadence.virtuoso.ade.pointevaluator] - Finished netlisting {"history": "Interactive.287", "point": 1, "testname": "OP"}
[2026-09-01 07:55:07.068 Z] [INFO] [cadence.virtuoso.ade.pointevaluator] - Submitted {"history": "Interactive.287", "point": 1, "testname": "OP"}
[2026-09-01 07:55:10.236 Z] [PROCESS] [cadence.virtuoso.ade.gui] - ln: failed to create symbolic link '/home/saul/simulation/REF_GEN/REF_GEN_f_TB/maestro/results/maestro/Interactive.287/1/OP/netlist/exprOutputs.log': File exists
 {"logfile": "/home/saul/projects/LF_BG/logs_saul/logs5/Job19.log"}
[2026-09-01 07:55:10.244 Z] [PROCESS] [cadence.virtuoso.ade.gui] - ln: failed to create symbolic link '/home/saul/simulation/REF_GEN/REF_GEN_f_TB/maestro/results/maestro/Interactive.287/1/OP/netlist/amps_evaluator.log': File exists
 {"logfile": "/home/saul/projects/LF_BG/logs_saul/logs5/Job19.log"}
[2026-09-01 07:55:11.073 Z] [INFO] [cadence.virtuoso.ade.gui] - Point completed {"history": "Interactive.287", "point": 1, "testname": "OP"}
[2026-09-01 07:55:11.113 Z] [EVENT] [cadence.virtuoso.ade.gui] - HistoryFinished {"history": "Interactive.287", "point": 1, "testname": "OP", "event": "HistoryFinished", "EventSource": "ADE GUI", "HistoryName": "Interactive.287"}
[2026-09-01 07:55:36.411 Z] [WARN] [cadence.virtuoso.ade.gui] - The following global variable(s) are enabled, but are not used by any test in the active setup:
PD PD_PULSE 
It is recommended to delete or disable these variable(s) because they are not being considered by the simulation run. {"history": "Interactive.287", "point": 1, "testname": "OP", "detailed_message": "", "message_id": "ASSEMBLER-1704"}
[2026-09-01 07:55:36.582 Z] [EVENT] [cadence.virtuoso.ade.gui] - NewHistoryCreated {"history": "Interactive.288", "point": 1, "testname": "OP", "event": "NewHistoryCreated", "EventSource": "ADE GUI", "HistoryName": "Interactive.288", "WorkDir": "/home/saul/projects/LF_BG", "HistorySimDir": "/home/saul/simulation/REF_GEN/REF_GEN_f_TB/maestro/results/maestro/Interactive.288", "HistoryResultsDir": "/home/saul/projects/LF_BG/REF_GEN/REF_GEN_f_TB/maestro/results/maestro"}
[2026-09-01 07:55:36.583 Z] [PROCESS] [cadence.virtuoso.ade.gui] - History Setup {"hostname": "edatools", "processid": 83587, "history": "Interactive.288", "testname": "OP", "point": 1, "logfile": "/home/saul/projects/LF_BG/logs_saul/logs5/virtuoso_ade_debug.log", "jobmode": "LSCS", "runmode": "Single Run, Sweeps and Corners", "lib": "REF_GEN", "cell": "REF_GEN_f_TB", "view": "maestro", "icversion": "sub-version  IC6.1.8-64b.500.36 ", "runstart": "Tue Sep  1 07:55:36 2026\n", "timezonelocal": "+000", "spectreversion": "unknown", "jobpolicyname": "ADE XL Default", "maxjobs": "unknown", "ncjobpolicyname": "", "ncmaxjobs": "unknown", "numtests": "1", "runfinished": "unknown", "runelapsed": "-1", "numcorners": "1"}
[2026-09-01 07:55:37.790 Z] [INFO] [cadence.virtuoso.ade.gui] - Simulation will use spectre batch mode because the GCC version used by Spectre and Virtuoso are not compatible. {"history": "Interactive.288", "point": 1, "testname": "OP", "detailed_message": "", "message_id": "ASSEMBLER-5024"}
[2026-09-01 07:55:37.823 Z] [EVENT] [cadence.virtuoso.ade.pointevaluator] - NewPoint {"history": "Interactive.288", "point": 1, "testname": "OP", "event": "NewPoint", "EventSource": "ADE GUI", "HistoryName": "Interactive.288", "logFile": "/home/saul/projects/LF_BG/logs_saul/logs5/virtuoso_ade_debug.log", "logFileSize": "276620"}
[2026-09-01 07:55:37.823 Z] [INFO] [cadence.virtuoso.ade.pointevaluator] - Started netlisting {"history": "Interactive.288", "point": 1, "testname": "OP"}
[2026-09-01 07:55:38.965 Z] [INFO] [cadence.virtuoso.ade.pointevaluator] - Finished netlisting {"history": "Interactive.288", "point": 1, "testname": "OP"}
[2026-09-01 07:55:38.965 Z] [INFO] [cadence.virtuoso.ade.pointevaluator] - Submitted {"history": "Interactive.288", "point": 1, "testname": "OP"}
[2026-09-01 07:55:41.623 Z] [PROCESS] [cadence.virtuoso.ade.gui] - ln: failed to create symbolic link '/home/saul/simulation/REF_GEN/REF_GEN_f_TB/maestro/results/maestro/Interactive.288/1/OP/netlist/exprOutputs.log': File exists
 {"logfile": "/home/saul/projects/LF_BG/logs_saul/logs5/Job19.log"}
[2026-09-01 07:55:41.625 Z] [PROCESS] [cadence.virtuoso.ade.gui] - ln: failed to create symbolic link '/home/saul/simulation/REF_GEN/REF_GEN_f_TB/maestro/results/maestro/Interactive.288/1/OP/netlist/amps_evaluator.log': File exists
 {"logfile": "/home/saul/projects/LF_BG/logs_saul/logs5/Job19.log"}
[2026-09-01 07:55:43.066 Z] [INFO] [cadence.virtuoso.ade.gui] - Point completed {"history": "Interactive.288", "point": 1, "testname": "OP"}
[2026-09-01 07:55:43.104 Z] [EVENT] [cadence.virtuoso.ade.gui] - HistoryFinished {"history": "Interactive.288", "point": 1, "testname": "OP", "event": "HistoryFinished", "EventSource": "ADE GUI", "HistoryName": "Interactive.288"}
[2026-09-01 07:55:58.046 Z] [WARN] [cadence.virtuoso.ade.gui] - The following global variable(s) are enabled, but are not used by any test in the active setup:
PD PD_PULSE 
It is recommended to delete or disable these variable(s) because they are not being considered by the simulation run. {"history": "Interactive.288", "point": 1, "testname": "OP", "detailed_message": "", "message_id": "ASSEMBLER-1704"}
[2026-09-01 07:55:58.214 Z] [EVENT] [cadence.virtuoso.ade.gui] - NewHistoryCreated {"history": "Interactive.289", "point": 1, "testname": "OP", "event": "NewHistoryCreated", "EventSource": "ADE GUI", "HistoryName": "Interactive.289", "WorkDir": "/home/saul/projects/LF_BG", "HistorySimDir": "/home/saul/simulation/REF_GEN/REF_GEN_f_TB/maestro/results/maestro/Interactive.289", "HistoryResultsDir": "/home/saul/projects/LF_BG/REF_GEN/REF_GEN_f_TB/maestro/results/maestro"}
[2026-09-01 07:55:58.214 Z] [PROCESS] [cadence.virtuoso.ade.gui] - History Setup {"hostname": "edatools", "processid": 83587, "history": "Interactive.289", "testname": "OP", "point": 1, "logfile": "/home/saul/projects/LF_BG/logs_saul/logs5/virtuoso_ade_debug.log", "jobmode": "LSCS", "runmode": "Single Run, Sweeps and Corners", "lib": "REF_GEN", "cell": "REF_GEN_f_TB", "view": "maestro", "icversion": "sub-version  IC6.1.8-64b.500.36 ", "runstart": "Tue Sep  1 07:55:58 2026\n", "timezonelocal": "+000", "spectreversion": "unknown", "jobpolicyname": "ADE XL Default", "maxjobs": "unknown", "ncjobpolicyname": "", "ncmaxjobs": "unknown", "numtests": "1", "runfinished": "unknown", "runelapsed": "-1", "numcorners": "1"}
[2026-09-01 07:55:59.554 Z] [INFO] [cadence.virtuoso.ade.gui] - Simulation will use spectre batch mode because the GCC version used by Spectre and Virtuoso are not compatible. {"history": "Interactive.289", "point": 1, "testname": "OP", "detailed_message": "", "message_id": "ASSEMBLER-5024"}
[2026-09-01 07:55:59.587 Z] [EVENT] [cadence.virtuoso.ade.pointevaluator] - NewPoint {"history": "Interactive.289", "point": 1, "testname": "OP", "event": "NewPoint", "EventSource": "ADE GUI", "HistoryName": "Interactive.289", "logFile": "/home/saul/projects/LF_BG/logs_saul/logs5/virtuoso_ade_debug.log", "logFileSize": "280270"}
[2026-09-01 07:55:59.587 Z] [INFO] [cadence.virtuoso.ade.pointevaluator] - Started netlisting {"history": "Interactive.289", "point": 1, "testname": "OP"}
[2026-09-01 07:56:00.861 Z] [INFO] [cadence.virtuoso.ade.pointevaluator] - Finished netlisting {"history": "Interactive.289", "point": 1, "testname": "OP"}
[2026-09-01 07:56:00.861 Z] [INFO] [cadence.virtuoso.ade.pointevaluator] - Submitted {"history": "Interactive.289", "point": 1, "testname": "OP"}
[2026-09-01 07:56:03.502 Z] [PROCESS] [cadence.virtuoso.ade.gui] - ln: failed to create symbolic link '/home/saul/simulation/REF_GEN/REF_GEN_f_TB/maestro/results/maestro/Interactive.289/1/OP/netlist/exprOutputs.log': File exists
 {"logfile": "/home/saul/projects/LF_BG/logs_saul/logs5/Job19.log"}
[2026-09-01 07:56:03.505 Z] [PROCESS] [cadence.virtuoso.ade.gui] - ln: failed to create symbolic link '/home/saul/simulation/REF_GEN/REF_GEN_f_TB/maestro/results/maestro/Interactive.289/1/OP/netlist/amps_evaluator.log': File exists
 {"logfile": "/home/saul/projects/LF_BG/logs_saul/logs5/Job19.log"}
[2026-09-01 07:56:05.064 Z] [INFO] [cadence.virtuoso.ade.gui] - Point completed {"history": "Interactive.289", "point": 1, "testname": "OP"}
[2026-09-01 07:56:05.132 Z] [EVENT] [cadence.virtuoso.ade.gui] - HistoryFinished {"history": "Interactive.289", "point": 1, "testname": "OP", "event": "HistoryFinished", "EventSource": "ADE GUI", "HistoryName": "Interactive.289"}
[2026-09-01 07:56:24.298 Z] [WARN] [cadence.virtuoso.ade.gui] - The following global variable(s) are enabled, but are not used by any test in the active setup:
PD PD_PULSE 
It is recommended to delete or disable these variable(s) because they are not being considered by the simulation run. {"history": "Interactive.289", "point": 1, "testname": "OP", "detailed_message": "", "message_id": "ASSEMBLER-1704"}
[2026-09-01 07:56:24.469 Z] [EVENT] [cadence.virtuoso.ade.gui] - NewHistoryCreated {"history": "Interactive.290", "point": 1, "testname": "OP", "event": "NewHistoryCreated", "EventSource": "ADE GUI", "HistoryName": "Interactive.290", "WorkDir": "/home/saul/projects/LF_BG", "HistorySimDir": "/home/saul/simulation/REF_GEN/REF_GEN_f_TB/maestro/results/maestro/Interactive.290", "HistoryResultsDir": "/home/saul/projects/LF_BG/REF_GEN/REF_GEN_f_TB/maestro/results/maestro"}
[2026-09-01 07:56:24.469 Z] [PROCESS] [cadence.virtuoso.ade.gui] - History Setup {"hostname": "edatools", "processid": 83587, "history": "Interactive.290", "testname": "OP", "point": 1, "logfile": "/home/saul/projects/LF_BG/logs_saul/logs5/virtuoso_ade_debug.log", "jobmode": "LSCS", "runmode": "Single Run, Sweeps and Corners", "lib": "REF_GEN", "cell": "REF_GEN_f_TB", "view": "maestro", "icversion": "sub-version  IC6.1.8-64b.500.36 ", "runstart": "Tue Sep  1 07:56:24 2026\n", "timezonelocal": "+000", "spectreversion": "unknown", "jobpolicyname": "ADE XL Default", "maxjobs": "unknown", "ncjobpolicyname": "", "ncmaxjobs": "unknown", "numtests": "1", "runfinished": "unknown", "runelapsed": "-1", "numcorners": "1"}
[2026-09-01 07:56:25.651 Z] [INFO] [cadence.virtuoso.ade.gui] - Simulation will use spectre batch mode because the GCC version used by Spectre and Virtuoso are not compatible. {"history": "Interactive.290", "point": 1, "testname": "OP", "detailed_message": "", "message_id": "ASSEMBLER-5024"}
[2026-09-01 07:56:25.688 Z] [EVENT] [cadence.virtuoso.ade.pointevaluator] - NewPoint {"history": "Interactive.290", "point": 1, "testname": "OP", "event": "NewPoint", "EventSource": "ADE GUI", "HistoryName": "Interactive.290", "logFile": "/home/saul/projects/LF_BG/logs_saul/logs5/virtuoso_ade_debug.log", "logFileSize": "283920"}
[2026-09-01 07:56:25.689 Z] [INFO] [cadence.virtuoso.ade.pointevaluator] - Started netlisting {"history": "Interactive.290", "point": 1, "testname": "OP"}
[2026-09-01 07:56:26.816 Z] [INFO] [cadence.virtuoso.ade.pointevaluator] - Finished netlisting {"history": "Interactive.290", "point": 1, "testname": "OP"}
[2026-09-01 07:56:26.816 Z] [INFO] [cadence.virtuoso.ade.pointevaluator] - Submitted {"history": "Interactive.290", "point": 1, "testname": "OP"}
[2026-09-01 07:56:29.460 Z] [PROCESS] [cadence.virtuoso.ade.gui] - ln: failed to create symbolic link '/home/saul/simulation/REF_GEN/REF_GEN_f_TB/maestro/results/maestro/Interactive.290/1/OP/netlist/exprOutputs.log': File exists
 {"logfile": "/home/saul/projects/LF_BG/logs_saul/logs5/Job19.log"}
[2026-09-01 07:56:29.463 Z] [PROCESS] [cadence.virtuoso.ade.gui] - ln: failed to create symbolic link '/home/saul/simulation/REF_GEN/REF_GEN_f_TB/maestro/results/maestro/Interactive.290/1/OP/netlist/amps_evaluator.log': File exists
 {"logfile": "/home/saul/projects/LF_BG/logs_saul/logs5/Job19.log"}
[2026-09-01 07:56:31.064 Z] [INFO] [cadence.virtuoso.ade.gui] - Point completed {"history": "Interactive.290", "point": 1, "testname": "OP"}
[2026-09-01 07:56:31.127 Z] [EVENT] [cadence.virtuoso.ade.gui] - HistoryFinished {"history": "Interactive.290", "point": 1, "testname": "OP", "event": "HistoryFinished", "EventSource": "ADE GUI", "HistoryName": "Interactive.290"}
[2026-09-01 07:57:30.434 Z] [WARN] [cadence.virtuoso.ade.gui] - The following global variable(s) are enabled, but are not used by any test in the active setup:
PD PD_PULSE 
It is recommended to delete or disable these variable(s) because they are not being considered by the simulation run. {"history": "Interactive.290", "point": 1, "testname": "OP", "detailed_message": "", "message_id": "ASSEMBLER-1704"}
[2026-09-01 07:57:30.610 Z] [EVENT] [cadence.virtuoso.ade.gui] - NewHistoryCreated {"history": "Interactive.291", "point": 1, "testname": "OP", "event": "NewHistoryCreated", "EventSource": "ADE GUI", "HistoryName": "Interactive.291", "WorkDir": "/home/saul/projects/LF_BG", "HistorySimDir": "/home/saul/simulation/REF_GEN/REF_GEN_f_TB/maestro/results/maestro/Interactive.291", "HistoryResultsDir": "/home/saul/projects/LF_BG/REF_GEN/REF_GEN_f_TB/maestro/results/maestro"}
[2026-09-01 07:57:30.611 Z] [PROCESS] [cadence.virtuoso.ade.gui] - History Setup {"hostname": "edatools", "processid": 83587, "history": "Interactive.291", "testname": "OP", "point": 1, "logfile": "/home/saul/projects/LF_BG/logs_saul/logs5/virtuoso_ade_debug.log", "jobmode": "LSCS", "runmode": "Single Run, Sweeps and Corners", "lib": "REF_GEN", "cell": "REF_GEN_f_TB", "view": "maestro", "icversion": "sub-version  IC6.1.8-64b.500.36 ", "runstart": "Tue Sep  1 07:57:30 2026\n", "timezonelocal": "+000", "spectreversion": "unknown", "jobpolicyname": "ADE XL Default", "maxjobs": "unknown", "ncjobpolicyname": "", "ncmaxjobs": "unknown", "numtests": "1", "runfinished": "unknown", "runelapsed": "-1", "numcorners": "1"}
[2026-09-01 07:57:31.975 Z] [INFO] [cadence.virtuoso.ade.gui] - Simulation will use spectre batch mode because the GCC version used by Spectre and Virtuoso are not compatible. {"history": "Interactive.291", "point": 1, "testname": "OP", "detailed_message": "", "message_id": "ASSEMBLER-5024"}
[2026-09-01 07:57:32.008 Z] [EVENT] [cadence.virtuoso.ade.pointevaluator] - NewPoint {"history": "Interactive.291", "point": 1, "testname": "OP", "event": "NewPoint", "EventSource": "ADE GUI", "HistoryName": "Interactive.291", "logFile": "/home/saul/projects/LF_BG/logs_saul/logs5/virtuoso_ade_debug.log", "logFileSize": "287570"}
[2026-09-01 07:57:32.009 Z] [INFO] [cadence.virtuoso.ade.pointevaluator] - Started netlisting {"history": "Interactive.291", "point": 1, "testname": "OP"}
[2026-09-01 07:57:33.089 Z] [INFO] [cadence.virtuoso.ade.pointevaluator] - Finished netlisting {"history": "Interactive.291", "point": 1, "testname": "OP"}
[2026-09-01 07:57:33.089 Z] [INFO] [cadence.virtuoso.ade.pointevaluator] - Submitted {"history": "Interactive.291", "point": 1, "testname": "OP"}
[2026-09-01 07:57:37.754 Z] [PROCESS] [cadence.virtuoso.ade.gui] - ln: failed to create symbolic link '/home/saul/simulation/REF_GEN/REF_GEN_f_TB/maestro/results/maestro/Interactive.291/1/OP/netlist/exprOutputs.log': File exists
 {"logfile": "/home/saul/projects/LF_BG/logs_saul/logs5/Job19.log"}
[2026-09-01 07:57:37.757 Z] [PROCESS] [cadence.virtuoso.ade.gui] - ln: failed to create symbolic link '/home/saul/simulation/REF_GEN/REF_GEN_f_TB/maestro/results/maestro/Interactive.291/1/OP/netlist/amps_evaluator.log': File exists
 {"logfile": "/home/saul/projects/LF_BG/logs_saul/logs5/Job19.log"}
[2026-09-01 07:57:39.063 Z] [INFO] [cadence.virtuoso.ade.gui] - Point completed {"history": "Interactive.291", "point": 1, "testname": "OP"}
[2026-09-01 07:57:39.097 Z] [EVENT] [cadence.virtuoso.ade.gui] - HistoryFinished {"history": "Interactive.291", "point": 1, "testname": "OP", "event": "HistoryFinished", "EventSource": "ADE GUI", "HistoryName": "Interactive.291"}
[2026-09-01 07:58:24.238 Z] [WARN] [cadence.virtuoso.ade.gui] - The following global variable(s) are enabled, but are not used by any test in the active setup:
PD PD_PULSE 
It is recommended to delete or disable these variable(s) because they are not being considered by the simulation run. {"history": "Interactive.291", "point": 1, "testname": "OP", "detailed_message": "", "message_id": "ASSEMBLER-1704"}
[2026-09-01 07:58:24.686 Z] [EVENT] [cadence.virtuoso.ade.gui] - NewHistoryCreated {"history": "Interactive.292", "point": 1, "testname": "OP", "event": "NewHistoryCreated", "EventSource": "ADE GUI", "HistoryName": "Interactive.292", "WorkDir": "/home/saul/projects/LF_BG", "HistorySimDir": "/home/saul/simulation/REF_GEN/REF_GEN_f_TB/maestro/results/maestro/Interactive.292", "HistoryResultsDir": "/home/saul/projects/LF_BG/REF_GEN/REF_GEN_f_TB/maestro/results/maestro"}
[2026-09-01 07:58:24.686 Z] [PROCESS] [cadence.virtuoso.ade.gui] - History Setup {"hostname": "edatools", "processid": 83587, "history": "Interactive.292", "testname": "OP", "point": 1, "logfile": "/home/saul/projects/LF_BG/logs_saul/logs5/virtuoso_ade_debug.log", "jobmode": "LSCS", "runmode": "Single Run, Sweeps and Corners", "lib": "REF_GEN", "cell": "REF_GEN_f_TB", "view": "maestro", "icversion": "sub-version  IC6.1.8-64b.500.36 ", "runstart": "Tue Sep  1 07:58:24 2026\n", "timezonelocal": "+000", "spectreversion": "unknown", "jobpolicyname": "ADE XL Default", "maxjobs": "unknown", "ncjobpolicyname": "", "ncmaxjobs": "unknown", "numtests": "1", "runfinished": "unknown", "runelapsed": "-1", "numcorners": "1"}
[2026-09-01 07:58:25.881 Z] [INFO] [cadence.virtuoso.ade.gui] - Simulation will use spectre batch mode because the GCC version used by Spectre and Virtuoso are not compatible. {"history": "Interactive.292", "point": 1, "testname": "OP", "detailed_message": "", "message_id": "ASSEMBLER-5024"}
[2026-09-01 07:58:25.916 Z] [EVENT] [cadence.virtuoso.ade.pointevaluator] - NewPoint {"history": "Interactive.292", "point": 1, "testname": "OP", "event": "NewPoint", "EventSource": "ADE GUI", "HistoryName": "Interactive.292", "logFile": "/home/saul/projects/LF_BG/logs_saul/logs5/virtuoso_ade_debug.log", "logFileSize": "291220"}
[2026-09-01 07:58:25.917 Z] [INFO] [cadence.virtuoso.ade.pointevaluator] - Started netlisting {"history": "Interactive.292", "point": 1, "testname": "OP"}
[2026-09-01 07:58:26.283 Z] [INFO] [cadence.virtuoso.ade.pointevaluator] - Finished netlisting {"history": "Interactive.292", "point": 1, "testname": "OP"}
[2026-09-01 07:58:26.284 Z] [INFO] [cadence.virtuoso.ade.pointevaluator] - Submitted {"history": "Interactive.292", "point": 1, "testname": "OP"}
[2026-09-01 07:58:27.948 Z] [PROCESS] [cadence.virtuoso.ade.gui] - ln: failed to create symbolic link '/home/saul/simulation/REF_GEN/REF_GEN_f_TB/maestro/results/maestro/Interactive.292/1/OP/netlist/exprOutputs.log': File exists
 {"logfile": "/home/saul/projects/LF_BG/logs_saul/logs5/Job19.log"}
[2026-09-01 07:58:27.950 Z] [PROCESS] [cadence.virtuoso.ade.gui] - ln: failed to create symbolic link '/home/saul/simulation/REF_GEN/REF_GEN_f_TB/maestro/results/maestro/Interactive.292/1/OP/netlist/amps_evaluator.log': File exists
 {"logfile": "/home/saul/projects/LF_BG/logs_saul/logs5/Job19.log"}
[2026-09-01 07:58:30.074 Z] [INFO] [cadence.virtuoso.ade.gui] - Point completed {"history": "Interactive.292", "point": 1, "testname": "OP"}
[2026-09-01 07:58:30.110 Z] [EVENT] [cadence.virtuoso.ade.gui] - HistoryFinished {"history": "Interactive.292", "point": 1, "testname": "OP", "event": "HistoryFinished", "EventSource": "ADE GUI", "HistoryName": "Interactive.292"}
[2026-09-01 07:59:21.750 Z] [WARN] [cadence.virtuoso.ade.gui] - The following global variable(s) are enabled, but are not used by any test in the active setup:
PD PD_PULSE 
It is recommended to delete or disable these variable(s) because they are not being considered by the simulation run. {"history": "Interactive.292", "point": 1, "testname": "OP", "detailed_message": "", "message_id": "ASSEMBLER-1704"}
[2026-09-01 07:59:21.921 Z] [EVENT] [cadence.virtuoso.ade.gui] - NewHistoryCreated {"history": "Interactive.293", "point": 1, "testname": "OP", "event": "NewHistoryCreated", "EventSource": "ADE GUI", "HistoryName": "Interactive.293", "WorkDir": "/home/saul/projects/LF_BG", "HistorySimDir": "/home/saul/simulation/REF_GEN/REF_GEN_f_TB/maestro/results/maestro/Interactive.293", "HistoryResultsDir": "/home/saul/projects/LF_BG/REF_GEN/REF_GEN_f_TB/maestro/results/maestro"}
[2026-09-01 07:59:21.921 Z] [PROCESS] [cadence.virtuoso.ade.gui] - History Setup {"hostname": "edatools", "processid": 83587, "history": "Interactive.293", "testname": "OP", "point": 1, "logfile": "/home/saul/projects/LF_BG/logs_saul/logs5/virtuoso_ade_debug.log", "jobmode": "LSCS", "runmode": "Single Run, Sweeps and Corners", "lib": "REF_GEN", "cell": "REF_GEN_f_TB", "view": "maestro", "icversion": "sub-version  IC6.1.8-64b.500.36 ", "runstart": "Tue Sep  1 07:59:21 2026\n", "timezonelocal": "+000", "spectreversion": "unknown", "jobpolicyname": "ADE XL Default", "maxjobs": "unknown", "ncjobpolicyname": "", "ncmaxjobs": "unknown", "numtests": "1", "runfinished": "unknown", "runelapsed": "-1", "numcorners": "1"}
[2026-09-01 07:59:23.148 Z] [INFO] [cadence.virtuoso.ade.gui] - Simulation will use spectre batch mode because the GCC version used by Spectre and Virtuoso are not compatible. {"history": "Interactive.293", "point": 1, "testname": "OP", "detailed_message": "", "message_id": "ASSEMBLER-5024"}
[2026-09-01 07:59:23.186 Z] [EVENT] [cadence.virtuoso.ade.pointevaluator] - NewPoint {"history": "Interactive.293", "point": 1, "testname": "OP", "event": "NewPoint", "EventSource": "ADE GUI", "HistoryName": "Interactive.293", "logFile": "/home/saul/projects/LF_BG/logs_saul/logs5/virtuoso_ade_debug.log", "logFileSize": "294870"}
[2026-09-01 07:59:23.187 Z] [INFO] [cadence.virtuoso.ade.pointevaluator] - Started netlisting {"history": "Interactive.293", "point": 1, "testname": "OP"}
[2026-09-01 07:59:23.552 Z] [INFO] [cadence.virtuoso.ade.pointevaluator] - Finished netlisting {"history": "Interactive.293", "point": 1, "testname": "OP"}
[2026-09-01 07:59:23.553 Z] [INFO] [cadence.virtuoso.ade.pointevaluator] - Submitted {"history": "Interactive.293", "point": 1, "testname": "OP"}
[2026-09-01 07:59:25.223 Z] [PROCESS] [cadence.virtuoso.ade.gui] - ln: failed to create symbolic link '/home/saul/simulation/REF_GEN/REF_GEN_f_TB/maestro/results/maestro/Interactive.293/1/OP/netlist/exprOutputs.log': File exists
 {"logfile": "/home/saul/projects/LF_BG/logs_saul/logs5/Job19.log"}
[2026-09-01 07:59:25.223 Z] [PROCESS] [cadence.virtuoso.ade.gui] - ln: failed to create symbolic link '/home/saul/simulation/REF_GEN/REF_GEN_f_TB/maestro/results/maestro/Interactive.293/1/OP/netlist/amps_evaluator.log': File exists
 {"logfile": "/home/saul/projects/LF_BG/logs_saul/logs5/Job19.log"}
[2026-09-01 07:59:27.065 Z] [INFO] [cadence.virtuoso.ade.gui] - Point completed {"history": "Interactive.293", "point": 1, "testname": "OP"}
[2026-09-01 07:59:27.111 Z] [EVENT] [cadence.virtuoso.ade.gui] - HistoryFinished {"history": "Interactive.293", "point": 1, "testname": "OP", "event": "HistoryFinished", "EventSource": "ADE GUI", "HistoryName": "Interactive.293"}
[2026-09-01 08:00:09.580 Z] [WARN] [cadence.virtuoso.ade.gui] - The following global variable(s) are enabled, but are not used by any test in the active setup:
PD PD_PULSE 
It is recommended to delete or disable these variable(s) because they are not being considered by the simulation run. {"history": "Interactive.293", "point": 1, "testname": "OP", "detailed_message": "", "message_id": "ASSEMBLER-1704"}
[2026-09-01 08:00:09.749 Z] [EVENT] [cadence.virtuoso.ade.gui] - NewHistoryCreated {"history": "Interactive.294", "point": 1, "testname": "OP", "event": "NewHistoryCreated", "EventSource": "ADE GUI", "HistoryName": "Interactive.294", "WorkDir": "/home/saul/projects/LF_BG", "HistorySimDir": "/home/saul/simulation/REF_GEN/REF_GEN_f_TB/maestro/results/maestro/Interactive.294", "HistoryResultsDir": "/home/saul/projects/LF_BG/REF_GEN/REF_GEN_f_TB/maestro/results/maestro"}
[2026-09-01 08:00:09.749 Z] [PROCESS] [cadence.virtuoso.ade.gui] - History Setup {"hostname": "edatools", "processid": 83587, "history": "Interactive.294", "testname": "OP", "point": 1, "logfile": "/home/saul/projects/LF_BG/logs_saul/logs5/virtuoso_ade_debug.log", "jobmode": "LSCS", "runmode": "Single Run, Sweeps and Corners", "lib": "REF_GEN", "cell": "REF_GEN_f_TB", "view": "maestro", "icversion": "sub-version  IC6.1.8-64b.500.36 ", "runstart": "Tue Sep  1 08:00:09 2026\n", "timezonelocal": "+000", "spectreversion": "unknown", "jobpolicyname": "ADE XL Default", "maxjobs": "unknown", "ncjobpolicyname": "", "ncmaxjobs": "unknown", "numtests": "1", "runfinished": "unknown", "runelapsed": "-1", "numcorners": "1"}
[2026-09-01 08:00:10.951 Z] [INFO] [cadence.virtuoso.ade.gui] - Simulation will use spectre batch mode because the GCC version used by Spectre and Virtuoso are not compatible. {"history": "Interactive.294", "point": 1, "testname": "OP", "detailed_message": "", "message_id": "ASSEMBLER-5024"}
[2026-09-01 08:00:10.984 Z] [EVENT] [cadence.virtuoso.ade.pointevaluator] - NewPoint {"history": "Interactive.294", "point": 1, "testname": "OP", "event": "NewPoint", "EventSource": "ADE GUI", "HistoryName": "Interactive.294", "logFile": "/home/saul/projects/LF_BG/logs_saul/logs5/virtuoso_ade_debug.log", "logFileSize": "298520"}
[2026-09-01 08:00:10.984 Z] [INFO] [cadence.virtuoso.ade.pointevaluator] - Started netlisting {"history": "Interactive.294", "point": 1, "testname": "OP"}
[2026-09-01 08:00:11.353 Z] [INFO] [cadence.virtuoso.ade.pointevaluator] - Finished netlisting {"history": "Interactive.294", "point": 1, "testname": "OP"}
[2026-09-01 08:00:11.353 Z] [INFO] [cadence.virtuoso.ade.pointevaluator] - Submitted {"history": "Interactive.294", "point": 1, "testname": "OP"}
[2026-09-01 08:00:13.032 Z] [PROCESS] [cadence.virtuoso.ade.gui] - ln: failed to create symbolic link '/home/saul/simulation/REF_GEN/REF_GEN_f_TB/maestro/results/maestro/Interactive.294/1/OP/netlist/exprOutputs.log': File exists
 {"logfile": "/home/saul/projects/LF_BG/logs_saul/logs5/Job19.log"}
[2026-09-01 08:00:13.045 Z] [PROCESS] [cadence.virtuoso.ade.gui] - ln: failed to create symbolic link '/home/saul/simulation/REF_GEN/REF_GEN_f_TB/maestro/results/maestro/Interactive.294/1/OP/netlist/amps_evaluator.log': File exists
 {"logfile": "/home/saul/projects/LF_BG/logs_saul/logs5/Job19.log"}
[2026-09-01 08:00:15.070 Z] [INFO] [cadence.virtuoso.ade.gui] - Point completed {"history": "Interactive.294", "point": 1, "testname": "OP"}
[2026-09-01 08:00:15.108 Z] [EVENT] [cadence.virtuoso.ade.gui] - HistoryFinished {"history": "Interactive.294", "point": 1, "testname": "OP", "event": "HistoryFinished", "EventSource": "ADE GUI", "HistoryName": "Interactive.294"}
[2026-09-01 08:00:55.024 Z] [WARN] [cadence.virtuoso.ade.gui] - The following global variable(s) are enabled, but are not used by any test in the active setup:
PD PD_PULSE 
It is recommended to delete or disable these variable(s) because they are not being considered by the simulation run. {"history": "Interactive.294", "point": 1, "testname": "OP", "detailed_message": "", "message_id": "ASSEMBLER-1704"}
[2026-09-01 08:00:55.195 Z] [EVENT] [cadence.virtuoso.ade.gui] - NewHistoryCreated {"history": "Interactive.295", "point": 1, "testname": "OP", "event": "NewHistoryCreated", "EventSource": "ADE GUI", "HistoryName": "Interactive.295", "WorkDir": "/home/saul/projects/LF_BG", "HistorySimDir": "/home/saul/simulation/REF_GEN/REF_GEN_f_TB/maestro/results/maestro/Interactive.295", "HistoryResultsDir": "/home/saul/projects/LF_BG/REF_GEN/REF_GEN_f_TB/maestro/results/maestro"}
[2026-09-01 08:00:55.195 Z] [PROCESS] [cadence.virtuoso.ade.gui] - History Setup {"hostname": "edatools", "processid": 83587, "history": "Interactive.295", "testname": "OP", "point": 1, "logfile": "/home/saul/projects/LF_BG/logs_saul/logs5/virtuoso_ade_debug.log", "jobmode": "LSCS", "runmode": "Single Run, Sweeps and Corners", "lib": "REF_GEN", "cell": "REF_GEN_f_TB", "view": "maestro", "icversion": "sub-version  IC6.1.8-64b.500.36 ", "runstart": "Tue Sep  1 08:00:55 2026\n", "timezonelocal": "+000", "spectreversion": "unknown", "jobpolicyname": "ADE XL Default", "maxjobs": "unknown", "ncjobpolicyname": "", "ncmaxjobs": "unknown", "numtests": "1", "runfinished": "unknown", "runelapsed": "-1", "numcorners": "1"}
[2026-09-01 08:00:56.406 Z] [INFO] [cadence.virtuoso.ade.gui] - Simulation will use spectre batch mode because the GCC version used by Spectre and Virtuoso are not compatible. {"history": "Interactive.295", "point": 1, "testname": "OP", "detailed_message": "", "message_id": "ASSEMBLER-5024"}
[2026-09-01 08:00:56.441 Z] [EVENT] [cadence.virtuoso.ade.pointevaluator] - NewPoint {"history": "Interactive.295", "point": 1, "testname": "OP", "event": "NewPoint", "EventSource": "ADE GUI", "HistoryName": "Interactive.295", "logFile": "/home/saul/projects/LF_BG/logs_saul/logs5/virtuoso_ade_debug.log", "logFileSize": "302170"}
[2026-09-01 08:00:56.441 Z] [INFO] [cadence.virtuoso.ade.pointevaluator] - Started netlisting {"history": "Interactive.295", "point": 1, "testname": "OP"}
[2026-09-01 08:00:57.504 Z] [INFO] [cadence.virtuoso.ade.pointevaluator] - Finished netlisting {"history": "Interactive.295", "point": 1, "testname": "OP"}
[2026-09-01 08:00:57.504 Z] [INFO] [cadence.virtuoso.ade.pointevaluator] - Submitted {"history": "Interactive.295", "point": 1, "testname": "OP"}
[2026-09-01 08:01:00.695 Z] [PROCESS] [cadence.virtuoso.ade.gui] - ln: failed to create symbolic link '/home/saul/simulation/REF_GEN/REF_GEN_f_TB/maestro/results/maestro/Interactive.295/1/OP/netlist/exprOutputs.log': File exists
 {"logfile": "/home/saul/projects/LF_BG/logs_saul/logs5/Job19.log"}
[2026-09-01 08:01:00.698 Z] [PROCESS] [cadence.virtuoso.ade.gui] - ln: failed to create symbolic link '/home/saul/simulation/REF_GEN/REF_GEN_f_TB/maestro/results/maestro/Interactive.295/1/OP/netlist/amps_evaluator.log': File exists
 {"logfile": "/home/saul/projects/LF_BG/logs_saul/logs5/Job19.log"}
[2026-09-01 08:01:02.063 Z] [INFO] [cadence.virtuoso.ade.gui] - Point completed {"history": "Interactive.295", "point": 1, "testname": "OP"}
[2026-09-01 08:01:02.143 Z] [EVENT] [cadence.virtuoso.ade.gui] - HistoryFinished {"history": "Interactive.295", "point": 1, "testname": "OP", "event": "HistoryFinished", "EventSource": "ADE GUI", "HistoryName": "Interactive.295"}
[2026-09-01 08:01:13.716 Z] [WARN] [cadence.virtuoso.ade.gui] - The following global variable(s) are enabled, but are not used by any test in the active setup:
PD PD_PULSE 
It is recommended to delete or disable these variable(s) because they are not being considered by the simulation run. {"history": "Interactive.295", "point": 1, "testname": "OP", "detailed_message": "", "message_id": "ASSEMBLER-1704"}
[2026-09-01 08:01:14.163 Z] [EVENT] [cadence.virtuoso.ade.gui] - NewHistoryCreated {"history": "Interactive.296", "point": 1, "testname": "OP", "event": "NewHistoryCreated", "EventSource": "ADE GUI", "HistoryName": "Interactive.296", "WorkDir": "/home/saul/projects/LF_BG", "HistorySimDir": "/home/saul/simulation/REF_GEN/REF_GEN_f_TB/maestro/results/maestro/Interactive.296", "HistoryResultsDir": "/home/saul/projects/LF_BG/REF_GEN/REF_GEN_f_TB/maestro/results/maestro"}
[2026-09-01 08:01:14.163 Z] [PROCESS] [cadence.virtuoso.ade.gui] - History Setup {"hostname": "edatools", "processid": 83587, "history": "Interactive.296", "testname": "OP", "point": 1, "logfile": "/home/saul/projects/LF_BG/logs_saul/logs5/virtuoso_ade_debug.log", "jobmode": "LSCS", "runmode": "Single Run, Sweeps and Corners", "lib": "REF_GEN", "cell": "REF_GEN_f_TB", "view": "maestro", "icversion": "sub-version  IC6.1.8-64b.500.36 ", "runstart": "Tue Sep  1 08:01:14 2026\n", "timezonelocal": "+000", "spectreversion": "unknown", "jobpolicyname": "ADE XL Default", "maxjobs": "unknown", "ncjobpolicyname": "", "ncmaxjobs": "unknown", "numtests": "1", "runfinished": "unknown", "runelapsed": "-1", "numcorners": "1"}
[2026-09-01 08:01:15.345 Z] [INFO] [cadence.virtuoso.ade.gui] - Simulation will use spectre batch mode because the GCC version used by Spectre and Virtuoso are not compatible. {"history": "Interactive.296", "point": 1, "testname": "OP", "detailed_message": "", "message_id": "ASSEMBLER-5024"}
[2026-09-01 08:01:15.379 Z] [EVENT] [cadence.virtuoso.ade.pointevaluator] - NewPoint {"history": "Interactive.296", "point": 1, "testname": "OP", "event": "NewPoint", "EventSource": "ADE GUI", "HistoryName": "Interactive.296", "logFile": "/home/saul/projects/LF_BG/logs_saul/logs5/virtuoso_ade_debug.log", "logFileSize": "305820"}
[2026-09-01 08:01:15.379 Z] [INFO] [cadence.virtuoso.ade.pointevaluator] - Started netlisting {"history": "Interactive.296", "point": 1, "testname": "OP"}
[2026-09-01 08:01:15.746 Z] [INFO] [cadence.virtuoso.ade.pointevaluator] - Finished netlisting {"history": "Interactive.296", "point": 1, "testname": "OP"}
[2026-09-01 08:01:15.746 Z] [INFO] [cadence.virtuoso.ade.pointevaluator] - Submitted {"history": "Interactive.296", "point": 1, "testname": "OP"}
[2026-09-01 08:01:17.423 Z] [PROCESS] [cadence.virtuoso.ade.gui] - ln: failed to create symbolic link '/home/saul/simulation/REF_GEN/REF_GEN_f_TB/maestro/results/maestro/Interactive.296/1/OP/netlist/exprOutputs.log': File exists
 {"logfile": "/home/saul/projects/LF_BG/logs_saul/logs5/Job19.log"}
[2026-09-01 08:01:17.433 Z] [PROCESS] [cadence.virtuoso.ade.gui] - ln: failed to create symbolic link '/home/saul/simulation/REF_GEN/REF_GEN_f_TB/maestro/results/maestro/Interactive.296/1/OP/netlist/amps_evaluator.log': File exists
 {"logfile": "/home/saul/projects/LF_BG/logs_saul/logs5/Job19.log"}
[2026-09-01 08:01:20.068 Z] [INFO] [cadence.virtuoso.ade.gui] - Point completed {"history": "Interactive.296", "point": 1, "testname": "OP"}
[2026-09-01 08:01:20.137 Z] [EVENT] [cadence.virtuoso.ade.gui] - HistoryFinished {"history": "Interactive.296", "point": 1, "testname": "OP", "event": "HistoryFinished", "EventSource": "ADE GUI", "HistoryName": "Interactive.296"}
[2026-09-01 08:01:28.086 Z] [WARN] [cadence.virtuoso.ade.gui] - The following global variable(s) are enabled, but are not used by any test in the active setup:
PD PD_PULSE 
It is recommended to delete or disable these variable(s) because they are not being considered by the simulation run. {"history": "Interactive.296", "point": 1, "testname": "OP", "detailed_message": "", "message_id": "ASSEMBLER-1704"}
[2026-09-01 08:01:28.267 Z] [EVENT] [cadence.virtuoso.ade.gui] - NewHistoryCreated {"history": "Interactive.297", "point": 1, "testname": "OP", "event": "NewHistoryCreated", "EventSource": "ADE GUI", "HistoryName": "Interactive.297", "WorkDir": "/home/saul/projects/LF_BG", "HistorySimDir": "/home/saul/simulation/REF_GEN/REF_GEN_f_TB/maestro/results/maestro/Interactive.297", "HistoryResultsDir": "/home/saul/projects/LF_BG/REF_GEN/REF_GEN_f_TB/maestro/results/maestro"}
[2026-09-01 08:01:28.267 Z] [PROCESS] [cadence.virtuoso.ade.gui] - History Setup {"hostname": "edatools", "processid": 83587, "history": "Interactive.297", "testname": "OP", "point": 1, "logfile": "/home/saul/projects/LF_BG/logs_saul/logs5/virtuoso_ade_debug.log", "jobmode": "LSCS", "runmode": "Single Run, Sweeps and Corners", "lib": "REF_GEN", "cell": "REF_GEN_f_TB", "view": "maestro", "icversion": "sub-version  IC6.1.8-64b.500.36 ", "runstart": "Tue Sep  1 08:01:28 2026\n", "timezonelocal": "+000", "spectreversion": "unknown", "jobpolicyname": "ADE XL Default", "maxjobs": "unknown", "ncjobpolicyname": "", "ncmaxjobs": "unknown", "numtests": "1", "runfinished": "unknown", "runelapsed": "-1", "numcorners": "1"}
[2026-09-01 08:01:29.479 Z] [INFO] [cadence.virtuoso.ade.gui] - Simulation will use spectre batch mode because the GCC version used by Spectre and Virtuoso are not compatible. {"history": "Interactive.297", "point": 1, "testname": "OP", "detailed_message": "", "message_id": "ASSEMBLER-5024"}
[2026-09-01 08:01:29.513 Z] [EVENT] [cadence.virtuoso.ade.pointevaluator] - NewPoint {"history": "Interactive.297", "point": 1, "testname": "OP", "event": "NewPoint", "EventSource": "ADE GUI", "HistoryName": "Interactive.297", "logFile": "/home/saul/projects/LF_BG/logs_saul/logs5/virtuoso_ade_debug.log", "logFileSize": "309470"}
[2026-09-01 08:01:29.514 Z] [INFO] [cadence.virtuoso.ade.pointevaluator] - Started netlisting {"history": "Interactive.297", "point": 1, "testname": "OP"}
[2026-09-01 08:01:29.824 Z] [INFO] [cadence.virtuoso.ade.pointevaluator] - Finished netlisting {"history": "Interactive.297", "point": 1, "testname": "OP"}
[2026-09-01 08:01:29.824 Z] [INFO] [cadence.virtuoso.ade.pointevaluator] - Submitted {"history": "Interactive.297", "point": 1, "testname": "OP"}
[2026-09-01 08:01:31.502 Z] [PROCESS] [cadence.virtuoso.ade.gui] - ln: failed to create symbolic link '/home/saul/simulation/REF_GEN/REF_GEN_f_TB/maestro/results/maestro/Interactive.297/1/OP/netlist/exprOutputs.log': File exists
 {"logfile": "/home/saul/projects/LF_BG/logs_saul/logs5/Job19.log"}
[2026-09-01 08:01:31.505 Z] [PROCESS] [cadence.virtuoso.ade.gui] - ln: failed to create symbolic link '/home/saul/simulation/REF_GEN/REF_GEN_f_TB/maestro/results/maestro/Interactive.297/1/OP/netlist/amps_evaluator.log': File exists
 {"logfile": "/home/saul/projects/LF_BG/logs_saul/logs5/Job19.log"}
[2026-09-01 08:01:34.062 Z] [INFO] [cadence.virtuoso.ade.gui] - Point completed {"history": "Interactive.297", "point": 1, "testname": "OP"}
[2026-09-01 08:01:34.102 Z] [EVENT] [cadence.virtuoso.ade.gui] - HistoryFinished {"history": "Interactive.297", "point": 1, "testname": "OP", "event": "HistoryFinished", "EventSource": "ADE GUI", "HistoryName": "Interactive.297"}
[2026-09-01 08:02:42.438 Z] [WARN] [cadence.virtuoso.ade.gui] - The following global variable(s) are enabled, but are not used by any test in the active setup:
PD PD_PULSE 
It is recommended to delete or disable these variable(s) because they are not being considered by the simulation run. {"history": "Interactive.297", "point": 1, "testname": "OP", "detailed_message": "", "message_id": "ASSEMBLER-1704"}
[2026-09-01 08:02:42.620 Z] [EVENT] [cadence.virtuoso.ade.gui] - NewHistoryCreated {"history": "Interactive.298", "point": 1, "testname": "OP", "event": "NewHistoryCreated", "EventSource": "ADE GUI", "HistoryName": "Interactive.298", "WorkDir": "/home/saul/projects/LF_BG", "HistorySimDir": "/home/saul/simulation/REF_GEN/REF_GEN_f_TB/maestro/results/maestro/Interactive.298", "HistoryResultsDir": "/home/saul/projects/LF_BG/REF_GEN/REF_GEN_f_TB/maestro/results/maestro"}
[2026-09-01 08:02:42.620 Z] [PROCESS] [cadence.virtuoso.ade.gui] - History Setup {"hostname": "edatools", "processid": 83587, "history": "Interactive.298", "testname": "OP", "point": 1, "logfile": "/home/saul/projects/LF_BG/logs_saul/logs5/virtuoso_ade_debug.log", "jobmode": "LSCS", "runmode": "Single Run, Sweeps and Corners", "lib": "REF_GEN", "cell": "REF_GEN_f_TB", "view": "maestro", "icversion": "sub-version  IC6.1.8-64b.500.36 ", "runstart": "Tue Sep  1 08:02:42 2026\n", "timezonelocal": "+000", "spectreversion": "unknown", "jobpolicyname": "ADE XL Default", "maxjobs": "unknown", "ncjobpolicyname": "", "ncmaxjobs": "unknown", "numtests": "1", "runfinished": "unknown", "runelapsed": "-1", "numcorners": "1"}
[2026-09-01 08:02:43.838 Z] [INFO] [cadence.virtuoso.ade.gui] - Simulation will use spectre batch mode because the GCC version used by Spectre and Virtuoso are not compatible. {"history": "Interactive.298", "point": 1, "testname": "OP", "detailed_message": "", "message_id": "ASSEMBLER-5024"}
[2026-09-01 08:02:43.871 Z] [EVENT] [cadence.virtuoso.ade.pointevaluator] - NewPoint {"history": "Interactive.298", "point": 1, "testname": "OP", "event": "NewPoint", "EventSource": "ADE GUI", "HistoryName": "Interactive.298", "logFile": "/home/saul/projects/LF_BG/logs_saul/logs5/virtuoso_ade_debug.log", "logFileSize": "313120"}
[2026-09-01 08:02:43.872 Z] [INFO] [cadence.virtuoso.ade.pointevaluator] - Started netlisting {"history": "Interactive.298", "point": 1, "testname": "OP"}
[2026-09-01 08:02:44.989 Z] [INFO] [cadence.virtuoso.ade.pointevaluator] - Finished netlisting {"history": "Interactive.298", "point": 1, "testname": "OP"}
[2026-09-01 08:02:44.989 Z] [INFO] [cadence.virtuoso.ade.pointevaluator] - Submitted {"history": "Interactive.298", "point": 1, "testname": "OP"}
[2026-09-01 08:02:47.649 Z] [PROCESS] [cadence.virtuoso.ade.gui] - ln: failed to create symbolic link '/home/saul/simulation/REF_GEN/REF_GEN_f_TB/maestro/results/maestro/Interactive.298/1/OP/netlist/exprOutputs.log': File exists
 {"logfile": "/home/saul/projects/LF_BG/logs_saul/logs5/Job19.log"}
[2026-09-01 08:02:47.652 Z] [PROCESS] [cadence.virtuoso.ade.gui] - ln: failed to create symbolic link '/home/saul/simulation/REF_GEN/REF_GEN_f_TB/maestro/results/maestro/Interactive.298/1/OP/netlist/amps_evaluator.log': File exists
 {"logfile": "/home/saul/projects/LF_BG/logs_saul/logs5/Job19.log"}
[2026-09-01 08:02:49.065 Z] [INFO] [cadence.virtuoso.ade.gui] - Point completed {"history": "Interactive.298", "point": 1, "testname": "OP"}
[2026-09-01 08:02:49.120 Z] [EVENT] [cadence.virtuoso.ade.gui] - HistoryFinished {"history": "Interactive.298", "point": 1, "testname": "OP", "event": "HistoryFinished", "EventSource": "ADE GUI", "HistoryName": "Interactive.298"}
[2026-09-01 08:03:04.083 Z] [WARN] [cadence.virtuoso.ade.gui] - The following global variable(s) are enabled, but are not used by any test in the active setup:
PD PD_PULSE 
It is recommended to delete or disable these variable(s) because they are not being considered by the simulation run. {"history": "Interactive.298", "point": 1, "testname": "OP", "detailed_message": "", "message_id": "ASSEMBLER-1704"}
[2026-09-01 08:03:04.254 Z] [EVENT] [cadence.virtuoso.ade.gui] - NewHistoryCreated {"history": "Interactive.299", "point": 1, "testname": "OP", "event": "NewHistoryCreated", "EventSource": "ADE GUI", "HistoryName": "Interactive.299", "WorkDir": "/home/saul/projects/LF_BG", "HistorySimDir": "/home/saul/simulation/REF_GEN/REF_GEN_f_TB/maestro/results/maestro/Interactive.299", "HistoryResultsDir": "/home/saul/projects/LF_BG/REF_GEN/REF_GEN_f_TB/maestro/results/maestro"}
[2026-09-01 08:03:04.254 Z] [PROCESS] [cadence.virtuoso.ade.gui] - History Setup {"hostname": "edatools", "processid": 83587, "history": "Interactive.299", "testname": "OP", "point": 1, "logfile": "/home/saul/projects/LF_BG/logs_saul/logs5/virtuoso_ade_debug.log", "jobmode": "LSCS", "runmode": "Single Run, Sweeps and Corners", "lib": "REF_GEN", "cell": "REF_GEN_f_TB", "view": "maestro", "icversion": "sub-version  IC6.1.8-64b.500.36 ", "runstart": "Tue Sep  1 08:03:04 2026\n", "timezonelocal": "+000", "spectreversion": "unknown", "jobpolicyname": "ADE XL Default", "maxjobs": "unknown", "ncjobpolicyname": "", "ncmaxjobs": "unknown", "numtests": "1", "runfinished": "unknown", "runelapsed": "-1", "numcorners": "1"}
[2026-09-01 08:03:05.608 Z] [INFO] [cadence.virtuoso.ade.gui] - Simulation will use spectre batch mode because the GCC version used by Spectre and Virtuoso are not compatible. {"history": "Interactive.299", "point": 1, "testname": "OP", "detailed_message": "", "message_id": "ASSEMBLER-5024"}
[2026-09-01 08:03:05.642 Z] [EVENT] [cadence.virtuoso.ade.pointevaluator] - NewPoint {"history": "Interactive.299", "point": 1, "testname": "OP", "event": "NewPoint", "EventSource": "ADE GUI", "HistoryName": "Interactive.299", "logFile": "/home/saul/projects/LF_BG/logs_saul/logs5/virtuoso_ade_debug.log", "logFileSize": "316770"}
[2026-09-01 08:03:05.642 Z] [INFO] [cadence.virtuoso.ade.pointevaluator] - Started netlisting {"history": "Interactive.299", "point": 1, "testname": "OP"}
[2026-09-01 08:03:06.095 Z] [INFO] [cadence.virtuoso.ade.pointevaluator] - Finished netlisting {"history": "Interactive.299", "point": 1, "testname": "OP"}
[2026-09-01 08:03:06.095 Z] [INFO] [cadence.virtuoso.ade.pointevaluator] - Submitted {"history": "Interactive.299", "point": 1, "testname": "OP"}
[2026-09-01 08:03:07.759 Z] [PROCESS] [cadence.virtuoso.ade.gui] - ln: failed to create symbolic link '/home/saul/simulation/REF_GEN/REF_GEN_f_TB/maestro/results/maestro/Interactive.299/1/OP/netlist/exprOutputs.log': File exists
 {"logfile": "/home/saul/projects/LF_BG/logs_saul/logs5/Job19.log"}
[2026-09-01 08:03:07.759 Z] [PROCESS] [cadence.virtuoso.ade.gui] - ln: failed to create symbolic link '/home/saul/simulation/REF_GEN/REF_GEN_f_TB/maestro/results/maestro/Interactive.299/1/OP/netlist/amps_evaluator.log': File exists
 {"logfile": "/home/saul/projects/LF_BG/logs_saul/logs5/Job19.log"}
[2026-09-01 08:03:10.063 Z] [INFO] [cadence.virtuoso.ade.gui] - Point completed {"history": "Interactive.299", "point": 1, "testname": "OP"}
[2026-09-01 08:03:10.133 Z] [EVENT] [cadence.virtuoso.ade.gui] - HistoryFinished {"history": "Interactive.299", "point": 1, "testname": "OP", "event": "HistoryFinished", "EventSource": "ADE GUI", "HistoryName": "Interactive.299"}
[2026-09-01 08:04:05.996 Z] [WARN] [cadence.virtuoso.ade.gui] - The following global variable(s) are enabled, but are not used by any test in the active setup:
PD PD_PULSE 
It is recommended to delete or disable these variable(s) because they are not being considered by the simulation run. {"history": "Interactive.299", "point": 1, "testname": "OP", "detailed_message": "", "message_id": "ASSEMBLER-1704"}
[2026-09-01 08:04:06.166 Z] [EVENT] [cadence.virtuoso.ade.gui] - NewHistoryCreated {"history": "Interactive.300", "point": 1, "testname": "OP", "event": "NewHistoryCreated", "EventSource": "ADE GUI", "HistoryName": "Interactive.300", "WorkDir": "/home/saul/projects/LF_BG", "HistorySimDir": "/home/saul/simulation/REF_GEN/REF_GEN_f_TB/maestro/results/maestro/Interactive.300", "HistoryResultsDir": "/home/saul/projects/LF_BG/REF_GEN/REF_GEN_f_TB/maestro/results/maestro"}
[2026-09-01 08:04:06.166 Z] [PROCESS] [cadence.virtuoso.ade.gui] - History Setup {"hostname": "edatools", "processid": 83587, "history": "Interactive.300", "testname": "OP", "point": 1, "logfile": "/home/saul/projects/LF_BG/logs_saul/logs5/virtuoso_ade_debug.log", "jobmode": "LSCS", "runmode": "Single Run, Sweeps and Corners", "lib": "REF_GEN", "cell": "REF_GEN_f_TB", "view": "maestro", "icversion": "sub-version  IC6.1.8-64b.500.36 ", "runstart": "Tue Sep  1 08:04:06 2026\n", "timezonelocal": "+000", "spectreversion": "unknown", "jobpolicyname": "ADE XL Default", "maxjobs": "unknown", "ncjobpolicyname": "", "ncmaxjobs": "unknown", "numtests": "1", "runfinished": "unknown", "runelapsed": "-1", "numcorners": "1"}
[2026-09-01 08:04:07.358 Z] [INFO] [cadence.virtuoso.ade.gui] - Simulation will use spectre batch mode because the GCC version used by Spectre and Virtuoso are not compatible. {"history": "Interactive.300", "point": 1, "testname": "OP", "detailed_message": "", "message_id": "ASSEMBLER-5024"}
[2026-09-01 08:04:07.398 Z] [EVENT] [cadence.virtuoso.ade.pointevaluator] - NewPoint {"history": "Interactive.300", "point": 1, "testname": "OP", "event": "NewPoint", "EventSource": "ADE GUI", "HistoryName": "Interactive.300", "logFile": "/home/saul/projects/LF_BG/logs_saul/logs5/virtuoso_ade_debug.log", "logFileSize": "320420"}
[2026-09-01 08:04:07.398 Z] [INFO] [cadence.virtuoso.ade.pointevaluator] - Started netlisting {"history": "Interactive.300", "point": 1, "testname": "OP"}
[2026-09-01 08:04:08.488 Z] [INFO] [cadence.virtuoso.ade.pointevaluator] - Finished netlisting {"history": "Interactive.300", "point": 1, "testname": "OP"}
[2026-09-01 08:04:08.488 Z] [INFO] [cadence.virtuoso.ade.pointevaluator] - Submitted {"history": "Interactive.300", "point": 1, "testname": "OP"}
[2026-09-01 08:04:11.662 Z] [PROCESS] [cadence.virtuoso.ade.gui] - ln: failed to create symbolic link '/home/saul/simulation/REF_GEN/REF_GEN_f_TB/maestro/results/maestro/Interactive.300/1/OP/netlist/exprOutputs.log': File exists
 {"logfile": "/home/saul/projects/LF_BG/logs_saul/logs5/Job19.log"}
[2026-09-01 08:04:11.664 Z] [PROCESS] [cadence.virtuoso.ade.gui] - ln: failed to create symbolic link '/home/saul/simulation/REF_GEN/REF_GEN_f_TB/maestro/results/maestro/Interactive.300/1/OP/netlist/amps_evaluator.log': File exists
 {"logfile": "/home/saul/projects/LF_BG/logs_saul/logs5/Job19.log"}
[2026-09-01 08:04:13.063 Z] [INFO] [cadence.virtuoso.ade.gui] - Point completed {"history": "Interactive.300", "point": 1, "testname": "OP"}
[2026-09-01 08:04:13.121 Z] [EVENT] [cadence.virtuoso.ade.gui] - HistoryFinished {"history": "Interactive.300", "point": 1, "testname": "OP", "event": "HistoryFinished", "EventSource": "ADE GUI", "HistoryName": "Interactive.300"}
[2026-09-01 08:04:22.333 Z] [WARN] [cadence.virtuoso.ade.gui] - The following global variable(s) are enabled, but are not used by any test in the active setup:
PD PD_PULSE 
It is recommended to delete or disable these variable(s) because they are not being considered by the simulation run. {"history": "Interactive.300", "point": 1, "testname": "OP", "detailed_message": "", "message_id": "ASSEMBLER-1704"}
[2026-09-01 08:04:22.505 Z] [EVENT] [cadence.virtuoso.ade.gui] - NewHistoryCreated {"history": "Interactive.301", "point": 1, "testname": "OP", "event": "NewHistoryCreated", "EventSource": "ADE GUI", "HistoryName": "Interactive.301", "WorkDir": "/home/saul/projects/LF_BG", "HistorySimDir": "/home/saul/simulation/REF_GEN/REF_GEN_f_TB/maestro/results/maestro/Interactive.301", "HistoryResultsDir": "/home/saul/projects/LF_BG/REF_GEN/REF_GEN_f_TB/maestro/results/maestro"}
[2026-09-01 08:04:22.505 Z] [PROCESS] [cadence.virtuoso.ade.gui] - History Setup {"hostname": "edatools", "processid": 83587, "history": "Interactive.301", "testname": "OP", "point": 1, "logfile": "/home/saul/projects/LF_BG/logs_saul/logs5/virtuoso_ade_debug.log", "jobmode": "LSCS", "runmode": "Single Run, Sweeps and Corners", "lib": "REF_GEN", "cell": "REF_GEN_f_TB", "view": "maestro", "icversion": "sub-version  IC6.1.8-64b.500.36 ", "runstart": "Tue Sep  1 08:04:22 2026\n", "timezonelocal": "+000", "spectreversion": "unknown", "jobpolicyname": "ADE XL Default", "maxjobs": "unknown", "ncjobpolicyname": "", "ncmaxjobs": "unknown", "numtests": "1", "runfinished": "unknown", "runelapsed": "-1", "numcorners": "1"}
[2026-09-01 08:04:23.852 Z] [INFO] [cadence.virtuoso.ade.gui] - Simulation will use spectre batch mode because the GCC version used by Spectre and Virtuoso are not compatible. {"history": "Interactive.301", "point": 1, "testname": "OP", "detailed_message": "", "message_id": "ASSEMBLER-5024"}
[2026-09-01 08:04:23.885 Z] [EVENT] [cadence.virtuoso.ade.pointevaluator] - NewPoint {"history": "Interactive.301", "point": 1, "testname": "OP", "event": "NewPoint", "EventSource": "ADE GUI", "HistoryName": "Interactive.301", "logFile": "/home/saul/projects/LF_BG/logs_saul/logs5/virtuoso_ade_debug.log", "logFileSize": "324070"}
[2026-09-01 08:04:23.885 Z] [INFO] [cadence.virtuoso.ade.pointevaluator] - Started netlisting {"history": "Interactive.301", "point": 1, "testname": "OP"}
[2026-09-01 08:04:24.190 Z] [INFO] [cadence.virtuoso.ade.pointevaluator] - Finished netlisting {"history": "Interactive.301", "point": 1, "testname": "OP"}
[2026-09-01 08:04:24.190 Z] [INFO] [cadence.virtuoso.ade.pointevaluator] - Submitted {"history": "Interactive.301", "point": 1, "testname": "OP"}
[2026-09-01 08:04:27.350 Z] [PROCESS] [cadence.virtuoso.ade.gui] - ln: failed to create symbolic link '/home/saul/simulation/REF_GEN/REF_GEN_f_TB/maestro/results/maestro/Interactive.301/1/OP/netlist/exprOutputs.log': File exists
 {"logfile": "/home/saul/projects/LF_BG/logs_saul/logs5/Job19.log"}
[2026-09-01 08:04:27.353 Z] [PROCESS] [cadence.virtuoso.ade.gui] - ln: failed to create symbolic link '/home/saul/simulation/REF_GEN/REF_GEN_f_TB/maestro/results/maestro/Interactive.301/1/OP/netlist/amps_evaluator.log': File exists
 {"logfile": "/home/saul/projects/LF_BG/logs_saul/logs5/Job19.log"}
[2026-09-01 08:04:28.060 Z] [INFO] [cadence.virtuoso.ade.gui] - Point completed {"history": "Interactive.301", "point": 1, "testname": "OP"}
[2026-09-01 08:04:28.104 Z] [EVENT] [cadence.virtuoso.ade.gui] - HistoryFinished {"history": "Interactive.301", "point": 1, "testname": "OP", "event": "HistoryFinished", "EventSource": "ADE GUI", "HistoryName": "Interactive.301"}
[2026-09-01 08:19:34.921 Z] [PROCESS] [cadence.virtuoso.ade.gui] - Logging Service '141393' stopped with exit code '0' {"logfile": "/home/saul/projects/LF_BG/logs_saul/logs5/LoggingService18.log"}
[2026-09-01 09:15:34.341 Z] [WARN] [cadence.virtuoso.ade.gui] - The following global variable(s) are enabled, but are not used by any test in the active setup:
PD PD_PULSE 
It is recommended to delete or disable these variable(s) because they are not being considered by the simulation run. {"history": "Interactive.301", "point": 1, "testname": "OP", "detailed_message": "", "message_id": "ASSEMBLER-1704"}
[2026-09-01 09:15:34.512 Z] [EVENT] [cadence.virtuoso.ade.gui] - NewHistoryCreated {"history": "Interactive.302", "point": 1, "testname": "OP", "event": "NewHistoryCreated", "EventSource": "ADE GUI", "HistoryName": "Interactive.302", "WorkDir": "/home/saul/projects/LF_BG", "HistorySimDir": "/home/saul/simulation/REF_GEN/REF_GEN_f_TB/maestro/results/maestro/Interactive.302", "HistoryResultsDir": "/home/saul/projects/LF_BG/REF_GEN/REF_GEN_f_TB/maestro/results/maestro"}
[2026-09-01 09:15:34.512 Z] [PROCESS] [cadence.virtuoso.ade.gui] - History Setup {"hostname": "edatools", "processid": 83587, "history": "Interactive.302", "testname": "OP", "point": 1, "logfile": "/home/saul/projects/LF_BG/logs_saul/logs5/virtuoso_ade_debug.log", "jobmode": "LSCS", "runmode": "Single Run, Sweeps and Corners", "lib": "REF_GEN", "cell": "REF_GEN_f_TB", "view": "maestro", "icversion": "sub-version  IC6.1.8-64b.500.36 ", "runstart": "Tue Sep  1 09:15:34 2026\n", "timezonelocal": "+000", "spectreversion": "unknown", "jobpolicyname": "ADE XL Default", "maxjobs": "unknown", "ncjobpolicyname": "", "ncmaxjobs": "unknown", "numtests": "1", "runfinished": "unknown", "runelapsed": "-1", "numcorners": "1"}
[2026-09-01 09:15:35.714 Z] [INFO] [cadence.virtuoso.ade.gui] - Simulation will use spectre batch mode because the GCC version used by Spectre and Virtuoso are not compatible. {"history": "Interactive.302", "point": 1, "testname": "TRAN", "detailed_message": "", "message_id": "ASSEMBLER-5024"}
[2026-09-01 09:15:35.744 Z] [EVENT] [cadence.virtuoso.ade.pointevaluator] - NewPoint {"history": "Interactive.302", "point": 1, "testname": "TRAN", "event": "NewPoint", "EventSource": "ADE GUI", "HistoryName": "Interactive.302", "logFile": "/home/saul/projects/LF_BG/logs_saul/logs5/virtuoso_ade_debug.log", "logFileSize": "327919"}
[2026-09-01 09:15:35.745 Z] [INFO] [cadence.virtuoso.ade.pointevaluator] - Started netlisting {"history": "Interactive.302", "point": 1, "testname": "TRAN"}
[2026-09-01 09:15:36.279 Z] [INFO] [cadence.virtuoso.ade.pointevaluator] - Finished netlisting {"history": "Interactive.302", "point": 1, "testname": "TRAN"}
[2026-09-01 09:15:36.279 Z] [INFO] [cadence.virtuoso.ade.pointevaluator] - Submitted {"history": "Interactive.302", "point": 1, "testname": "TRAN"}
[2026-09-01 09:15:39.672 Z] [PROCESS] [cadence.virtuoso.ade.gui] - /home/saul/projects/LF_BG/.tmp_saul/.cmddir5/swiftLoggingService20 is starting {"logfile": "/home/saul/projects/LF_BG/logs_saul/logs5/LoggingService20.log"}
[2026-09-01 09:15:39.787 Z] [PROCESS] [cadence.virtuoso.ade.gui] - /home/saul/projects/LF_BG/.tmp_saul/.cmddir5/swiftJob21 is starting {"logfile": "/home/saul/projects/LF_BG/logs_saul/logs5/Job21.log"}
[2026-09-01 09:15:39.788 Z] [PROCESS] [cadence.virtuoso.ade.gui] - Logging Service '155033' is starting up on host 'edatools' {"logfile": "/home/saul/projects/LF_BG/logs_saul/logs5/LoggingService20.log"}
[2026-09-01 09:15:39.891 Z] [PROCESS] [cadence.virtuoso.ade.gui] - Simulation Monitor process '155050' is starting up on host 'edatools' {"logfile": "/home/saul/projects/LF_BG/logs_saul/logs5/Job21.log"}
[2026-09-01 09:15:41.520 Z] [PROCESS] [cadence.virtuoso.ade.gui] - ln: failed to create symbolic link '/home/saul/simulation/REF_GEN/REF_GEN_f_TB/maestro/results/maestro/Interactive.302/1/TRAN/netlist/exprOutputs.log': File exists
 {"logfile": "/home/saul/projects/LF_BG/logs_saul/logs5/Job21.log"}
[2026-09-01 09:15:41.523 Z] [PROCESS] [cadence.virtuoso.ade.gui] - ln: failed to create symbolic link '/home/saul/simulation/REF_GEN/REF_GEN_f_TB/maestro/results/maestro/Interactive.302/1/TRAN/netlist/amps_evaluator.log': File exists
 {"logfile": "/home/saul/projects/LF_BG/logs_saul/logs5/Job21.log"}
[2026-09-01 09:15:43.070 Z] [INFO] [cadence.virtuoso.ade.gui] - Point completed {"history": "Interactive.302", "point": 1, "testname": "TRAN"}
[2026-09-01 09:15:43.147 Z] [EVENT] [cadence.virtuoso.ade.gui] - HistoryFinished {"history": "Interactive.302", "point": 1, "testname": "TRAN", "event": "HistoryFinished", "EventSource": "ADE GUI", "HistoryName": "Interactive.302"}
[2026-09-01 09:30:51.685 Z] [PROCESS] [cadence.virtuoso.ade.gui] - Logging Service '155033' stopped with exit code '0' {"logfile": "/home/saul/projects/LF_BG/logs_saul/logs5/LoggingService20.log"}
[2026-09-01 11:34:55.381 Z] [WARN] [cadence.virtuoso.ade.gui] - The following global variable(s) are enabled, but are not used by any test in the active setup:
PD PD_PULSE 
It is recommended to delete or disable these variable(s) because they are not being considered by the simulation run. {"history": "Interactive.302", "point": 1, "testname": "TRAN", "detailed_message": "", "message_id": "ASSEMBLER-1704"}
[2026-09-01 11:34:55.574 Z] [EVENT] [cadence.virtuoso.ade.gui] - NewHistoryCreated {"history": "Interactive.303", "point": 1, "testname": "TRAN", "event": "NewHistoryCreated", "EventSource": "ADE GUI", "HistoryName": "Interactive.303", "WorkDir": "/home/saul/projects/LF_BG", "HistorySimDir": "/home/saul/simulation/REF_GEN/REF_GEN_f_TB/maestro/results/maestro/Interactive.303", "HistoryResultsDir": "/home/saul/projects/LF_BG/REF_GEN/REF_GEN_f_TB/maestro/results/maestro"}
[2026-09-01 11:34:55.575 Z] [PROCESS] [cadence.virtuoso.ade.gui] - History Setup {"hostname": "edatools", "processid": 83587, "history": "Interactive.303", "testname": "TRAN", "point": 1, "logfile": "/home/saul/projects/LF_BG/logs_saul/logs5/virtuoso_ade_debug.log", "jobmode": "LSCS", "runmode": "Single Run, Sweeps and Corners", "lib": "REF_GEN", "cell": "REF_GEN_f_TB", "view": "maestro", "icversion": "sub-version  IC6.1.8-64b.500.36 ", "runstart": "Tue Sep  1 11:34:55 2026\n", "timezonelocal": "+000", "spectreversion": "unknown", "jobpolicyname": "ADE XL Default", "maxjobs": "unknown", "ncjobpolicyname": "", "ncmaxjobs": "unknown", "numtests": "1", "runfinished": "unknown", "runelapsed": "-1", "numcorners": "1"}
[2026-09-01 11:34:56.828 Z] [INFO] [cadence.virtuoso.ade.gui] - Simulation will use spectre batch mode because the GCC version used by Spectre and Virtuoso are not compatible. {"history": "Interactive.303", "point": 1, "testname": "OP", "detailed_message": "", "message_id": "ASSEMBLER-5024"}
[2026-09-01 11:34:56.862 Z] [EVENT] [cadence.virtuoso.ade.pointevaluator] - NewPoint {"history": "Interactive.303", "point": 1, "testname": "OP", "event": "NewPoint", "EventSource": "ADE GUI", "HistoryName": "Interactive.303", "logFile": "/home/saul/projects/LF_BG/logs_saul/logs5/virtuoso_ade_debug.log", "logFileSize": "332622"}
[2026-09-01 11:34:56.862 Z] [INFO] [cadence.virtuoso.ade.pointevaluator] - Started netlisting {"history": "Interactive.303", "point": 1, "testname": "OP"}
[2026-09-01 11:34:57.993 Z] [INFO] [cadence.virtuoso.ade.pointevaluator] - Finished netlisting {"history": "Interactive.303", "point": 1, "testname": "OP"}
[2026-09-01 11:34:57.993 Z] [INFO] [cadence.virtuoso.ade.pointevaluator] - Submitted {"history": "Interactive.303", "point": 1, "testname": "OP"}
[2026-09-01 11:35:00.616 Z] [PROCESS] [cadence.virtuoso.ade.gui] - /home/saul/projects/LF_BG/.tmp_saul/.cmddir5/swiftLoggingService22 is starting {"logfile": "/home/saul/projects/LF_BG/logs_saul/logs5/LoggingService22.log"}
[2026-09-01 11:35:00.736 Z] [PROCESS] [cadence.virtuoso.ade.gui] - /home/saul/projects/LF_BG/.tmp_saul/.cmddir5/swiftJob23 is starting {"logfile": "/home/saul/projects/LF_BG/logs_saul/logs5/Job23.log"}
[2026-09-01 11:35:00.736 Z] [PROCESS] [cadence.virtuoso.ade.gui] - Logging Service '161826' is starting up on host 'edatools' {"logfile": "/home/saul/projects/LF_BG/logs_saul/logs5/LoggingService22.log"}
[2026-09-01 11:35:00.839 Z] [PROCESS] [cadence.virtuoso.ade.gui] - Simulation Monitor process '161844' is starting up on host 'edatools' {"logfile": "/home/saul/projects/LF_BG/logs_saul/logs5/Job23.log"}
[2026-09-01 11:35:02.089 Z] [ERROR] [cadence.virtuoso.ade.gui] - Simulation error {"history": "Interactive.303", "point": 1, "testname": "OP"}
[2026-09-01 11:35:02.126 Z] [EVENT] [cadence.virtuoso.ade.gui] - HistoryFinished {"history": "Interactive.303", "point": 1, "testname": "OP", "event": "HistoryFinished", "EventSource": "ADE GUI", "HistoryName": "Interactive.303"}
[2026-09-01 11:36:07.834 Z] [WARN] [cadence.virtuoso.ade.gui] - The following global variable(s) are enabled, but are not used by any test in the active setup:
PD PD_PULSE 
It is recommended to delete or disable these variable(s) because they are not being considered by the simulation run. {"history": "Interactive.303", "point": 1, "testname": "OP", "detailed_message": "", "message_id": "ASSEMBLER-1704"}
[2026-09-01 11:36:08.004 Z] [EVENT] [cadence.virtuoso.ade.gui] - NewHistoryCreated {"history": "Interactive.304", "point": 1, "testname": "OP", "event": "NewHistoryCreated", "EventSource": "ADE GUI", "HistoryName": "Interactive.304", "WorkDir": "/home/saul/projects/LF_BG", "HistorySimDir": "/home/saul/simulation/REF_GEN/REF_GEN_f_TB/maestro/results/maestro/Interactive.304", "HistoryResultsDir": "/home/saul/projects/LF_BG/REF_GEN/REF_GEN_f_TB/maestro/results/maestro"}
[2026-09-01 11:36:08.005 Z] [PROCESS] [cadence.virtuoso.ade.gui] - History Setup {"hostname": "edatools", "processid": 83587, "history": "Interactive.304", "testname": "OP", "point": 1, "logfile": "/home/saul/projects/LF_BG/logs_saul/logs5/virtuoso_ade_debug.log", "jobmode": "LSCS", "runmode": "Single Run, Sweeps and Corners", "lib": "REF_GEN", "cell": "REF_GEN_f_TB", "view": "maestro", "icversion": "sub-version  IC6.1.8-64b.500.36 ", "runstart": "Tue Sep  1 11:36:08 2026\n", "timezonelocal": "+000", "spectreversion": "unknown", "jobpolicyname": "ADE XL Default", "maxjobs": "unknown", "ncjobpolicyname": "", "ncmaxjobs": "unknown", "numtests": "1", "runfinished": "unknown", "runelapsed": "-1", "numcorners": "1"}
[2026-09-01 11:36:09.262 Z] [INFO] [cadence.virtuoso.ade.gui] - Simulation will use spectre batch mode because the GCC version used by Spectre and Virtuoso are not compatible. {"history": "Interactive.304", "point": 1, "testname": "OP", "detailed_message": "", "message_id": "ASSEMBLER-5024"}
[2026-09-01 11:36:09.296 Z] [EVENT] [cadence.virtuoso.ade.pointevaluator] - NewPoint {"history": "Interactive.304", "point": 1, "testname": "OP", "event": "NewPoint", "EventSource": "ADE GUI", "HistoryName": "Interactive.304", "logFile": "/home/saul/projects/LF_BG/logs_saul/logs5/virtuoso_ade_debug.log", "logFileSize": "336511"}
[2026-09-01 11:36:09.297 Z] [INFO] [cadence.virtuoso.ade.pointevaluator] - Started netlisting {"history": "Interactive.304", "point": 1, "testname": "OP"}
[2026-09-01 11:36:10.619 Z] [INFO] [cadence.virtuoso.ade.pointevaluator] - Finished netlisting {"history": "Interactive.304", "point": 1, "testname": "OP"}
[2026-09-01 11:36:10.619 Z] [INFO] [cadence.virtuoso.ade.pointevaluator] - Submitted {"history": "Interactive.304", "point": 1, "testname": "OP"}
[2026-09-01 11:36:13.805 Z] [PROCESS] [cadence.virtuoso.ade.gui] - ln: failed to create symbolic link '/home/saul/simulation/REF_GEN/REF_GEN_f_TB/maestro/results/maestro/Interactive.304/1/OP/netlist/exprOutputs.log': File exists
 {"logfile": "/home/saul/projects/LF_BG/logs_saul/logs5/Job23.log"}
[2026-09-01 11:36:13.813 Z] [PROCESS] [cadence.virtuoso.ade.gui] - ln: failed to create symbolic link '/home/saul/simulation/REF_GEN/REF_GEN_f_TB/maestro/results/maestro/Interactive.304/1/OP/netlist/amps_evaluator.log': File exists
 {"logfile": "/home/saul/projects/LF_BG/logs_saul/logs5/Job23.log"}
[2026-09-01 11:36:15.064 Z] [INFO] [cadence.virtuoso.ade.gui] - Point completed {"history": "Interactive.304", "point": 1, "testname": "OP"}
[2026-09-01 11:36:15.097 Z] [EVENT] [cadence.virtuoso.ade.gui] - HistoryFinished {"history": "Interactive.304", "point": 1, "testname": "OP", "event": "HistoryFinished", "EventSource": "ADE GUI", "HistoryName": "Interactive.304"}
[2026-09-01 11:42:32.962 Z] [WARN] [cadence.virtuoso.ade.gui] - The following global variable(s) are enabled, but are not used by any test in the active setup:
PD PD_PULSE 
It is recommended to delete or disable these variable(s) because they are not being considered by the simulation run. {"history": "Interactive.304", "point": 1, "testname": "OP", "detailed_message": "", "message_id": "ASSEMBLER-1704"}
[2026-09-01 11:42:33.136 Z] [EVENT] [cadence.virtuoso.ade.gui] - NewHistoryCreated {"history": "Interactive.305", "point": 1, "testname": "OP", "event": "NewHistoryCreated", "EventSource": "ADE GUI", "HistoryName": "Interactive.305", "WorkDir": "/home/saul/projects/LF_BG", "HistorySimDir": "/home/saul/simulation/REF_GEN/REF_GEN_f_TB/maestro/results/maestro/Interactive.305", "HistoryResultsDir": "/home/saul/projects/LF_BG/REF_GEN/REF_GEN_f_TB/maestro/results/maestro"}
[2026-09-01 11:42:33.136 Z] [PROCESS] [cadence.virtuoso.ade.gui] - History Setup {"hostname": "edatools", "processid": 83587, "history": "Interactive.305", "testname": "OP", "point": 1, "logfile": "/home/saul/projects/LF_BG/logs_saul/logs5/virtuoso_ade_debug.log", "jobmode": "LSCS", "runmode": "Single Run, Sweeps and Corners", "lib": "REF_GEN", "cell": "REF_GEN_f_TB", "view": "maestro", "icversion": "sub-version  IC6.1.8-64b.500.36 ", "runstart": "Tue Sep  1 11:42:33 2026\n", "timezonelocal": "+000", "spectreversion": "unknown", "jobpolicyname": "ADE XL Default", "maxjobs": "unknown", "ncjobpolicyname": "", "ncmaxjobs": "unknown", "numtests": "1", "runfinished": "unknown", "runelapsed": "-1", "numcorners": "1"}
[2026-09-01 11:42:34.381 Z] [INFO] [cadence.virtuoso.ade.gui] - Simulation will use spectre batch mode because the GCC version used by Spectre and Virtuoso are not compatible. {"history": "Interactive.305", "point": 1, "testname": "OP", "detailed_message": "", "message_id": "ASSEMBLER-5024"}
[2026-09-01 11:42:34.419 Z] [EVENT] [cadence.virtuoso.ade.pointevaluator] - NewPoint {"history": "Interactive.305", "point": 1, "testname": "OP", "event": "NewPoint", "EventSource": "ADE GUI", "HistoryName": "Interactive.305", "logFile": "/home/saul/projects/LF_BG/logs_saul/logs5/virtuoso_ade_debug.log", "logFileSize": "340161"}
[2026-09-01 11:42:34.419 Z] [INFO] [cadence.virtuoso.ade.pointevaluator] - Started netlisting {"history": "Interactive.305", "point": 1, "testname": "OP"}
[2026-09-01 11:42:35.498 Z] [INFO] [cadence.virtuoso.ade.pointevaluator] - Finished netlisting {"history": "Interactive.305", "point": 1, "testname": "OP"}
[2026-09-01 11:42:35.498 Z] [INFO] [cadence.virtuoso.ade.pointevaluator] - Submitted {"history": "Interactive.305", "point": 1, "testname": "OP"}
[2026-09-01 11:42:38.580 Z] [PROCESS] [cadence.virtuoso.ade.gui] - /home/saul/projects/LF_BG/.tmp_saul/.cmddir5/swiftJob24 is starting {"logfile": "/home/saul/projects/LF_BG/logs_saul/logs5/Job24.log"}
[2026-09-01 11:42:38.686 Z] [PROCESS] [cadence.virtuoso.ade.gui] - Simulation Monitor process '163687' is starting up on host 'edatools' {"logfile": "/home/saul/projects/LF_BG/logs_saul/logs5/Job24.log"}
[2026-09-01 11:42:40.823 Z] [PROCESS] [cadence.virtuoso.ade.gui] - ln: failed to create symbolic link '/home/saul/simulation/REF_GEN/REF_GEN_f_TB/maestro/results/maestro/Interactive.305/1/OP/netlist/exprOutputs.log': File exists
 {"logfile": "/home/saul/projects/LF_BG/logs_saul/logs5/Job24.log"}
[2026-09-01 11:42:40.825 Z] [PROCESS] [cadence.virtuoso.ade.gui] - ln: failed to create symbolic link '/home/saul/simulation/REF_GEN/REF_GEN_f_TB/maestro/results/maestro/Interactive.305/1/OP/netlist/amps_evaluator.log': File exists
 {"logfile": "/home/saul/projects/LF_BG/logs_saul/logs5/Job24.log"}
[2026-09-01 11:42:42.071 Z] [INFO] [cadence.virtuoso.ade.gui] - Point completed {"history": "Interactive.305", "point": 1, "testname": "OP"}
[2026-09-01 11:42:42.142 Z] [EVENT] [cadence.virtuoso.ade.gui] - HistoryFinished {"history": "Interactive.305", "point": 1, "testname": "OP", "event": "HistoryFinished", "EventSource": "ADE GUI", "HistoryName": "Interactive.305"}
[2026-09-01 11:43:18.896 Z] [WARN] [cadence.virtuoso.ade.gui] - The following global variable(s) are enabled, but are not used by any test in the active setup:
PD PD_PULSE 
It is recommended to delete or disable these variable(s) because they are not being considered by the simulation run. {"history": "Interactive.305", "point": 1, "testname": "OP", "detailed_message": "", "message_id": "ASSEMBLER-1704"}
[2026-09-01 11:43:19.060 Z] [EVENT] [cadence.virtuoso.ade.gui] - NewHistoryCreated {"history": "Interactive.306", "point": 1, "testname": "OP", "event": "NewHistoryCreated", "EventSource": "ADE GUI", "HistoryName": "Interactive.306", "WorkDir": "/home/saul/projects/LF_BG", "HistorySimDir": "/home/saul/simulation/REF_GEN/REF_GEN_f_TB/maestro/results/maestro/Interactive.306", "HistoryResultsDir": "/home/saul/projects/LF_BG/REF_GEN/REF_GEN_f_TB/maestro/results/maestro"}
[2026-09-01 11:43:19.060 Z] [PROCESS] [cadence.virtuoso.ade.gui] - History Setup {"hostname": "edatools", "processid": 83587, "history": "Interactive.306", "testname": "OP", "point": 1, "logfile": "/home/saul/projects/LF_BG/logs_saul/logs5/virtuoso_ade_debug.log", "jobmode": "LSCS", "runmode": "Single Run, Sweeps and Corners", "lib": "REF_GEN", "cell": "REF_GEN_f_TB", "view": "maestro", "icversion": "sub-version  IC6.1.8-64b.500.36 ", "runstart": "Tue Sep  1 11:43:19 2026\n", "timezonelocal": "+000", "spectreversion": "unknown", "jobpolicyname": "ADE XL Default", "maxjobs": "unknown", "ncjobpolicyname": "", "ncmaxjobs": "unknown", "numtests": "1", "runfinished": "unknown", "runelapsed": "-1", "numcorners": "1"}
[2026-09-01 11:43:20.266 Z] [INFO] [cadence.virtuoso.ade.gui] - Simulation will use spectre batch mode because the GCC version used by Spectre and Virtuoso are not compatible. {"history": "Interactive.306", "point": 1, "testname": "OP", "detailed_message": "", "message_id": "ASSEMBLER-5024"}
[2026-09-01 11:43:20.300 Z] [EVENT] [cadence.virtuoso.ade.pointevaluator] - NewPoint {"history": "Interactive.306", "point": 1, "testname": "OP", "event": "NewPoint", "EventSource": "ADE GUI", "HistoryName": "Interactive.306", "logFile": "/home/saul/projects/LF_BG/logs_saul/logs5/virtuoso_ade_debug.log", "logFileSize": "344217"}
[2026-09-01 11:43:20.301 Z] [INFO] [cadence.virtuoso.ade.pointevaluator] - Started netlisting {"history": "Interactive.306", "point": 1, "testname": "OP"}
[2026-09-01 11:43:21.367 Z] [INFO] [cadence.virtuoso.ade.pointevaluator] - Finished netlisting {"history": "Interactive.306", "point": 1, "testname": "OP"}
[2026-09-01 11:43:21.367 Z] [INFO] [cadence.virtuoso.ade.pointevaluator] - Submitted {"history": "Interactive.306", "point": 1, "testname": "OP"}
[2026-09-01 11:43:23.029 Z] [PROCESS] [cadence.virtuoso.ade.gui] - ln: failed to create symbolic link '/home/saul/simulation/REF_GEN/REF_GEN_f_TB/maestro/results/maestro/Interactive.306/1/OP/netlist/exprOutputs.log': File exists
 {"logfile": "/home/saul/projects/LF_BG/logs_saul/logs5/Job24.log"}
[2026-09-01 11:43:23.032 Z] [PROCESS] [cadence.virtuoso.ade.gui] - ln: failed to create symbolic link '/home/saul/simulation/REF_GEN/REF_GEN_f_TB/maestro/results/maestro/Interactive.306/1/OP/netlist/amps_evaluator.log': File exists
 {"logfile": "/home/saul/projects/LF_BG/logs_saul/logs5/Job24.log"}
[2026-09-01 11:43:25.071 Z] [INFO] [cadence.virtuoso.ade.gui] - Point completed {"history": "Interactive.306", "point": 1, "testname": "OP"}
[2026-09-01 11:43:25.111 Z] [EVENT] [cadence.virtuoso.ade.gui] - HistoryFinished {"history": "Interactive.306", "point": 1, "testname": "OP", "event": "HistoryFinished", "EventSource": "ADE GUI", "HistoryName": "Interactive.306"}
[2026-09-01 11:44:02.799 Z] [WARN] [cadence.virtuoso.ade.gui] - The following global variable(s) are enabled, but are not used by any test in the active setup:
PD PD_PULSE 
It is recommended to delete or disable these variable(s) because they are not being considered by the simulation run. {"history": "Interactive.306", "point": 1, "testname": "OP", "detailed_message": "", "message_id": "ASSEMBLER-1704"}
[2026-09-01 11:44:02.960 Z] [EVENT] [cadence.virtuoso.ade.gui] - NewHistoryCreated {"history": "Interactive.307", "point": 1, "testname": "OP", "event": "NewHistoryCreated", "EventSource": "ADE GUI", "HistoryName": "Interactive.307", "WorkDir": "/home/saul/projects/LF_BG", "HistorySimDir": "/home/saul/simulation/REF_GEN/REF_GEN_f_TB/maestro/results/maestro/Interactive.307", "HistoryResultsDir": "/home/saul/projects/LF_BG/REF_GEN/REF_GEN_f_TB/maestro/results/maestro"}
[2026-09-01 11:44:02.960 Z] [PROCESS] [cadence.virtuoso.ade.gui] - History Setup {"hostname": "edatools", "processid": 83587, "history": "Interactive.307", "testname": "OP", "point": 1, "logfile": "/home/saul/projects/LF_BG/logs_saul/logs5/virtuoso_ade_debug.log", "jobmode": "LSCS", "runmode": "Single Run, Sweeps and Corners", "lib": "REF_GEN", "cell": "REF_GEN_f_TB", "view": "maestro", "icversion": "sub-version  IC6.1.8-64b.500.36 ", "runstart": "Tue Sep  1 11:44:02 2026\n", "timezonelocal": "+000", "spectreversion": "unknown", "jobpolicyname": "ADE XL Default", "maxjobs": "unknown", "ncjobpolicyname": "", "ncmaxjobs": "unknown", "numtests": "1", "runfinished": "unknown", "runelapsed": "-1", "numcorners": "1"}
[2026-09-01 11:44:04.175 Z] [INFO] [cadence.virtuoso.ade.gui] - Simulation will use spectre batch mode because the GCC version used by Spectre and Virtuoso are not compatible. {"history": "Interactive.307", "point": 1, "testname": "OP", "detailed_message": "", "message_id": "ASSEMBLER-5024"}
[2026-09-01 11:44:04.210 Z] [EVENT] [cadence.virtuoso.ade.pointevaluator] - NewPoint {"history": "Interactive.307", "point": 1, "testname": "OP", "event": "NewPoint", "EventSource": "ADE GUI", "HistoryName": "Interactive.307", "logFile": "/home/saul/projects/LF_BG/logs_saul/logs5/virtuoso_ade_debug.log", "logFileSize": "347867"}
[2026-09-01 11:44:04.210 Z] [INFO] [cadence.virtuoso.ade.pointevaluator] - Started netlisting {"history": "Interactive.307", "point": 1, "testname": "OP"}
[2026-09-01 11:44:05.277 Z] [INFO] [cadence.virtuoso.ade.pointevaluator] - Finished netlisting {"history": "Interactive.307", "point": 1, "testname": "OP"}
[2026-09-01 11:44:05.277 Z] [INFO] [cadence.virtuoso.ade.pointevaluator] - Submitted {"history": "Interactive.307", "point": 1, "testname": "OP"}
[2026-09-01 11:44:06.957 Z] [PROCESS] [cadence.virtuoso.ade.gui] - ln: failed to create symbolic link '/home/saul/simulation/REF_GEN/REF_GEN_f_TB/maestro/results/maestro/Interactive.307/1/OP/netlist/exprOutputs.log': File exists
 {"logfile": "/home/saul/projects/LF_BG/logs_saul/logs5/Job24.log"}
[2026-09-01 11:44:06.968 Z] [PROCESS] [cadence.virtuoso.ade.gui] - ln: failed to create symbolic link '/home/saul/simulation/REF_GEN/REF_GEN_f_TB/maestro/results/maestro/Interactive.307/1/OP/netlist/amps_evaluator.log': File exists
 {"logfile": "/home/saul/projects/LF_BG/logs_saul/logs5/Job24.log"}
[2026-09-01 11:44:09.065 Z] [INFO] [cadence.virtuoso.ade.gui] - Point completed {"history": "Interactive.307", "point": 1, "testname": "OP"}
[2026-09-01 11:44:09.128 Z] [EVENT] [cadence.virtuoso.ade.gui] - HistoryFinished {"history": "Interactive.307", "point": 1, "testname": "OP", "event": "HistoryFinished", "EventSource": "ADE GUI", "HistoryName": "Interactive.307"}
[2026-09-01 11:44:37.385 Z] [WARN] [cadence.virtuoso.ade.gui] - The following global variable(s) are enabled, but are not used by any test in the active setup:
PD PD_PULSE 
It is recommended to delete or disable these variable(s) because they are not being considered by the simulation run. {"history": "Interactive.307", "point": 1, "testname": "OP", "detailed_message": "", "message_id": "ASSEMBLER-1704"}
[2026-09-01 11:44:37.547 Z] [EVENT] [cadence.virtuoso.ade.gui] - NewHistoryCreated {"history": "Interactive.308", "point": 1, "testname": "OP", "event": "NewHistoryCreated", "EventSource": "ADE GUI", "HistoryName": "Interactive.308", "WorkDir": "/home/saul/projects/LF_BG", "HistorySimDir": "/home/saul/simulation/REF_GEN/REF_GEN_f_TB/maestro/results/maestro/Interactive.308", "HistoryResultsDir": "/home/saul/projects/LF_BG/REF_GEN/REF_GEN_f_TB/maestro/results/maestro"}
[2026-09-01 11:44:37.548 Z] [PROCESS] [cadence.virtuoso.ade.gui] - History Setup {"hostname": "edatools", "processid": 83587, "history": "Interactive.308", "testname": "OP", "point": 1, "logfile": "/home/saul/projects/LF_BG/logs_saul/logs5/virtuoso_ade_debug.log", "jobmode": "LSCS", "runmode": "Single Run, Sweeps and Corners", "lib": "REF_GEN", "cell": "REF_GEN_f_TB", "view": "maestro", "icversion": "sub-version  IC6.1.8-64b.500.36 ", "runstart": "Tue Sep  1 11:44:37 2026\n", "timezonelocal": "+000", "spectreversion": "unknown", "jobpolicyname": "ADE XL Default", "maxjobs": "unknown", "ncjobpolicyname": "", "ncmaxjobs": "unknown", "numtests": "1", "runfinished": "unknown", "runelapsed": "-1", "numcorners": "1"}
[2026-09-01 11:44:38.767 Z] [INFO] [cadence.virtuoso.ade.gui] - Simulation will use spectre batch mode because the GCC version used by Spectre and Virtuoso are not compatible. {"history": "Interactive.308", "point": 1, "testname": "OP", "detailed_message": "", "message_id": "ASSEMBLER-5024"}
[2026-09-01 11:44:38.800 Z] [EVENT] [cadence.virtuoso.ade.pointevaluator] - NewPoint {"history": "Interactive.308", "point": 1, "testname": "OP", "event": "NewPoint", "EventSource": "ADE GUI", "HistoryName": "Interactive.308", "logFile": "/home/saul/projects/LF_BG/logs_saul/logs5/virtuoso_ade_debug.log", "logFileSize": "351517"}
[2026-09-01 11:44:38.800 Z] [INFO] [cadence.virtuoso.ade.pointevaluator] - Started netlisting {"history": "Interactive.308", "point": 1, "testname": "OP"}
[2026-09-01 11:44:39.907 Z] [INFO] [cadence.virtuoso.ade.pointevaluator] - Finished netlisting {"history": "Interactive.308", "point": 1, "testname": "OP"}
[2026-09-01 11:44:39.907 Z] [INFO] [cadence.virtuoso.ade.pointevaluator] - Submitted {"history": "Interactive.308", "point": 1, "testname": "OP"}
[2026-09-01 11:44:41.584 Z] [PROCESS] [cadence.virtuoso.ade.gui] - ln: failed to create symbolic link '/home/saul/simulation/REF_GEN/REF_GEN_f_TB/maestro/results/maestro/Interactive.308/1/OP/netlist/exprOutputs.log': File exists
 {"logfile": "/home/saul/projects/LF_BG/logs_saul/logs5/Job24.log"}
[2026-09-01 11:44:41.585 Z] [PROCESS] [cadence.virtuoso.ade.gui] - ln: failed to create symbolic link '/home/saul/simulation/REF_GEN/REF_GEN_f_TB/maestro/results/maestro/Interactive.308/1/OP/netlist/amps_evaluator.log': File exists
 {"logfile": "/home/saul/projects/LF_BG/logs_saul/logs5/Job24.log"}
[2026-09-01 11:44:44.063 Z] [INFO] [cadence.virtuoso.ade.gui] - Point completed {"history": "Interactive.308", "point": 1, "testname": "OP"}
[2026-09-01 11:44:44.097 Z] [EVENT] [cadence.virtuoso.ade.gui] - HistoryFinished {"history": "Interactive.308", "point": 1, "testname": "OP", "event": "HistoryFinished", "EventSource": "ADE GUI", "HistoryName": "Interactive.308"}
[2026-09-01 11:49:00.160 Z] [PROCESS] [cadence.virtuoso.ade.gui] - Logging Service '161826' stopped with exit code '0' {"logfile": "/home/saul/projects/LF_BG/logs_saul/logs5/LoggingService22.log"}
