\# Program start time:     UTC 2026.06.21 21:28:48.384
\# Local time: UTC (UTC+00:00) 2026.06.21 21:28:48.384
\o Program:		@(#)$CDS: virtuoso version 6.1.8-64b 09/03/2024 19:11 (sjfhw316) $
\o Hierarchy:		/opt/tools/cadence/installs/IC618/tools.lnx86/dfII/
\o Sub version:		sub-version  IC6.1.8-64b.500.36  (64-bit addresses)
\# Command line:	/opt/tools/cadence/installs/IC618/tools.lnx86/dfII/bin/64bit/virtuoso -noautostart -mpssession virtuosoEkiT_Wjh1CBh34nj2aToQI_122166 -mpshost 34367@edatools -davinciService DaVinciService_122364_1781968096 -log /home/saul/projects/LF_BG/logs_saul/logs4/Job52.log -licenseLockFileName /home/saul/projects/LF_BG/.tmp_saul/.edatools_122364 -interactiveA -interactiveE -interactiveRTT -nostdin -nographE -axlChildIdFlag 52
\# Host name (type):	edatools (x86_64)
\# Operating system:	Linux 6.17.0-35-generic #35~24.04.1-Ubuntu SMP PREEMPT_DYNAMIC Tue May 26 19:30:42 UTC 2
\# Linux /etc/issue:	\S
\# Linux /etc/issue:	Kernel \r on an \m
\# X display name (WxH):	:4925 (1024x868)
\# Available geometry:			TL(0:0) BR(1023:867)
\# X server:			The X.Org Foundation
\# Depth of Visual (Root):	24 (24)
\# Number of Planes Used:	24
\# X version:		11.0 (vendor release 12011000)
\# X resource pool:	base 0x400000, mask 0x1fffff (2097151), shift 0
\# 			current id 0x0, current max 0x1ffffa (2097146)
\# Max data seg size:	     unlimited
\# Max process size:	     unlimited
\# Initial sbrk value:	        633 MB
\# Available memory:	     60,057 MB
\# System memory:	     72,238 MB
\# Maximum memory size:	     71,725 MB
\# Max mem available:	     60,176 MB
\# Initial memory used:	        120 MB
\#        process size:	      1,680 MB
\# Thread usage limits (effective/default):	maxthreads 4294967295/4294967295 maxload 16.00/16.00
\# Qt version:		5.9.1
\# Window Manager:	other
\# User Name:		saul
\o Working Directory:	edatools:/home/saul/projects/LF_BG
\# Process Id:		160572
\# Container Id:	EkiT_Wjh1CBh34nj2aToQI
\o 
\o COPYRIGHT (C) 1992-2024  CADENCE DESIGN SYSTEMS INC.  ALL RIGHTS RESERVED.
\o           (C) 1992-2024  UNIX SYSTEMS Laboratories INC.,
\o                          Reproduced with permission.
\o 
\o This Cadence Design Systems program and online documentation are
\o proprietary/confidential information and may be disclosed/used only
\o as authorized in a license agreement controlling such use and disclosure.
\o 
\o           RESTRICTED RIGHTS NOTICE (SHORT FORM)
\o Use/reproduction/disclosure is subject to restriction
\o set forth at FAR 1252.227-19 or its equivalent.
\o Loading geView.cxt 
\o Loading menuBuilder.cxt 
\o Loading schView.cxt 
\o Loading selectSv.cxt 
\o Loading pvsui.cxt
\o Loading wireEdit.cxt 
\o Loading pte2.cxt 
\o Loading xlUI.cxt 
\o Loading auCore.cxt 
\o Loading vhdl.cxt 
\o Loading seismic.cxt 
\o Loading ci.cxt 
\o Loading ams.cxt 
\o Loading oasis.cxt 
\o Loading analog.cxt 
\o Loading asimenv.cxt 
\o Loading dal.cxt 
\o Loading awv.cxt 
\o Loading socket.cxt 
\o Loading par.cxt 
\o Loading alvs.cxt 
\o Loading caa.cxt 
\o Loading amps.cxt 
\o Loading adexlCore.cxt 
\o Loading adexl.cxt 
\o *Info*    Exporting services from client ... 
\o 
\o Loading adexlDM.cxt 
\o Loading cpf.cxt 
\o Loading cli.cxt 
\o Loading lp.cxt 
\o INFO (ELI-00302) Connecting to parent process (session=virtuosoEkiT_Wjh1CBh34nj2aToQI_122166, host=34367@edatools). Connection mode is ICRP. Total timeout is 180 seconds. Connection timeout is 90 seconds.
\o INFO (ELI-00303) Step 1: Connecting to parent. Time spent is 0 seconds.
\o INFO (ELI-00304) The registration of the child 160572 within 90 seconds is being processed...
\o INFO (ELI-00305) The result of registration is true. Time spent is 0 seconds.
\o INFO (ELI-00308) The connection has ended. Result is true. Total time spent is 0 seconds.
\# [21:28:48.445386] Configured Lic search path (22.01-s002): 3000@lic08.ug.kth.se:29000@lic06.ug.kth.se
\w *WARNING* The directory: '/opt/pdk/lf11/PDK_LF11ISi_V1_3_2/tools/setup/$ASSURAHOME/tools/assura/etc/avtech/avTech' does not exist
\w 	but was defined in libFile '/opt/pdk/lf11/PDK_LF11ISi_V1_3_2/tools/setup/cds.lib' for Lib 'avTech'.
\o 
\o ----------------          LFoundry            ----------------
\o ----------------    Initializing LF11IS PDK    ----------------
\o ----------------        Version 1.3.2         ----------------
\o ----------------        Option 6metal         ----------------
\o *LF-INFO* Loading lf11is:/opt/pdk/lf11/PDK_LF11ISi_V1_3_2/analog/callbacks/lf11is_cdfCbks.il   done
\o *LF-INFO* lf11is libInit.il loaded successfully. 
\w *WARNING* Cannot find /opt/tools/cadence/installs/IC618/tools.lnx86/dfII/etc/tools/wavescan directory to load environment variables
\w *WARNING* envSetVal: could not find tool[.partition] 'wavescan.trace'
\w *WARNING* Cannot find /opt/tools/cadence/installs/IC618/tools.lnx86/dfII/etc/tools/wavescan directory to load environment variables
\w *WARNING* envSetVal: could not find tool[.partition] 'wavescan.trace'
\o *LF-INFO* .cdsinit: Loading project .cdsenv file       skipped
\o *LF-INFO* .cdsinit: Setting Spectre models                done
\o *LF-INFO* .cdsinit: Setting UltraSim models               done
\o *LF-INFO* .cdsinit: Setting AMS analog models             done
\o *LF-INFO* .cdsinit: Setting AMS netlist mode to OSS       done
\o *LF-INFO* .cdsinit: Setting HSpice models                 done
\o *LF-INFO* .cdsinit: Setting CDL out keys                  done
\o *LF-INFO* .cdsinit: Loading Ciranova abut function        done
\o *LF-INFO* .cdsinit: WiCkeD setup                       skipped
\o *LF-INFO* .cdsinit: Golden Gate setup                  skipped
\o *LF-INFO* .cdsinit: Loading default bindkeys              done
\o *LF-INFO* .cdsinit: PDF reader "evince" found: /bin/evince.
\o *LF-INFO* .cdsinit: Creating LF11IS PDK menus              done
\o *LF-INFO* .cdsinit: Loading LF11IS display.drf             done
\o *LF-INFO* .cdsinit: Setting PVS setup trigger      done
\o *LF-INFO* .cdsinit: Loading the user .cdsinit          skipped
\o *LF-INFO* .cdsinit: Loading ISO Ring utility              done
\o *LF-INFO* .cdsinit: Loading Layout Utilities              done
\o *LF-INFO* .cdsinit: Opening library manager 				  done
\e *Error* load: can't access file - "/opt/tools/mentor/CALIBRE_2022.4_16/aoi_cal_2022.4_16.8/lib/calibre.skl"
\o *Info*    Client has finished starting ... 
\o 
\o Loading vdsil.cxt 
\p > 
\# Loading perfDiag...
\# (PerfDiag): Set GDB path to environment variable 'gdbPath' (gdb).
\# Memory report: using         278 MB, process size 1,971 MB at UTC 2026.06.21 21:28:50.166
\w *WARNING* (PerfDiag): The GDB command 'gdb' is not found or is invalid.
\w *WARNING* (PerfDiag): The GDB-related functionality has been disabled. Use the 'gdbPath' environment variable to set a valid GDB path or set one of the SHELL environment variables CDS_DEBUGGER, DEBUGGER, or GDB, and restart Virtuoso.
\# Performance Diagnostic tool is installed. You can access PerfDiag from CIW Tools or use the shell command 'cdsPerfDiag -p 160572' to open it when Virtuoso freezes.
\# (PerfDiag): Use backtrace from GLIBC.
\w *WARNING* _perfPstackCheck: Cannot find pstack/gstack. Please setup PATH environment variable to pstack/gstack executable.
\o Loading vqp.cxt 
\o Loading hdlPkg.cxt 
\o 
\o 
\o *Info*    Configuring the session ...
\o 
\o Loading simui.cxt 
\o 	Library      = REF_GEN
\o 	Cell         = REF_GEN_f_TB
\o 	View         = config
\o 	Simulator    = spectre
\o 	State Path   = $AXL_SETUPDB_DIR/test_states
\o 	State Name   = OP_none_MonteCarlo.2
\o 	Results DB   = /home/saul/projects/LF_BG/REF_GEN/REF_GEN_f_TB/adexl/results/data/MonteCarlo.2.rdb
\o 	Results Dir  = /home/saul/simulation/REF_GEN/REF_GEN_f_TB/adexl/results/data/MonteCarlo.2/1/OP
\o 	Results Loc  = /home/saul/simulation/REF_GEN/REF_GEN_f_TB/adexl/results/data
\o 	Project Dir  = /home/saul/simulation
\o 	Setup DB loc = /home/saul/projects/LF_BG/REF_GEN/REF_GEN_f_TB/adexl
\o 	File Encoding = 0
\o 
\o 
\o Loading viva.cxt 
\w *WARNING* The directory: '/opt/pdk/lf11/PDK_LF11ISi_V1_3_2/tools/setup/$ASSURAHOME/tools/assura/etc/avtech/avTech' does not exist
\w 	but was defined in libFile '/opt/pdk/lf11/PDK_LF11ISi_V1_3_2/tools/setup/cds.lib' for Lib 'avTech'.
\o Loading spectrei.cxt 
\o Loading devCheck.cxt 
\o Loading relXpert.cxt 
\o WARNING (ADE-7017): The Spectre run mode needs to be 'batch' when EM/IR analysis is enabled. Automatically setting the run mode to 'batch'.
\o Loading hspiceD.cxt 
\o Loading spectreinl.cxt 
\o Loading msgHandler.cxt 
\o Loading UltraSim.cxt 
\o Loading AMSOSS.cxt 
\o Loading AMS.cxt 
\o 
\o *Info*    The auto suspension is disabled.
\o 
\o Loading monte.cxt 
\o 
\o 
\o 
\o 
\o 
\o *Info*    Run start for Point ID (16 51) on testbench [ OP ].
\o 
\o Resetting statistical vars
\o 
\o *Info*    Setting parameter values ...
\o 
\o Setting var CL = "150f"
\o Setting var CL2 = "3p"
\o Setting var CONF_BG_SL_TRIM = "3"
\o Setting var CONF_BG_TRIM = "3"
\o Setting var CONF_LDO_SEL = "0"
\o Setting var CONF_LVDS_SEL = "0"
\o Setting var CONF_REF_TRIM = "3"
\o Setting var EN = "1.2"
\o Setting var EN_PULSE = "0"
\o Setting var PD = "0"
\o Setting var PD_PULSE = "0"
\o Setting var TT = "1u"
\o Setting var VDD = "1.2"
\o Setting var VDD_PULSE = "0"
\o Setting var temperature = "50.0"
\o Setting temp(T) = 50.0
\o 
\o *Info*    Netlist Directory =
\o           /home/saul/simulation/REF_GEN/REF_GEN_f_TB/adexl/results/data/MonteCarlo.2/51/OP/groupRunDataDir/netlist
\o 
\o 
\o *Info*    Data Directory    =
\o           /home/saul/simulation/REF_GEN/REF_GEN_f_TB/adexl/results/data/MonteCarlo.2/51/OP/groupRunDataDir
\o 
\o 
\o *Info*    Creating Netlist for Point ID (16 51)
\o 
\w *WARNING* (DB-220704): The Pcell super master 'lf11is/rnpolyh/schematic' is not a SKILL super master.
\w                        The usage of non-SKILL Pcells in Virtuoso is not a supported feature.
\w *WARNING* (DB-220704): The Pcell super master 'lf11is/rnpolyh/schematic' is not a SKILL super master.
\w                        The usage of non-SKILL Pcells in Virtuoso is not a supported feature.
\w *WARNING* (DB-220704): The Pcell super master 'lf11is/rnpolyh/schematic' is not a SKILL super master.
\w                        The usage of non-SKILL Pcells in Virtuoso is not a supported feature.
\w *WARNING* (DB-220704): The Pcell super master 'lf11is/rnpolyh/schematic' is not a SKILL super master.
\w                        The usage of non-SKILL Pcells in Virtuoso is not a supported feature.
\w *WARNING* (DB-220704): The Pcell super master 'lf11is/rnpolyh/schematic' is not a SKILL super master.
\w                        The usage of non-SKILL Pcells in Virtuoso is not a supported feature.
\w *WARNING* (DB-220704): The Pcell super master 'lf11is/rnpolym/schematic' is not a SKILL super master.
\w                        The usage of non-SKILL Pcells in Virtuoso is not a supported feature.
\w *WARNING* (DB-220704): The Pcell super master 'lf11is/rnpolym/schematic' is not a SKILL super master.
\w                        The usage of non-SKILL Pcells in Virtuoso is not a supported feature.
\w *WARNING* (DB-220704): The Pcell super master 'lf11is/rnpolym/schematic' is not a SKILL super master.
\w                        The usage of non-SKILL Pcells in Virtuoso is not a supported feature.
\w *WARNING* (DB-220704): The Pcell super master 'lf11is/rnpolym/schematic' is not a SKILL super master.
\w                        The usage of non-SKILL Pcells in Virtuoso is not a supported feature.
\w *WARNING* (DB-220704): The Pcell super master 'lf11is/rnpolym/schematic' is not a SKILL super master.
\w                        The usage of non-SKILL Pcells in Virtuoso is not a supported feature.
\w *WARNING* (CMGR-6145): Cannot refresh 'ci:0x0' because it is not a valid constraint cache. Rerun the 'ciRefreshCellView' SKILL function with a valid constraint cache.
\w *WARNING* (CMGR-6145): Cannot refresh 'ci:0x0' because it is not a valid constraint cache. Rerun the 'ciRefreshCellView' SKILL function with a valid constraint cache.
\o generate netlist...
\o Loading hnlInit.cxt 
\o Loading seCore.cxt 
\# [21:28:51.078562] Periodic Lic check successful
\# [21:28:51.078563] Feature usage summary:
\o Begin Incremental Netlisting Jun 21 21:28:51 2026
\o End netlisting Jun 21 21:28:51 2026
\o 
\o 	The netlist is up to date.
\o 	Time taken to compare the design with netlist:   0.0s
\o       ...successful.
\o compose simulator input file...
\o       ...successful.
\o 
\o *Info*    Running simulation on testbench [ OP ] for Point ID (16 51).
\o 
\o *Info*    Spectre controlMode is set "batch" due to monte carlo run.
\o 
\o Delete psf data in /home/saul/simulation/REF_GEN/REF_GEN_f_TB/adexl/results/data/MonteCarlo.2/51/OP/groupRunDataDir/psf.
\o generate netlist...
\o Begin Incremental Netlisting Jun 21 21:28:51 2026
\o End netlisting Jun 21 21:28:51 2026
\o 
\o 	The netlist is up to date.
\o 	Time taken to compare the design with netlist:   0.0s
\o       ...successful.
\o compose simulator input file...
\o       ...successful.
\o start simulator if needed...
\o       ...successful.
\o simulate...
\o To view the simulator output, right-click on the test name, result 
\o name, or any value in the "Results" tab of the Outputs section and 
\o choose "Output Log" menu option.
\# Memory report: using         462 MB, process size 2,355 MB at UTC 2026.06.21 21:28:52.088
\o Loading paraplot.cxt 
\# Available memory:         57,467 MB at UTC 2026.06.21 21:28:58.388
\# Memory report: Maximum memory size now 57,933 MB at UTC 2026.06.21 21:28:58.388
\# Thread usage report: 22 active threads, active load 1.40 at UTC 2026.06.21 21:28:58.388
\o WARNING (OCN-6038): Results noise are not available for /home/saul/simulation/REF_GEN/REF_GEN_f_TB/adexl/results/data/MonteCarlo.2/51/OP/groupRunDataDir/psf/mc1_separate/051/. Use results() for a list of available results.
\o WARNING (OCN-6038): Results noise are not available for /home/saul/simulation/REF_GEN/REF_GEN_f_TB/adexl/results/data/MonteCarlo.2/51/OP/groupRunDataDir/psf/mc1_separate/051/. Use results() for a list of available results.
\e *Error* ("expt" 0 t nil ("*Error* expt: can't handle (nil**2)"))
\e 
\e 
\o ERROR (ADE-2708): Evaluation of output 'total_noise_V' failed for point:'51' test:'OP'
\o 	Expression:'sqrt(totalNoise("noise" 0.01 100000000 nil))'
\o 	because of the following error(s)
\o 	*Error* expt: can't handle (nil**2).
\o Ensure that the definition of output is correct.
\o 
\o WARNING (OCN-6038): Results noise are not available for /home/saul/simulation/REF_GEN/REF_GEN_f_TB/adexl/results/data/MonteCarlo.2/51/OP/groupRunDataDir/psf/mc1_separate/051/. Use results() for a list of available results.
\o WARNING (OCN-6038): Results noise are not available for /home/saul/simulation/REF_GEN/REF_GEN_f_TB/adexl/results/data/MonteCarlo.2/51/OP/groupRunDataDir/psf/mc1_separate/051/. Use results() for a list of available results.
\e *Error* db: can't handle db(nil)
\e 
\e 
\o ERROR (ADE-2709): Evaluation of output 'output noise; V / sqrt(Hz)' returned 'nil' for point:'51' test:'OP'
\o 	Expression:'db(getData("out" ?result "noise"))'.
\o Ensure that the definition of output is correct.
\o 
\o WARNING (OCN-6038): Results xf are not available for /home/saul/simulation/REF_GEN/REF_GEN_f_TB/adexl/results/data/MonteCarlo.2/51/OP/groupRunDataDir/psf/mc1_separate/051/. Use results() for a list of available results.
\o WARNING (OCN-6038): Results xf are not available for /home/saul/simulation/REF_GEN/REF_GEN_f_TB/adexl/results/data/MonteCarlo.2/51/OP/groupRunDataDir/psf/mc1_separate/051/. Use results() for a list of available results.
\e *Error* db: can't handle db(nil)
\e 
\e 
\o ERROR (ADE-2709): Evaluation of output 'V/V /V0; xf dB20(V/V)' returned 'nil' for point:'51' test:'OP'
\o 	Expression:'db(getData("/V0" ?result "xf"))'.
\o Ensure that the definition of output is correct.
\o 
\o *Info*    Client has finished evaluating ... 
\o 
\o 
\o *Info*    Run complete for Point ID (16 51) on testbench [ OP ].
\o 
\o 
\o 
\o 
\o 
\o WARNING (OCN-6038): Results noise are not available for /home/saul/simulation/REF_GEN/REF_GEN_f_TB/adexl/results/data/MonteCarlo.2/51/OP/groupRunDataDir/psf/mc1_separate/052/. Use results() for a list of available results.
\o WARNING (OCN-6038): Results noise are not available for /home/saul/simulation/REF_GEN/REF_GEN_f_TB/adexl/results/data/MonteCarlo.2/51/OP/groupRunDataDir/psf/mc1_separate/052/. Use results() for a list of available results.
\e *Error* ("expt" 0 t nil ("*Error* expt: can't handle (nil**2)"))
\e 
\e 
\o ERROR (ADE-2708): Evaluation of output 'total_noise_V' failed for point:'52' test:'OP'
\o 	Expression:'sqrt(totalNoise("noise" 0.01 100000000 nil))'
\o 	because of the following error(s)
\o 	*Error* expt: can't handle (nil**2).
\o Ensure that the definition of output is correct.
\o 
\o WARNING (OCN-6038): Results noise are not available for /home/saul/simulation/REF_GEN/REF_GEN_f_TB/adexl/results/data/MonteCarlo.2/51/OP/groupRunDataDir/psf/mc1_separate/052/. Use results() for a list of available results.
\o WARNING (OCN-6038): Results noise are not available for /home/saul/simulation/REF_GEN/REF_GEN_f_TB/adexl/results/data/MonteCarlo.2/51/OP/groupRunDataDir/psf/mc1_separate/052/. Use results() for a list of available results.
\e *Error* db: can't handle db(nil)
\e 
\e 
\o ERROR (ADE-2709): Evaluation of output 'output noise; V / sqrt(Hz)' returned 'nil' for point:'52' test:'OP'
\o 	Expression:'db(getData("out" ?result "noise"))'.
\o Ensure that the definition of output is correct.
\o 
\o WARNING (OCN-6038): Results xf are not available for /home/saul/simulation/REF_GEN/REF_GEN_f_TB/adexl/results/data/MonteCarlo.2/51/OP/groupRunDataDir/psf/mc1_separate/052/. Use results() for a list of available results.
\o WARNING (OCN-6038): Results xf are not available for /home/saul/simulation/REF_GEN/REF_GEN_f_TB/adexl/results/data/MonteCarlo.2/51/OP/groupRunDataDir/psf/mc1_separate/052/. Use results() for a list of available results.
\e *Error* db: can't handle db(nil)
\e 
\e 
\o ERROR (ADE-2709): Evaluation of output 'V/V /V0; xf dB20(V/V)' returned 'nil' for point:'52' test:'OP'
\o 	Expression:'db(getData("/V0" ?result "xf"))'.
\o Ensure that the definition of output is correct.
\o 
\o *Info*    Client has finished evaluating ... 
\o 
\o 
\o *Info*    Run complete for Point ID (16 52) on testbench [ OP ].
\o 
\o 
\o 
\o 
\o 
\o WARNING (OCN-6038): Results noise are not available for /home/saul/simulation/REF_GEN/REF_GEN_f_TB/adexl/results/data/MonteCarlo.2/51/OP/groupRunDataDir/psf/mc1_separate/053/. Use results() for a list of available results.
\o WARNING (OCN-6038): Results noise are not available for /home/saul/simulation/REF_GEN/REF_GEN_f_TB/adexl/results/data/MonteCarlo.2/51/OP/groupRunDataDir/psf/mc1_separate/053/. Use results() for a list of available results.
\e *Error* ("expt" 0 t nil ("*Error* expt: can't handle (nil**2)"))
\e 
\e 
\o ERROR (ADE-2708): Evaluation of output 'total_noise_V' failed for point:'53' test:'OP'
\o 	Expression:'sqrt(totalNoise("noise" 0.01 100000000 nil))'
\o 	because of the following error(s)
\o 	*Error* expt: can't handle (nil**2).
\o Ensure that the definition of output is correct.
\o 
\o WARNING (OCN-6038): Results noise are not available for /home/saul/simulation/REF_GEN/REF_GEN_f_TB/adexl/results/data/MonteCarlo.2/51/OP/groupRunDataDir/psf/mc1_separate/053/. Use results() for a list of available results.
\o WARNING (OCN-6038): Results noise are not available for /home/saul/simulation/REF_GEN/REF_GEN_f_TB/adexl/results/data/MonteCarlo.2/51/OP/groupRunDataDir/psf/mc1_separate/053/. Use results() for a list of available results.
\e *Error* db: can't handle db(nil)
\e 
\e 
\o ERROR (ADE-2709): Evaluation of output 'output noise; V / sqrt(Hz)' returned 'nil' for point:'53' test:'OP'
\o 	Expression:'db(getData("out" ?result "noise"))'.
\o Ensure that the definition of output is correct.
\o 
\o WARNING (OCN-6038): Results xf are not available for /home/saul/simulation/REF_GEN/REF_GEN_f_TB/adexl/results/data/MonteCarlo.2/51/OP/groupRunDataDir/psf/mc1_separate/053/. Use results() for a list of available results.
\o WARNING (OCN-6038): Results xf are not available for /home/saul/simulation/REF_GEN/REF_GEN_f_TB/adexl/results/data/MonteCarlo.2/51/OP/groupRunDataDir/psf/mc1_separate/053/. Use results() for a list of available results.
\e *Error* db: can't handle db(nil)
\e 
\e 
\o ERROR (ADE-2709): Evaluation of output 'V/V /V0; xf dB20(V/V)' returned 'nil' for point:'53' test:'OP'
\o 	Expression:'db(getData("/V0" ?result "xf"))'.
\o Ensure that the definition of output is correct.
\o 
\o *Info*    Client has finished evaluating ... 
\o 
\o 
\o *Info*    Run complete for Point ID (16 53) on testbench [ OP ].
\o 
\o 
\o 
\o 
\o 
\o WARNING (OCN-6038): Results noise are not available for /home/saul/simulation/REF_GEN/REF_GEN_f_TB/adexl/results/data/MonteCarlo.2/51/OP/groupRunDataDir/psf/mc1_separate/054/. Use results() for a list of available results.
\o WARNING (OCN-6038): Results noise are not available for /home/saul/simulation/REF_GEN/REF_GEN_f_TB/adexl/results/data/MonteCarlo.2/51/OP/groupRunDataDir/psf/mc1_separate/054/. Use results() for a list of available results.
\e *Error* ("expt" 0 t nil ("*Error* expt: can't handle (nil**2)"))
\e 
\e 
\o ERROR (ADE-2708): Evaluation of output 'total_noise_V' failed for point:'54' test:'OP'
\o 	Expression:'sqrt(totalNoise("noise" 0.01 100000000 nil))'
\o 	because of the following error(s)
\o 	*Error* expt: can't handle (nil**2).
\o Ensure that the definition of output is correct.
\o 
\o WARNING (OCN-6038): Results noise are not available for /home/saul/simulation/REF_GEN/REF_GEN_f_TB/adexl/results/data/MonteCarlo.2/51/OP/groupRunDataDir/psf/mc1_separate/054/. Use results() for a list of available results.
\o WARNING (OCN-6038): Results noise are not available for /home/saul/simulation/REF_GEN/REF_GEN_f_TB/adexl/results/data/MonteCarlo.2/51/OP/groupRunDataDir/psf/mc1_separate/054/. Use results() for a list of available results.
\e *Error* db: can't handle db(nil)
\e 
\e 
\o ERROR (ADE-2709): Evaluation of output 'output noise; V / sqrt(Hz)' returned 'nil' for point:'54' test:'OP'
\o 	Expression:'db(getData("out" ?result "noise"))'.
\o Ensure that the definition of output is correct.
\o 
\o WARNING (OCN-6038): Results xf are not available for /home/saul/simulation/REF_GEN/REF_GEN_f_TB/adexl/results/data/MonteCarlo.2/51/OP/groupRunDataDir/psf/mc1_separate/054/. Use results() for a list of available results.
\o WARNING (OCN-6038): Results xf are not available for /home/saul/simulation/REF_GEN/REF_GEN_f_TB/adexl/results/data/MonteCarlo.2/51/OP/groupRunDataDir/psf/mc1_separate/054/. Use results() for a list of available results.
\e *Error* db: can't handle db(nil)
\e 
\e 
\o ERROR (ADE-2709): Evaluation of output 'V/V /V0; xf dB20(V/V)' returned 'nil' for point:'54' test:'OP'
\o 	Expression:'db(getData("/V0" ?result "xf"))'.
\o Ensure that the definition of output is correct.
\o 
\o *Info*    Client has finished evaluating ... 
\o 
\o 
\o *Info*    Run complete for Point ID (16 54) on testbench [ OP ].
\o 
\o 
\o 
\o 
\o 
\o WARNING (OCN-6038): Results noise are not available for /home/saul/simulation/REF_GEN/REF_GEN_f_TB/adexl/results/data/MonteCarlo.2/51/OP/groupRunDataDir/psf/mc1_separate/055/. Use results() for a list of available results.
\o WARNING (OCN-6038): Results noise are not available for /home/saul/simulation/REF_GEN/REF_GEN_f_TB/adexl/results/data/MonteCarlo.2/51/OP/groupRunDataDir/psf/mc1_separate/055/. Use results() for a list of available results.
\e *Error* ("expt" 0 t nil ("*Error* expt: can't handle (nil**2)"))
\e 
\e 
\o ERROR (ADE-2708): Evaluation of output 'total_noise_V' failed for point:'55' test:'OP'
\o 	Expression:'sqrt(totalNoise("noise" 0.01 100000000 nil))'
\o 	because of the following error(s)
\o 	*Error* expt: can't handle (nil**2).
\o Ensure that the definition of output is correct.
\o 
\o WARNING (OCN-6038): Results noise are not available for /home/saul/simulation/REF_GEN/REF_GEN_f_TB/adexl/results/data/MonteCarlo.2/51/OP/groupRunDataDir/psf/mc1_separate/055/. Use results() for a list of available results.
\o WARNING (OCN-6038): Results noise are not available for /home/saul/simulation/REF_GEN/REF_GEN_f_TB/adexl/results/data/MonteCarlo.2/51/OP/groupRunDataDir/psf/mc1_separate/055/. Use results() for a list of available results.
\e *Error* db: can't handle db(nil)
\e 
\e 
\o ERROR (ADE-2709): Evaluation of output 'output noise; V / sqrt(Hz)' returned 'nil' for point:'55' test:'OP'
\o 	Expression:'db(getData("out" ?result "noise"))'.
\o Ensure that the definition of output is correct.
\o 
\o WARNING (OCN-6038): Results xf are not available for /home/saul/simulation/REF_GEN/REF_GEN_f_TB/adexl/results/data/MonteCarlo.2/51/OP/groupRunDataDir/psf/mc1_separate/055/. Use results() for a list of available results.
\o WARNING (OCN-6038): Results xf are not available for /home/saul/simulation/REF_GEN/REF_GEN_f_TB/adexl/results/data/MonteCarlo.2/51/OP/groupRunDataDir/psf/mc1_separate/055/. Use results() for a list of available results.
\e *Error* db: can't handle db(nil)
\e 
\e 
\o ERROR (ADE-2709): Evaluation of output 'V/V /V0; xf dB20(V/V)' returned 'nil' for point:'55' test:'OP'
\o 	Expression:'db(getData("/V0" ?result "xf"))'.
\o Ensure that the definition of output is correct.
\o 
\o *Info*    Client has finished evaluating ... 
\o 
\o 
\o *Info*    Run complete for Point ID (16 55) on testbench [ OP ].
\o 
\o 
\o 
\o 
\o 
\o WARNING (OCN-6038): Results noise are not available for /home/saul/simulation/REF_GEN/REF_GEN_f_TB/adexl/results/data/MonteCarlo.2/51/OP/groupRunDataDir/psf/mc1_separate/056/. Use results() for a list of available results.
\o WARNING (OCN-6038): Results noise are not available for /home/saul/simulation/REF_GEN/REF_GEN_f_TB/adexl/results/data/MonteCarlo.2/51/OP/groupRunDataDir/psf/mc1_separate/056/. Use results() for a list of available results.
\e *Error* ("expt" 0 t nil ("*Error* expt: can't handle (nil**2)"))
\e 
\e 
\o ERROR (ADE-2708): Evaluation of output 'total_noise_V' failed for point:'56' test:'OP'
\o 	Expression:'sqrt(totalNoise("noise" 0.01 100000000 nil))'
\o 	because of the following error(s)
\o 	*Error* expt: can't handle (nil**2).
\o Ensure that the definition of output is correct.
\o 
\o WARNING (OCN-6038): Results noise are not available for /home/saul/simulation/REF_GEN/REF_GEN_f_TB/adexl/results/data/MonteCarlo.2/51/OP/groupRunDataDir/psf/mc1_separate/056/. Use results() for a list of available results.
\o WARNING (OCN-6038): Results noise are not available for /home/saul/simulation/REF_GEN/REF_GEN_f_TB/adexl/results/data/MonteCarlo.2/51/OP/groupRunDataDir/psf/mc1_separate/056/. Use results() for a list of available results.
\e *Error* db: can't handle db(nil)
\e 
\e 
\o ERROR (ADE-2709): Evaluation of output 'output noise; V / sqrt(Hz)' returned 'nil' for point:'56' test:'OP'
\o 	Expression:'db(getData("out" ?result "noise"))'.
\o Ensure that the definition of output is correct.
\o 
\o WARNING (OCN-6038): Results xf are not available for /home/saul/simulation/REF_GEN/REF_GEN_f_TB/adexl/results/data/MonteCarlo.2/51/OP/groupRunDataDir/psf/mc1_separate/056/. Use results() for a list of available results.
\o WARNING (OCN-6038): Results xf are not available for /home/saul/simulation/REF_GEN/REF_GEN_f_TB/adexl/results/data/MonteCarlo.2/51/OP/groupRunDataDir/psf/mc1_separate/056/. Use results() for a list of available results.
\e *Error* db: can't handle db(nil)
\e 
\e 
\o ERROR (ADE-2709): Evaluation of output 'V/V /V0; xf dB20(V/V)' returned 'nil' for point:'56' test:'OP'
\o 	Expression:'db(getData("/V0" ?result "xf"))'.
\o Ensure that the definition of output is correct.
\o 
\o *Info*    Client has finished evaluating ... 
\o 
\o 
\o *Info*    Run complete for Point ID (16 56) on testbench [ OP ].
\o 
\o 
\o 
\o 
\o 
\o WARNING (OCN-6038): Results noise are not available for /home/saul/simulation/REF_GEN/REF_GEN_f_TB/adexl/results/data/MonteCarlo.2/51/OP/groupRunDataDir/psf/mc1_separate/057/. Use results() for a list of available results.
\o WARNING (OCN-6038): Results noise are not available for /home/saul/simulation/REF_GEN/REF_GEN_f_TB/adexl/results/data/MonteCarlo.2/51/OP/groupRunDataDir/psf/mc1_separate/057/. Use results() for a list of available results.
\e *Error* ("expt" 0 t nil ("*Error* expt: can't handle (nil**2)"))
\e 
\e 
\o ERROR (ADE-2708): Evaluation of output 'total_noise_V' failed for point:'57' test:'OP'
\o 	Expression:'sqrt(totalNoise("noise" 0.01 100000000 nil))'
\o 	because of the following error(s)
\o 	*Error* expt: can't handle (nil**2).
\o Ensure that the definition of output is correct.
\o 
\o WARNING (OCN-6038): Results noise are not available for /home/saul/simulation/REF_GEN/REF_GEN_f_TB/adexl/results/data/MonteCarlo.2/51/OP/groupRunDataDir/psf/mc1_separate/057/. Use results() for a list of available results.
\o WARNING (OCN-6038): Results noise are not available for /home/saul/simulation/REF_GEN/REF_GEN_f_TB/adexl/results/data/MonteCarlo.2/51/OP/groupRunDataDir/psf/mc1_separate/057/. Use results() for a list of available results.
\e *Error* db: can't handle db(nil)
\e 
\e 
\o ERROR (ADE-2709): Evaluation of output 'output noise; V / sqrt(Hz)' returned 'nil' for point:'57' test:'OP'
\o 	Expression:'db(getData("out" ?result "noise"))'.
\o Ensure that the definition of output is correct.
\o 
\o WARNING (OCN-6038): Results xf are not available for /home/saul/simulation/REF_GEN/REF_GEN_f_TB/adexl/results/data/MonteCarlo.2/51/OP/groupRunDataDir/psf/mc1_separate/057/. Use results() for a list of available results.
\o WARNING (OCN-6038): Results xf are not available for /home/saul/simulation/REF_GEN/REF_GEN_f_TB/adexl/results/data/MonteCarlo.2/51/OP/groupRunDataDir/psf/mc1_separate/057/. Use results() for a list of available results.
\e *Error* db: can't handle db(nil)
\e 
\e 
\o ERROR (ADE-2709): Evaluation of output 'V/V /V0; xf dB20(V/V)' returned 'nil' for point:'57' test:'OP'
\o 	Expression:'db(getData("/V0" ?result "xf"))'.
\o Ensure that the definition of output is correct.
\o 
\o *Info*    Client has finished evaluating ... 
\o 
\o 
\o *Info*    Run complete for Point ID (16 57) on testbench [ OP ].
\o 
\o 
\o 
\o 
\o 
\o WARNING (OCN-6038): Results noise are not available for /home/saul/simulation/REF_GEN/REF_GEN_f_TB/adexl/results/data/MonteCarlo.2/51/OP/groupRunDataDir/psf/mc1_separate/058/. Use results() for a list of available results.
\o WARNING (OCN-6038): Results noise are not available for /home/saul/simulation/REF_GEN/REF_GEN_f_TB/adexl/results/data/MonteCarlo.2/51/OP/groupRunDataDir/psf/mc1_separate/058/. Use results() for a list of available results.
\e *Error* ("expt" 0 t nil ("*Error* expt: can't handle (nil**2)"))
\e 
\e 
\o ERROR (ADE-2708): Evaluation of output 'total_noise_V' failed for point:'58' test:'OP'
\o 	Expression:'sqrt(totalNoise("noise" 0.01 100000000 nil))'
\o 	because of the following error(s)
\o 	*Error* expt: can't handle (nil**2).
\o Ensure that the definition of output is correct.
\o 
\o WARNING (OCN-6038): Results noise are not available for /home/saul/simulation/REF_GEN/REF_GEN_f_TB/adexl/results/data/MonteCarlo.2/51/OP/groupRunDataDir/psf/mc1_separate/058/. Use results() for a list of available results.
\o WARNING (OCN-6038): Results noise are not available for /home/saul/simulation/REF_GEN/REF_GEN_f_TB/adexl/results/data/MonteCarlo.2/51/OP/groupRunDataDir/psf/mc1_separate/058/. Use results() for a list of available results.
\e *Error* db: can't handle db(nil)
\e 
\e 
\o ERROR (ADE-2709): Evaluation of output 'output noise; V / sqrt(Hz)' returned 'nil' for point:'58' test:'OP'
\o 	Expression:'db(getData("out" ?result "noise"))'.
\o Ensure that the definition of output is correct.
\o 
\o WARNING (OCN-6038): Results xf are not available for /home/saul/simulation/REF_GEN/REF_GEN_f_TB/adexl/results/data/MonteCarlo.2/51/OP/groupRunDataDir/psf/mc1_separate/058/. Use results() for a list of available results.
\o WARNING (OCN-6038): Results xf are not available for /home/saul/simulation/REF_GEN/REF_GEN_f_TB/adexl/results/data/MonteCarlo.2/51/OP/groupRunDataDir/psf/mc1_separate/058/. Use results() for a list of available results.
\e *Error* db: can't handle db(nil)
\e 
\e 
\o ERROR (ADE-2709): Evaluation of output 'V/V /V0; xf dB20(V/V)' returned 'nil' for point:'58' test:'OP'
\o 	Expression:'db(getData("/V0" ?result "xf"))'.
\o Ensure that the definition of output is correct.
\o 
\o *Info*    Client has finished evaluating ... 
\o 
\o 
\o *Info*    Run complete for Point ID (16 58) on testbench [ OP ].
\o 
\o 
\o 
\o 
\o 
\o WARNING (OCN-6038): Results noise are not available for /home/saul/simulation/REF_GEN/REF_GEN_f_TB/adexl/results/data/MonteCarlo.2/51/OP/groupRunDataDir/psf/mc1_separate/059/. Use results() for a list of available results.
\o WARNING (OCN-6038): Results noise are not available for /home/saul/simulation/REF_GEN/REF_GEN_f_TB/adexl/results/data/MonteCarlo.2/51/OP/groupRunDataDir/psf/mc1_separate/059/. Use results() for a list of available results.
\e *Error* ("expt" 0 t nil ("*Error* expt: can't handle (nil**2)"))
\e 
\e 
\o ERROR (ADE-2708): Evaluation of output 'total_noise_V' failed for point:'59' test:'OP'
\o 	Expression:'sqrt(totalNoise("noise" 0.01 100000000 nil))'
\o 	because of the following error(s)
\o 	*Error* expt: can't handle (nil**2).
\o Ensure that the definition of output is correct.
\o 
\o WARNING (OCN-6038): Results noise are not available for /home/saul/simulation/REF_GEN/REF_GEN_f_TB/adexl/results/data/MonteCarlo.2/51/OP/groupRunDataDir/psf/mc1_separate/059/. Use results() for a list of available results.
\o WARNING (OCN-6038): Results noise are not available for /home/saul/simulation/REF_GEN/REF_GEN_f_TB/adexl/results/data/MonteCarlo.2/51/OP/groupRunDataDir/psf/mc1_separate/059/. Use results() for a list of available results.
\e *Error* db: can't handle db(nil)
\e 
\e 
\o ERROR (ADE-2709): Evaluation of output 'output noise; V / sqrt(Hz)' returned 'nil' for point:'59' test:'OP'
\o 	Expression:'db(getData("out" ?result "noise"))'.
\o Ensure that the definition of output is correct.
\o 
\o WARNING (OCN-6038): Results xf are not available for /home/saul/simulation/REF_GEN/REF_GEN_f_TB/adexl/results/data/MonteCarlo.2/51/OP/groupRunDataDir/psf/mc1_separate/059/. Use results() for a list of available results.
\o WARNING (OCN-6038): Results xf are not available for /home/saul/simulation/REF_GEN/REF_GEN_f_TB/adexl/results/data/MonteCarlo.2/51/OP/groupRunDataDir/psf/mc1_separate/059/. Use results() for a list of available results.
\e *Error* db: can't handle db(nil)
\e 
\e 
\o ERROR (ADE-2709): Evaluation of output 'V/V /V0; xf dB20(V/V)' returned 'nil' for point:'59' test:'OP'
\o 	Expression:'db(getData("/V0" ?result "xf"))'.
\o Ensure that the definition of output is correct.
\o 
\o *Info*    Client has finished evaluating ... 
\o 
\o 
\o *Info*    Run complete for Point ID (16 59) on testbench [ OP ].
\o 
\o 
\o 
\o 
\o 
\o WARNING (OCN-6038): Results noise are not available for /home/saul/simulation/REF_GEN/REF_GEN_f_TB/adexl/results/data/MonteCarlo.2/51/OP/groupRunDataDir/psf/mc1_separate/060/. Use results() for a list of available results.
\o WARNING (OCN-6038): Results noise are not available for /home/saul/simulation/REF_GEN/REF_GEN_f_TB/adexl/results/data/MonteCarlo.2/51/OP/groupRunDataDir/psf/mc1_separate/060/. Use results() for a list of available results.
\e *Error* ("expt" 0 t nil ("*Error* expt: can't handle (nil**2)"))
\e 
\e 
\o ERROR (ADE-2708): Evaluation of output 'total_noise_V' failed for point:'60' test:'OP'
\o 	Expression:'sqrt(totalNoise("noise" 0.01 100000000 nil))'
\o 	because of the following error(s)
\o 	*Error* expt: can't handle (nil**2).
\o Ensure that the definition of output is correct.
\o 
\o WARNING (OCN-6038): Results noise are not available for /home/saul/simulation/REF_GEN/REF_GEN_f_TB/adexl/results/data/MonteCarlo.2/51/OP/groupRunDataDir/psf/mc1_separate/060/. Use results() for a list of available results.
\o WARNING (OCN-6038): Results noise are not available for /home/saul/simulation/REF_GEN/REF_GEN_f_TB/adexl/results/data/MonteCarlo.2/51/OP/groupRunDataDir/psf/mc1_separate/060/. Use results() for a list of available results.
\e *Error* db: can't handle db(nil)
\e 
\e 
\o ERROR (ADE-2709): Evaluation of output 'output noise; V / sqrt(Hz)' returned 'nil' for point:'60' test:'OP'
\o 	Expression:'db(getData("out" ?result "noise"))'.
\o Ensure that the definition of output is correct.
\o 
\o WARNING (OCN-6038): Results xf are not available for /home/saul/simulation/REF_GEN/REF_GEN_f_TB/adexl/results/data/MonteCarlo.2/51/OP/groupRunDataDir/psf/mc1_separate/060/. Use results() for a list of available results.
\o WARNING (OCN-6038): Results xf are not available for /home/saul/simulation/REF_GEN/REF_GEN_f_TB/adexl/results/data/MonteCarlo.2/51/OP/groupRunDataDir/psf/mc1_separate/060/. Use results() for a list of available results.
\e *Error* db: can't handle db(nil)
\e 
\e 
\o ERROR (ADE-2709): Evaluation of output 'V/V /V0; xf dB20(V/V)' returned 'nil' for point:'60' test:'OP'
\o 	Expression:'db(getData("/V0" ?result "xf"))'.
\o Ensure that the definition of output is correct.
\o 
\o *Info*    Client has finished evaluating ... 
\o 
\o 
\o *Info*    Run complete for Point ID (16 60) on testbench [ OP ].
\o 
\o 
\o 
\o 
\o 
\# Memory report: using         568 MB, process size 2,461 MB at UTC 2026.06.21 21:30:53.088
\o WARNING (OCN-6038): Results noise are not available for /home/saul/simulation/REF_GEN/REF_GEN_f_TB/adexl/results/data/MonteCarlo.2/51/OP/groupRunDataDir/psf/mc1_separate/061/. Use results() for a list of available results.
\o WARNING (OCN-6038): Results noise are not available for /home/saul/simulation/REF_GEN/REF_GEN_f_TB/adexl/results/data/MonteCarlo.2/51/OP/groupRunDataDir/psf/mc1_separate/061/. Use results() for a list of available results.
\e *Error* ("expt" 0 t nil ("*Error* expt: can't handle (nil**2)"))
\e 
\e 
\o ERROR (ADE-2708): Evaluation of output 'total_noise_V' failed for point:'61' test:'OP'
\o 	Expression:'sqrt(totalNoise("noise" 0.01 100000000 nil))'
\o 	because of the following error(s)
\o 	*Error* expt: can't handle (nil**2).
\o Ensure that the definition of output is correct.
\o 
\o WARNING (OCN-6038): Results noise are not available for /home/saul/simulation/REF_GEN/REF_GEN_f_TB/adexl/results/data/MonteCarlo.2/51/OP/groupRunDataDir/psf/mc1_separate/061/. Use results() for a list of available results.
\o WARNING (OCN-6038): Results noise are not available for /home/saul/simulation/REF_GEN/REF_GEN_f_TB/adexl/results/data/MonteCarlo.2/51/OP/groupRunDataDir/psf/mc1_separate/061/. Use results() for a list of available results.
\e *Error* db: can't handle db(nil)
\e 
\e 
\o ERROR (ADE-2709): Evaluation of output 'output noise; V / sqrt(Hz)' returned 'nil' for point:'61' test:'OP'
\o 	Expression:'db(getData("out" ?result "noise"))'.
\o Ensure that the definition of output is correct.
\o 
\o WARNING (OCN-6038): Results xf are not available for /home/saul/simulation/REF_GEN/REF_GEN_f_TB/adexl/results/data/MonteCarlo.2/51/OP/groupRunDataDir/psf/mc1_separate/061/. Use results() for a list of available results.
\o WARNING (OCN-6038): Results xf are not available for /home/saul/simulation/REF_GEN/REF_GEN_f_TB/adexl/results/data/MonteCarlo.2/51/OP/groupRunDataDir/psf/mc1_separate/061/. Use results() for a list of available results.
\e *Error* db: can't handle db(nil)
\e 
\e 
\o ERROR (ADE-2709): Evaluation of output 'V/V /V0; xf dB20(V/V)' returned 'nil' for point:'61' test:'OP'
\o 	Expression:'db(getData("/V0" ?result "xf"))'.
\o Ensure that the definition of output is correct.
\o 
\o *Info*    Client has finished evaluating ... 
\o 
\o 
\o *Info*    Run complete for Point ID (16 61) on testbench [ OP ].
\o 
\o 
\o 
\o 
\o 
\o WARNING (OCN-6038): Results noise are not available for /home/saul/simulation/REF_GEN/REF_GEN_f_TB/adexl/results/data/MonteCarlo.2/51/OP/groupRunDataDir/psf/mc1_separate/062/. Use results() for a list of available results.
\o WARNING (OCN-6038): Results noise are not available for /home/saul/simulation/REF_GEN/REF_GEN_f_TB/adexl/results/data/MonteCarlo.2/51/OP/groupRunDataDir/psf/mc1_separate/062/. Use results() for a list of available results.
\e *Error* ("expt" 0 t nil ("*Error* expt: can't handle (nil**2)"))
\e 
\e 
\o ERROR (ADE-2708): Evaluation of output 'total_noise_V' failed for point:'62' test:'OP'
\o 	Expression:'sqrt(totalNoise("noise" 0.01 100000000 nil))'
\o 	because of the following error(s)
\o 	*Error* expt: can't handle (nil**2).
\o Ensure that the definition of output is correct.
\o 
\o WARNING (OCN-6038): Results noise are not available for /home/saul/simulation/REF_GEN/REF_GEN_f_TB/adexl/results/data/MonteCarlo.2/51/OP/groupRunDataDir/psf/mc1_separate/062/. Use results() for a list of available results.
\o WARNING (OCN-6038): Results noise are not available for /home/saul/simulation/REF_GEN/REF_GEN_f_TB/adexl/results/data/MonteCarlo.2/51/OP/groupRunDataDir/psf/mc1_separate/062/. Use results() for a list of available results.
\e *Error* db: can't handle db(nil)
\e 
\e 
\o ERROR (ADE-2709): Evaluation of output 'output noise; V / sqrt(Hz)' returned 'nil' for point:'62' test:'OP'
\o 	Expression:'db(getData("out" ?result "noise"))'.
\o Ensure that the definition of output is correct.
\o 
\o WARNING (OCN-6038): Results xf are not available for /home/saul/simulation/REF_GEN/REF_GEN_f_TB/adexl/results/data/MonteCarlo.2/51/OP/groupRunDataDir/psf/mc1_separate/062/. Use results() for a list of available results.
\o WARNING (OCN-6038): Results xf are not available for /home/saul/simulation/REF_GEN/REF_GEN_f_TB/adexl/results/data/MonteCarlo.2/51/OP/groupRunDataDir/psf/mc1_separate/062/. Use results() for a list of available results.
\e *Error* db: can't handle db(nil)
\e 
\e 
\o ERROR (ADE-2709): Evaluation of output 'V/V /V0; xf dB20(V/V)' returned 'nil' for point:'62' test:'OP'
\o 	Expression:'db(getData("/V0" ?result "xf"))'.
\o Ensure that the definition of output is correct.
\o 
\o *Info*    Client has finished evaluating ... 
\o 
\o 
\o *Info*    Run complete for Point ID (16 62) on testbench [ OP ].
\o 
\o 
\o 
\o 
\o 
\o WARNING (OCN-6038): Results noise are not available for /home/saul/simulation/REF_GEN/REF_GEN_f_TB/adexl/results/data/MonteCarlo.2/51/OP/groupRunDataDir/psf/mc1_separate/063/. Use results() for a list of available results.
\o WARNING (OCN-6038): Results noise are not available for /home/saul/simulation/REF_GEN/REF_GEN_f_TB/adexl/results/data/MonteCarlo.2/51/OP/groupRunDataDir/psf/mc1_separate/063/. Use results() for a list of available results.
\e *Error* ("expt" 0 t nil ("*Error* expt: can't handle (nil**2)"))
\e 
\e 
\o ERROR (ADE-2708): Evaluation of output 'total_noise_V' failed for point:'63' test:'OP'
\o 	Expression:'sqrt(totalNoise("noise" 0.01 100000000 nil))'
\o 	because of the following error(s)
\o 	*Error* expt: can't handle (nil**2).
\o Ensure that the definition of output is correct.
\o 
\o WARNING (OCN-6038): Results noise are not available for /home/saul/simulation/REF_GEN/REF_GEN_f_TB/adexl/results/data/MonteCarlo.2/51/OP/groupRunDataDir/psf/mc1_separate/063/. Use results() for a list of available results.
\o WARNING (OCN-6038): Results noise are not available for /home/saul/simulation/REF_GEN/REF_GEN_f_TB/adexl/results/data/MonteCarlo.2/51/OP/groupRunDataDir/psf/mc1_separate/063/. Use results() for a list of available results.
\e *Error* db: can't handle db(nil)
\e 
\e 
\o ERROR (ADE-2709): Evaluation of output 'output noise; V / sqrt(Hz)' returned 'nil' for point:'63' test:'OP'
\o 	Expression:'db(getData("out" ?result "noise"))'.
\o Ensure that the definition of output is correct.
\o 
\o WARNING (OCN-6038): Results xf are not available for /home/saul/simulation/REF_GEN/REF_GEN_f_TB/adexl/results/data/MonteCarlo.2/51/OP/groupRunDataDir/psf/mc1_separate/063/. Use results() for a list of available results.
\o WARNING (OCN-6038): Results xf are not available for /home/saul/simulation/REF_GEN/REF_GEN_f_TB/adexl/results/data/MonteCarlo.2/51/OP/groupRunDataDir/psf/mc1_separate/063/. Use results() for a list of available results.
\e *Error* db: can't handle db(nil)
\e 
\e 
\o ERROR (ADE-2709): Evaluation of output 'V/V /V0; xf dB20(V/V)' returned 'nil' for point:'63' test:'OP'
\o 	Expression:'db(getData("/V0" ?result "xf"))'.
\o Ensure that the definition of output is correct.
\o 
\o *Info*    Client has finished evaluating ... 
\o 
\o 
\o *Info*    Run complete for Point ID (16 63) on testbench [ OP ].
\o 
\o 
\o 
\o 
\o 
\o WARNING (OCN-6038): Results noise are not available for /home/saul/simulation/REF_GEN/REF_GEN_f_TB/adexl/results/data/MonteCarlo.2/51/OP/groupRunDataDir/psf/mc1_separate/064/. Use results() for a list of available results.
\o WARNING (OCN-6038): Results noise are not available for /home/saul/simulation/REF_GEN/REF_GEN_f_TB/adexl/results/data/MonteCarlo.2/51/OP/groupRunDataDir/psf/mc1_separate/064/. Use results() for a list of available results.
\e *Error* ("expt" 0 t nil ("*Error* expt: can't handle (nil**2)"))
\e 
\e 
\o ERROR (ADE-2708): Evaluation of output 'total_noise_V' failed for point:'64' test:'OP'
\o 	Expression:'sqrt(totalNoise("noise" 0.01 100000000 nil))'
\o 	because of the following error(s)
\o 	*Error* expt: can't handle (nil**2).
\o Ensure that the definition of output is correct.
\o 
\o WARNING (OCN-6038): Results noise are not available for /home/saul/simulation/REF_GEN/REF_GEN_f_TB/adexl/results/data/MonteCarlo.2/51/OP/groupRunDataDir/psf/mc1_separate/064/. Use results() for a list of available results.
\o WARNING (OCN-6038): Results noise are not available for /home/saul/simulation/REF_GEN/REF_GEN_f_TB/adexl/results/data/MonteCarlo.2/51/OP/groupRunDataDir/psf/mc1_separate/064/. Use results() for a list of available results.
\e *Error* db: can't handle db(nil)
\e 
\e 
\o ERROR (ADE-2709): Evaluation of output 'output noise; V / sqrt(Hz)' returned 'nil' for point:'64' test:'OP'
\o 	Expression:'db(getData("out" ?result "noise"))'.
\o Ensure that the definition of output is correct.
\o 
\o WARNING (OCN-6038): Results xf are not available for /home/saul/simulation/REF_GEN/REF_GEN_f_TB/adexl/results/data/MonteCarlo.2/51/OP/groupRunDataDir/psf/mc1_separate/064/. Use results() for a list of available results.
\o WARNING (OCN-6038): Results xf are not available for /home/saul/simulation/REF_GEN/REF_GEN_f_TB/adexl/results/data/MonteCarlo.2/51/OP/groupRunDataDir/psf/mc1_separate/064/. Use results() for a list of available results.
\e *Error* db: can't handle db(nil)
\e 
\e 
\o ERROR (ADE-2709): Evaluation of output 'V/V /V0; xf dB20(V/V)' returned 'nil' for point:'64' test:'OP'
\o 	Expression:'db(getData("/V0" ?result "xf"))'.
\o Ensure that the definition of output is correct.
\o 
\o *Info*    Client has finished evaluating ... 
\o 
\o 
\o *Info*    Run complete for Point ID (16 64) on testbench [ OP ].
\o 
\o 
\o 
\o 
\o 
\o WARNING (OCN-6038): Results noise are not available for /home/saul/simulation/REF_GEN/REF_GEN_f_TB/adexl/results/data/MonteCarlo.2/51/OP/groupRunDataDir/psf/mc1_separate/065/. Use results() for a list of available results.
\o WARNING (OCN-6038): Results noise are not available for /home/saul/simulation/REF_GEN/REF_GEN_f_TB/adexl/results/data/MonteCarlo.2/51/OP/groupRunDataDir/psf/mc1_separate/065/. Use results() for a list of available results.
\e *Error* ("expt" 0 t nil ("*Error* expt: can't handle (nil**2)"))
\e 
\e 
\o ERROR (ADE-2708): Evaluation of output 'total_noise_V' failed for point:'65' test:'OP'
\o 	Expression:'sqrt(totalNoise("noise" 0.01 100000000 nil))'
\o 	because of the following error(s)
\o 	*Error* expt: can't handle (nil**2).
\o Ensure that the definition of output is correct.
\o 
\o WARNING (OCN-6038): Results noise are not available for /home/saul/simulation/REF_GEN/REF_GEN_f_TB/adexl/results/data/MonteCarlo.2/51/OP/groupRunDataDir/psf/mc1_separate/065/. Use results() for a list of available results.
\o WARNING (OCN-6038): Results noise are not available for /home/saul/simulation/REF_GEN/REF_GEN_f_TB/adexl/results/data/MonteCarlo.2/51/OP/groupRunDataDir/psf/mc1_separate/065/. Use results() for a list of available results.
\e *Error* db: can't handle db(nil)
\e 
\e 
\o ERROR (ADE-2709): Evaluation of output 'output noise; V / sqrt(Hz)' returned 'nil' for point:'65' test:'OP'
\o 	Expression:'db(getData("out" ?result "noise"))'.
\o Ensure that the definition of output is correct.
\o 
\o WARNING (OCN-6038): Results xf are not available for /home/saul/simulation/REF_GEN/REF_GEN_f_TB/adexl/results/data/MonteCarlo.2/51/OP/groupRunDataDir/psf/mc1_separate/065/. Use results() for a list of available results.
\o WARNING (OCN-6038): Results xf are not available for /home/saul/simulation/REF_GEN/REF_GEN_f_TB/adexl/results/data/MonteCarlo.2/51/OP/groupRunDataDir/psf/mc1_separate/065/. Use results() for a list of available results.
\e *Error* db: can't handle db(nil)
\e 
\e 
\o ERROR (ADE-2709): Evaluation of output 'V/V /V0; xf dB20(V/V)' returned 'nil' for point:'65' test:'OP'
\o 	Expression:'db(getData("/V0" ?result "xf"))'.
\o Ensure that the definition of output is correct.
\o 
\o *Info*    Client has finished evaluating ... 
\o 
\o 
\o *Info*    Run complete for Point ID (16 65) on testbench [ OP ].
\o 
\o 
\o 
\o 
\o 
\o WARNING (OCN-6038): Results noise are not available for /home/saul/simulation/REF_GEN/REF_GEN_f_TB/adexl/results/data/MonteCarlo.2/51/OP/groupRunDataDir/psf/mc1_separate/066/. Use results() for a list of available results.
\o WARNING (OCN-6038): Results noise are not available for /home/saul/simulation/REF_GEN/REF_GEN_f_TB/adexl/results/data/MonteCarlo.2/51/OP/groupRunDataDir/psf/mc1_separate/066/. Use results() for a list of available results.
\e *Error* ("expt" 0 t nil ("*Error* expt: can't handle (nil**2)"))
\e 
\e 
\o ERROR (ADE-2708): Evaluation of output 'total_noise_V' failed for point:'66' test:'OP'
\o 	Expression:'sqrt(totalNoise("noise" 0.01 100000000 nil))'
\o 	because of the following error(s)
\o 	*Error* expt: can't handle (nil**2).
\o Ensure that the definition of output is correct.
\o 
\o WARNING (OCN-6038): Results noise are not available for /home/saul/simulation/REF_GEN/REF_GEN_f_TB/adexl/results/data/MonteCarlo.2/51/OP/groupRunDataDir/psf/mc1_separate/066/. Use results() for a list of available results.
\o WARNING (OCN-6038): Results noise are not available for /home/saul/simulation/REF_GEN/REF_GEN_f_TB/adexl/results/data/MonteCarlo.2/51/OP/groupRunDataDir/psf/mc1_separate/066/. Use results() for a list of available results.
\e *Error* db: can't handle db(nil)
\e 
\e 
\o ERROR (ADE-2709): Evaluation of output 'output noise; V / sqrt(Hz)' returned 'nil' for point:'66' test:'OP'
\o 	Expression:'db(getData("out" ?result "noise"))'.
\o Ensure that the definition of output is correct.
\o 
\o WARNING (OCN-6038): Results xf are not available for /home/saul/simulation/REF_GEN/REF_GEN_f_TB/adexl/results/data/MonteCarlo.2/51/OP/groupRunDataDir/psf/mc1_separate/066/. Use results() for a list of available results.
\o WARNING (OCN-6038): Results xf are not available for /home/saul/simulation/REF_GEN/REF_GEN_f_TB/adexl/results/data/MonteCarlo.2/51/OP/groupRunDataDir/psf/mc1_separate/066/. Use results() for a list of available results.
\e *Error* db: can't handle db(nil)
\e 
\e 
\o ERROR (ADE-2709): Evaluation of output 'V/V /V0; xf dB20(V/V)' returned 'nil' for point:'66' test:'OP'
\o 	Expression:'db(getData("/V0" ?result "xf"))'.
\o Ensure that the definition of output is correct.
\o 
\o *Info*    Client has finished evaluating ... 
\o 
\o 
\o *Info*    Run complete for Point ID (16 66) on testbench [ OP ].
\o 
\o 
\o 
\o 
\o 
\o WARNING (OCN-6038): Results noise are not available for /home/saul/simulation/REF_GEN/REF_GEN_f_TB/adexl/results/data/MonteCarlo.2/51/OP/groupRunDataDir/psf/mc1_separate/067/. Use results() for a list of available results.
\o WARNING (OCN-6038): Results noise are not available for /home/saul/simulation/REF_GEN/REF_GEN_f_TB/adexl/results/data/MonteCarlo.2/51/OP/groupRunDataDir/psf/mc1_separate/067/. Use results() for a list of available results.
\e *Error* ("expt" 0 t nil ("*Error* expt: can't handle (nil**2)"))
\e 
\e 
\o ERROR (ADE-2708): Evaluation of output 'total_noise_V' failed for point:'67' test:'OP'
\o 	Expression:'sqrt(totalNoise("noise" 0.01 100000000 nil))'
\o 	because of the following error(s)
\o 	*Error* expt: can't handle (nil**2).
\o Ensure that the definition of output is correct.
\o 
\o WARNING (OCN-6038): Results noise are not available for /home/saul/simulation/REF_GEN/REF_GEN_f_TB/adexl/results/data/MonteCarlo.2/51/OP/groupRunDataDir/psf/mc1_separate/067/. Use results() for a list of available results.
\o WARNING (OCN-6038): Results noise are not available for /home/saul/simulation/REF_GEN/REF_GEN_f_TB/adexl/results/data/MonteCarlo.2/51/OP/groupRunDataDir/psf/mc1_separate/067/. Use results() for a list of available results.
\e *Error* db: can't handle db(nil)
\e 
\e 
\o ERROR (ADE-2709): Evaluation of output 'output noise; V / sqrt(Hz)' returned 'nil' for point:'67' test:'OP'
\o 	Expression:'db(getData("out" ?result "noise"))'.
\o Ensure that the definition of output is correct.
\o 
\o WARNING (OCN-6038): Results xf are not available for /home/saul/simulation/REF_GEN/REF_GEN_f_TB/adexl/results/data/MonteCarlo.2/51/OP/groupRunDataDir/psf/mc1_separate/067/. Use results() for a list of available results.
\o WARNING (OCN-6038): Results xf are not available for /home/saul/simulation/REF_GEN/REF_GEN_f_TB/adexl/results/data/MonteCarlo.2/51/OP/groupRunDataDir/psf/mc1_separate/067/. Use results() for a list of available results.
\e *Error* db: can't handle db(nil)
\e 
\e 
\o ERROR (ADE-2709): Evaluation of output 'V/V /V0; xf dB20(V/V)' returned 'nil' for point:'67' test:'OP'
\o 	Expression:'db(getData("/V0" ?result "xf"))'.
\o Ensure that the definition of output is correct.
\o 
\o *Info*    Client has finished evaluating ... 
\o 
\o 
\o *Info*    Run complete for Point ID (16 67) on testbench [ OP ].
\o 
\o 
\o 
\o 
\o 
\o WARNING (OCN-6038): Results noise are not available for /home/saul/simulation/REF_GEN/REF_GEN_f_TB/adexl/results/data/MonteCarlo.2/51/OP/groupRunDataDir/psf/mc1_separate/068/. Use results() for a list of available results.
\o WARNING (OCN-6038): Results noise are not available for /home/saul/simulation/REF_GEN/REF_GEN_f_TB/adexl/results/data/MonteCarlo.2/51/OP/groupRunDataDir/psf/mc1_separate/068/. Use results() for a list of available results.
\e *Error* ("expt" 0 t nil ("*Error* expt: can't handle (nil**2)"))
\e 
\e 
\o ERROR (ADE-2708): Evaluation of output 'total_noise_V' failed for point:'68' test:'OP'
\o 	Expression:'sqrt(totalNoise("noise" 0.01 100000000 nil))'
\o 	because of the following error(s)
\o 	*Error* expt: can't handle (nil**2).
\o Ensure that the definition of output is correct.
\o 
\o WARNING (OCN-6038): Results noise are not available for /home/saul/simulation/REF_GEN/REF_GEN_f_TB/adexl/results/data/MonteCarlo.2/51/OP/groupRunDataDir/psf/mc1_separate/068/. Use results() for a list of available results.
\o WARNING (OCN-6038): Results noise are not available for /home/saul/simulation/REF_GEN/REF_GEN_f_TB/adexl/results/data/MonteCarlo.2/51/OP/groupRunDataDir/psf/mc1_separate/068/. Use results() for a list of available results.
\e *Error* db: can't handle db(nil)
\e 
\e 
\o ERROR (ADE-2709): Evaluation of output 'output noise; V / sqrt(Hz)' returned 'nil' for point:'68' test:'OP'
\o 	Expression:'db(getData("out" ?result "noise"))'.
\o Ensure that the definition of output is correct.
\o 
\o WARNING (OCN-6038): Results xf are not available for /home/saul/simulation/REF_GEN/REF_GEN_f_TB/adexl/results/data/MonteCarlo.2/51/OP/groupRunDataDir/psf/mc1_separate/068/. Use results() for a list of available results.
\o WARNING (OCN-6038): Results xf are not available for /home/saul/simulation/REF_GEN/REF_GEN_f_TB/adexl/results/data/MonteCarlo.2/51/OP/groupRunDataDir/psf/mc1_separate/068/. Use results() for a list of available results.
\e *Error* db: can't handle db(nil)
\e 
\e 
\o ERROR (ADE-2709): Evaluation of output 'V/V /V0; xf dB20(V/V)' returned 'nil' for point:'68' test:'OP'
\o 	Expression:'db(getData("/V0" ?result "xf"))'.
\o Ensure that the definition of output is correct.
\o 
\o *Info*    Client has finished evaluating ... 
\o 
\o 
\o *Info*    Run complete for Point ID (16 68) on testbench [ OP ].
\o 
\o 
\o 
\o 
\o 
\o WARNING (OCN-6038): Results noise are not available for /home/saul/simulation/REF_GEN/REF_GEN_f_TB/adexl/results/data/MonteCarlo.2/51/OP/groupRunDataDir/psf/mc1_separate/069/. Use results() for a list of available results.
\o WARNING (OCN-6038): Results noise are not available for /home/saul/simulation/REF_GEN/REF_GEN_f_TB/adexl/results/data/MonteCarlo.2/51/OP/groupRunDataDir/psf/mc1_separate/069/. Use results() for a list of available results.
\e *Error* ("expt" 0 t nil ("*Error* expt: can't handle (nil**2)"))
\e 
\e 
\o ERROR (ADE-2708): Evaluation of output 'total_noise_V' failed for point:'69' test:'OP'
\o 	Expression:'sqrt(totalNoise("noise" 0.01 100000000 nil))'
\o 	because of the following error(s)
\o 	*Error* expt: can't handle (nil**2).
\o Ensure that the definition of output is correct.
\o 
\o WARNING (OCN-6038): Results noise are not available for /home/saul/simulation/REF_GEN/REF_GEN_f_TB/adexl/results/data/MonteCarlo.2/51/OP/groupRunDataDir/psf/mc1_separate/069/. Use results() for a list of available results.
\o WARNING (OCN-6038): Results noise are not available for /home/saul/simulation/REF_GEN/REF_GEN_f_TB/adexl/results/data/MonteCarlo.2/51/OP/groupRunDataDir/psf/mc1_separate/069/. Use results() for a list of available results.
\e *Error* db: can't handle db(nil)
\e 
\e 
\o ERROR (ADE-2709): Evaluation of output 'output noise; V / sqrt(Hz)' returned 'nil' for point:'69' test:'OP'
\o 	Expression:'db(getData("out" ?result "noise"))'.
\o Ensure that the definition of output is correct.
\o 
\o WARNING (OCN-6038): Results xf are not available for /home/saul/simulation/REF_GEN/REF_GEN_f_TB/adexl/results/data/MonteCarlo.2/51/OP/groupRunDataDir/psf/mc1_separate/069/. Use results() for a list of available results.
\o WARNING (OCN-6038): Results xf are not available for /home/saul/simulation/REF_GEN/REF_GEN_f_TB/adexl/results/data/MonteCarlo.2/51/OP/groupRunDataDir/psf/mc1_separate/069/. Use results() for a list of available results.
\e *Error* db: can't handle db(nil)
\e 
\e 
\o ERROR (ADE-2709): Evaluation of output 'V/V /V0; xf dB20(V/V)' returned 'nil' for point:'69' test:'OP'
\o 	Expression:'db(getData("/V0" ?result "xf"))'.
\o Ensure that the definition of output is correct.
\o 
\o *Info*    Client has finished evaluating ... 
\o 
\o 
\o *Info*    Run complete for Point ID (16 69) on testbench [ OP ].
\o 
\o 
\o 
\o 
\o 
\o WARNING (OCN-6038): Results noise are not available for /home/saul/simulation/REF_GEN/REF_GEN_f_TB/adexl/results/data/MonteCarlo.2/51/OP/groupRunDataDir/psf/mc1_separate/070/. Use results() for a list of available results.
\o WARNING (OCN-6038): Results noise are not available for /home/saul/simulation/REF_GEN/REF_GEN_f_TB/adexl/results/data/MonteCarlo.2/51/OP/groupRunDataDir/psf/mc1_separate/070/. Use results() for a list of available results.
\e *Error* ("expt" 0 t nil ("*Error* expt: can't handle (nil**2)"))
\e 
\e 
\o ERROR (ADE-2708): Evaluation of output 'total_noise_V' failed for point:'70' test:'OP'
\o 	Expression:'sqrt(totalNoise("noise" 0.01 100000000 nil))'
\o 	because of the following error(s)
\o 	*Error* expt: can't handle (nil**2).
\o Ensure that the definition of output is correct.
\o 
\o WARNING (OCN-6038): Results noise are not available for /home/saul/simulation/REF_GEN/REF_GEN_f_TB/adexl/results/data/MonteCarlo.2/51/OP/groupRunDataDir/psf/mc1_separate/070/. Use results() for a list of available results.
\o WARNING (OCN-6038): Results noise are not available for /home/saul/simulation/REF_GEN/REF_GEN_f_TB/adexl/results/data/MonteCarlo.2/51/OP/groupRunDataDir/psf/mc1_separate/070/. Use results() for a list of available results.
\e *Error* db: can't handle db(nil)
\e 
\e 
\o ERROR (ADE-2709): Evaluation of output 'output noise; V / sqrt(Hz)' returned 'nil' for point:'70' test:'OP'
\o 	Expression:'db(getData("out" ?result "noise"))'.
\o Ensure that the definition of output is correct.
\o 
\o WARNING (OCN-6038): Results xf are not available for /home/saul/simulation/REF_GEN/REF_GEN_f_TB/adexl/results/data/MonteCarlo.2/51/OP/groupRunDataDir/psf/mc1_separate/070/. Use results() for a list of available results.
\o WARNING (OCN-6038): Results xf are not available for /home/saul/simulation/REF_GEN/REF_GEN_f_TB/adexl/results/data/MonteCarlo.2/51/OP/groupRunDataDir/psf/mc1_separate/070/. Use results() for a list of available results.
\e *Error* db: can't handle db(nil)
\e 
\e 
\o ERROR (ADE-2709): Evaluation of output 'V/V /V0; xf dB20(V/V)' returned 'nil' for point:'70' test:'OP'
\o 	Expression:'db(getData("/V0" ?result "xf"))'.
\o Ensure that the definition of output is correct.
\o 
\o *Info*    Client has finished evaluating ... 
\o 
\o 
\o *Info*    Run complete for Point ID (16 70) on testbench [ OP ].
\o 
\o 
\o 
\o 
\o 
\o WARNING (OCN-6038): Results noise are not available for /home/saul/simulation/REF_GEN/REF_GEN_f_TB/adexl/results/data/MonteCarlo.2/51/OP/groupRunDataDir/psf/mc1_separate/071/. Use results() for a list of available results.
\o WARNING (OCN-6038): Results noise are not available for /home/saul/simulation/REF_GEN/REF_GEN_f_TB/adexl/results/data/MonteCarlo.2/51/OP/groupRunDataDir/psf/mc1_separate/071/. Use results() for a list of available results.
\e *Error* ("expt" 0 t nil ("*Error* expt: can't handle (nil**2)"))
\e 
\e 
\o ERROR (ADE-2708): Evaluation of output 'total_noise_V' failed for point:'71' test:'OP'
\o 	Expression:'sqrt(totalNoise("noise" 0.01 100000000 nil))'
\o 	because of the following error(s)
\o 	*Error* expt: can't handle (nil**2).
\o Ensure that the definition of output is correct.
\o 
\o WARNING (OCN-6038): Results noise are not available for /home/saul/simulation/REF_GEN/REF_GEN_f_TB/adexl/results/data/MonteCarlo.2/51/OP/groupRunDataDir/psf/mc1_separate/071/. Use results() for a list of available results.
\o WARNING (OCN-6038): Results noise are not available for /home/saul/simulation/REF_GEN/REF_GEN_f_TB/adexl/results/data/MonteCarlo.2/51/OP/groupRunDataDir/psf/mc1_separate/071/. Use results() for a list of available results.
\e *Error* db: can't handle db(nil)
\e 
\e 
\o ERROR (ADE-2709): Evaluation of output 'output noise; V / sqrt(Hz)' returned 'nil' for point:'71' test:'OP'
\o 	Expression:'db(getData("out" ?result "noise"))'.
\o Ensure that the definition of output is correct.
\o 
\o WARNING (OCN-6038): Results xf are not available for /home/saul/simulation/REF_GEN/REF_GEN_f_TB/adexl/results/data/MonteCarlo.2/51/OP/groupRunDataDir/psf/mc1_separate/071/. Use results() for a list of available results.
\o WARNING (OCN-6038): Results xf are not available for /home/saul/simulation/REF_GEN/REF_GEN_f_TB/adexl/results/data/MonteCarlo.2/51/OP/groupRunDataDir/psf/mc1_separate/071/. Use results() for a list of available results.
\e *Error* db: can't handle db(nil)
\e 
\e 
\o ERROR (ADE-2709): Evaluation of output 'V/V /V0; xf dB20(V/V)' returned 'nil' for point:'71' test:'OP'
\o 	Expression:'db(getData("/V0" ?result "xf"))'.
\o Ensure that the definition of output is correct.
\o 
\o *Info*    Client has finished evaluating ... 
\o 
\o 
\o *Info*    Run complete for Point ID (16 71) on testbench [ OP ].
\o 
\o 
\o 
\o 
\o 
\o WARNING (OCN-6038): Results noise are not available for /home/saul/simulation/REF_GEN/REF_GEN_f_TB/adexl/results/data/MonteCarlo.2/51/OP/groupRunDataDir/psf/mc1_separate/072/. Use results() for a list of available results.
\o WARNING (OCN-6038): Results noise are not available for /home/saul/simulation/REF_GEN/REF_GEN_f_TB/adexl/results/data/MonteCarlo.2/51/OP/groupRunDataDir/psf/mc1_separate/072/. Use results() for a list of available results.
\e *Error* ("expt" 0 t nil ("*Error* expt: can't handle (nil**2)"))
\e 
\e 
\o ERROR (ADE-2708): Evaluation of output 'total_noise_V' failed for point:'72' test:'OP'
\o 	Expression:'sqrt(totalNoise("noise" 0.01 100000000 nil))'
\o 	because of the following error(s)
\o 	*Error* expt: can't handle (nil**2).
\o Ensure that the definition of output is correct.
\o 
\o WARNING (OCN-6038): Results noise are not available for /home/saul/simulation/REF_GEN/REF_GEN_f_TB/adexl/results/data/MonteCarlo.2/51/OP/groupRunDataDir/psf/mc1_separate/072/. Use results() for a list of available results.
\o WARNING (OCN-6038): Results noise are not available for /home/saul/simulation/REF_GEN/REF_GEN_f_TB/adexl/results/data/MonteCarlo.2/51/OP/groupRunDataDir/psf/mc1_separate/072/. Use results() for a list of available results.
\e *Error* db: can't handle db(nil)
\e 
\e 
\o ERROR (ADE-2709): Evaluation of output 'output noise; V / sqrt(Hz)' returned 'nil' for point:'72' test:'OP'
\o 	Expression:'db(getData("out" ?result "noise"))'.
\o Ensure that the definition of output is correct.
\o 
\o WARNING (OCN-6038): Results xf are not available for /home/saul/simulation/REF_GEN/REF_GEN_f_TB/adexl/results/data/MonteCarlo.2/51/OP/groupRunDataDir/psf/mc1_separate/072/. Use results() for a list of available results.
\o WARNING (OCN-6038): Results xf are not available for /home/saul/simulation/REF_GEN/REF_GEN_f_TB/adexl/results/data/MonteCarlo.2/51/OP/groupRunDataDir/psf/mc1_separate/072/. Use results() for a list of available results.
\e *Error* db: can't handle db(nil)
\e 
\e 
\o ERROR (ADE-2709): Evaluation of output 'V/V /V0; xf dB20(V/V)' returned 'nil' for point:'72' test:'OP'
\o 	Expression:'db(getData("/V0" ?result "xf"))'.
\o Ensure that the definition of output is correct.
\o 
\o *Info*    Client has finished evaluating ... 
\o 
\o 
\o *Info*    Run complete for Point ID (16 72) on testbench [ OP ].
\o 
\o 
\o 
\o 
\o 
\o WARNING (OCN-6038): Results noise are not available for /home/saul/simulation/REF_GEN/REF_GEN_f_TB/adexl/results/data/MonteCarlo.2/51/OP/groupRunDataDir/psf/mc1_separate/073/. Use results() for a list of available results.
\o WARNING (OCN-6038): Results noise are not available for /home/saul/simulation/REF_GEN/REF_GEN_f_TB/adexl/results/data/MonteCarlo.2/51/OP/groupRunDataDir/psf/mc1_separate/073/. Use results() for a list of available results.
\e *Error* ("expt" 0 t nil ("*Error* expt: can't handle (nil**2)"))
\e 
\e 
\o ERROR (ADE-2708): Evaluation of output 'total_noise_V' failed for point:'73' test:'OP'
\o 	Expression:'sqrt(totalNoise("noise" 0.01 100000000 nil))'
\o 	because of the following error(s)
\o 	*Error* expt: can't handle (nil**2).
\o Ensure that the definition of output is correct.
\o 
\o WARNING (OCN-6038): Results noise are not available for /home/saul/simulation/REF_GEN/REF_GEN_f_TB/adexl/results/data/MonteCarlo.2/51/OP/groupRunDataDir/psf/mc1_separate/073/. Use results() for a list of available results.
\o WARNING (OCN-6038): Results noise are not available for /home/saul/simulation/REF_GEN/REF_GEN_f_TB/adexl/results/data/MonteCarlo.2/51/OP/groupRunDataDir/psf/mc1_separate/073/. Use results() for a list of available results.
\e *Error* db: can't handle db(nil)
\e 
\e 
\o ERROR (ADE-2709): Evaluation of output 'output noise; V / sqrt(Hz)' returned 'nil' for point:'73' test:'OP'
\o 	Expression:'db(getData("out" ?result "noise"))'.
\o Ensure that the definition of output is correct.
\o 
\o WARNING (OCN-6038): Results xf are not available for /home/saul/simulation/REF_GEN/REF_GEN_f_TB/adexl/results/data/MonteCarlo.2/51/OP/groupRunDataDir/psf/mc1_separate/073/. Use results() for a list of available results.
\o WARNING (OCN-6038): Results xf are not available for /home/saul/simulation/REF_GEN/REF_GEN_f_TB/adexl/results/data/MonteCarlo.2/51/OP/groupRunDataDir/psf/mc1_separate/073/. Use results() for a list of available results.
\e *Error* db: can't handle db(nil)
\e 
\e 
\o ERROR (ADE-2709): Evaluation of output 'V/V /V0; xf dB20(V/V)' returned 'nil' for point:'73' test:'OP'
\o 	Expression:'db(getData("/V0" ?result "xf"))'.
\o Ensure that the definition of output is correct.
\o 
\o *Info*    Client has finished evaluating ... 
\o 
\o 
\o *Info*    Run complete for Point ID (16 73) on testbench [ OP ].
\o 
\o 
\o 
\o 
\o 
\o *Info*    Current simulation for points ((16 51) (16 52) (16 53) (16
\o           54) (16 55) (16 56) (16 57) (16 58) (16 59) (16 60) (16 61)
\o           (16 62) (16 63) (16 64) (16 65) (16 66) (16 67) (16 68) (16
\o           69) (16 70) (16 71) (16 72) (16 73) (16 74) (16 75) (16 76)
\o           (16 77) (16 78) (16 79) (16 80) (16 81) (16 82) (16 83) (16
\o           84) (16 85) (16 86) (16 87) (16 88) (16 89) (16 90) (16 91)
\o           (16 92) (16 93) (16 94) (16 95) (16 96) (16 97) (16 98) (16
\o           99) (16 100)).
\o *Info*    (ADE-3072): Simulation stopped because you selected the
\o           'Stop Simulation' command in ADE.
\o 
\o *Info*    Monte Carlo Simulation unsuccessful...
\o *Info*    See simulation output log for more information.
\o INFO (ADE-3067): Errors encountered during simulation. For more information, right-click
\o         on a test name in the 'Results' tab of the Outputs pane and choose 'Output Log'
\o         to view the simulation run log.
\o reading simulation data...
\o       ...successful.
\o Simulation design variables differ from those on the cellView,
\o they have been saved in the file "/tmp/saved-design-variables".
\o To save future changes, copy variables to cellView before exiting.
\o 
\o 
\o *Info*    Configuring the session ...
\o 
\o 	Library      = REF_GEN
\o 	Cell         = REF_GEN_f_TB
\o 	View         = config
\o 	Simulator    = spectre
\o 	State Path   = $AXL_SETUPDB_DIR/test_states
\o 	State Name   = OP_none_MonteCarlo.3
\o 	Results DB   = /home/saul/projects/LF_BG/REF_GEN/REF_GEN_f_TB/adexl/results/data/MonteCarlo.3.rdb
\o 	Results Dir  = /home/saul/simulation/REF_GEN/REF_GEN_f_TB/adexl/results/data/MonteCarlo.3/1/OP
\o 	Results Loc  = /home/saul/simulation/REF_GEN/REF_GEN_f_TB/adexl/results/data
\o 	Project Dir  = /home/saul/simulation
\o 	Setup DB loc = /home/saul/projects/LF_BG/REF_GEN/REF_GEN_f_TB/adexl
\o 	File Encoding = 0
\o 
\o 
\o 
\o *Info*    The auto suspension is disabled.
\o 
\o 
\o 
\o 
\o 
\o 
\o *Info*    Run start for Point ID (20 251) on testbench [ OP ].
\o 
\o Resetting statistical vars
\o 
\o *Info*    Setting parameter values ...
\o 
\o Setting var CL = "150f"
\o Setting var CL2 = "3p"
\o Setting var CONF_BG_SL_TRIM = "3"
\o Setting var CONF_BG_TRIM = "3"
\o Setting var CONF_LDO_SEL = "0"
\o Setting var CONF_LVDS_SEL = "0"
\o Setting var CONF_REF_TRIM = "3"
\o Setting var EN = "1.2"
\o Setting var EN_PULSE = "0"
\o Setting var PD = "0"
\o Setting var PD_PULSE = "0"
\o Setting var TT = "1u"
\o Setting var VDD = "1.2"
\o Setting var VDD_PULSE = "0"
\o Setting var temperature = "50.0"
\o Setting temp(T) = 50.0
\o 
\o *Info*    Netlist Directory =
\o           /home/saul/simulation/REF_GEN/REF_GEN_f_TB/adexl/results/data/MonteCarlo.3/251/OP/groupRunDataDir/netlist
\o 
\o 
\o *Info*    Data Directory    =
\o           /home/saul/simulation/REF_GEN/REF_GEN_f_TB/adexl/results/data/MonteCarlo.3/251/OP/groupRunDataDir
\o 
\o 
\o *Info*    Creating Netlist for Point ID (20 251)
\o 
\o generate netlist...
\o Begin Incremental Netlisting Jun 21 21:36:55 2026
\o End netlisting Jun 21 21:36:55 2026
\o 
\o 	The netlist is up to date.
\o 	Time taken to compare the design with netlist:   0.0s
\o       ...successful.
\o compose simulator input file...
\o       ...successful.
\o 
\o *Info*    Running simulation on testbench [ OP ] for Point ID (20
\o           251).
\o 
\o *Info*    Spectre controlMode is set "batch" due to monte carlo run.
\o 
\o Delete psf data in /home/saul/simulation/REF_GEN/REF_GEN_f_TB/adexl/results/data/MonteCarlo.3/251/OP/groupRunDataDir/psf.
\o generate netlist...
\o Begin Incremental Netlisting Jun 21 21:36:55 2026
\o End netlisting Jun 21 21:36:55 2026
\o 
\o 	The netlist is up to date.
\o 	Time taken to compare the design with netlist:   0.0s
\o       ...successful.
\o compose simulator input file...
\o       ...successful.
\o start simulator if needed...
\o       ...successful.
\o simulate...
\o To view the simulator output, right-click on the test name, result 
\o name, or any value in the "Results" tab of the Outputs section and 
\o choose "Output Log" menu option.
\# Memory report: using         673 MB, process size 2,566 MB at UTC 2026.06.21 21:36:57.484
\o WARNING (OCN-6038): Results noise are not available for /home/saul/simulation/REF_GEN/REF_GEN_f_TB/adexl/results/data/MonteCarlo.3/251/OP/groupRunDataDir/psf/mc1_separate/251/. Use results() for a list of available results.
\o WARNING (OCN-6038): Results noise are not available for /home/saul/simulation/REF_GEN/REF_GEN_f_TB/adexl/results/data/MonteCarlo.3/251/OP/groupRunDataDir/psf/mc1_separate/251/. Use results() for a list of available results.
\e *Error* ("expt" 0 t nil ("*Error* expt: can't handle (nil**2)"))
\e 
\e 
\o ERROR (ADE-2708): Evaluation of output 'total_noise_V' failed for point:'251' test:'OP'
\o 	Expression:'sqrt(totalNoise("noise" 0.01 100000000 nil))'
\o 	because of the following error(s)
\o 	*Error* expt: can't handle (nil**2).
\o Ensure that the definition of output is correct.
\o 
\o WARNING (OCN-6038): Results noise are not available for /home/saul/simulation/REF_GEN/REF_GEN_f_TB/adexl/results/data/MonteCarlo.3/251/OP/groupRunDataDir/psf/mc1_separate/251/. Use results() for a list of available results.
\o WARNING (OCN-6038): Results noise are not available for /home/saul/simulation/REF_GEN/REF_GEN_f_TB/adexl/results/data/MonteCarlo.3/251/OP/groupRunDataDir/psf/mc1_separate/251/. Use results() for a list of available results.
\e *Error* db: can't handle db(nil)
\e 
\e 
\o ERROR (ADE-2709): Evaluation of output 'output noise; V / sqrt(Hz)' returned 'nil' for point:'251' test:'OP'
\o 	Expression:'db(getData("out" ?result "noise"))'.
\o Ensure that the definition of output is correct.
\o 
\o WARNING (OCN-6038): Results xf are not available for /home/saul/simulation/REF_GEN/REF_GEN_f_TB/adexl/results/data/MonteCarlo.3/251/OP/groupRunDataDir/psf/mc1_separate/251/. Use results() for a list of available results.
\o WARNING (OCN-6038): Results xf are not available for /home/saul/simulation/REF_GEN/REF_GEN_f_TB/adexl/results/data/MonteCarlo.3/251/OP/groupRunDataDir/psf/mc1_separate/251/. Use results() for a list of available results.
\e *Error* db: can't handle db(nil)
\e 
\e 
\o ERROR (ADE-2709): Evaluation of output 'V/V /V0; xf dB20(V/V)' returned 'nil' for point:'251' test:'OP'
\o 	Expression:'db(getData("/V0" ?result "xf"))'.
\o Ensure that the definition of output is correct.
\o 
\o *Info*    Client has finished evaluating ... 
\o 
\o 
\o *Info*    Run complete for Point ID (20 251) on testbench [ OP ].
\o 
\o 
\o 
\o 
\o 
\o WARNING (OCN-6038): Results noise are not available for /home/saul/simulation/REF_GEN/REF_GEN_f_TB/adexl/results/data/MonteCarlo.3/251/OP/groupRunDataDir/psf/mc1_separate/252/. Use results() for a list of available results.
\o WARNING (OCN-6038): Results noise are not available for /home/saul/simulation/REF_GEN/REF_GEN_f_TB/adexl/results/data/MonteCarlo.3/251/OP/groupRunDataDir/psf/mc1_separate/252/. Use results() for a list of available results.
\e *Error* ("expt" 0 t nil ("*Error* expt: can't handle (nil**2)"))
\e 
\e 
\o ERROR (ADE-2708): Evaluation of output 'total_noise_V' failed for point:'252' test:'OP'
\o 	Expression:'sqrt(totalNoise("noise" 0.01 100000000 nil))'
\o 	because of the following error(s)
\o 	*Error* expt: can't handle (nil**2).
\o Ensure that the definition of output is correct.
\o 
\o WARNING (OCN-6038): Results noise are not available for /home/saul/simulation/REF_GEN/REF_GEN_f_TB/adexl/results/data/MonteCarlo.3/251/OP/groupRunDataDir/psf/mc1_separate/252/. Use results() for a list of available results.
\o WARNING (OCN-6038): Results noise are not available for /home/saul/simulation/REF_GEN/REF_GEN_f_TB/adexl/results/data/MonteCarlo.3/251/OP/groupRunDataDir/psf/mc1_separate/252/. Use results() for a list of available results.
\e *Error* db: can't handle db(nil)
\e 
\e 
\o ERROR (ADE-2709): Evaluation of output 'output noise; V / sqrt(Hz)' returned 'nil' for point:'252' test:'OP'
\o 	Expression:'db(getData("out" ?result "noise"))'.
\o Ensure that the definition of output is correct.
\o 
\o WARNING (OCN-6038): Results xf are not available for /home/saul/simulation/REF_GEN/REF_GEN_f_TB/adexl/results/data/MonteCarlo.3/251/OP/groupRunDataDir/psf/mc1_separate/252/. Use results() for a list of available results.
\o WARNING (OCN-6038): Results xf are not available for /home/saul/simulation/REF_GEN/REF_GEN_f_TB/adexl/results/data/MonteCarlo.3/251/OP/groupRunDataDir/psf/mc1_separate/252/. Use results() for a list of available results.
\e *Error* db: can't handle db(nil)
\e 
\e 
\o ERROR (ADE-2709): Evaluation of output 'V/V /V0; xf dB20(V/V)' returned 'nil' for point:'252' test:'OP'
\o 	Expression:'db(getData("/V0" ?result "xf"))'.
\o Ensure that the definition of output is correct.
\o 
\o *Info*    Client has finished evaluating ... 
\o 
\o 
\o *Info*    Run complete for Point ID (20 252) on testbench [ OP ].
\o 
\o 
\o 
\o 
\o 
\o WARNING (OCN-6038): Results noise are not available for /home/saul/simulation/REF_GEN/REF_GEN_f_TB/adexl/results/data/MonteCarlo.3/251/OP/groupRunDataDir/psf/mc1_separate/253/. Use results() for a list of available results.
\o WARNING (OCN-6038): Results noise are not available for /home/saul/simulation/REF_GEN/REF_GEN_f_TB/adexl/results/data/MonteCarlo.3/251/OP/groupRunDataDir/psf/mc1_separate/253/. Use results() for a list of available results.
\e *Error* ("expt" 0 t nil ("*Error* expt: can't handle (nil**2)"))
\e 
\e 
\o ERROR (ADE-2708): Evaluation of output 'total_noise_V' failed for point:'253' test:'OP'
\o 	Expression:'sqrt(totalNoise("noise" 0.01 100000000 nil))'
\o 	because of the following error(s)
\o 	*Error* expt: can't handle (nil**2).
\o Ensure that the definition of output is correct.
\o 
\o WARNING (OCN-6038): Results noise are not available for /home/saul/simulation/REF_GEN/REF_GEN_f_TB/adexl/results/data/MonteCarlo.3/251/OP/groupRunDataDir/psf/mc1_separate/253/. Use results() for a list of available results.
\o WARNING (OCN-6038): Results noise are not available for /home/saul/simulation/REF_GEN/REF_GEN_f_TB/adexl/results/data/MonteCarlo.3/251/OP/groupRunDataDir/psf/mc1_separate/253/. Use results() for a list of available results.
\e *Error* db: can't handle db(nil)
\e 
\e 
\o ERROR (ADE-2709): Evaluation of output 'output noise; V / sqrt(Hz)' returned 'nil' for point:'253' test:'OP'
\o 	Expression:'db(getData("out" ?result "noise"))'.
\o Ensure that the definition of output is correct.
\o 
\o WARNING (OCN-6038): Results xf are not available for /home/saul/simulation/REF_GEN/REF_GEN_f_TB/adexl/results/data/MonteCarlo.3/251/OP/groupRunDataDir/psf/mc1_separate/253/. Use results() for a list of available results.
\o WARNING (OCN-6038): Results xf are not available for /home/saul/simulation/REF_GEN/REF_GEN_f_TB/adexl/results/data/MonteCarlo.3/251/OP/groupRunDataDir/psf/mc1_separate/253/. Use results() for a list of available results.
\e *Error* db: can't handle db(nil)
\e 
\e 
\o ERROR (ADE-2709): Evaluation of output 'V/V /V0; xf dB20(V/V)' returned 'nil' for point:'253' test:'OP'
\o 	Expression:'db(getData("/V0" ?result "xf"))'.
\o Ensure that the definition of output is correct.
\o 
\o *Info*    Client has finished evaluating ... 
\o 
\o 
\o *Info*    Run complete for Point ID (20 253) on testbench [ OP ].
\o 
\o 
\o 
\o 
\o 
\o WARNING (OCN-6038): Results noise are not available for /home/saul/simulation/REF_GEN/REF_GEN_f_TB/adexl/results/data/MonteCarlo.3/251/OP/groupRunDataDir/psf/mc1_separate/254/. Use results() for a list of available results.
\o WARNING (OCN-6038): Results noise are not available for /home/saul/simulation/REF_GEN/REF_GEN_f_TB/adexl/results/data/MonteCarlo.3/251/OP/groupRunDataDir/psf/mc1_separate/254/. Use results() for a list of available results.
\e *Error* ("expt" 0 t nil ("*Error* expt: can't handle (nil**2)"))
\e 
\e 
\o ERROR (ADE-2708): Evaluation of output 'total_noise_V' failed for point:'254' test:'OP'
\o 	Expression:'sqrt(totalNoise("noise" 0.01 100000000 nil))'
\o 	because of the following error(s)
\o 	*Error* expt: can't handle (nil**2).
\o Ensure that the definition of output is correct.
\o 
\o WARNING (OCN-6038): Results noise are not available for /home/saul/simulation/REF_GEN/REF_GEN_f_TB/adexl/results/data/MonteCarlo.3/251/OP/groupRunDataDir/psf/mc1_separate/254/. Use results() for a list of available results.
\o WARNING (OCN-6038): Results noise are not available for /home/saul/simulation/REF_GEN/REF_GEN_f_TB/adexl/results/data/MonteCarlo.3/251/OP/groupRunDataDir/psf/mc1_separate/254/. Use results() for a list of available results.
\e *Error* db: can't handle db(nil)
\e 
\e 
\o ERROR (ADE-2709): Evaluation of output 'output noise; V / sqrt(Hz)' returned 'nil' for point:'254' test:'OP'
\o 	Expression:'db(getData("out" ?result "noise"))'.
\o Ensure that the definition of output is correct.
\o 
\o WARNING (OCN-6038): Results xf are not available for /home/saul/simulation/REF_GEN/REF_GEN_f_TB/adexl/results/data/MonteCarlo.3/251/OP/groupRunDataDir/psf/mc1_separate/254/. Use results() for a list of available results.
\o WARNING (OCN-6038): Results xf are not available for /home/saul/simulation/REF_GEN/REF_GEN_f_TB/adexl/results/data/MonteCarlo.3/251/OP/groupRunDataDir/psf/mc1_separate/254/. Use results() for a list of available results.
\e *Error* db: can't handle db(nil)
\e 
\e 
\o ERROR (ADE-2709): Evaluation of output 'V/V /V0; xf dB20(V/V)' returned 'nil' for point:'254' test:'OP'
\o 	Expression:'db(getData("/V0" ?result "xf"))'.
\o Ensure that the definition of output is correct.
\o 
\o *Info*    Client has finished evaluating ... 
\o 
\o 
\o *Info*    Run complete for Point ID (20 254) on testbench [ OP ].
\o 
\o 
\o 
\o 
\o 
\o WARNING (OCN-6038): Results noise are not available for /home/saul/simulation/REF_GEN/REF_GEN_f_TB/adexl/results/data/MonteCarlo.3/251/OP/groupRunDataDir/psf/mc1_separate/255/. Use results() for a list of available results.
\o WARNING (OCN-6038): Results noise are not available for /home/saul/simulation/REF_GEN/REF_GEN_f_TB/adexl/results/data/MonteCarlo.3/251/OP/groupRunDataDir/psf/mc1_separate/255/. Use results() for a list of available results.
\e *Error* ("expt" 0 t nil ("*Error* expt: can't handle (nil**2)"))
\e 
\e 
\o ERROR (ADE-2708): Evaluation of output 'total_noise_V' failed for point:'255' test:'OP'
\o 	Expression:'sqrt(totalNoise("noise" 0.01 100000000 nil))'
\o 	because of the following error(s)
\o 	*Error* expt: can't handle (nil**2).
\o Ensure that the definition of output is correct.
\o 
\o WARNING (OCN-6038): Results noise are not available for /home/saul/simulation/REF_GEN/REF_GEN_f_TB/adexl/results/data/MonteCarlo.3/251/OP/groupRunDataDir/psf/mc1_separate/255/. Use results() for a list of available results.
\o WARNING (OCN-6038): Results noise are not available for /home/saul/simulation/REF_GEN/REF_GEN_f_TB/adexl/results/data/MonteCarlo.3/251/OP/groupRunDataDir/psf/mc1_separate/255/. Use results() for a list of available results.
\e *Error* db: can't handle db(nil)
\e 
\e 
\o ERROR (ADE-2709): Evaluation of output 'output noise; V / sqrt(Hz)' returned 'nil' for point:'255' test:'OP'
\o 	Expression:'db(getData("out" ?result "noise"))'.
\o Ensure that the definition of output is correct.
\o 
\o WARNING (OCN-6038): Results xf are not available for /home/saul/simulation/REF_GEN/REF_GEN_f_TB/adexl/results/data/MonteCarlo.3/251/OP/groupRunDataDir/psf/mc1_separate/255/. Use results() for a list of available results.
\o WARNING (OCN-6038): Results xf are not available for /home/saul/simulation/REF_GEN/REF_GEN_f_TB/adexl/results/data/MonteCarlo.3/251/OP/groupRunDataDir/psf/mc1_separate/255/. Use results() for a list of available results.
\e *Error* db: can't handle db(nil)
\e 
\e 
\o ERROR (ADE-2709): Evaluation of output 'V/V /V0; xf dB20(V/V)' returned 'nil' for point:'255' test:'OP'
\o 	Expression:'db(getData("/V0" ?result "xf"))'.
\o Ensure that the definition of output is correct.
\o 
\# Memory report: Maximum memory size now 56,756 MB at UTC 2026.06.21 21:38:01.299
\o *Info*    Client has finished evaluating ... 
\o 
\o 
\o *Info*    Run complete for Point ID (20 255) on testbench [ OP ].
\o 
\o 
\o 
\o 
\o 
\o WARNING (OCN-6038): Results noise are not available for /home/saul/simulation/REF_GEN/REF_GEN_f_TB/adexl/results/data/MonteCarlo.3/251/OP/groupRunDataDir/psf/mc1_separate/256/. Use results() for a list of available results.
\o WARNING (OCN-6038): Results noise are not available for /home/saul/simulation/REF_GEN/REF_GEN_f_TB/adexl/results/data/MonteCarlo.3/251/OP/groupRunDataDir/psf/mc1_separate/256/. Use results() for a list of available results.
\e *Error* ("expt" 0 t nil ("*Error* expt: can't handle (nil**2)"))
\e 
\e 
\o ERROR (ADE-2708): Evaluation of output 'total_noise_V' failed for point:'256' test:'OP'
\o 	Expression:'sqrt(totalNoise("noise" 0.01 100000000 nil))'
\o 	because of the following error(s)
\o 	*Error* expt: can't handle (nil**2).
\o Ensure that the definition of output is correct.
\o 
\o WARNING (OCN-6038): Results noise are not available for /home/saul/simulation/REF_GEN/REF_GEN_f_TB/adexl/results/data/MonteCarlo.3/251/OP/groupRunDataDir/psf/mc1_separate/256/. Use results() for a list of available results.
\o WARNING (OCN-6038): Results noise are not available for /home/saul/simulation/REF_GEN/REF_GEN_f_TB/adexl/results/data/MonteCarlo.3/251/OP/groupRunDataDir/psf/mc1_separate/256/. Use results() for a list of available results.
\e *Error* db: can't handle db(nil)
\e 
\e 
\o ERROR (ADE-2709): Evaluation of output 'output noise; V / sqrt(Hz)' returned 'nil' for point:'256' test:'OP'
\o 	Expression:'db(getData("out" ?result "noise"))'.
\o Ensure that the definition of output is correct.
\o 
\o WARNING (OCN-6038): Results xf are not available for /home/saul/simulation/REF_GEN/REF_GEN_f_TB/adexl/results/data/MonteCarlo.3/251/OP/groupRunDataDir/psf/mc1_separate/256/. Use results() for a list of available results.
\o WARNING (OCN-6038): Results xf are not available for /home/saul/simulation/REF_GEN/REF_GEN_f_TB/adexl/results/data/MonteCarlo.3/251/OP/groupRunDataDir/psf/mc1_separate/256/. Use results() for a list of available results.
\e *Error* db: can't handle db(nil)
\e 
\e 
\o ERROR (ADE-2709): Evaluation of output 'V/V /V0; xf dB20(V/V)' returned 'nil' for point:'256' test:'OP'
\o 	Expression:'db(getData("/V0" ?result "xf"))'.
\o Ensure that the definition of output is correct.
\o 
\o *Info*    Client has finished evaluating ... 
\o 
\o 
\o *Info*    Run complete for Point ID (20 256) on testbench [ OP ].
\o 
\o 
\o 
\o 
\o 
\o WARNING (OCN-6038): Results noise are not available for /home/saul/simulation/REF_GEN/REF_GEN_f_TB/adexl/results/data/MonteCarlo.3/251/OP/groupRunDataDir/psf/mc1_separate/257/. Use results() for a list of available results.
\o WARNING (OCN-6038): Results noise are not available for /home/saul/simulation/REF_GEN/REF_GEN_f_TB/adexl/results/data/MonteCarlo.3/251/OP/groupRunDataDir/psf/mc1_separate/257/. Use results() for a list of available results.
\e *Error* ("expt" 0 t nil ("*Error* expt: can't handle (nil**2)"))
\e 
\e 
\o ERROR (ADE-2708): Evaluation of output 'total_noise_V' failed for point:'257' test:'OP'
\o 	Expression:'sqrt(totalNoise("noise" 0.01 100000000 nil))'
\o 	because of the following error(s)
\o 	*Error* expt: can't handle (nil**2).
\o Ensure that the definition of output is correct.
\o 
\o WARNING (OCN-6038): Results noise are not available for /home/saul/simulation/REF_GEN/REF_GEN_f_TB/adexl/results/data/MonteCarlo.3/251/OP/groupRunDataDir/psf/mc1_separate/257/. Use results() for a list of available results.
\o WARNING (OCN-6038): Results noise are not available for /home/saul/simulation/REF_GEN/REF_GEN_f_TB/adexl/results/data/MonteCarlo.3/251/OP/groupRunDataDir/psf/mc1_separate/257/. Use results() for a list of available results.
\e *Error* db: can't handle db(nil)
\e 
\e 
\o ERROR (ADE-2709): Evaluation of output 'output noise; V / sqrt(Hz)' returned 'nil' for point:'257' test:'OP'
\o 	Expression:'db(getData("out" ?result "noise"))'.
\o Ensure that the definition of output is correct.
\o 
\o WARNING (OCN-6038): Results xf are not available for /home/saul/simulation/REF_GEN/REF_GEN_f_TB/adexl/results/data/MonteCarlo.3/251/OP/groupRunDataDir/psf/mc1_separate/257/. Use results() for a list of available results.
\o WARNING (OCN-6038): Results xf are not available for /home/saul/simulation/REF_GEN/REF_GEN_f_TB/adexl/results/data/MonteCarlo.3/251/OP/groupRunDataDir/psf/mc1_separate/257/. Use results() for a list of available results.
\e *Error* db: can't handle db(nil)
\e 
\e 
\o ERROR (ADE-2709): Evaluation of output 'V/V /V0; xf dB20(V/V)' returned 'nil' for point:'257' test:'OP'
\o 	Expression:'db(getData("/V0" ?result "xf"))'.
\o Ensure that the definition of output is correct.
\o 
\o *Info*    Client has finished evaluating ... 
\o 
\o 
\o *Info*    Run complete for Point ID (20 257) on testbench [ OP ].
\o 
\o 
\o 
\o 
\o 
\o WARNING (OCN-6038): Results noise are not available for /home/saul/simulation/REF_GEN/REF_GEN_f_TB/adexl/results/data/MonteCarlo.3/251/OP/groupRunDataDir/psf/mc1_separate/258/. Use results() for a list of available results.
\o WARNING (OCN-6038): Results noise are not available for /home/saul/simulation/REF_GEN/REF_GEN_f_TB/adexl/results/data/MonteCarlo.3/251/OP/groupRunDataDir/psf/mc1_separate/258/. Use results() for a list of available results.
\e *Error* ("expt" 0 t nil ("*Error* expt: can't handle (nil**2)"))
\e 
\e 
\o ERROR (ADE-2708): Evaluation of output 'total_noise_V' failed for point:'258' test:'OP'
\o 	Expression:'sqrt(totalNoise("noise" 0.01 100000000 nil))'
\o 	because of the following error(s)
\o 	*Error* expt: can't handle (nil**2).
\o Ensure that the definition of output is correct.
\o 
\o WARNING (OCN-6038): Results noise are not available for /home/saul/simulation/REF_GEN/REF_GEN_f_TB/adexl/results/data/MonteCarlo.3/251/OP/groupRunDataDir/psf/mc1_separate/258/. Use results() for a list of available results.
\o WARNING (OCN-6038): Results noise are not available for /home/saul/simulation/REF_GEN/REF_GEN_f_TB/adexl/results/data/MonteCarlo.3/251/OP/groupRunDataDir/psf/mc1_separate/258/. Use results() for a list of available results.
\e *Error* db: can't handle db(nil)
\e 
\e 
\o ERROR (ADE-2709): Evaluation of output 'output noise; V / sqrt(Hz)' returned 'nil' for point:'258' test:'OP'
\o 	Expression:'db(getData("out" ?result "noise"))'.
\o Ensure that the definition of output is correct.
\o 
\o WARNING (OCN-6038): Results xf are not available for /home/saul/simulation/REF_GEN/REF_GEN_f_TB/adexl/results/data/MonteCarlo.3/251/OP/groupRunDataDir/psf/mc1_separate/258/. Use results() for a list of available results.
\o WARNING (OCN-6038): Results xf are not available for /home/saul/simulation/REF_GEN/REF_GEN_f_TB/adexl/results/data/MonteCarlo.3/251/OP/groupRunDataDir/psf/mc1_separate/258/. Use results() for a list of available results.
\e *Error* db: can't handle db(nil)
\e 
\e 
\o ERROR (ADE-2709): Evaluation of output 'V/V /V0; xf dB20(V/V)' returned 'nil' for point:'258' test:'OP'
\o 	Expression:'db(getData("/V0" ?result "xf"))'.
\o Ensure that the definition of output is correct.
\o 
\o *Info*    Client has finished evaluating ... 
\o 
\o 
\o *Info*    Run complete for Point ID (20 258) on testbench [ OP ].
\o 
\o 
\o 
\o 
\o 
\o WARNING (OCN-6038): Results noise are not available for /home/saul/simulation/REF_GEN/REF_GEN_f_TB/adexl/results/data/MonteCarlo.3/251/OP/groupRunDataDir/psf/mc1_separate/259/. Use results() for a list of available results.
\o WARNING (OCN-6038): Results noise are not available for /home/saul/simulation/REF_GEN/REF_GEN_f_TB/adexl/results/data/MonteCarlo.3/251/OP/groupRunDataDir/psf/mc1_separate/259/. Use results() for a list of available results.
\e *Error* ("expt" 0 t nil ("*Error* expt: can't handle (nil**2)"))
\e 
\e 
\o ERROR (ADE-2708): Evaluation of output 'total_noise_V' failed for point:'259' test:'OP'
\o 	Expression:'sqrt(totalNoise("noise" 0.01 100000000 nil))'
\o 	because of the following error(s)
\o 	*Error* expt: can't handle (nil**2).
\o Ensure that the definition of output is correct.
\o 
\o WARNING (OCN-6038): Results noise are not available for /home/saul/simulation/REF_GEN/REF_GEN_f_TB/adexl/results/data/MonteCarlo.3/251/OP/groupRunDataDir/psf/mc1_separate/259/. Use results() for a list of available results.
\o WARNING (OCN-6038): Results noise are not available for /home/saul/simulation/REF_GEN/REF_GEN_f_TB/adexl/results/data/MonteCarlo.3/251/OP/groupRunDataDir/psf/mc1_separate/259/. Use results() for a list of available results.
\e *Error* db: can't handle db(nil)
\e 
\e 
\o ERROR (ADE-2709): Evaluation of output 'output noise; V / sqrt(Hz)' returned 'nil' for point:'259' test:'OP'
\o 	Expression:'db(getData("out" ?result "noise"))'.
\o Ensure that the definition of output is correct.
\o 
\o WARNING (OCN-6038): Results xf are not available for /home/saul/simulation/REF_GEN/REF_GEN_f_TB/adexl/results/data/MonteCarlo.3/251/OP/groupRunDataDir/psf/mc1_separate/259/. Use results() for a list of available results.
\o WARNING (OCN-6038): Results xf are not available for /home/saul/simulation/REF_GEN/REF_GEN_f_TB/adexl/results/data/MonteCarlo.3/251/OP/groupRunDataDir/psf/mc1_separate/259/. Use results() for a list of available results.
\e *Error* db: can't handle db(nil)
\e 
\e 
\o ERROR (ADE-2709): Evaluation of output 'V/V /V0; xf dB20(V/V)' returned 'nil' for point:'259' test:'OP'
\o 	Expression:'db(getData("/V0" ?result "xf"))'.
\o Ensure that the definition of output is correct.
\o 
\o *Info*    Client has finished evaluating ... 
\o 
\o 
\o *Info*    Run complete for Point ID (20 259) on testbench [ OP ].
\o 
\o 
\o 
\o 
\o 
\o WARNING (OCN-6038): Results noise are not available for /home/saul/simulation/REF_GEN/REF_GEN_f_TB/adexl/results/data/MonteCarlo.3/251/OP/groupRunDataDir/psf/mc1_separate/260/. Use results() for a list of available results.
\o WARNING (OCN-6038): Results noise are not available for /home/saul/simulation/REF_GEN/REF_GEN_f_TB/adexl/results/data/MonteCarlo.3/251/OP/groupRunDataDir/psf/mc1_separate/260/. Use results() for a list of available results.
\e *Error* ("expt" 0 t nil ("*Error* expt: can't handle (nil**2)"))
\e 
\e 
\o ERROR (ADE-2708): Evaluation of output 'total_noise_V' failed for point:'260' test:'OP'
\o 	Expression:'sqrt(totalNoise("noise" 0.01 100000000 nil))'
\o 	because of the following error(s)
\o 	*Error* expt: can't handle (nil**2).
\o Ensure that the definition of output is correct.
\o 
\o WARNING (OCN-6038): Results noise are not available for /home/saul/simulation/REF_GEN/REF_GEN_f_TB/adexl/results/data/MonteCarlo.3/251/OP/groupRunDataDir/psf/mc1_separate/260/. Use results() for a list of available results.
\o WARNING (OCN-6038): Results noise are not available for /home/saul/simulation/REF_GEN/REF_GEN_f_TB/adexl/results/data/MonteCarlo.3/251/OP/groupRunDataDir/psf/mc1_separate/260/. Use results() for a list of available results.
\e *Error* db: can't handle db(nil)
\e 
\e 
\o ERROR (ADE-2709): Evaluation of output 'output noise; V / sqrt(Hz)' returned 'nil' for point:'260' test:'OP'
\o 	Expression:'db(getData("out" ?result "noise"))'.
\o Ensure that the definition of output is correct.
\o 
\o WARNING (OCN-6038): Results xf are not available for /home/saul/simulation/REF_GEN/REF_GEN_f_TB/adexl/results/data/MonteCarlo.3/251/OP/groupRunDataDir/psf/mc1_separate/260/. Use results() for a list of available results.
\o WARNING (OCN-6038): Results xf are not available for /home/saul/simulation/REF_GEN/REF_GEN_f_TB/adexl/results/data/MonteCarlo.3/251/OP/groupRunDataDir/psf/mc1_separate/260/. Use results() for a list of available results.
\e *Error* db: can't handle db(nil)
\e 
\e 
\o ERROR (ADE-2709): Evaluation of output 'V/V /V0; xf dB20(V/V)' returned 'nil' for point:'260' test:'OP'
\o 	Expression:'db(getData("/V0" ?result "xf"))'.
\o Ensure that the definition of output is correct.
\o 
\o *Info*    Client has finished evaluating ... 
\o 
\o 
\o *Info*    Run complete for Point ID (20 260) on testbench [ OP ].
\o 
\o 
\o 
\o 
\o 
\o WARNING (OCN-6038): Results noise are not available for /home/saul/simulation/REF_GEN/REF_GEN_f_TB/adexl/results/data/MonteCarlo.3/251/OP/groupRunDataDir/psf/mc1_separate/261/. Use results() for a list of available results.
\o WARNING (OCN-6038): Results noise are not available for /home/saul/simulation/REF_GEN/REF_GEN_f_TB/adexl/results/data/MonteCarlo.3/251/OP/groupRunDataDir/psf/mc1_separate/261/. Use results() for a list of available results.
\e *Error* ("expt" 0 t nil ("*Error* expt: can't handle (nil**2)"))
\e 
\e 
\o ERROR (ADE-2708): Evaluation of output 'total_noise_V' failed for point:'261' test:'OP'
\o 	Expression:'sqrt(totalNoise("noise" 0.01 100000000 nil))'
\o 	because of the following error(s)
\o 	*Error* expt: can't handle (nil**2).
\o Ensure that the definition of output is correct.
\o 
\o WARNING (OCN-6038): Results noise are not available for /home/saul/simulation/REF_GEN/REF_GEN_f_TB/adexl/results/data/MonteCarlo.3/251/OP/groupRunDataDir/psf/mc1_separate/261/. Use results() for a list of available results.
\o WARNING (OCN-6038): Results noise are not available for /home/saul/simulation/REF_GEN/REF_GEN_f_TB/adexl/results/data/MonteCarlo.3/251/OP/groupRunDataDir/psf/mc1_separate/261/. Use results() for a list of available results.
\e *Error* db: can't handle db(nil)
\e 
\e 
\o ERROR (ADE-2709): Evaluation of output 'output noise; V / sqrt(Hz)' returned 'nil' for point:'261' test:'OP'
\o 	Expression:'db(getData("out" ?result "noise"))'.
\o Ensure that the definition of output is correct.
\o 
\o WARNING (OCN-6038): Results xf are not available for /home/saul/simulation/REF_GEN/REF_GEN_f_TB/adexl/results/data/MonteCarlo.3/251/OP/groupRunDataDir/psf/mc1_separate/261/. Use results() for a list of available results.
\o WARNING (OCN-6038): Results xf are not available for /home/saul/simulation/REF_GEN/REF_GEN_f_TB/adexl/results/data/MonteCarlo.3/251/OP/groupRunDataDir/psf/mc1_separate/261/. Use results() for a list of available results.
\e *Error* db: can't handle db(nil)
\e 
\e 
\o ERROR (ADE-2709): Evaluation of output 'V/V /V0; xf dB20(V/V)' returned 'nil' for point:'261' test:'OP'
\o 	Expression:'db(getData("/V0" ?result "xf"))'.
\o Ensure that the definition of output is correct.
\o 
\o *Info*    Client has finished evaluating ... 
\o 
\o 
\o *Info*    Run complete for Point ID (20 261) on testbench [ OP ].
\o 
\o 
\o 
\o 
\o 
\o WARNING (OCN-6038): Results noise are not available for /home/saul/simulation/REF_GEN/REF_GEN_f_TB/adexl/results/data/MonteCarlo.3/251/OP/groupRunDataDir/psf/mc1_separate/262/. Use results() for a list of available results.
\o WARNING (OCN-6038): Results noise are not available for /home/saul/simulation/REF_GEN/REF_GEN_f_TB/adexl/results/data/MonteCarlo.3/251/OP/groupRunDataDir/psf/mc1_separate/262/. Use results() for a list of available results.
\e *Error* ("expt" 0 t nil ("*Error* expt: can't handle (nil**2)"))
\e 
\e 
\o ERROR (ADE-2708): Evaluation of output 'total_noise_V' failed for point:'262' test:'OP'
\o 	Expression:'sqrt(totalNoise("noise" 0.01 100000000 nil))'
\o 	because of the following error(s)
\o 	*Error* expt: can't handle (nil**2).
\o Ensure that the definition of output is correct.
\o 
\o WARNING (OCN-6038): Results noise are not available for /home/saul/simulation/REF_GEN/REF_GEN_f_TB/adexl/results/data/MonteCarlo.3/251/OP/groupRunDataDir/psf/mc1_separate/262/. Use results() for a list of available results.
\o WARNING (OCN-6038): Results noise are not available for /home/saul/simulation/REF_GEN/REF_GEN_f_TB/adexl/results/data/MonteCarlo.3/251/OP/groupRunDataDir/psf/mc1_separate/262/. Use results() for a list of available results.
\e *Error* db: can't handle db(nil)
\e 
\e 
\o ERROR (ADE-2709): Evaluation of output 'output noise; V / sqrt(Hz)' returned 'nil' for point:'262' test:'OP'
\o 	Expression:'db(getData("out" ?result "noise"))'.
\o Ensure that the definition of output is correct.
\o 
\o WARNING (OCN-6038): Results xf are not available for /home/saul/simulation/REF_GEN/REF_GEN_f_TB/adexl/results/data/MonteCarlo.3/251/OP/groupRunDataDir/psf/mc1_separate/262/. Use results() for a list of available results.
\o WARNING (OCN-6038): Results xf are not available for /home/saul/simulation/REF_GEN/REF_GEN_f_TB/adexl/results/data/MonteCarlo.3/251/OP/groupRunDataDir/psf/mc1_separate/262/. Use results() for a list of available results.
\e *Error* db: can't handle db(nil)
\e 
\e 
\o ERROR (ADE-2709): Evaluation of output 'V/V /V0; xf dB20(V/V)' returned 'nil' for point:'262' test:'OP'
\o 	Expression:'db(getData("/V0" ?result "xf"))'.
\o Ensure that the definition of output is correct.
\o 
\o *Info*    Client has finished evaluating ... 
\o 
\o 
\o *Info*    Run complete for Point ID (20 262) on testbench [ OP ].
\o 
\o 
\o 
\o 
\o 
\o WARNING (OCN-6038): Results noise are not available for /home/saul/simulation/REF_GEN/REF_GEN_f_TB/adexl/results/data/MonteCarlo.3/251/OP/groupRunDataDir/psf/mc1_separate/263/. Use results() for a list of available results.
\o WARNING (OCN-6038): Results noise are not available for /home/saul/simulation/REF_GEN/REF_GEN_f_TB/adexl/results/data/MonteCarlo.3/251/OP/groupRunDataDir/psf/mc1_separate/263/. Use results() for a list of available results.
\e *Error* ("expt" 0 t nil ("*Error* expt: can't handle (nil**2)"))
\e 
\e 
\o ERROR (ADE-2708): Evaluation of output 'total_noise_V' failed for point:'263' test:'OP'
\o 	Expression:'sqrt(totalNoise("noise" 0.01 100000000 nil))'
\o 	because of the following error(s)
\o 	*Error* expt: can't handle (nil**2).
\o Ensure that the definition of output is correct.
\o 
\o WARNING (OCN-6038): Results noise are not available for /home/saul/simulation/REF_GEN/REF_GEN_f_TB/adexl/results/data/MonteCarlo.3/251/OP/groupRunDataDir/psf/mc1_separate/263/. Use results() for a list of available results.
\o WARNING (OCN-6038): Results noise are not available for /home/saul/simulation/REF_GEN/REF_GEN_f_TB/adexl/results/data/MonteCarlo.3/251/OP/groupRunDataDir/psf/mc1_separate/263/. Use results() for a list of available results.
\e *Error* db: can't handle db(nil)
\e 
\e 
\o ERROR (ADE-2709): Evaluation of output 'output noise; V / sqrt(Hz)' returned 'nil' for point:'263' test:'OP'
\o 	Expression:'db(getData("out" ?result "noise"))'.
\o Ensure that the definition of output is correct.
\o 
\o WARNING (OCN-6038): Results xf are not available for /home/saul/simulation/REF_GEN/REF_GEN_f_TB/adexl/results/data/MonteCarlo.3/251/OP/groupRunDataDir/psf/mc1_separate/263/. Use results() for a list of available results.
\o WARNING (OCN-6038): Results xf are not available for /home/saul/simulation/REF_GEN/REF_GEN_f_TB/adexl/results/data/MonteCarlo.3/251/OP/groupRunDataDir/psf/mc1_separate/263/. Use results() for a list of available results.
\e *Error* db: can't handle db(nil)
\e 
\e 
\o ERROR (ADE-2709): Evaluation of output 'V/V /V0; xf dB20(V/V)' returned 'nil' for point:'263' test:'OP'
\o 	Expression:'db(getData("/V0" ?result "xf"))'.
\o Ensure that the definition of output is correct.
\o 
\o *Info*    Client has finished evaluating ... 
\o 
\o 
\o *Info*    Run complete for Point ID (20 263) on testbench [ OP ].
\o 
\o 
\o 
\o 
\o 
\# Memory report: using         777 MB, process size 2,670 MB at UTC 2026.06.21 21:39:48.185
\o WARNING (OCN-6038): Results noise are not available for /home/saul/simulation/REF_GEN/REF_GEN_f_TB/adexl/results/data/MonteCarlo.3/251/OP/groupRunDataDir/psf/mc1_separate/264/. Use results() for a list of available results.
\o WARNING (OCN-6038): Results noise are not available for /home/saul/simulation/REF_GEN/REF_GEN_f_TB/adexl/results/data/MonteCarlo.3/251/OP/groupRunDataDir/psf/mc1_separate/264/. Use results() for a list of available results.
\e *Error* ("expt" 0 t nil ("*Error* expt: can't handle (nil**2)"))
\e 
\e 
\o ERROR (ADE-2708): Evaluation of output 'total_noise_V' failed for point:'264' test:'OP'
\o 	Expression:'sqrt(totalNoise("noise" 0.01 100000000 nil))'
\o 	because of the following error(s)
\o 	*Error* expt: can't handle (nil**2).
\o Ensure that the definition of output is correct.
\o 
\o WARNING (OCN-6038): Results noise are not available for /home/saul/simulation/REF_GEN/REF_GEN_f_TB/adexl/results/data/MonteCarlo.3/251/OP/groupRunDataDir/psf/mc1_separate/264/. Use results() for a list of available results.
\o WARNING (OCN-6038): Results noise are not available for /home/saul/simulation/REF_GEN/REF_GEN_f_TB/adexl/results/data/MonteCarlo.3/251/OP/groupRunDataDir/psf/mc1_separate/264/. Use results() for a list of available results.
\e *Error* db: can't handle db(nil)
\e 
\e 
\o ERROR (ADE-2709): Evaluation of output 'output noise; V / sqrt(Hz)' returned 'nil' for point:'264' test:'OP'
\o 	Expression:'db(getData("out" ?result "noise"))'.
\o Ensure that the definition of output is correct.
\o 
\o WARNING (OCN-6038): Results xf are not available for /home/saul/simulation/REF_GEN/REF_GEN_f_TB/adexl/results/data/MonteCarlo.3/251/OP/groupRunDataDir/psf/mc1_separate/264/. Use results() for a list of available results.
\o WARNING (OCN-6038): Results xf are not available for /home/saul/simulation/REF_GEN/REF_GEN_f_TB/adexl/results/data/MonteCarlo.3/251/OP/groupRunDataDir/psf/mc1_separate/264/. Use results() for a list of available results.
\e *Error* db: can't handle db(nil)
\e 
\e 
\o ERROR (ADE-2709): Evaluation of output 'V/V /V0; xf dB20(V/V)' returned 'nil' for point:'264' test:'OP'
\o 	Expression:'db(getData("/V0" ?result "xf"))'.
\o Ensure that the definition of output is correct.
\o 
\o *Info*    Client has finished evaluating ... 
\o 
\o 
\o *Info*    Run complete for Point ID (20 264) on testbench [ OP ].
\o 
\o 
\o 
\o 
\o 
\o WARNING (OCN-6038): Results noise are not available for /home/saul/simulation/REF_GEN/REF_GEN_f_TB/adexl/results/data/MonteCarlo.3/251/OP/groupRunDataDir/psf/mc1_separate/265/. Use results() for a list of available results.
\o WARNING (OCN-6038): Results noise are not available for /home/saul/simulation/REF_GEN/REF_GEN_f_TB/adexl/results/data/MonteCarlo.3/251/OP/groupRunDataDir/psf/mc1_separate/265/. Use results() for a list of available results.
\e *Error* ("expt" 0 t nil ("*Error* expt: can't handle (nil**2)"))
\e 
\e 
\o ERROR (ADE-2708): Evaluation of output 'total_noise_V' failed for point:'265' test:'OP'
\o 	Expression:'sqrt(totalNoise("noise" 0.01 100000000 nil))'
\o 	because of the following error(s)
\o 	*Error* expt: can't handle (nil**2).
\o Ensure that the definition of output is correct.
\o 
\o WARNING (OCN-6038): Results noise are not available for /home/saul/simulation/REF_GEN/REF_GEN_f_TB/adexl/results/data/MonteCarlo.3/251/OP/groupRunDataDir/psf/mc1_separate/265/. Use results() for a list of available results.
\o WARNING (OCN-6038): Results noise are not available for /home/saul/simulation/REF_GEN/REF_GEN_f_TB/adexl/results/data/MonteCarlo.3/251/OP/groupRunDataDir/psf/mc1_separate/265/. Use results() for a list of available results.
\e *Error* db: can't handle db(nil)
\e 
\e 
\o ERROR (ADE-2709): Evaluation of output 'output noise; V / sqrt(Hz)' returned 'nil' for point:'265' test:'OP'
\o 	Expression:'db(getData("out" ?result "noise"))'.
\o Ensure that the definition of output is correct.
\o 
\o WARNING (OCN-6038): Results xf are not available for /home/saul/simulation/REF_GEN/REF_GEN_f_TB/adexl/results/data/MonteCarlo.3/251/OP/groupRunDataDir/psf/mc1_separate/265/. Use results() for a list of available results.
\o WARNING (OCN-6038): Results xf are not available for /home/saul/simulation/REF_GEN/REF_GEN_f_TB/adexl/results/data/MonteCarlo.3/251/OP/groupRunDataDir/psf/mc1_separate/265/. Use results() for a list of available results.
\e *Error* db: can't handle db(nil)
\e 
\e 
\o ERROR (ADE-2709): Evaluation of output 'V/V /V0; xf dB20(V/V)' returned 'nil' for point:'265' test:'OP'
\o 	Expression:'db(getData("/V0" ?result "xf"))'.
\o Ensure that the definition of output is correct.
\o 
\o *Info*    Client has finished evaluating ... 
\o 
\o 
\o *Info*    Run complete for Point ID (20 265) on testbench [ OP ].
\o 
\o 
\o 
\o 
\o 
\o WARNING (OCN-6038): Results noise are not available for /home/saul/simulation/REF_GEN/REF_GEN_f_TB/adexl/results/data/MonteCarlo.3/251/OP/groupRunDataDir/psf/mc1_separate/266/. Use results() for a list of available results.
\o WARNING (OCN-6038): Results noise are not available for /home/saul/simulation/REF_GEN/REF_GEN_f_TB/adexl/results/data/MonteCarlo.3/251/OP/groupRunDataDir/psf/mc1_separate/266/. Use results() for a list of available results.
\e *Error* ("expt" 0 t nil ("*Error* expt: can't handle (nil**2)"))
\e 
\e 
\o ERROR (ADE-2708): Evaluation of output 'total_noise_V' failed for point:'266' test:'OP'
\o 	Expression:'sqrt(totalNoise("noise" 0.01 100000000 nil))'
\o 	because of the following error(s)
\o 	*Error* expt: can't handle (nil**2).
\o Ensure that the definition of output is correct.
\o 
\o WARNING (OCN-6038): Results noise are not available for /home/saul/simulation/REF_GEN/REF_GEN_f_TB/adexl/results/data/MonteCarlo.3/251/OP/groupRunDataDir/psf/mc1_separate/266/. Use results() for a list of available results.
\o WARNING (OCN-6038): Results noise are not available for /home/saul/simulation/REF_GEN/REF_GEN_f_TB/adexl/results/data/MonteCarlo.3/251/OP/groupRunDataDir/psf/mc1_separate/266/. Use results() for a list of available results.
\e *Error* db: can't handle db(nil)
\e 
\e 
\o ERROR (ADE-2709): Evaluation of output 'output noise; V / sqrt(Hz)' returned 'nil' for point:'266' test:'OP'
\o 	Expression:'db(getData("out" ?result "noise"))'.
\o Ensure that the definition of output is correct.
\o 
\o WARNING (OCN-6038): Results xf are not available for /home/saul/simulation/REF_GEN/REF_GEN_f_TB/adexl/results/data/MonteCarlo.3/251/OP/groupRunDataDir/psf/mc1_separate/266/. Use results() for a list of available results.
\o WARNING (OCN-6038): Results xf are not available for /home/saul/simulation/REF_GEN/REF_GEN_f_TB/adexl/results/data/MonteCarlo.3/251/OP/groupRunDataDir/psf/mc1_separate/266/. Use results() for a list of available results.
\e *Error* db: can't handle db(nil)
\e 
\e 
\o ERROR (ADE-2709): Evaluation of output 'V/V /V0; xf dB20(V/V)' returned 'nil' for point:'266' test:'OP'
\o 	Expression:'db(getData("/V0" ?result "xf"))'.
\o Ensure that the definition of output is correct.
\o 
\o *Info*    Client has finished evaluating ... 
\o 
\o 
\o *Info*    Run complete for Point ID (20 266) on testbench [ OP ].
\o 
\o 
\o 
\o 
\o 
\o WARNING (OCN-6038): Results noise are not available for /home/saul/simulation/REF_GEN/REF_GEN_f_TB/adexl/results/data/MonteCarlo.3/251/OP/groupRunDataDir/psf/mc1_separate/267/. Use results() for a list of available results.
\o WARNING (OCN-6038): Results noise are not available for /home/saul/simulation/REF_GEN/REF_GEN_f_TB/adexl/results/data/MonteCarlo.3/251/OP/groupRunDataDir/psf/mc1_separate/267/. Use results() for a list of available results.
\e *Error* ("expt" 0 t nil ("*Error* expt: can't handle (nil**2)"))
\e 
\e 
\o ERROR (ADE-2708): Evaluation of output 'total_noise_V' failed for point:'267' test:'OP'
\o 	Expression:'sqrt(totalNoise("noise" 0.01 100000000 nil))'
\o 	because of the following error(s)
\o 	*Error* expt: can't handle (nil**2).
\o Ensure that the definition of output is correct.
\o 
\o WARNING (OCN-6038): Results noise are not available for /home/saul/simulation/REF_GEN/REF_GEN_f_TB/adexl/results/data/MonteCarlo.3/251/OP/groupRunDataDir/psf/mc1_separate/267/. Use results() for a list of available results.
\o WARNING (OCN-6038): Results noise are not available for /home/saul/simulation/REF_GEN/REF_GEN_f_TB/adexl/results/data/MonteCarlo.3/251/OP/groupRunDataDir/psf/mc1_separate/267/. Use results() for a list of available results.
\e *Error* db: can't handle db(nil)
\e 
\e 
\o ERROR (ADE-2709): Evaluation of output 'output noise; V / sqrt(Hz)' returned 'nil' for point:'267' test:'OP'
\o 	Expression:'db(getData("out" ?result "noise"))'.
\o Ensure that the definition of output is correct.
\o 
\o WARNING (OCN-6038): Results xf are not available for /home/saul/simulation/REF_GEN/REF_GEN_f_TB/adexl/results/data/MonteCarlo.3/251/OP/groupRunDataDir/psf/mc1_separate/267/. Use results() for a list of available results.
\o WARNING (OCN-6038): Results xf are not available for /home/saul/simulation/REF_GEN/REF_GEN_f_TB/adexl/results/data/MonteCarlo.3/251/OP/groupRunDataDir/psf/mc1_separate/267/. Use results() for a list of available results.
\e *Error* db: can't handle db(nil)
\e 
\e 
\o ERROR (ADE-2709): Evaluation of output 'V/V /V0; xf dB20(V/V)' returned 'nil' for point:'267' test:'OP'
\o 	Expression:'db(getData("/V0" ?result "xf"))'.
\o Ensure that the definition of output is correct.
\o 
\o *Info*    Client has finished evaluating ... 
\o 
\o 
\o *Info*    Run complete for Point ID (20 267) on testbench [ OP ].
\o 
\o 
\o 
\o 
\o 
\o *Info*    Current simulation for points ((20 251) (20 252) (20 253)
\o           (20 254) (20 255) (20 256) (20 257) (20 258) (20 259) (20
\o           260) (20 261) (20 262) (20 263) (20 264) (20 265) (20 266)
\o           (20 267) (20 268) (20 269) (20 270) (20 271) (20 272) (20
\o           273) (20 274) (20 275) (20 276) (20 277) (20 278) (20 279)
\o           (20 280) (20 281) (20 282) (20 283) (20 284) (20 285) (20
\o           286) (20 287) (20 288) (20 289) (20 290) (20 291) (20 292)
\o           (20 293) (20 294) (20 295) (20 296) (20 297) (20 298) (20
\o           299) (20 300)).
\o *Info*    (ADE-3072): Simulation stopped because you selected the
\o           'Stop Simulation' command in ADE.
\o 
\o *Info*    Monte Carlo Simulation unsuccessful...
\o *Info*    See simulation output log for more information.
\o INFO (ADE-3067): Errors encountered during simulation. For more information, right-click
\o         on a test name in the 'Results' tab of the Outputs pane and choose 'Output Log'
\o         to view the simulation run log.
\o reading simulation data...
\o       ...successful.
\o Simulation design variables differ from those on the cellView,
\o they have been saved in the file "/tmp/saved-design-variables".
\o To save future changes, copy variables to cellView before exiting.
\o 
\o 
\o *Info*    Configuring the session ...
\o 
\o 	Library      = REF_GEN
\o 	Cell         = REF_GEN_f_TB
\o 	View         = config
\o 	Simulator    = spectre
\o 	State Path   = $AXL_SETUPDB_DIR/test_states
\o 	State Name   = OP_none_MonteCarlo.4
\o 	Results DB   = /home/saul/projects/LF_BG/REF_GEN/REF_GEN_f_TB/adexl/results/data/MonteCarlo.4.rdb
\o 	Results Dir  = /home/saul/simulation/REF_GEN/REF_GEN_f_TB/adexl/results/data/MonteCarlo.4/1/OP
\o 	Results Loc  = /home/saul/simulation/REF_GEN/REF_GEN_f_TB/adexl/results/data
\o 	Project Dir  = /home/saul/simulation
\o 	Setup DB loc = /home/saul/projects/LF_BG/REF_GEN/REF_GEN_f_TB/adexl
\o 	File Encoding = 0
\o 
\o 
\o 
\o *Info*    The auto suspension is disabled.
\o 
\o 
\o 
\o 
\o 
\o 
\o *Info*    Run start for Point ID (22 251) on testbench [ OP ].
\o 
\o Resetting statistical vars
\o 
\o *Info*    Setting parameter values ...
\o 
\o Setting var CL = "150f"
\o Setting var CL2 = "3p"
\o Setting var CONF_BG_SL_TRIM = "3"
\o Setting var CONF_BG_TRIM = "3"
\o Setting var CONF_LDO_SEL = "0"
\o Setting var CONF_LVDS_SEL = "0"
\o Setting var CONF_REF_TRIM = "3"
\o Setting var EN = "1.2"
\o Setting var EN_PULSE = "0"
\o Setting var PD = "0"
\o Setting var PD_PULSE = "0"
\o Setting var TT = "1u"
\o Setting var VDD = "1.2"
\o Setting var VDD_PULSE = "0"
\o Setting var temperature = "50.0"
\o Setting temp(T) = 50.0
\o 
\o *Info*    Netlist Directory =
\o           /home/saul/simulation/REF_GEN/REF_GEN_f_TB/adexl/results/data/MonteCarlo.4/251/OP/groupRunDataDir/netlist
\o 
\o 
\o *Info*    Data Directory    =
\o           /home/saul/simulation/REF_GEN/REF_GEN_f_TB/adexl/results/data/MonteCarlo.4/251/OP/groupRunDataDir
\o 
\o 
\o *Info*    Creating Netlist for Point ID (22 251)
\o 
\o generate netlist...
\o Begin Incremental Netlisting Jun 21 21:42:49 2026
\o End netlisting Jun 21 21:42:49 2026
\o 
\o 	The netlist is up to date.
\o 	Time taken to compare the design with netlist:   0.0s
\o       ...successful.
\o compose simulator input file...
\o       ...successful.
\o 
\o *Info*    Running simulation on testbench [ OP ] for Point ID (22
\o           251).
\o 
\o *Info*    Spectre controlMode is set "batch" due to monte carlo run.
\o 
\o Delete psf data in /home/saul/simulation/REF_GEN/REF_GEN_f_TB/adexl/results/data/MonteCarlo.4/251/OP/groupRunDataDir/psf.
\o generate netlist...
\o Begin Incremental Netlisting Jun 21 21:42:49 2026
\o End netlisting Jun 21 21:42:49 2026
\o 
\o 	The netlist is up to date.
\o 	Time taken to compare the design with netlist:   0.0s
\o       ...successful.
\o compose simulator input file...
\o       ...successful.
\o start simulator if needed...
\o       ...successful.
\o simulate...
\o To view the simulator output, right-click on the test name, result 
\o name, or any value in the "Results" tab of the Outputs section and 
\o choose "Output Log" menu option.
\o WARNING (OCN-6038): Results noise are not available for /home/saul/simulation/REF_GEN/REF_GEN_f_TB/adexl/results/data/MonteCarlo.4/251/OP/groupRunDataDir/psf/mc1_separate/251/. Use results() for a list of available results.
\o WARNING (OCN-6038): Results noise are not available for /home/saul/simulation/REF_GEN/REF_GEN_f_TB/adexl/results/data/MonteCarlo.4/251/OP/groupRunDataDir/psf/mc1_separate/251/. Use results() for a list of available results.
\e *Error* ("expt" 0 t nil ("*Error* expt: can't handle (nil**2)"))
\e 
\e 
\o ERROR (ADE-2708): Evaluation of output 'total_noise_V' failed for point:'251' test:'OP'
\o 	Expression:'sqrt(totalNoise("noise" 0.01 100000000 nil))'
\o 	because of the following error(s)
\o 	*Error* expt: can't handle (nil**2).
\o Ensure that the definition of output is correct.
\o 
\o WARNING (OCN-6038): Results noise are not available for /home/saul/simulation/REF_GEN/REF_GEN_f_TB/adexl/results/data/MonteCarlo.4/251/OP/groupRunDataDir/psf/mc1_separate/251/. Use results() for a list of available results.
\o WARNING (OCN-6038): Results noise are not available for /home/saul/simulation/REF_GEN/REF_GEN_f_TB/adexl/results/data/MonteCarlo.4/251/OP/groupRunDataDir/psf/mc1_separate/251/. Use results() for a list of available results.
\e *Error* db: can't handle db(nil)
\e 
\e 
\o ERROR (ADE-2709): Evaluation of output 'output noise; V / sqrt(Hz)' returned 'nil' for point:'251' test:'OP'
\o 	Expression:'db(getData("out" ?result "noise"))'.
\o Ensure that the definition of output is correct.
\o 
\o WARNING (OCN-6038): Results xf are not available for /home/saul/simulation/REF_GEN/REF_GEN_f_TB/adexl/results/data/MonteCarlo.4/251/OP/groupRunDataDir/psf/mc1_separate/251/. Use results() for a list of available results.
\o WARNING (OCN-6038): Results xf are not available for /home/saul/simulation/REF_GEN/REF_GEN_f_TB/adexl/results/data/MonteCarlo.4/251/OP/groupRunDataDir/psf/mc1_separate/251/. Use results() for a list of available results.
\e *Error* db: can't handle db(nil)
\e 
\e 
\o ERROR (ADE-2709): Evaluation of output 'V/V /V0; xf dB20(V/V)' returned 'nil' for point:'251' test:'OP'
\o 	Expression:'db(getData("/V0" ?result "xf"))'.
\o Ensure that the definition of output is correct.
\o 
\o *Info*    Client has finished evaluating ... 
\o 
\o 
\o *Info*    Run complete for Point ID (22 251) on testbench [ OP ].
\o 
\o 
\o 
\o 
\o 
\o WARNING (OCN-6038): Results noise are not available for /home/saul/simulation/REF_GEN/REF_GEN_f_TB/adexl/results/data/MonteCarlo.4/251/OP/groupRunDataDir/psf/mc1_separate/252/. Use results() for a list of available results.
\o WARNING (OCN-6038): Results noise are not available for /home/saul/simulation/REF_GEN/REF_GEN_f_TB/adexl/results/data/MonteCarlo.4/251/OP/groupRunDataDir/psf/mc1_separate/252/. Use results() for a list of available results.
\e *Error* ("expt" 0 t nil ("*Error* expt: can't handle (nil**2)"))
\e 
\e 
\o ERROR (ADE-2708): Evaluation of output 'total_noise_V' failed for point:'252' test:'OP'
\o 	Expression:'sqrt(totalNoise("noise" 0.01 100000000 nil))'
\o 	because of the following error(s)
\o 	*Error* expt: can't handle (nil**2).
\o Ensure that the definition of output is correct.
\o 
\o WARNING (OCN-6038): Results noise are not available for /home/saul/simulation/REF_GEN/REF_GEN_f_TB/adexl/results/data/MonteCarlo.4/251/OP/groupRunDataDir/psf/mc1_separate/252/. Use results() for a list of available results.
\o WARNING (OCN-6038): Results noise are not available for /home/saul/simulation/REF_GEN/REF_GEN_f_TB/adexl/results/data/MonteCarlo.4/251/OP/groupRunDataDir/psf/mc1_separate/252/. Use results() for a list of available results.
\e *Error* db: can't handle db(nil)
\e 
\e 
\o ERROR (ADE-2709): Evaluation of output 'output noise; V / sqrt(Hz)' returned 'nil' for point:'252' test:'OP'
\o 	Expression:'db(getData("out" ?result "noise"))'.
\o Ensure that the definition of output is correct.
\o 
\o WARNING (OCN-6038): Results xf are not available for /home/saul/simulation/REF_GEN/REF_GEN_f_TB/adexl/results/data/MonteCarlo.4/251/OP/groupRunDataDir/psf/mc1_separate/252/. Use results() for a list of available results.
\o WARNING (OCN-6038): Results xf are not available for /home/saul/simulation/REF_GEN/REF_GEN_f_TB/adexl/results/data/MonteCarlo.4/251/OP/groupRunDataDir/psf/mc1_separate/252/. Use results() for a list of available results.
\e *Error* db: can't handle db(nil)
\e 
\e 
\o ERROR (ADE-2709): Evaluation of output 'V/V /V0; xf dB20(V/V)' returned 'nil' for point:'252' test:'OP'
\o 	Expression:'db(getData("/V0" ?result "xf"))'.
\o Ensure that the definition of output is correct.
\o 
\o *Info*    Client has finished evaluating ... 
\o 
\o 
\o *Info*    Run complete for Point ID (22 252) on testbench [ OP ].
\o 
\o 
\o 
\o 
\o 
\o WARNING (OCN-6038): Results noise are not available for /home/saul/simulation/REF_GEN/REF_GEN_f_TB/adexl/results/data/MonteCarlo.4/251/OP/groupRunDataDir/psf/mc1_separate/253/. Use results() for a list of available results.
\o WARNING (OCN-6038): Results noise are not available for /home/saul/simulation/REF_GEN/REF_GEN_f_TB/adexl/results/data/MonteCarlo.4/251/OP/groupRunDataDir/psf/mc1_separate/253/. Use results() for a list of available results.
\e *Error* ("expt" 0 t nil ("*Error* expt: can't handle (nil**2)"))
\e 
\e 
\o ERROR (ADE-2708): Evaluation of output 'total_noise_V' failed for point:'253' test:'OP'
\o 	Expression:'sqrt(totalNoise("noise" 0.01 100000000 nil))'
\o 	because of the following error(s)
\o 	*Error* expt: can't handle (nil**2).
\o Ensure that the definition of output is correct.
\o 
\o WARNING (OCN-6038): Results noise are not available for /home/saul/simulation/REF_GEN/REF_GEN_f_TB/adexl/results/data/MonteCarlo.4/251/OP/groupRunDataDir/psf/mc1_separate/253/. Use results() for a list of available results.
\o WARNING (OCN-6038): Results noise are not available for /home/saul/simulation/REF_GEN/REF_GEN_f_TB/adexl/results/data/MonteCarlo.4/251/OP/groupRunDataDir/psf/mc1_separate/253/. Use results() for a list of available results.
\e *Error* db: can't handle db(nil)
\e 
\e 
\o ERROR (ADE-2709): Evaluation of output 'output noise; V / sqrt(Hz)' returned 'nil' for point:'253' test:'OP'
\o 	Expression:'db(getData("out" ?result "noise"))'.
\o Ensure that the definition of output is correct.
\o 
\o WARNING (OCN-6038): Results xf are not available for /home/saul/simulation/REF_GEN/REF_GEN_f_TB/adexl/results/data/MonteCarlo.4/251/OP/groupRunDataDir/psf/mc1_separate/253/. Use results() for a list of available results.
\o WARNING (OCN-6038): Results xf are not available for /home/saul/simulation/REF_GEN/REF_GEN_f_TB/adexl/results/data/MonteCarlo.4/251/OP/groupRunDataDir/psf/mc1_separate/253/. Use results() for a list of available results.
\e *Error* db: can't handle db(nil)
\e 
\e 
\o ERROR (ADE-2709): Evaluation of output 'V/V /V0; xf dB20(V/V)' returned 'nil' for point:'253' test:'OP'
\o 	Expression:'db(getData("/V0" ?result "xf"))'.
\o Ensure that the definition of output is correct.
\o 
\o *Info*    Client has finished evaluating ... 
\o 
\o 
\o *Info*    Run complete for Point ID (22 253) on testbench [ OP ].
\o 
\o 
\o 
\o 
\o 
\o WARNING (OCN-6038): Results noise are not available for /home/saul/simulation/REF_GEN/REF_GEN_f_TB/adexl/results/data/MonteCarlo.4/251/OP/groupRunDataDir/psf/mc1_separate/254/. Use results() for a list of available results.
\o WARNING (OCN-6038): Results noise are not available for /home/saul/simulation/REF_GEN/REF_GEN_f_TB/adexl/results/data/MonteCarlo.4/251/OP/groupRunDataDir/psf/mc1_separate/254/. Use results() for a list of available results.
\e *Error* ("expt" 0 t nil ("*Error* expt: can't handle (nil**2)"))
\e 
\e 
\o ERROR (ADE-2708): Evaluation of output 'total_noise_V' failed for point:'254' test:'OP'
\o 	Expression:'sqrt(totalNoise("noise" 0.01 100000000 nil))'
\o 	because of the following error(s)
\o 	*Error* expt: can't handle (nil**2).
\o Ensure that the definition of output is correct.
\o 
\o WARNING (OCN-6038): Results noise are not available for /home/saul/simulation/REF_GEN/REF_GEN_f_TB/adexl/results/data/MonteCarlo.4/251/OP/groupRunDataDir/psf/mc1_separate/254/. Use results() for a list of available results.
\o WARNING (OCN-6038): Results noise are not available for /home/saul/simulation/REF_GEN/REF_GEN_f_TB/adexl/results/data/MonteCarlo.4/251/OP/groupRunDataDir/psf/mc1_separate/254/. Use results() for a list of available results.
\e *Error* db: can't handle db(nil)
\e 
\e 
\o ERROR (ADE-2709): Evaluation of output 'output noise; V / sqrt(Hz)' returned 'nil' for point:'254' test:'OP'
\o 	Expression:'db(getData("out" ?result "noise"))'.
\o Ensure that the definition of output is correct.
\o 
\o WARNING (OCN-6038): Results xf are not available for /home/saul/simulation/REF_GEN/REF_GEN_f_TB/adexl/results/data/MonteCarlo.4/251/OP/groupRunDataDir/psf/mc1_separate/254/. Use results() for a list of available results.
\o WARNING (OCN-6038): Results xf are not available for /home/saul/simulation/REF_GEN/REF_GEN_f_TB/adexl/results/data/MonteCarlo.4/251/OP/groupRunDataDir/psf/mc1_separate/254/. Use results() for a list of available results.
\e *Error* db: can't handle db(nil)
\e 
\e 
\o ERROR (ADE-2709): Evaluation of output 'V/V /V0; xf dB20(V/V)' returned 'nil' for point:'254' test:'OP'
\o 	Expression:'db(getData("/V0" ?result "xf"))'.
\o Ensure that the definition of output is correct.
\o 
\o *Info*    Client has finished evaluating ... 
\o 
\o 
\o *Info*    Run complete for Point ID (22 254) on testbench [ OP ].
\o 
\o 
\o 
\o 
\o 
\o WARNING (OCN-6038): Results noise are not available for /home/saul/simulation/REF_GEN/REF_GEN_f_TB/adexl/results/data/MonteCarlo.4/251/OP/groupRunDataDir/psf/mc1_separate/255/. Use results() for a list of available results.
\o WARNING (OCN-6038): Results noise are not available for /home/saul/simulation/REF_GEN/REF_GEN_f_TB/adexl/results/data/MonteCarlo.4/251/OP/groupRunDataDir/psf/mc1_separate/255/. Use results() for a list of available results.
\e *Error* ("expt" 0 t nil ("*Error* expt: can't handle (nil**2)"))
\e 
\e 
\o ERROR (ADE-2708): Evaluation of output 'total_noise_V' failed for point:'255' test:'OP'
\o 	Expression:'sqrt(totalNoise("noise" 0.01 100000000 nil))'
\o 	because of the following error(s)
\o 	*Error* expt: can't handle (nil**2).
\o Ensure that the definition of output is correct.
\o 
\o WARNING (OCN-6038): Results noise are not available for /home/saul/simulation/REF_GEN/REF_GEN_f_TB/adexl/results/data/MonteCarlo.4/251/OP/groupRunDataDir/psf/mc1_separate/255/. Use results() for a list of available results.
\o WARNING (OCN-6038): Results noise are not available for /home/saul/simulation/REF_GEN/REF_GEN_f_TB/adexl/results/data/MonteCarlo.4/251/OP/groupRunDataDir/psf/mc1_separate/255/. Use results() for a list of available results.
\e *Error* db: can't handle db(nil)
\e 
\e 
\o ERROR (ADE-2709): Evaluation of output 'output noise; V / sqrt(Hz)' returned 'nil' for point:'255' test:'OP'
\o 	Expression:'db(getData("out" ?result "noise"))'.
\o Ensure that the definition of output is correct.
\o 
\o WARNING (OCN-6038): Results xf are not available for /home/saul/simulation/REF_GEN/REF_GEN_f_TB/adexl/results/data/MonteCarlo.4/251/OP/groupRunDataDir/psf/mc1_separate/255/. Use results() for a list of available results.
\o WARNING (OCN-6038): Results xf are not available for /home/saul/simulation/REF_GEN/REF_GEN_f_TB/adexl/results/data/MonteCarlo.4/251/OP/groupRunDataDir/psf/mc1_separate/255/. Use results() for a list of available results.
\e *Error* db: can't handle db(nil)
\e 
\e 
\o ERROR (ADE-2709): Evaluation of output 'V/V /V0; xf dB20(V/V)' returned 'nil' for point:'255' test:'OP'
\o 	Expression:'db(getData("/V0" ?result "xf"))'.
\o Ensure that the definition of output is correct.
\o 
\o *Info*    Client has finished evaluating ... 
\o 
\o 
\o *Info*    Run complete for Point ID (22 255) on testbench [ OP ].
\o 
\o 
\o 
\o 
\o 
\o WARNING (OCN-6038): Results noise are not available for /home/saul/simulation/REF_GEN/REF_GEN_f_TB/adexl/results/data/MonteCarlo.4/251/OP/groupRunDataDir/psf/mc1_separate/256/. Use results() for a list of available results.
\o WARNING (OCN-6038): Results noise are not available for /home/saul/simulation/REF_GEN/REF_GEN_f_TB/adexl/results/data/MonteCarlo.4/251/OP/groupRunDataDir/psf/mc1_separate/256/. Use results() for a list of available results.
\e *Error* ("expt" 0 t nil ("*Error* expt: can't handle (nil**2)"))
\e 
\e 
\o ERROR (ADE-2708): Evaluation of output 'total_noise_V' failed for point:'256' test:'OP'
\o 	Expression:'sqrt(totalNoise("noise" 0.01 100000000 nil))'
\o 	because of the following error(s)
\o 	*Error* expt: can't handle (nil**2).
\o Ensure that the definition of output is correct.
\o 
\o WARNING (OCN-6038): Results noise are not available for /home/saul/simulation/REF_GEN/REF_GEN_f_TB/adexl/results/data/MonteCarlo.4/251/OP/groupRunDataDir/psf/mc1_separate/256/. Use results() for a list of available results.
\o WARNING (OCN-6038): Results noise are not available for /home/saul/simulation/REF_GEN/REF_GEN_f_TB/adexl/results/data/MonteCarlo.4/251/OP/groupRunDataDir/psf/mc1_separate/256/. Use results() for a list of available results.
\e *Error* db: can't handle db(nil)
\e 
\e 
\o ERROR (ADE-2709): Evaluation of output 'output noise; V / sqrt(Hz)' returned 'nil' for point:'256' test:'OP'
\o 	Expression:'db(getData("out" ?result "noise"))'.
\o Ensure that the definition of output is correct.
\o 
\o WARNING (OCN-6038): Results xf are not available for /home/saul/simulation/REF_GEN/REF_GEN_f_TB/adexl/results/data/MonteCarlo.4/251/OP/groupRunDataDir/psf/mc1_separate/256/. Use results() for a list of available results.
\o WARNING (OCN-6038): Results xf are not available for /home/saul/simulation/REF_GEN/REF_GEN_f_TB/adexl/results/data/MonteCarlo.4/251/OP/groupRunDataDir/psf/mc1_separate/256/. Use results() for a list of available results.
\e *Error* db: can't handle db(nil)
\e 
\e 
\o ERROR (ADE-2709): Evaluation of output 'V/V /V0; xf dB20(V/V)' returned 'nil' for point:'256' test:'OP'
\o 	Expression:'db(getData("/V0" ?result "xf"))'.
\o Ensure that the definition of output is correct.
\o 
\o *Info*    Client has finished evaluating ... 
\o 
\o 
\o *Info*    Run complete for Point ID (22 256) on testbench [ OP ].
\o 
\o 
\o 
\o 
\o 
\o WARNING (OCN-6038): Results noise are not available for /home/saul/simulation/REF_GEN/REF_GEN_f_TB/adexl/results/data/MonteCarlo.4/251/OP/groupRunDataDir/psf/mc1_separate/257/. Use results() for a list of available results.
\o WARNING (OCN-6038): Results noise are not available for /home/saul/simulation/REF_GEN/REF_GEN_f_TB/adexl/results/data/MonteCarlo.4/251/OP/groupRunDataDir/psf/mc1_separate/257/. Use results() for a list of available results.
\e *Error* ("expt" 0 t nil ("*Error* expt: can't handle (nil**2)"))
\e 
\e 
\o ERROR (ADE-2708): Evaluation of output 'total_noise_V' failed for point:'257' test:'OP'
\o 	Expression:'sqrt(totalNoise("noise" 0.01 100000000 nil))'
\o 	because of the following error(s)
\o 	*Error* expt: can't handle (nil**2).
\o Ensure that the definition of output is correct.
\o 
\o WARNING (OCN-6038): Results noise are not available for /home/saul/simulation/REF_GEN/REF_GEN_f_TB/adexl/results/data/MonteCarlo.4/251/OP/groupRunDataDir/psf/mc1_separate/257/. Use results() for a list of available results.
\o WARNING (OCN-6038): Results noise are not available for /home/saul/simulation/REF_GEN/REF_GEN_f_TB/adexl/results/data/MonteCarlo.4/251/OP/groupRunDataDir/psf/mc1_separate/257/. Use results() for a list of available results.
\e *Error* db: can't handle db(nil)
\e 
\e 
\o ERROR (ADE-2709): Evaluation of output 'output noise; V / sqrt(Hz)' returned 'nil' for point:'257' test:'OP'
\o 	Expression:'db(getData("out" ?result "noise"))'.
\o Ensure that the definition of output is correct.
\o 
\o WARNING (OCN-6038): Results xf are not available for /home/saul/simulation/REF_GEN/REF_GEN_f_TB/adexl/results/data/MonteCarlo.4/251/OP/groupRunDataDir/psf/mc1_separate/257/. Use results() for a list of available results.
\o WARNING (OCN-6038): Results xf are not available for /home/saul/simulation/REF_GEN/REF_GEN_f_TB/adexl/results/data/MonteCarlo.4/251/OP/groupRunDataDir/psf/mc1_separate/257/. Use results() for a list of available results.
\e *Error* db: can't handle db(nil)
\e 
\e 
\o ERROR (ADE-2709): Evaluation of output 'V/V /V0; xf dB20(V/V)' returned 'nil' for point:'257' test:'OP'
\o 	Expression:'db(getData("/V0" ?result "xf"))'.
\o Ensure that the definition of output is correct.
\o 
\o *Info*    Client has finished evaluating ... 
\o 
\o 
\o *Info*    Run complete for Point ID (22 257) on testbench [ OP ].
\o 
\o 
\o 
\o 
\o 
\o WARNING (OCN-6038): Results noise are not available for /home/saul/simulation/REF_GEN/REF_GEN_f_TB/adexl/results/data/MonteCarlo.4/251/OP/groupRunDataDir/psf/mc1_separate/258/. Use results() for a list of available results.
\o WARNING (OCN-6038): Results noise are not available for /home/saul/simulation/REF_GEN/REF_GEN_f_TB/adexl/results/data/MonteCarlo.4/251/OP/groupRunDataDir/psf/mc1_separate/258/. Use results() for a list of available results.
\e *Error* ("expt" 0 t nil ("*Error* expt: can't handle (nil**2)"))
\e 
\e 
\o ERROR (ADE-2708): Evaluation of output 'total_noise_V' failed for point:'258' test:'OP'
\o 	Expression:'sqrt(totalNoise("noise" 0.01 100000000 nil))'
\o 	because of the following error(s)
\o 	*Error* expt: can't handle (nil**2).
\o Ensure that the definition of output is correct.
\o 
\o WARNING (OCN-6038): Results noise are not available for /home/saul/simulation/REF_GEN/REF_GEN_f_TB/adexl/results/data/MonteCarlo.4/251/OP/groupRunDataDir/psf/mc1_separate/258/. Use results() for a list of available results.
\o WARNING (OCN-6038): Results noise are not available for /home/saul/simulation/REF_GEN/REF_GEN_f_TB/adexl/results/data/MonteCarlo.4/251/OP/groupRunDataDir/psf/mc1_separate/258/. Use results() for a list of available results.
\e *Error* db: can't handle db(nil)
\e 
\e 
\o ERROR (ADE-2709): Evaluation of output 'output noise; V / sqrt(Hz)' returned 'nil' for point:'258' test:'OP'
\o 	Expression:'db(getData("out" ?result "noise"))'.
\o Ensure that the definition of output is correct.
\o 
\o WARNING (OCN-6038): Results xf are not available for /home/saul/simulation/REF_GEN/REF_GEN_f_TB/adexl/results/data/MonteCarlo.4/251/OP/groupRunDataDir/psf/mc1_separate/258/. Use results() for a list of available results.
\o WARNING (OCN-6038): Results xf are not available for /home/saul/simulation/REF_GEN/REF_GEN_f_TB/adexl/results/data/MonteCarlo.4/251/OP/groupRunDataDir/psf/mc1_separate/258/. Use results() for a list of available results.
\e *Error* db: can't handle db(nil)
\e 
\e 
\o ERROR (ADE-2709): Evaluation of output 'V/V /V0; xf dB20(V/V)' returned 'nil' for point:'258' test:'OP'
\o 	Expression:'db(getData("/V0" ?result "xf"))'.
\o Ensure that the definition of output is correct.
\o 
\o *Info*    Client has finished evaluating ... 
\o 
\o 
\o *Info*    Run complete for Point ID (22 258) on testbench [ OP ].
\o 
\o 
\o 
\o 
\o 
\o WARNING (OCN-6038): Results noise are not available for /home/saul/simulation/REF_GEN/REF_GEN_f_TB/adexl/results/data/MonteCarlo.4/251/OP/groupRunDataDir/psf/mc1_separate/259/. Use results() for a list of available results.
\o WARNING (OCN-6038): Results noise are not available for /home/saul/simulation/REF_GEN/REF_GEN_f_TB/adexl/results/data/MonteCarlo.4/251/OP/groupRunDataDir/psf/mc1_separate/259/. Use results() for a list of available results.
\e *Error* ("expt" 0 t nil ("*Error* expt: can't handle (nil**2)"))
\e 
\e 
\o ERROR (ADE-2708): Evaluation of output 'total_noise_V' failed for point:'259' test:'OP'
\o 	Expression:'sqrt(totalNoise("noise" 0.01 100000000 nil))'
\o 	because of the following error(s)
\o 	*Error* expt: can't handle (nil**2).
\o Ensure that the definition of output is correct.
\o 
\o WARNING (OCN-6038): Results noise are not available for /home/saul/simulation/REF_GEN/REF_GEN_f_TB/adexl/results/data/MonteCarlo.4/251/OP/groupRunDataDir/psf/mc1_separate/259/. Use results() for a list of available results.
\o WARNING (OCN-6038): Results noise are not available for /home/saul/simulation/REF_GEN/REF_GEN_f_TB/adexl/results/data/MonteCarlo.4/251/OP/groupRunDataDir/psf/mc1_separate/259/. Use results() for a list of available results.
\e *Error* db: can't handle db(nil)
\e 
\e 
\o ERROR (ADE-2709): Evaluation of output 'output noise; V / sqrt(Hz)' returned 'nil' for point:'259' test:'OP'
\o 	Expression:'db(getData("out" ?result "noise"))'.
\o Ensure that the definition of output is correct.
\o 
\o WARNING (OCN-6038): Results xf are not available for /home/saul/simulation/REF_GEN/REF_GEN_f_TB/adexl/results/data/MonteCarlo.4/251/OP/groupRunDataDir/psf/mc1_separate/259/. Use results() for a list of available results.
\o WARNING (OCN-6038): Results xf are not available for /home/saul/simulation/REF_GEN/REF_GEN_f_TB/adexl/results/data/MonteCarlo.4/251/OP/groupRunDataDir/psf/mc1_separate/259/. Use results() for a list of available results.
\e *Error* db: can't handle db(nil)
\e 
\e 
\o ERROR (ADE-2709): Evaluation of output 'V/V /V0; xf dB20(V/V)' returned 'nil' for point:'259' test:'OP'
\o 	Expression:'db(getData("/V0" ?result "xf"))'.
\o Ensure that the definition of output is correct.
\o 
\o *Info*    Client has finished evaluating ... 
\o 
\o 
\o *Info*    Run complete for Point ID (22 259) on testbench [ OP ].
\o 
\o 
\o 
\o 
\o 
\# Memory report: using         881 MB, process size 2,774 MB at UTC 2026.06.21 21:44:54.217
\o WARNING (OCN-6038): Results noise are not available for /home/saul/simulation/REF_GEN/REF_GEN_f_TB/adexl/results/data/MonteCarlo.4/251/OP/groupRunDataDir/psf/mc1_separate/260/. Use results() for a list of available results.
\o WARNING (OCN-6038): Results noise are not available for /home/saul/simulation/REF_GEN/REF_GEN_f_TB/adexl/results/data/MonteCarlo.4/251/OP/groupRunDataDir/psf/mc1_separate/260/. Use results() for a list of available results.
\e *Error* ("expt" 0 t nil ("*Error* expt: can't handle (nil**2)"))
\e 
\e 
\o ERROR (ADE-2708): Evaluation of output 'total_noise_V' failed for point:'260' test:'OP'
\o 	Expression:'sqrt(totalNoise("noise" 0.01 100000000 nil))'
\o 	because of the following error(s)
\o 	*Error* expt: can't handle (nil**2).
\o Ensure that the definition of output is correct.
\o 
\o WARNING (OCN-6038): Results noise are not available for /home/saul/simulation/REF_GEN/REF_GEN_f_TB/adexl/results/data/MonteCarlo.4/251/OP/groupRunDataDir/psf/mc1_separate/260/. Use results() for a list of available results.
\o WARNING (OCN-6038): Results noise are not available for /home/saul/simulation/REF_GEN/REF_GEN_f_TB/adexl/results/data/MonteCarlo.4/251/OP/groupRunDataDir/psf/mc1_separate/260/. Use results() for a list of available results.
\e *Error* db: can't handle db(nil)
\e 
\e 
\o ERROR (ADE-2709): Evaluation of output 'output noise; V / sqrt(Hz)' returned 'nil' for point:'260' test:'OP'
\o 	Expression:'db(getData("out" ?result "noise"))'.
\o Ensure that the definition of output is correct.
\o 
\o WARNING (OCN-6038): Results xf are not available for /home/saul/simulation/REF_GEN/REF_GEN_f_TB/adexl/results/data/MonteCarlo.4/251/OP/groupRunDataDir/psf/mc1_separate/260/. Use results() for a list of available results.
\o WARNING (OCN-6038): Results xf are not available for /home/saul/simulation/REF_GEN/REF_GEN_f_TB/adexl/results/data/MonteCarlo.4/251/OP/groupRunDataDir/psf/mc1_separate/260/. Use results() for a list of available results.
\e *Error* db: can't handle db(nil)
\e 
\e 
\o ERROR (ADE-2709): Evaluation of output 'V/V /V0; xf dB20(V/V)' returned 'nil' for point:'260' test:'OP'
\o 	Expression:'db(getData("/V0" ?result "xf"))'.
\o Ensure that the definition of output is correct.
\o 
\o *Info*    Client has finished evaluating ... 
\o 
\o 
\o *Info*    Run complete for Point ID (22 260) on testbench [ OP ].
\o 
\o 
\o 
\o 
\o 
\o WARNING (OCN-6038): Results noise are not available for /home/saul/simulation/REF_GEN/REF_GEN_f_TB/adexl/results/data/MonteCarlo.4/251/OP/groupRunDataDir/psf/mc1_separate/261/. Use results() for a list of available results.
\o WARNING (OCN-6038): Results noise are not available for /home/saul/simulation/REF_GEN/REF_GEN_f_TB/adexl/results/data/MonteCarlo.4/251/OP/groupRunDataDir/psf/mc1_separate/261/. Use results() for a list of available results.
\e *Error* ("expt" 0 t nil ("*Error* expt: can't handle (nil**2)"))
\e 
\e 
\o ERROR (ADE-2708): Evaluation of output 'total_noise_V' failed for point:'261' test:'OP'
\o 	Expression:'sqrt(totalNoise("noise" 0.01 100000000 nil))'
\o 	because of the following error(s)
\o 	*Error* expt: can't handle (nil**2).
\o Ensure that the definition of output is correct.
\o 
\o WARNING (OCN-6038): Results noise are not available for /home/saul/simulation/REF_GEN/REF_GEN_f_TB/adexl/results/data/MonteCarlo.4/251/OP/groupRunDataDir/psf/mc1_separate/261/. Use results() for a list of available results.
\o WARNING (OCN-6038): Results noise are not available for /home/saul/simulation/REF_GEN/REF_GEN_f_TB/adexl/results/data/MonteCarlo.4/251/OP/groupRunDataDir/psf/mc1_separate/261/. Use results() for a list of available results.
\e *Error* db: can't handle db(nil)
\e 
\e 
\o ERROR (ADE-2709): Evaluation of output 'output noise; V / sqrt(Hz)' returned 'nil' for point:'261' test:'OP'
\o 	Expression:'db(getData("out" ?result "noise"))'.
\o Ensure that the definition of output is correct.
\o 
\o WARNING (OCN-6038): Results xf are not available for /home/saul/simulation/REF_GEN/REF_GEN_f_TB/adexl/results/data/MonteCarlo.4/251/OP/groupRunDataDir/psf/mc1_separate/261/. Use results() for a list of available results.
\o WARNING (OCN-6038): Results xf are not available for /home/saul/simulation/REF_GEN/REF_GEN_f_TB/adexl/results/data/MonteCarlo.4/251/OP/groupRunDataDir/psf/mc1_separate/261/. Use results() for a list of available results.
\e *Error* db: can't handle db(nil)
\e 
\e 
\o ERROR (ADE-2709): Evaluation of output 'V/V /V0; xf dB20(V/V)' returned 'nil' for point:'261' test:'OP'
\o 	Expression:'db(getData("/V0" ?result "xf"))'.
\o Ensure that the definition of output is correct.
\o 
\o *Info*    Client has finished evaluating ... 
\o 
\o 
\o *Info*    Run complete for Point ID (22 261) on testbench [ OP ].
\o 
\o 
\o 
\o 
\o 
\o WARNING (OCN-6038): Results noise are not available for /home/saul/simulation/REF_GEN/REF_GEN_f_TB/adexl/results/data/MonteCarlo.4/251/OP/groupRunDataDir/psf/mc1_separate/262/. Use results() for a list of available results.
\o WARNING (OCN-6038): Results noise are not available for /home/saul/simulation/REF_GEN/REF_GEN_f_TB/adexl/results/data/MonteCarlo.4/251/OP/groupRunDataDir/psf/mc1_separate/262/. Use results() for a list of available results.
\e *Error* ("expt" 0 t nil ("*Error* expt: can't handle (nil**2)"))
\e 
\e 
\o ERROR (ADE-2708): Evaluation of output 'total_noise_V' failed for point:'262' test:'OP'
\o 	Expression:'sqrt(totalNoise("noise" 0.01 100000000 nil))'
\o 	because of the following error(s)
\o 	*Error* expt: can't handle (nil**2).
\o Ensure that the definition of output is correct.
\o 
\o WARNING (OCN-6038): Results noise are not available for /home/saul/simulation/REF_GEN/REF_GEN_f_TB/adexl/results/data/MonteCarlo.4/251/OP/groupRunDataDir/psf/mc1_separate/262/. Use results() for a list of available results.
\o WARNING (OCN-6038): Results noise are not available for /home/saul/simulation/REF_GEN/REF_GEN_f_TB/adexl/results/data/MonteCarlo.4/251/OP/groupRunDataDir/psf/mc1_separate/262/. Use results() for a list of available results.
\e *Error* db: can't handle db(nil)
\e 
\e 
\o ERROR (ADE-2709): Evaluation of output 'output noise; V / sqrt(Hz)' returned 'nil' for point:'262' test:'OP'
\o 	Expression:'db(getData("out" ?result "noise"))'.
\o Ensure that the definition of output is correct.
\o 
\o WARNING (OCN-6038): Results xf are not available for /home/saul/simulation/REF_GEN/REF_GEN_f_TB/adexl/results/data/MonteCarlo.4/251/OP/groupRunDataDir/psf/mc1_separate/262/. Use results() for a list of available results.
\o WARNING (OCN-6038): Results xf are not available for /home/saul/simulation/REF_GEN/REF_GEN_f_TB/adexl/results/data/MonteCarlo.4/251/OP/groupRunDataDir/psf/mc1_separate/262/. Use results() for a list of available results.
\e *Error* db: can't handle db(nil)
\e 
\e 
\o ERROR (ADE-2709): Evaluation of output 'V/V /V0; xf dB20(V/V)' returned 'nil' for point:'262' test:'OP'
\o 	Expression:'db(getData("/V0" ?result "xf"))'.
\o Ensure that the definition of output is correct.
\o 
\o *Info*    Client has finished evaluating ... 
\o 
\o 
\o *Info*    Run complete for Point ID (22 262) on testbench [ OP ].
\o 
\o 
\o 
\o 
\o 
\o WARNING (OCN-6038): Results noise are not available for /home/saul/simulation/REF_GEN/REF_GEN_f_TB/adexl/results/data/MonteCarlo.4/251/OP/groupRunDataDir/psf/mc1_separate/263/. Use results() for a list of available results.
\o WARNING (OCN-6038): Results noise are not available for /home/saul/simulation/REF_GEN/REF_GEN_f_TB/adexl/results/data/MonteCarlo.4/251/OP/groupRunDataDir/psf/mc1_separate/263/. Use results() for a list of available results.
\e *Error* ("expt" 0 t nil ("*Error* expt: can't handle (nil**2)"))
\e 
\e 
\o ERROR (ADE-2708): Evaluation of output 'total_noise_V' failed for point:'263' test:'OP'
\o 	Expression:'sqrt(totalNoise("noise" 0.01 100000000 nil))'
\o 	because of the following error(s)
\o 	*Error* expt: can't handle (nil**2).
\o Ensure that the definition of output is correct.
\o 
\o WARNING (OCN-6038): Results noise are not available for /home/saul/simulation/REF_GEN/REF_GEN_f_TB/adexl/results/data/MonteCarlo.4/251/OP/groupRunDataDir/psf/mc1_separate/263/. Use results() for a list of available results.
\o WARNING (OCN-6038): Results noise are not available for /home/saul/simulation/REF_GEN/REF_GEN_f_TB/adexl/results/data/MonteCarlo.4/251/OP/groupRunDataDir/psf/mc1_separate/263/. Use results() for a list of available results.
\e *Error* db: can't handle db(nil)
\e 
\e 
\o ERROR (ADE-2709): Evaluation of output 'output noise; V / sqrt(Hz)' returned 'nil' for point:'263' test:'OP'
\o 	Expression:'db(getData("out" ?result "noise"))'.
\o Ensure that the definition of output is correct.
\o 
\o WARNING (OCN-6038): Results xf are not available for /home/saul/simulation/REF_GEN/REF_GEN_f_TB/adexl/results/data/MonteCarlo.4/251/OP/groupRunDataDir/psf/mc1_separate/263/. Use results() for a list of available results.
\o WARNING (OCN-6038): Results xf are not available for /home/saul/simulation/REF_GEN/REF_GEN_f_TB/adexl/results/data/MonteCarlo.4/251/OP/groupRunDataDir/psf/mc1_separate/263/. Use results() for a list of available results.
\e *Error* db: can't handle db(nil)
\e 
\e 
\o ERROR (ADE-2709): Evaluation of output 'V/V /V0; xf dB20(V/V)' returned 'nil' for point:'263' test:'OP'
\o 	Expression:'db(getData("/V0" ?result "xf"))'.
\o Ensure that the definition of output is correct.
\o 
\o *Info*    Client has finished evaluating ... 
\o 
\o 
\o *Info*    Run complete for Point ID (22 263) on testbench [ OP ].
\o 
\o 
\o 
\o 
\o 
\o WARNING (OCN-6038): Results noise are not available for /home/saul/simulation/REF_GEN/REF_GEN_f_TB/adexl/results/data/MonteCarlo.4/251/OP/groupRunDataDir/psf/mc1_separate/264/. Use results() for a list of available results.
\o WARNING (OCN-6038): Results noise are not available for /home/saul/simulation/REF_GEN/REF_GEN_f_TB/adexl/results/data/MonteCarlo.4/251/OP/groupRunDataDir/psf/mc1_separate/264/. Use results() for a list of available results.
\e *Error* ("expt" 0 t nil ("*Error* expt: can't handle (nil**2)"))
\e 
\e 
\o ERROR (ADE-2708): Evaluation of output 'total_noise_V' failed for point:'264' test:'OP'
\o 	Expression:'sqrt(totalNoise("noise" 0.01 100000000 nil))'
\o 	because of the following error(s)
\o 	*Error* expt: can't handle (nil**2).
\o Ensure that the definition of output is correct.
\o 
\o WARNING (OCN-6038): Results noise are not available for /home/saul/simulation/REF_GEN/REF_GEN_f_TB/adexl/results/data/MonteCarlo.4/251/OP/groupRunDataDir/psf/mc1_separate/264/. Use results() for a list of available results.
\o WARNING (OCN-6038): Results noise are not available for /home/saul/simulation/REF_GEN/REF_GEN_f_TB/adexl/results/data/MonteCarlo.4/251/OP/groupRunDataDir/psf/mc1_separate/264/. Use results() for a list of available results.
\e *Error* db: can't handle db(nil)
\e 
\e 
\o ERROR (ADE-2709): Evaluation of output 'output noise; V / sqrt(Hz)' returned 'nil' for point:'264' test:'OP'
\o 	Expression:'db(getData("out" ?result "noise"))'.
\o Ensure that the definition of output is correct.
\o 
\o WARNING (OCN-6038): Results xf are not available for /home/saul/simulation/REF_GEN/REF_GEN_f_TB/adexl/results/data/MonteCarlo.4/251/OP/groupRunDataDir/psf/mc1_separate/264/. Use results() for a list of available results.
\o WARNING (OCN-6038): Results xf are not available for /home/saul/simulation/REF_GEN/REF_GEN_f_TB/adexl/results/data/MonteCarlo.4/251/OP/groupRunDataDir/psf/mc1_separate/264/. Use results() for a list of available results.
\e *Error* db: can't handle db(nil)
\e 
\e 
\o ERROR (ADE-2709): Evaluation of output 'V/V /V0; xf dB20(V/V)' returned 'nil' for point:'264' test:'OP'
\o 	Expression:'db(getData("/V0" ?result "xf"))'.
\o Ensure that the definition of output is correct.
\o 
\o *Info*    Client has finished evaluating ... 
\o 
\o 
\o *Info*    Run complete for Point ID (22 264) on testbench [ OP ].
\o 
\o 
\o 
\o 
\o 
\o WARNING (OCN-6038): Results noise are not available for /home/saul/simulation/REF_GEN/REF_GEN_f_TB/adexl/results/data/MonteCarlo.4/251/OP/groupRunDataDir/psf/mc1_separate/265/. Use results() for a list of available results.
\o WARNING (OCN-6038): Results noise are not available for /home/saul/simulation/REF_GEN/REF_GEN_f_TB/adexl/results/data/MonteCarlo.4/251/OP/groupRunDataDir/psf/mc1_separate/265/. Use results() for a list of available results.
\e *Error* ("expt" 0 t nil ("*Error* expt: can't handle (nil**2)"))
\e 
\e 
\o ERROR (ADE-2708): Evaluation of output 'total_noise_V' failed for point:'265' test:'OP'
\o 	Expression:'sqrt(totalNoise("noise" 0.01 100000000 nil))'
\o 	because of the following error(s)
\o 	*Error* expt: can't handle (nil**2).
\o Ensure that the definition of output is correct.
\o 
\o WARNING (OCN-6038): Results noise are not available for /home/saul/simulation/REF_GEN/REF_GEN_f_TB/adexl/results/data/MonteCarlo.4/251/OP/groupRunDataDir/psf/mc1_separate/265/. Use results() for a list of available results.
\o WARNING (OCN-6038): Results noise are not available for /home/saul/simulation/REF_GEN/REF_GEN_f_TB/adexl/results/data/MonteCarlo.4/251/OP/groupRunDataDir/psf/mc1_separate/265/. Use results() for a list of available results.
\e *Error* db: can't handle db(nil)
\e 
\e 
\o ERROR (ADE-2709): Evaluation of output 'output noise; V / sqrt(Hz)' returned 'nil' for point:'265' test:'OP'
\o 	Expression:'db(getData("out" ?result "noise"))'.
\o Ensure that the definition of output is correct.
\o 
\o WARNING (OCN-6038): Results xf are not available for /home/saul/simulation/REF_GEN/REF_GEN_f_TB/adexl/results/data/MonteCarlo.4/251/OP/groupRunDataDir/psf/mc1_separate/265/. Use results() for a list of available results.
\o WARNING (OCN-6038): Results xf are not available for /home/saul/simulation/REF_GEN/REF_GEN_f_TB/adexl/results/data/MonteCarlo.4/251/OP/groupRunDataDir/psf/mc1_separate/265/. Use results() for a list of available results.
\e *Error* db: can't handle db(nil)
\e 
\e 
\o ERROR (ADE-2709): Evaluation of output 'V/V /V0; xf dB20(V/V)' returned 'nil' for point:'265' test:'OP'
\o 	Expression:'db(getData("/V0" ?result "xf"))'.
\o Ensure that the definition of output is correct.
\o 
\# Memory report: Maximum memory size now 55,624 MB at UTC 2026.06.21 21:46:05.697
\o *Info*    Client has finished evaluating ... 
\o 
\o 
\o *Info*    Run complete for Point ID (22 265) on testbench [ OP ].
\o 
\o 
\o 
\o 
\o 
\o WARNING (OCN-6038): Results noise are not available for /home/saul/simulation/REF_GEN/REF_GEN_f_TB/adexl/results/data/MonteCarlo.4/251/OP/groupRunDataDir/psf/mc1_separate/266/. Use results() for a list of available results.
\o WARNING (OCN-6038): Results noise are not available for /home/saul/simulation/REF_GEN/REF_GEN_f_TB/adexl/results/data/MonteCarlo.4/251/OP/groupRunDataDir/psf/mc1_separate/266/. Use results() for a list of available results.
\e *Error* ("expt" 0 t nil ("*Error* expt: can't handle (nil**2)"))
\e 
\e 
\o ERROR (ADE-2708): Evaluation of output 'total_noise_V' failed for point:'266' test:'OP'
\o 	Expression:'sqrt(totalNoise("noise" 0.01 100000000 nil))'
\o 	because of the following error(s)
\o 	*Error* expt: can't handle (nil**2).
\o Ensure that the definition of output is correct.
\o 
\o WARNING (OCN-6038): Results noise are not available for /home/saul/simulation/REF_GEN/REF_GEN_f_TB/adexl/results/data/MonteCarlo.4/251/OP/groupRunDataDir/psf/mc1_separate/266/. Use results() for a list of available results.
\o WARNING (OCN-6038): Results noise are not available for /home/saul/simulation/REF_GEN/REF_GEN_f_TB/adexl/results/data/MonteCarlo.4/251/OP/groupRunDataDir/psf/mc1_separate/266/. Use results() for a list of available results.
\e *Error* db: can't handle db(nil)
\e 
\e 
\o ERROR (ADE-2709): Evaluation of output 'output noise; V / sqrt(Hz)' returned 'nil' for point:'266' test:'OP'
\o 	Expression:'db(getData("out" ?result "noise"))'.
\o Ensure that the definition of output is correct.
\o 
\o WARNING (OCN-6038): Results xf are not available for /home/saul/simulation/REF_GEN/REF_GEN_f_TB/adexl/results/data/MonteCarlo.4/251/OP/groupRunDataDir/psf/mc1_separate/266/. Use results() for a list of available results.
\o WARNING (OCN-6038): Results xf are not available for /home/saul/simulation/REF_GEN/REF_GEN_f_TB/adexl/results/data/MonteCarlo.4/251/OP/groupRunDataDir/psf/mc1_separate/266/. Use results() for a list of available results.
\e *Error* db: can't handle db(nil)
\e 
\e 
\o ERROR (ADE-2709): Evaluation of output 'V/V /V0; xf dB20(V/V)' returned 'nil' for point:'266' test:'OP'
\o 	Expression:'db(getData("/V0" ?result "xf"))'.
\o Ensure that the definition of output is correct.
\o 
\o *Info*    Client has finished evaluating ... 
\o 
\o 
\o *Info*    Run complete for Point ID (22 266) on testbench [ OP ].
\o 
\o 
\o 
\o 
\o 
\o WARNING (OCN-6038): Results noise are not available for /home/saul/simulation/REF_GEN/REF_GEN_f_TB/adexl/results/data/MonteCarlo.4/251/OP/groupRunDataDir/psf/mc1_separate/267/. Use results() for a list of available results.
\o WARNING (OCN-6038): Results noise are not available for /home/saul/simulation/REF_GEN/REF_GEN_f_TB/adexl/results/data/MonteCarlo.4/251/OP/groupRunDataDir/psf/mc1_separate/267/. Use results() for a list of available results.
\e *Error* ("expt" 0 t nil ("*Error* expt: can't handle (nil**2)"))
\e 
\e 
\o ERROR (ADE-2708): Evaluation of output 'total_noise_V' failed for point:'267' test:'OP'
\o 	Expression:'sqrt(totalNoise("noise" 0.01 100000000 nil))'
\o 	because of the following error(s)
\o 	*Error* expt: can't handle (nil**2).
\o Ensure that the definition of output is correct.
\o 
\o WARNING (OCN-6038): Results noise are not available for /home/saul/simulation/REF_GEN/REF_GEN_f_TB/adexl/results/data/MonteCarlo.4/251/OP/groupRunDataDir/psf/mc1_separate/267/. Use results() for a list of available results.
\o WARNING (OCN-6038): Results noise are not available for /home/saul/simulation/REF_GEN/REF_GEN_f_TB/adexl/results/data/MonteCarlo.4/251/OP/groupRunDataDir/psf/mc1_separate/267/. Use results() for a list of available results.
\e *Error* db: can't handle db(nil)
\e 
\e 
\o ERROR (ADE-2709): Evaluation of output 'output noise; V / sqrt(Hz)' returned 'nil' for point:'267' test:'OP'
\o 	Expression:'db(getData("out" ?result "noise"))'.
\o Ensure that the definition of output is correct.
\o 
\o WARNING (OCN-6038): Results xf are not available for /home/saul/simulation/REF_GEN/REF_GEN_f_TB/adexl/results/data/MonteCarlo.4/251/OP/groupRunDataDir/psf/mc1_separate/267/. Use results() for a list of available results.
\o WARNING (OCN-6038): Results xf are not available for /home/saul/simulation/REF_GEN/REF_GEN_f_TB/adexl/results/data/MonteCarlo.4/251/OP/groupRunDataDir/psf/mc1_separate/267/. Use results() for a list of available results.
\e *Error* db: can't handle db(nil)
\e 
\e 
\o ERROR (ADE-2709): Evaluation of output 'V/V /V0; xf dB20(V/V)' returned 'nil' for point:'267' test:'OP'
\o 	Expression:'db(getData("/V0" ?result "xf"))'.
\o Ensure that the definition of output is correct.
\o 
\o *Info*    Client has finished evaluating ... 
\o 
\o 
\o *Info*    Run complete for Point ID (22 267) on testbench [ OP ].
\o 
\o 
\o 
\o 
\o 
\o WARNING (OCN-6038): Results noise are not available for /home/saul/simulation/REF_GEN/REF_GEN_f_TB/adexl/results/data/MonteCarlo.4/251/OP/groupRunDataDir/psf/mc1_separate/268/. Use results() for a list of available results.
\o WARNING (OCN-6038): Results noise are not available for /home/saul/simulation/REF_GEN/REF_GEN_f_TB/adexl/results/data/MonteCarlo.4/251/OP/groupRunDataDir/psf/mc1_separate/268/. Use results() for a list of available results.
\e *Error* ("expt" 0 t nil ("*Error* expt: can't handle (nil**2)"))
\e 
\e 
\o ERROR (ADE-2708): Evaluation of output 'total_noise_V' failed for point:'268' test:'OP'
\o 	Expression:'sqrt(totalNoise("noise" 0.01 100000000 nil))'
\o 	because of the following error(s)
\o 	*Error* expt: can't handle (nil**2).
\o Ensure that the definition of output is correct.
\o 
\o WARNING (OCN-6038): Results noise are not available for /home/saul/simulation/REF_GEN/REF_GEN_f_TB/adexl/results/data/MonteCarlo.4/251/OP/groupRunDataDir/psf/mc1_separate/268/. Use results() for a list of available results.
\o WARNING (OCN-6038): Results noise are not available for /home/saul/simulation/REF_GEN/REF_GEN_f_TB/adexl/results/data/MonteCarlo.4/251/OP/groupRunDataDir/psf/mc1_separate/268/. Use results() for a list of available results.
\e *Error* db: can't handle db(nil)
\e 
\e 
\o ERROR (ADE-2709): Evaluation of output 'output noise; V / sqrt(Hz)' returned 'nil' for point:'268' test:'OP'
\o 	Expression:'db(getData("out" ?result "noise"))'.
\o Ensure that the definition of output is correct.
\o 
\o WARNING (OCN-6038): Results xf are not available for /home/saul/simulation/REF_GEN/REF_GEN_f_TB/adexl/results/data/MonteCarlo.4/251/OP/groupRunDataDir/psf/mc1_separate/268/. Use results() for a list of available results.
\o WARNING (OCN-6038): Results xf are not available for /home/saul/simulation/REF_GEN/REF_GEN_f_TB/adexl/results/data/MonteCarlo.4/251/OP/groupRunDataDir/psf/mc1_separate/268/. Use results() for a list of available results.
\e *Error* db: can't handle db(nil)
\e 
\e 
\o ERROR (ADE-2709): Evaluation of output 'V/V /V0; xf dB20(V/V)' returned 'nil' for point:'268' test:'OP'
\o 	Expression:'db(getData("/V0" ?result "xf"))'.
\o Ensure that the definition of output is correct.
\o 
\o *Info*    Client has finished evaluating ... 
\o 
\o 
\o *Info*    Run complete for Point ID (22 268) on testbench [ OP ].
\o 
\o 
\o 
\o 
\o 
\o WARNING (OCN-6038): Results noise are not available for /home/saul/simulation/REF_GEN/REF_GEN_f_TB/adexl/results/data/MonteCarlo.4/251/OP/groupRunDataDir/psf/mc1_separate/269/. Use results() for a list of available results.
\o WARNING (OCN-6038): Results noise are not available for /home/saul/simulation/REF_GEN/REF_GEN_f_TB/adexl/results/data/MonteCarlo.4/251/OP/groupRunDataDir/psf/mc1_separate/269/. Use results() for a list of available results.
\e *Error* ("expt" 0 t nil ("*Error* expt: can't handle (nil**2)"))
\e 
\e 
\o ERROR (ADE-2708): Evaluation of output 'total_noise_V' failed for point:'269' test:'OP'
\o 	Expression:'sqrt(totalNoise("noise" 0.01 100000000 nil))'
\o 	because of the following error(s)
\o 	*Error* expt: can't handle (nil**2).
\o Ensure that the definition of output is correct.
\o 
\o WARNING (OCN-6038): Results noise are not available for /home/saul/simulation/REF_GEN/REF_GEN_f_TB/adexl/results/data/MonteCarlo.4/251/OP/groupRunDataDir/psf/mc1_separate/269/. Use results() for a list of available results.
\o WARNING (OCN-6038): Results noise are not available for /home/saul/simulation/REF_GEN/REF_GEN_f_TB/adexl/results/data/MonteCarlo.4/251/OP/groupRunDataDir/psf/mc1_separate/269/. Use results() for a list of available results.
\e *Error* db: can't handle db(nil)
\e 
\e 
\o ERROR (ADE-2709): Evaluation of output 'output noise; V / sqrt(Hz)' returned 'nil' for point:'269' test:'OP'
\o 	Expression:'db(getData("out" ?result "noise"))'.
\o Ensure that the definition of output is correct.
\o 
\o WARNING (OCN-6038): Results xf are not available for /home/saul/simulation/REF_GEN/REF_GEN_f_TB/adexl/results/data/MonteCarlo.4/251/OP/groupRunDataDir/psf/mc1_separate/269/. Use results() for a list of available results.
\o WARNING (OCN-6038): Results xf are not available for /home/saul/simulation/REF_GEN/REF_GEN_f_TB/adexl/results/data/MonteCarlo.4/251/OP/groupRunDataDir/psf/mc1_separate/269/. Use results() for a list of available results.
\e *Error* db: can't handle db(nil)
\e 
\e 
\o ERROR (ADE-2709): Evaluation of output 'V/V /V0; xf dB20(V/V)' returned 'nil' for point:'269' test:'OP'
\o 	Expression:'db(getData("/V0" ?result "xf"))'.
\o Ensure that the definition of output is correct.
\o 
\o *Info*    Client has finished evaluating ... 
\o 
\o 
\o *Info*    Run complete for Point ID (22 269) on testbench [ OP ].
\o 
\o 
\o 
\o 
\o 
\o WARNING (OCN-6038): Results noise are not available for /home/saul/simulation/REF_GEN/REF_GEN_f_TB/adexl/results/data/MonteCarlo.4/251/OP/groupRunDataDir/psf/mc1_separate/270/. Use results() for a list of available results.
\o WARNING (OCN-6038): Results noise are not available for /home/saul/simulation/REF_GEN/REF_GEN_f_TB/adexl/results/data/MonteCarlo.4/251/OP/groupRunDataDir/psf/mc1_separate/270/. Use results() for a list of available results.
\e *Error* ("expt" 0 t nil ("*Error* expt: can't handle (nil**2)"))
\e 
\e 
\o ERROR (ADE-2708): Evaluation of output 'total_noise_V' failed for point:'270' test:'OP'
\o 	Expression:'sqrt(totalNoise("noise" 0.01 100000000 nil))'
\o 	because of the following error(s)
\o 	*Error* expt: can't handle (nil**2).
\o Ensure that the definition of output is correct.
\o 
\o WARNING (OCN-6038): Results noise are not available for /home/saul/simulation/REF_GEN/REF_GEN_f_TB/adexl/results/data/MonteCarlo.4/251/OP/groupRunDataDir/psf/mc1_separate/270/. Use results() for a list of available results.
\o WARNING (OCN-6038): Results noise are not available for /home/saul/simulation/REF_GEN/REF_GEN_f_TB/adexl/results/data/MonteCarlo.4/251/OP/groupRunDataDir/psf/mc1_separate/270/. Use results() for a list of available results.
\e *Error* db: can't handle db(nil)
\e 
\e 
\o ERROR (ADE-2709): Evaluation of output 'output noise; V / sqrt(Hz)' returned 'nil' for point:'270' test:'OP'
\o 	Expression:'db(getData("out" ?result "noise"))'.
\o Ensure that the definition of output is correct.
\o 
\o WARNING (OCN-6038): Results xf are not available for /home/saul/simulation/REF_GEN/REF_GEN_f_TB/adexl/results/data/MonteCarlo.4/251/OP/groupRunDataDir/psf/mc1_separate/270/. Use results() for a list of available results.
\o WARNING (OCN-6038): Results xf are not available for /home/saul/simulation/REF_GEN/REF_GEN_f_TB/adexl/results/data/MonteCarlo.4/251/OP/groupRunDataDir/psf/mc1_separate/270/. Use results() for a list of available results.
\e *Error* db: can't handle db(nil)
\e 
\e 
\o ERROR (ADE-2709): Evaluation of output 'V/V /V0; xf dB20(V/V)' returned 'nil' for point:'270' test:'OP'
\o 	Expression:'db(getData("/V0" ?result "xf"))'.
\o Ensure that the definition of output is correct.
\o 
\o *Info*    Client has finished evaluating ... 
\o 
\o 
\o *Info*    Run complete for Point ID (22 270) on testbench [ OP ].
\o 
\o 
\o 
\o 
\o 
\o WARNING (OCN-6038): Results noise are not available for /home/saul/simulation/REF_GEN/REF_GEN_f_TB/adexl/results/data/MonteCarlo.4/251/OP/groupRunDataDir/psf/mc1_separate/271/. Use results() for a list of available results.
\o WARNING (OCN-6038): Results noise are not available for /home/saul/simulation/REF_GEN/REF_GEN_f_TB/adexl/results/data/MonteCarlo.4/251/OP/groupRunDataDir/psf/mc1_separate/271/. Use results() for a list of available results.
\e *Error* ("expt" 0 t nil ("*Error* expt: can't handle (nil**2)"))
\e 
\e 
\o ERROR (ADE-2708): Evaluation of output 'total_noise_V' failed for point:'271' test:'OP'
\o 	Expression:'sqrt(totalNoise("noise" 0.01 100000000 nil))'
\o 	because of the following error(s)
\o 	*Error* expt: can't handle (nil**2).
\o Ensure that the definition of output is correct.
\o 
\o WARNING (OCN-6038): Results noise are not available for /home/saul/simulation/REF_GEN/REF_GEN_f_TB/adexl/results/data/MonteCarlo.4/251/OP/groupRunDataDir/psf/mc1_separate/271/. Use results() for a list of available results.
\o WARNING (OCN-6038): Results noise are not available for /home/saul/simulation/REF_GEN/REF_GEN_f_TB/adexl/results/data/MonteCarlo.4/251/OP/groupRunDataDir/psf/mc1_separate/271/. Use results() for a list of available results.
\e *Error* db: can't handle db(nil)
\e 
\e 
\o ERROR (ADE-2709): Evaluation of output 'output noise; V / sqrt(Hz)' returned 'nil' for point:'271' test:'OP'
\o 	Expression:'db(getData("out" ?result "noise"))'.
\o Ensure that the definition of output is correct.
\o 
\o WARNING (OCN-6038): Results xf are not available for /home/saul/simulation/REF_GEN/REF_GEN_f_TB/adexl/results/data/MonteCarlo.4/251/OP/groupRunDataDir/psf/mc1_separate/271/. Use results() for a list of available results.
\o WARNING (OCN-6038): Results xf are not available for /home/saul/simulation/REF_GEN/REF_GEN_f_TB/adexl/results/data/MonteCarlo.4/251/OP/groupRunDataDir/psf/mc1_separate/271/. Use results() for a list of available results.
\e *Error* db: can't handle db(nil)
\e 
\e 
\o ERROR (ADE-2709): Evaluation of output 'V/V /V0; xf dB20(V/V)' returned 'nil' for point:'271' test:'OP'
\o 	Expression:'db(getData("/V0" ?result "xf"))'.
\o Ensure that the definition of output is correct.
\o 
\o *Info*    Client has finished evaluating ... 
\o 
\o 
\o *Info*    Run complete for Point ID (22 271) on testbench [ OP ].
\o 
\o 
\o 
\o 
\o 
\o WARNING (OCN-6038): Results noise are not available for /home/saul/simulation/REF_GEN/REF_GEN_f_TB/adexl/results/data/MonteCarlo.4/251/OP/groupRunDataDir/psf/mc1_separate/272/. Use results() for a list of available results.
\o WARNING (OCN-6038): Results noise are not available for /home/saul/simulation/REF_GEN/REF_GEN_f_TB/adexl/results/data/MonteCarlo.4/251/OP/groupRunDataDir/psf/mc1_separate/272/. Use results() for a list of available results.
\e *Error* ("expt" 0 t nil ("*Error* expt: can't handle (nil**2)"))
\e 
\e 
\o ERROR (ADE-2708): Evaluation of output 'total_noise_V' failed for point:'272' test:'OP'
\o 	Expression:'sqrt(totalNoise("noise" 0.01 100000000 nil))'
\o 	because of the following error(s)
\o 	*Error* expt: can't handle (nil**2).
\o Ensure that the definition of output is correct.
\o 
\o WARNING (OCN-6038): Results noise are not available for /home/saul/simulation/REF_GEN/REF_GEN_f_TB/adexl/results/data/MonteCarlo.4/251/OP/groupRunDataDir/psf/mc1_separate/272/. Use results() for a list of available results.
\o WARNING (OCN-6038): Results noise are not available for /home/saul/simulation/REF_GEN/REF_GEN_f_TB/adexl/results/data/MonteCarlo.4/251/OP/groupRunDataDir/psf/mc1_separate/272/. Use results() for a list of available results.
\e *Error* db: can't handle db(nil)
\e 
\e 
\o ERROR (ADE-2709): Evaluation of output 'output noise; V / sqrt(Hz)' returned 'nil' for point:'272' test:'OP'
\o 	Expression:'db(getData("out" ?result "noise"))'.
\o Ensure that the definition of output is correct.
\o 
\o WARNING (OCN-6038): Results xf are not available for /home/saul/simulation/REF_GEN/REF_GEN_f_TB/adexl/results/data/MonteCarlo.4/251/OP/groupRunDataDir/psf/mc1_separate/272/. Use results() for a list of available results.
\o WARNING (OCN-6038): Results xf are not available for /home/saul/simulation/REF_GEN/REF_GEN_f_TB/adexl/results/data/MonteCarlo.4/251/OP/groupRunDataDir/psf/mc1_separate/272/. Use results() for a list of available results.
\e *Error* db: can't handle db(nil)
\e 
\e 
\o ERROR (ADE-2709): Evaluation of output 'V/V /V0; xf dB20(V/V)' returned 'nil' for point:'272' test:'OP'
\o 	Expression:'db(getData("/V0" ?result "xf"))'.
\o Ensure that the definition of output is correct.
\o 
\o *Info*    Client has finished evaluating ... 
\o 
\o 
\o *Info*    Run complete for Point ID (22 272) on testbench [ OP ].
\o 
\o 
\o 
\o 
\o 
\# Memory report: using         985 MB, process size 2,878 MB at UTC 2026.06.21 21:48:00.506
\o WARNING (OCN-6038): Results noise are not available for /home/saul/simulation/REF_GEN/REF_GEN_f_TB/adexl/results/data/MonteCarlo.4/251/OP/groupRunDataDir/psf/mc1_separate/273/. Use results() for a list of available results.
\o WARNING (OCN-6038): Results noise are not available for /home/saul/simulation/REF_GEN/REF_GEN_f_TB/adexl/results/data/MonteCarlo.4/251/OP/groupRunDataDir/psf/mc1_separate/273/. Use results() for a list of available results.
\e *Error* ("expt" 0 t nil ("*Error* expt: can't handle (nil**2)"))
\e 
\e 
\o ERROR (ADE-2708): Evaluation of output 'total_noise_V' failed for point:'273' test:'OP'
\o 	Expression:'sqrt(totalNoise("noise" 0.01 100000000 nil))'
\o 	because of the following error(s)
\o 	*Error* expt: can't handle (nil**2).
\o Ensure that the definition of output is correct.
\o 
\o WARNING (OCN-6038): Results noise are not available for /home/saul/simulation/REF_GEN/REF_GEN_f_TB/adexl/results/data/MonteCarlo.4/251/OP/groupRunDataDir/psf/mc1_separate/273/. Use results() for a list of available results.
\o WARNING (OCN-6038): Results noise are not available for /home/saul/simulation/REF_GEN/REF_GEN_f_TB/adexl/results/data/MonteCarlo.4/251/OP/groupRunDataDir/psf/mc1_separate/273/. Use results() for a list of available results.
\e *Error* db: can't handle db(nil)
\e 
\e 
\o ERROR (ADE-2709): Evaluation of output 'output noise; V / sqrt(Hz)' returned 'nil' for point:'273' test:'OP'
\o 	Expression:'db(getData("out" ?result "noise"))'.
\o Ensure that the definition of output is correct.
\o 
\o WARNING (OCN-6038): Results xf are not available for /home/saul/simulation/REF_GEN/REF_GEN_f_TB/adexl/results/data/MonteCarlo.4/251/OP/groupRunDataDir/psf/mc1_separate/273/. Use results() for a list of available results.
\o WARNING (OCN-6038): Results xf are not available for /home/saul/simulation/REF_GEN/REF_GEN_f_TB/adexl/results/data/MonteCarlo.4/251/OP/groupRunDataDir/psf/mc1_separate/273/. Use results() for a list of available results.
\e *Error* db: can't handle db(nil)
\e 
\e 
\o ERROR (ADE-2709): Evaluation of output 'V/V /V0; xf dB20(V/V)' returned 'nil' for point:'273' test:'OP'
\o 	Expression:'db(getData("/V0" ?result "xf"))'.
\o Ensure that the definition of output is correct.
\o 
\o *Info*    Client has finished evaluating ... 
\o 
\o 
\o *Info*    Run complete for Point ID (22 273) on testbench [ OP ].
\o 
\o 
\o 
\o 
\o 
\o WARNING (OCN-6038): Results noise are not available for /home/saul/simulation/REF_GEN/REF_GEN_f_TB/adexl/results/data/MonteCarlo.4/251/OP/groupRunDataDir/psf/mc1_separate/274/. Use results() for a list of available results.
\o WARNING (OCN-6038): Results noise are not available for /home/saul/simulation/REF_GEN/REF_GEN_f_TB/adexl/results/data/MonteCarlo.4/251/OP/groupRunDataDir/psf/mc1_separate/274/. Use results() for a list of available results.
\e *Error* ("expt" 0 t nil ("*Error* expt: can't handle (nil**2)"))
\e 
\e 
\o ERROR (ADE-2708): Evaluation of output 'total_noise_V' failed for point:'274' test:'OP'
\o 	Expression:'sqrt(totalNoise("noise" 0.01 100000000 nil))'
\o 	because of the following error(s)
\o 	*Error* expt: can't handle (nil**2).
\o Ensure that the definition of output is correct.
\o 
\o WARNING (OCN-6038): Results noise are not available for /home/saul/simulation/REF_GEN/REF_GEN_f_TB/adexl/results/data/MonteCarlo.4/251/OP/groupRunDataDir/psf/mc1_separate/274/. Use results() for a list of available results.
\o WARNING (OCN-6038): Results noise are not available for /home/saul/simulation/REF_GEN/REF_GEN_f_TB/adexl/results/data/MonteCarlo.4/251/OP/groupRunDataDir/psf/mc1_separate/274/. Use results() for a list of available results.
\e *Error* db: can't handle db(nil)
\e 
\e 
\o ERROR (ADE-2709): Evaluation of output 'output noise; V / sqrt(Hz)' returned 'nil' for point:'274' test:'OP'
\o 	Expression:'db(getData("out" ?result "noise"))'.
\o Ensure that the definition of output is correct.
\o 
\o WARNING (OCN-6038): Results xf are not available for /home/saul/simulation/REF_GEN/REF_GEN_f_TB/adexl/results/data/MonteCarlo.4/251/OP/groupRunDataDir/psf/mc1_separate/274/. Use results() for a list of available results.
\o WARNING (OCN-6038): Results xf are not available for /home/saul/simulation/REF_GEN/REF_GEN_f_TB/adexl/results/data/MonteCarlo.4/251/OP/groupRunDataDir/psf/mc1_separate/274/. Use results() for a list of available results.
\e *Error* db: can't handle db(nil)
\e 
\e 
\o ERROR (ADE-2709): Evaluation of output 'V/V /V0; xf dB20(V/V)' returned 'nil' for point:'274' test:'OP'
\o 	Expression:'db(getData("/V0" ?result "xf"))'.
\o Ensure that the definition of output is correct.
\o 
\o *Info*    Client has finished evaluating ... 
\o 
\o 
\o *Info*    Run complete for Point ID (22 274) on testbench [ OP ].
\o 
\o 
\o 
\o 
\o 
\o WARNING (OCN-6038): Results noise are not available for /home/saul/simulation/REF_GEN/REF_GEN_f_TB/adexl/results/data/MonteCarlo.4/251/OP/groupRunDataDir/psf/mc1_separate/275/. Use results() for a list of available results.
\o WARNING (OCN-6038): Results noise are not available for /home/saul/simulation/REF_GEN/REF_GEN_f_TB/adexl/results/data/MonteCarlo.4/251/OP/groupRunDataDir/psf/mc1_separate/275/. Use results() for a list of available results.
\e *Error* ("expt" 0 t nil ("*Error* expt: can't handle (nil**2)"))
\e 
\e 
\o ERROR (ADE-2708): Evaluation of output 'total_noise_V' failed for point:'275' test:'OP'
\o 	Expression:'sqrt(totalNoise("noise" 0.01 100000000 nil))'
\o 	because of the following error(s)
\o 	*Error* expt: can't handle (nil**2).
\o Ensure that the definition of output is correct.
\o 
\o WARNING (OCN-6038): Results noise are not available for /home/saul/simulation/REF_GEN/REF_GEN_f_TB/adexl/results/data/MonteCarlo.4/251/OP/groupRunDataDir/psf/mc1_separate/275/. Use results() for a list of available results.
\o WARNING (OCN-6038): Results noise are not available for /home/saul/simulation/REF_GEN/REF_GEN_f_TB/adexl/results/data/MonteCarlo.4/251/OP/groupRunDataDir/psf/mc1_separate/275/. Use results() for a list of available results.
\e *Error* db: can't handle db(nil)
\e 
\e 
\o ERROR (ADE-2709): Evaluation of output 'output noise; V / sqrt(Hz)' returned 'nil' for point:'275' test:'OP'
\o 	Expression:'db(getData("out" ?result "noise"))'.
\o Ensure that the definition of output is correct.
\o 
\o WARNING (OCN-6038): Results xf are not available for /home/saul/simulation/REF_GEN/REF_GEN_f_TB/adexl/results/data/MonteCarlo.4/251/OP/groupRunDataDir/psf/mc1_separate/275/. Use results() for a list of available results.
\o WARNING (OCN-6038): Results xf are not available for /home/saul/simulation/REF_GEN/REF_GEN_f_TB/adexl/results/data/MonteCarlo.4/251/OP/groupRunDataDir/psf/mc1_separate/275/. Use results() for a list of available results.
\e *Error* db: can't handle db(nil)
\e 
\e 
\o ERROR (ADE-2709): Evaluation of output 'V/V /V0; xf dB20(V/V)' returned 'nil' for point:'275' test:'OP'
\o 	Expression:'db(getData("/V0" ?result "xf"))'.
\o Ensure that the definition of output is correct.
\o 
\o *Info*    Client has finished evaluating ... 
\o 
\o 
\o *Info*    Run complete for Point ID (22 275) on testbench [ OP ].
\o 
\o 
\o 
\o 
\o 
\o WARNING (OCN-6038): Results noise are not available for /home/saul/simulation/REF_GEN/REF_GEN_f_TB/adexl/results/data/MonteCarlo.4/251/OP/groupRunDataDir/psf/mc1_separate/276/. Use results() for a list of available results.
\o WARNING (OCN-6038): Results noise are not available for /home/saul/simulation/REF_GEN/REF_GEN_f_TB/adexl/results/data/MonteCarlo.4/251/OP/groupRunDataDir/psf/mc1_separate/276/. Use results() for a list of available results.
\e *Error* ("expt" 0 t nil ("*Error* expt: can't handle (nil**2)"))
\e 
\e 
\o ERROR (ADE-2708): Evaluation of output 'total_noise_V' failed for point:'276' test:'OP'
\o 	Expression:'sqrt(totalNoise("noise" 0.01 100000000 nil))'
\o 	because of the following error(s)
\o 	*Error* expt: can't handle (nil**2).
\o Ensure that the definition of output is correct.
\o 
\o WARNING (OCN-6038): Results noise are not available for /home/saul/simulation/REF_GEN/REF_GEN_f_TB/adexl/results/data/MonteCarlo.4/251/OP/groupRunDataDir/psf/mc1_separate/276/. Use results() for a list of available results.
\o WARNING (OCN-6038): Results noise are not available for /home/saul/simulation/REF_GEN/REF_GEN_f_TB/adexl/results/data/MonteCarlo.4/251/OP/groupRunDataDir/psf/mc1_separate/276/. Use results() for a list of available results.
\e *Error* db: can't handle db(nil)
\e 
\e 
\o ERROR (ADE-2709): Evaluation of output 'output noise; V / sqrt(Hz)' returned 'nil' for point:'276' test:'OP'
\o 	Expression:'db(getData("out" ?result "noise"))'.
\o Ensure that the definition of output is correct.
\o 
\o WARNING (OCN-6038): Results xf are not available for /home/saul/simulation/REF_GEN/REF_GEN_f_TB/adexl/results/data/MonteCarlo.4/251/OP/groupRunDataDir/psf/mc1_separate/276/. Use results() for a list of available results.
\o WARNING (OCN-6038): Results xf are not available for /home/saul/simulation/REF_GEN/REF_GEN_f_TB/adexl/results/data/MonteCarlo.4/251/OP/groupRunDataDir/psf/mc1_separate/276/. Use results() for a list of available results.
\e *Error* db: can't handle db(nil)
\e 
\e 
\o ERROR (ADE-2709): Evaluation of output 'V/V /V0; xf dB20(V/V)' returned 'nil' for point:'276' test:'OP'
\o 	Expression:'db(getData("/V0" ?result "xf"))'.
\o Ensure that the definition of output is correct.
\o 
\o *Info*    Client has finished evaluating ... 
\o 
\o 
\o *Info*    Run complete for Point ID (22 276) on testbench [ OP ].
\o 
\o 
\o 
\o 
\o 
\o WARNING (OCN-6038): Results noise are not available for /home/saul/simulation/REF_GEN/REF_GEN_f_TB/adexl/results/data/MonteCarlo.4/251/OP/groupRunDataDir/psf/mc1_separate/277/. Use results() for a list of available results.
\o WARNING (OCN-6038): Results noise are not available for /home/saul/simulation/REF_GEN/REF_GEN_f_TB/adexl/results/data/MonteCarlo.4/251/OP/groupRunDataDir/psf/mc1_separate/277/. Use results() for a list of available results.
\e *Error* ("expt" 0 t nil ("*Error* expt: can't handle (nil**2)"))
\e 
\e 
\o ERROR (ADE-2708): Evaluation of output 'total_noise_V' failed for point:'277' test:'OP'
\o 	Expression:'sqrt(totalNoise("noise" 0.01 100000000 nil))'
\o 	because of the following error(s)
\o 	*Error* expt: can't handle (nil**2).
\o Ensure that the definition of output is correct.
\o 
\o WARNING (OCN-6038): Results noise are not available for /home/saul/simulation/REF_GEN/REF_GEN_f_TB/adexl/results/data/MonteCarlo.4/251/OP/groupRunDataDir/psf/mc1_separate/277/. Use results() for a list of available results.
\o WARNING (OCN-6038): Results noise are not available for /home/saul/simulation/REF_GEN/REF_GEN_f_TB/adexl/results/data/MonteCarlo.4/251/OP/groupRunDataDir/psf/mc1_separate/277/. Use results() for a list of available results.
\e *Error* db: can't handle db(nil)
\e 
\e 
\o ERROR (ADE-2709): Evaluation of output 'output noise; V / sqrt(Hz)' returned 'nil' for point:'277' test:'OP'
\o 	Expression:'db(getData("out" ?result "noise"))'.
\o Ensure that the definition of output is correct.
\o 
\o WARNING (OCN-6038): Results xf are not available for /home/saul/simulation/REF_GEN/REF_GEN_f_TB/adexl/results/data/MonteCarlo.4/251/OP/groupRunDataDir/psf/mc1_separate/277/. Use results() for a list of available results.
\o WARNING (OCN-6038): Results xf are not available for /home/saul/simulation/REF_GEN/REF_GEN_f_TB/adexl/results/data/MonteCarlo.4/251/OP/groupRunDataDir/psf/mc1_separate/277/. Use results() for a list of available results.
\e *Error* db: can't handle db(nil)
\e 
\e 
\o ERROR (ADE-2709): Evaluation of output 'V/V /V0; xf dB20(V/V)' returned 'nil' for point:'277' test:'OP'
\o 	Expression:'db(getData("/V0" ?result "xf"))'.
\o Ensure that the definition of output is correct.
\o 
\o *Info*    Client has finished evaluating ... 
\o 
\o 
\o *Info*    Run complete for Point ID (22 277) on testbench [ OP ].
\o 
\o 
\o 
\o 
\o 
\o *Info*    Current simulation for points ((22 251) (22 252) (22 253)
\o           (22 254) (22 255) (22 256) (22 257) (22 258) (22 259) (22
\o           260) (22 261) (22 262) (22 263) (22 264) (22 265) (22 266)
\o           (22 267) (22 268) (22 269) (22 270) (22 271) (22 272) (22
\o           273) (22 274) (22 275) (22 276) (22 277) (22 278) (22 279)
\o           (22 280) (22 281) (22 282) (22 283) (22 284) (22 285) (22
\o           286) (22 287) (22 288) (22 289) (22 290) (22 291) (22 292)
\o           (22 293) (22 294) (22 295) (22 296) (22 297) (22 298) (22
\o           299) (22 300)).
\o *Info*    (ADE-3072): Simulation stopped because you selected the
\o           'Stop Simulation' command in ADE.
\o 
\o *Info*    Monte Carlo Simulation unsuccessful...
\o *Info*    See simulation output log for more information.
\o INFO (ADE-3067): Errors encountered during simulation. For more information, right-click
\o         on a test name in the 'Results' tab of the Outputs pane and choose 'Output Log'
\o         to view the simulation run log.
\o reading simulation data...
\o       ...successful.
\o Simulation design variables differ from those on the cellView,
\o they have been saved in the file "/tmp/saved-design-variables".
\o To save future changes, copy variables to cellView before exiting.
\# Lic Summary:
\# [21:53:53.474856] Cdslmd servers:3000@lic08.ug.kth.se:29000@lic06.ug.kth.se
\# [21:53:53.474867] Feature usage summary:
\# Memory report: on exit          1,015 MB, process size 2,908 MB at UTC 2026.06.21 21:53:53.999
\# Memory report: peak usage       1,015 MB, process size 2,908 MB
