Running: /opt/tools/cadence/installs/PVS241/tools.lnx86/pvs/bin/64bit/pvsvirt \
  -mode lvs \
  -global_log_file /home/saul/projects/LF_BG/pvsRunLVS/REF_GEN/REF_V5_fL/pvsuilvs.log \
  -control /home/saul/projects/LF_BG/pvsRunLVS/REF_GEN/REF_V5_fL/pvslvsctl \
  -df2_version 6.1.8.0 \
  -run_dir /home/saul/projects/LF_BG/pvsRunLVS/REF_GEN/REF_V5_fL \
  -no_rules_check \
  -rc_data \
  -schLibName REF_GEN \
  -schCellName REF_V5_fL \
  -schViewName schematic \
  -simViewList auCdl\ schematic \
  -simStopList auCdl \
  -displayPinInfo \
  -source_cdl /home/saul/projects/LF_BG/pvsRunLVS/REF_GEN/REF_V5_fL/REF_V5_fL.cdl \
  -cdloutInclude /opt/pdk/lf11/PDK_LF11ISi_V1_3_2/tools/setup/subckt.cdl \
  -useCdlOutKeys \
  -spice /home/saul/projects/LF_BG/pvsRunLVS/REF_GEN/REF_V5_fL/REF_V5_fL.spi \
  -layLibName REF_GEN \
  -layCellName REF_V5_fL \
  -layViewName layout \
  -igds /home/saul/projects/LF_BG/pvsRunLVS/REF_GEN/REF_V5_fL/REF_V5_fL.gds \
  -layScale 0.001 \
  -layTechLib lf11is \
  -convertPin geometry \
  -replaceBusBitChar nil \
  -noConvertHalfWidthPath nil \
  -flattenPcells nil \
  -layHierDepth 32 \
  -layMaxVertices 2048 \
  -rulesFile /home/saul/projects/LF_BG/pvsRunLVS/REF_GEN/REF_V5_fL/.config.rul \
  -rulesFile /home/saul/projects/LF_BG/pvsRunLVS/REF_GEN/REF_V5_fL/.technology.rul



Virtuoso Framework License (111) was checked out successfully. Total checkout time was 0.01s.
********************************************************************************
Product   : Virtuoso(R) XStream Out
Program   : @(#)$CDS: strmout version 6.1.8-64b 09/03/2024 18:58 (sjfhw317) $
          : sub-version  IC6.1.8-64b.500.36 
Started at: 06-Jul-2026  11:32:54
User Name : saul
Host Name : edatools
Directory : /home/saul/projects/LF_BG
CADENCE Design Systems, Inc.
********************************************************************************
Info: Cellview Rev Num:99,  Tech Rev Num:59

*WARNING* The directory: '/opt/pdk/lf11/PDK_LF11ISi_V1_3_2/tools/setup/$ASSURAHOME/tools/assura/etc/avtech/avTech' does not exist
	but was defined in libFile '/opt/pdk/lf11/PDK_LF11ISi_V1_3_2/tools/setup/cds.lib' for Lib 'avTech'.
*LF-INFO* Loading lf11is:/opt/pdk/lf11/PDK_LF11ISi_V1_3_2/analog/callbacks/lf11is_cdfCbks.il   done
*LF-INFO* lf11is libInit.il loaded successfully. 
WARNING (XSTRM-20): Output Stream file '/home/saul/projects/LF_BG/pvsRunLVS/REF_GEN/REF_V5_fL/REF_V5_fL.gds' already exists. It will be overwritten.
INFO (XSTRM-217): Reading the layer map file, /opt/pdk/lf11/PDK_LF11ISi_V1_3_2/analog/libraries/6metal/lf11is/lf11is.layermap
INFO (XSTRM-162): You have not used the '-viaMap' option. If the OpenAccess design has native oaVia instances, use the '-viaMap' option for preserving oaVia instances in a XStream Out - XStream In round trip. Using the '-viaMap' option improves performance and VM usage of applications using the Streamed-In design.

Summary of Options :
library                                 REF_GEN
strmFile                                /home/saul/projects/LF_BG/pvsRunLVS/REF_GEN/REF_V5_fL/REF_V5_fL.gds
topCell                                 REF_V5_fL
view                                    layout
runDir                                  /home/saul/projects/LF_BG/pvsRunLVS/REF_GEN/REF_V5_fL
logFile                                 /home/saul/projects/LF_BG/pvsRunLVS/REF_GEN/REF_V5_fL/PIPO1.LOG
techLib                                 lf11is
hierDepth                               32
maxVertices                             2048
layerMap                                /opt/pdk/lf11/PDK_LF11ISi_V1_3_2/analog/libraries/6metal/lf11is/lf11is.layermap
userSkillFile                           /home/saul/projects/LF_BG/pvsRunLVS/REF_GEN/REF_V5_fL/strmout.il
labelDepth                              32
case                                    Preserve
convertDot                              node

*WARNING* (DB-220704): The Pcell super master 'lf11is/pmos1v2hvt_4/layout' is not a SKILL super master.
                       The usage of non-SKILL Pcells in Virtuoso is not a supported feature.
*WARNING* (DB-220704): The Pcell super master 'lf11is/nmos1v2hvt_4/layout' is not a SKILL super master.
                       The usage of non-SKILL Pcells in Virtuoso is not a supported feature.
*WARNING* (DB-220704): The Pcell super master 'lf11is/rnpolym/layout' is not a SKILL super master.
                       The usage of non-SKILL Pcells in Virtuoso is not a supported feature.
INFO (XSTRM-223): 1. Translating stdVia lf11is/M1_M2/layout as STRUCTURE M1_M2_CDNS_783337574920.
INFO (XSTRM-223): 2. Translating stdVia lf11is/M2_M3/layout as STRUCTURE M2_M3_CDNS_783337574921.
INFO (XSTRM-223): 3. Translating stdVia lf11is/M1_M2/layout as STRUCTURE M1_M2_CDNS_783337574922.
INFO (XSTRM-223): 4. Translating stdVia lf11is/M1_M2/layout as STRUCTURE M1_M2_CDNS_783337574923.
INFO (XSTRM-223): 5. Translating stdVia lf11is/PG_M1/layout as STRUCTURE PG_M1_CDNS_783337574924.
INFO (XSTRM-223): 6. Translating stdVia lf11is/M1_M2/layout as STRUCTURE M1_M2_CDNS_783337574925.
INFO (XSTRM-223): 7. Translating stdVia lf11is/M1_M2/layout as STRUCTURE M1_M2_CDNS_783337574926.
INFO (XSTRM-223): 8. Translating stdVia lf11is/M2_M3/layout as STRUCTURE M2_M3_CDNS_783337574927.
INFO (XSTRM-223): 9. Translating stdVia lf11is/M2_M3/layout as STRUCTURE M2_M3_CDNS_783337574928.
INFO (XSTRM-223): 10. Translating stdVia lf11is/M1_M2/layout as STRUCTURE M1_M2_CDNS_783337574929.
INFO (XSTRM-223): 11. Translating stdVia lf11is/M2_M3/layout as STRUCTURE M2_M3_CDNS_7833375749210.
INFO (XSTRM-223): 12. Translating stdVia lf11is/M1_M2/layout as STRUCTURE M1_M2_CDNS_7833375749211.
INFO (XSTRM-223): 13. Translating stdVia lf11is/M2_M3/layout as STRUCTURE M2_M3_CDNS_7833375749212.
INFO (XSTRM-223): 14. Translating stdVia lf11is/M1_M2/layout as STRUCTURE M1_M2_CDNS_7833375749213.
INFO (XSTRM-223): 15. Translating stdVia lf11is/M1_M2/layout as STRUCTURE M1_M2_CDNS_7833375749214.
INFO (XSTRM-223): 16. Translating stdVia lf11is/M1_M2/layout as STRUCTURE M1_M2_CDNS_7833375749215.
INFO (XSTRM-223): 17. Translating stdVia lf11is/M1_M2/layout as STRUCTURE M1_M2_CDNS_7833375749216.
INFO (XSTRM-223): 18. Translating stdVia lf11is/M4_M5/layout as STRUCTURE M4_M5_CDNS_7833375749217.
INFO (XSTRM-223): 19. Translating stdVia lf11is/M3_M4/layout as STRUCTURE M3_M4_CDNS_7833375749218.
INFO (XSTRM-223): 20. Translating stdVia lf11is/M2_M3/layout as STRUCTURE M2_M3_CDNS_7833375749219.
INFO (XSTRM-223): 21. Translating stdVia lf11is/M1_M2/layout as STRUCTURE M1_M2_CDNS_7833375749220.
INFO (XSTRM-223): 22. Translating stdVia lf11is/M5_MF/layout as STRUCTURE M5_MF_CDNS_7833375749221.
*WARNING* (DB-220704): The Pcell super master 'lf11is/cmims/layout' is not a SKILL super master.
                       The usage of non-SKILL Pcells in Virtuoso is not a supported feature.
*WARNING* (DB-220704): The Pcell super master 'lf11is/Contact/layout' is not a SKILL super master.
                       The usage of non-SKILL Pcells in Virtuoso is not a supported feature.
INFO (XSTRM-223): 23. Translating cellView lf11is/Contact/layout as STRUCTURE Contact_CDNS_783337574921.
INFO (XSTRM-223): 24. Translating cellView lf11is/Contact/layout as STRUCTURE Contact_CDNS_783337574922.
INFO (XSTRM-223): 25. Translating cellView lf11is/Contact/layout as STRUCTURE Contact_CDNS_783337574923.
INFO (XSTRM-223): 26. Translating cellView lf11is/AbutContact/layout as STRUCTURE AbutContact_CDNS_783337574924.
INFO (XSTRM-223): 27. Translating cellView lf11is/pmos1v2hvt_4/layout as STRUCTURE pmos1v2hvt_4_CDNS_783337574920.
INFO (XSTRM-223): 28. Translating cellView lf11is/Contact/layout as STRUCTURE Contact_CDNS_783337574926.
INFO (XSTRM-223): 29. Translating cellView lf11is/AbutContact/layout as STRUCTURE AbutContact_CDNS_783337574927.
INFO (XSTRM-223): 30. Translating cellView lf11is/pmos1v2hvt_4/layout as STRUCTURE pmos1v2hvt_4_CDNS_783337574925.
INFO (XSTRM-223): 31. Translating cellView lf11is/AbutContact/layout as STRUCTURE AbutContact_CDNS_783337574929.
INFO (XSTRM-223): 32. Translating cellView lf11is/Contact/layout as STRUCTURE Contact_CDNS_7833375749210.
INFO (XSTRM-223): 33. Translating cellView lf11is/nmos1v2hvt_4/layout as STRUCTURE nmos1v2hvt_4_CDNS_783337574928.
INFO (XSTRM-223): 34. Translating cellView lf11is/Contact/layout as STRUCTURE Contact_CDNS_7833375749212.
INFO (XSTRM-223): 35. Translating cellView lf11is/pmos1v2hvt_4/layout as STRUCTURE pmos1v2hvt_4_CDNS_7833375749211.
INFO (XSTRM-223): 36. Translating cellView lf11is/Contact/layout as STRUCTURE Contact_CDNS_7833375749214.
INFO (XSTRM-223): 37. Translating cellView lf11is/rnpolym/layout as STRUCTURE rnpolym_CDNS_7833375749213.
INFO (XSTRM-223): 38. Translating cellView lf11is/rnpolym/layout as STRUCTURE rnpolym_CDNS_7833375749215.
INFO (XSTRM-223): 39. Translating cellView lf11is/rnpolym/layout as STRUCTURE rnpolym_CDNS_7833375749216.
INFO (XSTRM-223): 40. Translating cellView lf11is/rnpolym/layout as STRUCTURE rnpolym_CDNS_7833375749217.
INFO (XSTRM-223): 41. Translating cellView lf11is/rnpolym/layout as STRUCTURE rnpolym_CDNS_7833375749218.
INFO (XSTRM-223): 42. Translating cellView lf11is/Contact/layout as STRUCTURE Contact_CDNS_7833375749220.
INFO (XSTRM-223): 43. Translating cellView lf11is/AbutContact/layout as STRUCTURE AbutContact_CDNS_7833375749221.
INFO (XSTRM-223): 44. Translating cellView lf11is/pmos1v2hvt_4/layout as STRUCTURE pmos1v2hvt_4_CDNS_7833375749219.
INFO (XSTRM-223): 45. Translating cellView REF_GEN/mux8_1p_fL/layout as STRUCTURE mux8_1p_fL.
INFO (XSTRM-180): You have not used the '-objectMap' option. The design has instance(s) of at least one of following OpenAccess objects: oaBlockage, oaBoundary, oaRow, and oaMarker. Any information about these objects will not be translated into the generated stream file. Use the '-objectMap' option to translate/preserve these objects using XStream.
INFO (XSTRM-223): 46. Translating cellView lf11is/rnpolym/layout as STRUCTURE rnpolym_CDNS_7833375749222.
INFO (XSTRM-223): 47. Translating cellView REF_GEN/trim_res_rnpolyn_2_fL/layout as STRUCTURE trim_res_rnpolyn_2_fL.
INFO (XSTRM-223): 48. Translating cellView REF_GEN/trim_res_array_rn_2_fL/layout as STRUCTURE trim_res_array_rn_2_fL.
INFO (XSTRM-223): 49. Translating stdVia lf11is/M2_M3/layout as STRUCTURE M2_M3_CDNS_7833375749222.
INFO (XSTRM-223): 50. Translating cellView lf11is/Contact/layout as STRUCTURE Contact_CDNS_7833375749224.
INFO (XSTRM-223): 51. Translating cellView lf11is/nmos1v2hvt_4/layout as STRUCTURE nmos1v2hvt_4_CDNS_7833375749223.
INFO (XSTRM-223): 52. Translating cellView REF_GEN/mux8_1_fL/layout as STRUCTURE mux8_1_fL.
INFO (XSTRM-223): 53. Translating cellView lf11is/pmos1v2hvt_4/layout as STRUCTURE pmos1v2hvt_4_CDNS_7833375749225.
INFO (XSTRM-223): 54. Translating cellView Si3/IN2/layout as STRUCTURE IN2.
INFO (XSTRM-223): 55. Translating cellView REF_GEN/inv8_fL/layout as STRUCTURE inv8_fL.
INFO (XSTRM-223): 56. Translating cellView lf11is/cmims/layout as STRUCTURE cmims_CDNS_7833375749226.
INFO (XSTRM-223): 57. Translating cellView lf11is/Contact/layout as STRUCTURE Contact_CDNS_7833375749228.
INFO (XSTRM-223): 58. Translating cellView lf11is/Contact/layout as STRUCTURE Contact_CDNS_7833375749229.
INFO (XSTRM-223): 59. Translating cellView lf11is/Contact/layout as STRUCTURE Contact_CDNS_7833375749230.
INFO (XSTRM-223): 60. Translating cellView lf11is/AbutContact/layout as STRUCTURE AbutContact_CDNS_7833375749231.
INFO (XSTRM-223): 61. Translating cellView lf11is/pmos1v2hvt_4/layout as STRUCTURE pmos1v2hvt_4_CDNS_7833375749227.
INFO (XSTRM-223): 62. Translating cellView lf11is/rnpolym/layout as STRUCTURE rnpolym_CDNS_7833375749232.
INFO (XSTRM-223): 63. Translating cellView lf11is/Contact/layout as STRUCTURE Contact_CDNS_7833375749234.
INFO (XSTRM-223): 64. Translating cellView lf11is/Contact/layout as STRUCTURE Contact_CDNS_7833375749235.
INFO (XSTRM-223): 65. Translating cellView lf11is/Contact/layout as STRUCTURE Contact_CDNS_7833375749236.
INFO (XSTRM-223): 66. Translating cellView lf11is/AbutContact/layout as STRUCTURE AbutContact_CDNS_7833375749237.
INFO (XSTRM-223): 67. Translating cellView lf11is/nmos1v2hvt_4/layout as STRUCTURE nmos1v2hvt_4_CDNS_7833375749233.
INFO (XSTRM-223): 68. Translating cellView lf11is/Contact/layout as STRUCTURE Contact_CDNS_7833375749239.
INFO (XSTRM-223): 69. Translating cellView lf11is/Contact/layout as STRUCTURE Contact_CDNS_7833375749240.
INFO (XSTRM-223): 70. Translating cellView lf11is/AbutContact/layout as STRUCTURE AbutContact_CDNS_7833375749241.
INFO (XSTRM-223): 71. Translating cellView lf11is/nmos1v2hvt_4/layout as STRUCTURE nmos1v2hvt_4_CDNS_7833375749238.
INFO (XSTRM-223): 72. Translating cellView lf11is/pmos1v2hvt_4/layout as STRUCTURE pmos1v2hvt_4_CDNS_7833375749242.
INFO (XSTRM-223): 73. Translating cellView lf11is/Contact/layout as STRUCTURE Contact_CDNS_7833375749244.
INFO (XSTRM-223): 74. Translating cellView lf11is/AbutContact/layout as STRUCTURE AbutContact_CDNS_7833375749245.
INFO (XSTRM-223): 75. Translating cellView lf11is/nmos1v2hvt_4/layout as STRUCTURE nmos1v2hvt_4_CDNS_7833375749243.
INFO (XSTRM-223): 76. Translating cellView lf11is/rnpolym/layout as STRUCTURE rnpolym_CDNS_7833375749246.
INFO (XSTRM-223): 77. Translating cellView lf11is/Contact/layout as STRUCTURE Contact_CDNS_7833375749248.
INFO (XSTRM-223): 78. Translating cellView lf11is/AbutContact/layout as STRUCTURE AbutContact_CDNS_7833375749249.
INFO (XSTRM-223): 79. Translating cellView lf11is/pmos1v2hvt_4/layout as STRUCTURE pmos1v2hvt_4_CDNS_7833375749247.
INFO (XSTRM-223): 80. Translating cellView lf11is/Contact/layout as STRUCTURE Contact_CDNS_7833375749251.
INFO (XSTRM-223): 81. Translating cellView lf11is/pmos1v2hvt_4/layout as STRUCTURE pmos1v2hvt_4_CDNS_7833375749250.
INFO (XSTRM-223): 82. Translating cellView lf11is/Contact/layout as STRUCTURE Contact_CDNS_7833375749253.
INFO (XSTRM-223): 83. Translating cellView lf11is/pmos1v2hvt_4/layout as STRUCTURE pmos1v2hvt_4_CDNS_7833375749252.
INFO (XSTRM-223): 84. Translating cellView REF_GEN/REF_V5_fL/layout as STRUCTURE REF_V5_fL.

Summary of Objects Translated:
	Scalar Instances:                       497
	Array Instances:                        0
	Polygons:                               4
	Paths:                                  12
	Rectangles:                             3008
	Lines:                                  0
	Arcs:                                   0
	Donuts:                                 0
	Dots:                                   0
	Ellipses:                               0
	Boundaries:                             0
	Area Blockages:                         0
	Layer Blockages:                        0
	Area Halos:                             0
	Markers:                                0
	Rows:                                   0
	Standard Vias                           361
	Custom Vias:                            0
	CdsGen Vias:                            0
	Pathsegs:                               1241
	Text:                                   125
	TextDisplay:                            0
	Cells:                                  84

Elapsed Time: 0.6s   User Time: 0.6s   CPU Time: 0.0s   Peak VM: 35748KB
INFO (XSTRM-234): Translation completed. '0' error(s) and '1' warning(s) found.

Creation of CDL for REF_GEN/REF_V5_fL/schematic is started
 si -batch /home/saul/projects/LF_BG/pvsRunLVS/REF_GEN/REF_V5_fL/ >/home/saul/projects/LF_BG/pvsRunLVS/REF_GEN/REF_V5_fL/SI.OUT 2>/home/saul/projects/LF_BG/pvsRunLVS/REF_GEN/REF_V5_fL/SI.LOG 
Virtuoso Framework License (111) was checked out successfully. Total checkout time was 0.01s.

Running simulation in directory: "/home/saul/projects/LF_BG/pvsRunLVS/REF_GEN/REF_V5_fL/".

*WARNING* The directory: '/opt/pdk/lf11/PDK_LF11ISi_V1_3_2/tools/setup/$ASSURAHOME/tools/assura/etc/avtech/avTech' does not exist
	but was defined in libFile '/opt/pdk/lf11/PDK_LF11ISi_V1_3_2/tools/setup/cds.lib' for Lib 'avTech'.
*WARNING* The directory: '/opt/pdk/lf11/PDK_LF11ISi_V1_3_2/tools/setup/$ASSURAHOME/tools/assura/etc/avtech/avTech' does not exist
	but was defined in libFile '/opt/pdk/lf11/PDK_LF11ISi_V1_3_2/tools/setup/cds.lib' for Lib 'avTech'.
*LF-INFO* Loading lf11is:/opt/pdk/lf11/PDK_LF11ISi_V1_3_2/analog/callbacks/lf11is_cdfCbks.il   done
*LF-INFO* lf11is libInit.il loaded successfully. 
Loading hnlInit.cxt 
Running Artist Hierarchical Netlisting ...
Loading cdf.cxt 
End netlisting Jul  6 11:32:55 2026

Running simin

Running runSim()...


Running runsim with simulator: "auCdl"
Begin simulation:    Jul  6 11:32:55 2026

auCdl netlisting completed
End simulation:      Jul  6 11:32:55 2026
INFO (AUCDL-21): (Analog) CDL netlisting completed successfully.

********************************************************************************
pvs 24.11-s045 64 bit (Mon Jan 27 22:18:54 PST 2025)
Build Ref No.: 045 Production (01-27-2025) [pvs_2411_rtm]

Copyright 2025 Cadence Design Systems, Inc.
All rights reserved worldwide.

Build O/S:       Linux x86_64 3.10.0-693.el7.x86_64
Executed on:     edatools (Linux x86_64 6.17.0-35-generic)
Process Id:      580691
Starting Time:   Mon Jul  6 11:32:59 2026 (Mon Jul  6 11:32:59 2026 GMT)
With parameters: -lvs -top_cell REF_V5_fL -source_top_cell REF_V5_fL -spice /home/saul/projects/LF_BG/pvsRunLVS/REF_GEN/REF_V5_fL/REF_V5_fL.spi -rc_data -control /home/saul/projects/LF_BG/pvsRunLVS/REF_GEN/REF_V5_fL/pvslvsctl -ui_data -gdb_data -ai /home/saul/projects/LF_BG/pvsRunLVS/REF_GEN/REF_V5_fL/.config.rul /home/saul/projects/LF_BG/pvsRunLVS/REF_GEN/REF_V5_fL/.technology.rul 
********************************************************************************


########################################################################
Get host info ...
########################################################################
CPU info:
    model name      :  11th Gen Intel(R) Core(TM) i7-11700K @ 3.60GHz
    cpu MHz         :  800.000
    cache size      :  16384 KB
    physical cores  :  8
    logical cores   :  16
    hyper-threading on

Memory info:
    64044M physical memory installed.

    MemTotal:       65583164 kB
    MemFree:        31313596 kB
    MemAvailable:   56944136 kB
    Buffers:         3464940 kB
    Cached:         20459540 kB
    SwapCached:            0 kB
    Active:         15850228 kB
    Inactive:       13758284 kB
    Active(anon):    5983384 kB
    Inactive(anon):        0 kB
    Active(file):    9866844 kB
    Inactive(file): 13758284 kB
    Unevictable:        8056 kB
    Mlocked:              80 kB
    SwapTotal:       8388604 kB
    SwapFree:        8388604 kB
    Zswap:                 0 kB
    Zswapped:              0 kB
    Dirty:              8180 kB
    Writeback:             0 kB
    AnonPages:       5692860 kB
    Mapped:          2127048 kB
    Shmem:            299356 kB
    KReclaimable:    2732868 kB
    Slab:            3503848 kB
    SReclaimable:    2732868 kB
    SUnreclaim:       770980 kB
    KernelStack:       25408 kB
    PageTables:       482720 kB
    SecPageTables:      5940 kB
    NFS_Unstable:          0 kB
    Bounce:                0 kB
    WritebackTmp:          0 kB
    CommitLimit:    41180184 kB
    Committed_AS:   843668472 kB
    VmallocTotal:   34359738367 kB
    VmallocUsed:      261748 kB
    VmallocChunk:          0 kB
    Percpu:            67008 kB
    HardwareCorrupted:     0 kB
    AnonHugePages:         0 kB
    ShmemHugePages:     6144 kB
    ShmemPmdMapped:        0 kB
    FileHugePages:   2744320 kB
    FilePmdMapped:     59392 kB
    CmaTotal:              0 kB
    CmaFree:               0 kB
    Unaccepted:            0 kB
    Balloon:               0 kB
    HugePages_Total:       0
    HugePages_Free:        0
    HugePages_Rsvd:        0
    HugePages_Surp:        0
    Hugepagesize:       2048 kB
    Hugetlb:               0 kB
    DirectMap4k:     1942128 kB
    DirectMap2M:    21913600 kB
    DirectMap1G:    44040192 kB


########################################################################
Get environment info ...
########################################################################
ENV VAR: TCL_LIBRARY = /opt/tools/cadence/installs/PVS241/share/lib/tcltk/08.64/tcl8.6
ENV VAR: TCLX_LIBRARY = /opt/tools/cadence/installs/PVS241/share/lib/tclx/08.40
ENV VAR: TCLLIBPATH = /opt/tools/cadence/installs/PVS241/share/lib/itcl/3.4.1 /opt/tools/cadence/installs/PVS241/share/lib/tclxml/3.2 /opt/tools/cadence/installs/PVS241/share/lib/tcllib/1.18 /opt/tools/cadence/installs/PVS241/share/lib/itcl/3.4.1 /opt/tools/cadence/installs/PVS241/share/lib/tclxml/3.2 /opt/tools/cadence/installs/PVS241/share/lib/tcllib/1.18 /opt/tools/cadence/installs/PVS241/share/lib/itcl/3.4.1 /opt/tools/cadence/installs/PVS241/share/lib/tclxml/3.2 /opt/tools/cadence/installs/PVS241/share/lib/tcllib/1.18 


########################################################################
Parsing Control File /home/saul/projects/LF_BG/pvsRunLVS/REF_GEN/REF_V5_fL/pvslvsctl ...
########################################################################
#UNDEFINE ddnwsub_OFF
#UNDEFINE dpw1v2dnw_OFF
#UNDEFINE dpw3v3dnw_OFF
TEXT_DEPTH -primary;
VIRTUAL_CONNECT -colon no;
VIRTUAL_CONNECT -semicolon_as_colon yes;
VIRTUAL_CONNECT -report no;
VIRTUAL_CONNECT -depth -primary;
LVS_IGNORE_PORTS no;
LVS_EXPAND_CELL_ON_ERROR no;
LVS_BREAK_AMBIG_MAX 32;
LVS_ABORT -softchk no;
LVS_ABORT -supply_error no;
LVS_ABORT -check_device_for_property_rule no;
LVS_FIND_SHORTS no;
SCONNECT_UPPER_SHAPE_COUNT no;
LVS_REPORT_FILE "REF_V5_fL.rep";
LVS_REPORT_MAX 50 -mismatched_net_limit 100;
LVS_RUN_ERC_CHECKS yes;
LVS_REPORT_OPT -none;
REPORT_SUMMARY -erc "REF_V5_fL.sum" -replace;
MAX_RESULTS -erc 1000;
RESULTS_DB -erc "/home/saul/projects/LF_BG/pvsRunLVS/REF_GEN/REF_V5_fL/REF_V5_fL.erc_errors.ascii" -ascii;
MASK_SVDB_DIR /home/saul/projects/LF_BG/pvsRunLVS/REF_GEN/REF_V5_fL/svdb;
KEEP_LAYERS -none;
SCHEMATIC_FORMAT cdl;
SCHEMATIC_PATH "/home/saul/projects/LF_BG/pvsRunLVS/REF_GEN/REF_V5_fL/REF_V5_fL.cdl";
ABORT_ON_LAYOUT_ERROR yes;
LAYOUT_FORMAT gdsii;
LAYOUT_PATH "/home/saul/projects/LF_BG/pvsRunLVS/REF_GEN/REF_V5_fL/REF_V5_fL.gds";

########################################################################
Parsing Rule File /home/saul/projects/LF_BG/pvsRunLVS/REF_GEN/REF_V5_fL/.config.rul ...
########################################################################

########################################################################
Parsing Rule File /home/saul/projects/LF_BG/pvsRunLVS/REF_GEN/REF_V5_fL/.technology.rul ...
########################################################################
TECHNOLOGY lf11is -ruleSet default -techLib /home/saul/projects/LF_BG/pvtech.lib;
[INFO] TECHNOLOGY: Rules file /opt/pdk/lf11/PDK_LF11ISi_V1_3_2/pv/pvs/common/./lvs/pvs.lvs will be included after the remainder of the current rules are processed.
[INFO] TECHNOLOGY lf11is -techLib /home/saul/projects/LF_BG/pvtech.lib: End of additions.
include "/opt/pdk/lf11/PDK_LF11ISi_V1_3_2/pv/pvs/6metal/lvs/layers.lvs"
include "/opt/pdk/lf11/PDK_LF11ISi_V1_3_2/pv/pvs/6metal/lvs/metal_booleans.lvs"
include "/opt/pdk/lf11/PDK_LF11ISi_V1_3_2/pv/pvs/6metal/lvs/metal_connect.lvs"
include "/opt/pdk/lf11/PDK_LF11ISi_V1_3_2/pv/pvs/6metal/lvs/metal_extract.lvs"
TITLE  LF11IS;
INPUT_SCALE 1000;
GRID 10;
SCHEMATIC_CASE_SENSITIVE YES;
FLAG -offgrid YES;
FLAG -acute YES;
FLAG -skew YES;
FLAG -nonsimple YES;
LVS_POWER_NAME "VDD?";
LVS_GROUND_NAME "VSS?" "GND?" "gnd" "GND" "VSS" "vss";
LVS_SPICE -prefer_pins YES;
LVS_SPICE -allow_floating_pins NO;
LVS_SPICE -strict_wl YES;
LVS_SPICE -replicate_devices YES;
LVS_SPICE_MULTIPLIER_NAME M;
LVS_FILTER_OPTION RC RE AB;
LVS_FILTER_DEVICE iolib_corner -open -source;
LVS_FILTER_DEVICE R ( SH ) -prop r -eq 0 -source -short;
LVS_REDUCE yes -parallel_mos;
LVS_REDUCE no -series_caps;
LVS_REDUCE_DEVICE Q ( pnp5ux5u ) -parallel yes [ 
 effective AE 
 AE = sum ( AE ) 
 ];
LVS_REDUCE_DEVICE C ( cmims ) -parallel yes [ 
 effective A , P 
 P = sum ( P ) 
 A = sum ( A ) 
 ];
LVS_REDUCE_DEVICE C ( cmims2 ) -parallel yes [ 
 effective A , P 
 P = sum ( P ) 
 A = sum ( A ) 
 ];
LVS_REDUCE_DEVICE C ( cmims7 ) -parallel yes [ 
 effective A , P 
 P = sum ( P ) 
 A = sum ( A ) 
 ];
LVS_REDUCE_DEVICE C ( cvnm2m3 ) -parallel yes [ 
 effective NF , L 
 NF = sum ( NF ) 
 L = sum ( L ) / count ( ) 
 ];
LVS_REDUCE_DEVICE C ( ncap3v3rvt ) -parallel yes [ 
 tolerance L 0 
 effective W , L 
 W = sum ( W ) 
 L = min ( L ) 
 ];
LVS_REDUCE_DEVICE C ( ncap1v2hvt ) -parallel yes [ 
 tolerance L 0 
 effective W , L 
 W = sum ( W ) 
 L = min ( L ) 
 ];
LVS_REDUCE_DEVICE C ( pcap3v3rvt ) -parallel yes [ 
 tolerance L 0 
 effective W , L 
 W = sum ( W ) 
 L = min ( L ) 
 ];
LVS_REDUCE_DEVICE C ( pcap1v2hvt ) -parallel yes [ 
 tolerance L 0 
 effective W , L 
 W = sum ( W ) 
 L = min ( L ) 
 ];
LVS_REDUCE no -series_resistors;
LVS_REDUCE no -parallel_resistors;
LVS_REDUCE_SPLIT_GATES yes;
LVS_STRICT_SUBTYPES NO;
TOP_LAYER METAL1base VIA1 METAL2base VIA2 METAL3base VIA3 METAL4base VIA4 METAL5base VIAF METALFbase;
LAYER_MAP 1 -datatype 0 10010;
LAYER_DEF DIFFbase 10010;
LAYER_MAP 1 -datatype 2 10012;
LAYER_DEF DIFFpin 10012;
LAYER_MAP 1 -datatype 3 10013;
LAYER_DEF DIFFfill 10013;
LAYER_MAP 1 -datatype 12 11112;
LAYER_DEF DIFFfillCustom 11112;
LAYER_MAP 1 -datatype 4 10014;
LAYER_DEF DIFFslot 10014;
LAYER_MAP 1 -datatype 1 10011;
LAYER_DEF DIFFlabel 10011;
LAYER_MAP 1 -texttype 2 30012;
LAYER_DEF DIFF_pin_txt 30012;
LAYER_MAP 1 -datatype 50 12150;
LAYER_DEF DIFFblockFill 12150;
LAYER_MAP 1 -datatype 51 11151;
LAYER_DEF DIFFmakeFill 11151;
LAYER_MAP 10 -datatype 0 10100;
LAYER_DEF DNW 10100;
LAYER_MAP 2 -datatype 0 10020;
LAYER_DEF SNK0 10020;
LAYER_MAP 3 -datatype 0 10030;
LAYER_DEF SNK1 10030;
LAYER_MAP 4 -datatype 0 10040;
LAYER_DEF SNK2 10040;
LAYER_MAP 5 -datatype 0 10050;
LAYER_DEF POLY1 10050;
LAYER_MAP 288 -datatype 0 12880;
LAYER_DEF ZMOS 12880;
LAYER_MAP 290 -datatype 0 12900;
LAYER_DEF MCEL 12900;
LAYER_MAP 270 -datatype 0 12700;
LAYER_DEF flsExOpcPL 12700;
LAYER_MAP 291 -datatype 0 12910;
LAYER_DEF FGPO 12910;
LAYER_MAP 11 -datatype 0 10110;
LAYER_DEF NWHV 10110;
LAYER_MAP 12 -datatype 0 10120;
LAYER_DEF PWHV 10120;
LAYER_MAP 13 -datatype 0 10130;
LAYER_DEF NW3V3 10130;
LAYER_MAP 13 -datatype 58 11358;
LAYER_DEF NW3V3blockGen 11358;
LAYER_MAP 13 -datatype 59 11359;
LAYER_DEF NW3V3makeGen 11359;
LAYER_MAP 14 -datatype 0 10140;
LAYER_DEF PW3V3orig 10140;
LAYER_MAP 14 -datatype 58 11458;
LAYER_DEF PW3V3blockGen 11458;
LAYER_MAP 14 -datatype 59 11459;
LAYER_DEF PW3V3makeGen 11459;
LAYER_MAP 292 -datatype 0 12920;
LAYER_DEF CGPO 12920;
LAYER_MAP 293 -datatype 0 12930;
LAYER_DEF CGPA 12930;
LAYER_MAP 294 -datatype 0 12940;
LAYER_DEF CSPR 12940;
LAYER_MAP 295 -datatype 0 12950;
LAYER_DEF HVII 12950;
LAYER_MAP 296 -datatype 0 12960;
LAYER_DEF CGPL 12960;
LAYER_MAP 297 -datatype 0 12970;
LAYER_DEF WLVT 12970;
LAYER_MAP 17 -datatype 0 10170;
LAYER_DEF NW1V2 10170;
LAYER_MAP 17 -datatype 58 11758;
LAYER_DEF NW1V2blockGen 11758;
LAYER_MAP 17 -datatype 59 11759;
LAYER_DEF NW1V2makeGen 11759;
LAYER_MAP 18 -datatype 0 10180;
LAYER_DEF PW1V2orig 10180;
LAYER_MAP 18 -datatype 58 11858;
LAYER_DEF PW1V2blockGen 11858;
LAYER_MAP 18 -datatype 59 11859;
LAYER_DEF PW1V2makeGen 11859;
LAYER_MAP 19 -datatype 0 10190;
LAYER_DEF NW32V 10190;
LAYER_MAP 20 -datatype 0 10200;
LAYER_DEF PW32V 10200;
LAYER_MAP 30 -datatype 0 10300;
LAYER_DEF NRVT1V2 10300;
LAYER_MAP 31 -datatype 0 10310;
LAYER_DEF PRVT1V2 10310;
LAYER_MAP 34 -datatype 0 10340;
LAYER_DEF NLVT3V3 10340;
LAYER_MAP 35 -datatype 0 10350;
LAYER_DEF NW1V2HV 10350;
LAYER_MAP 36 -datatype 0 10360;
LAYER_DEF PW1V2HV 10360;
LAYER_MAP 37 -datatype 0 10370;
LAYER_DEF PLDD 10370;
LAYER_MAP 38 -datatype 0 10380;
LAYER_DEF NLDD 10380;
LAYER_MAP 40 -datatype 0 10400;
LAYER_DEF GOX1V2 10400;
LAYER_MAP 41 -datatype 0 10410;
LAYER_DEF GOX1V8 10410;
LAYER_MAP 44 -datatype 0 10440;
LAYER_DEF GOXSIPO 10440;
LAYER_MAP 45 -datatype 0 10450;
LAYER_DEF GOX32V 10450;
LAYER_MAP 6 -datatype 0 10060;
LAYER_DEF POLYGbase 10060;
LAYER_MAP 6 -datatype 2 10062;
LAYER_DEF POLYGpin 10062;
LAYER_MAP 6 -datatype 3 10063;
LAYER_DEF POLYGfill 10063;
LAYER_MAP 6 -datatype 12 11612;
LAYER_DEF POLYGfillCustom 11612;
LAYER_MAP 6 -datatype 4 10064;
LAYER_DEF POLYGslot 10064;
LAYER_MAP 6 -datatype 1 10061;
LAYER_DEF POLYGlabel 10061;
LAYER_MAP 6 -texttype 2 30062;
LAYER_DEF POLYG_pin_txt 30062;
LAYER_MAP 6 -datatype 50 12650;
LAYER_DEF POLYGblockFill 12650;
LAYER_MAP 6 -datatype 51 11651;
LAYER_DEF POLYGmakeFill 11651;
LAYER_MAP 7 -datatype 0 10070;
LAYER_DEF POLYDOPE 10070;
LAYER_MAP 9 -datatype 0 10090;
LAYER_DEF SALBLK 10090;
LAYER_MAP 9 -datatype 58 10958;
LAYER_DEF SALBLKblockGen 10958;
LAYER_MAP 9 -datatype 59 10959;
LAYER_DEF SALBLKmakeGen 10959;
LAYER_MAP 49 -datatype 0 10490;
LAYER_DEF HRI 10490;
LAYER_MAP 8 -datatype 0 10080;
LAYER_DEF POLYE 10080;
LAYER_MAP 50 -datatype 0 10500;
LAYER_DEF NEXT1V2 10500;
LAYER_MAP 51 -datatype 0 10510;
LAYER_DEF PEXT1V2 10510;
LAYER_MAP 52 -datatype 0 10520;
LAYER_DEF NEXTHVT 10520;
LAYER_MAP 53 -datatype 0 10530;
LAYER_DEF PEXTHVT 10530;
LAYER_MAP 56 -datatype 0 10560;
LAYER_DEF NEXT3V3 10560;
LAYER_MAP 57 -datatype 0 10570;
LAYER_DEF PEXT3V3 10570;
LAYER_MAP 58 -datatype 0 10580;
LAYER_DEF NEXTHV 10580;
LAYER_MAP 59 -datatype 0 10590;
LAYER_DEF PEXTHV 10590;
LAYER_MAP 60 -datatype 0 10600;
LAYER_DEF NMINLD 10600;
LAYER_MAP 61 -datatype 0 10610;
LAYER_DEF PMINLD 10610;
LAYER_MAP 62 -datatype 0 10620;
LAYER_DEF NPLUSLD 10620;
LAYER_MAP 63 -datatype 0 10630;
LAYER_DEF PPLUSLD 10630;
LAYER_MAP 64 -datatype 0 10640;
LAYER_DEF NPLUSLDH 10640;
LAYER_MAP 65 -datatype 0 10650;
LAYER_DEF PPLUSLDH 10650;
LAYER_MAP 66 -datatype 0 10660;
LAYER_DEF NPLUS 10660;
LAYER_MAP 67 -datatype 0 10670;
LAYER_DEF PPLUS 10670;
LAYER_MAP 68 -datatype 0 10680;
LAYER_DEF HVNPLUS 10680;
LAYER_MAP 69 -datatype 0 10690;
LAYER_DEF HVPPLUS 10690;
LAYER_MAP 27 -datatype 0 10270;
LAYER_DEF BNP 10270;
LAYER_MAP 28 -datatype 0 10280;
LAYER_DEF ESD 10280;
LAYER_MAP 298 -datatype 0 12980;
LAYER_DEF CGCT 12980;
LAYER_MAP 289 -datatype 0 12890;
LAYER_DEF FRCT 12890;
LAYER_MAP 299 -datatype 0 12990;
LAYER_DEF FGCT 12990;
LAYER_MAP 80 -datatype 0 10800;
LAYER_DEF CONT 10800;
LAYER_MAP 70 -datatype 0 10700;
LAYER_DEF METAL1base 10700;
LAYER_MAP 70 -datatype 2 10702;
LAYER_DEF METAL1pin 10702;
LAYER_MAP 70 -datatype 3 10703;
LAYER_DEF METAL1fill 10703;
LAYER_MAP 70 -datatype 12 18012;
LAYER_DEF METAL1fillCustom 18012;
LAYER_MAP 70 -datatype 4 10704;
LAYER_DEF METAL1slot 10704;
LAYER_MAP 70 -datatype 1 10701;
LAYER_DEF METAL1label 10701;
LAYER_MAP 70 -texttype lege 1 2 30702;
LAYER_DEF METAL1_pin_txt 30702;
LAYER_MAP 70 -datatype 50 19050;
LAYER_DEF METAL1blockFill 19050;
LAYER_MAP 70 -datatype 51 18051;
LAYER_DEF METAL1makeFill 18051;
LAYER_MAP 81 -datatype 0 10810;
LAYER_DEF VIA1 10810;
LAYER_MAP 71 -datatype 0 10710;
LAYER_DEF METAL2base 10710;
LAYER_MAP 71 -datatype 2 10712;
LAYER_DEF METAL2pin 10712;
LAYER_MAP 71 -datatype 3 10713;
LAYER_DEF METAL2fill 10713;
LAYER_MAP 71 -datatype 12 18112;
LAYER_DEF METAL2fillCustom 18112;
LAYER_MAP 71 -datatype 4 10714;
LAYER_DEF METAL2slot 10714;
LAYER_MAP 71 -datatype 1 10711;
LAYER_DEF METAL2label 10711;
LAYER_MAP 71 -texttype 2 30712;
LAYER_DEF METAL2_pin_txt 30712;
LAYER_MAP 71 -datatype 50 19150;
LAYER_DEF METAL2blockFill 19150;
LAYER_MAP 71 -datatype 51 18151;
LAYER_DEF METAL2makeFill 18151;
LAYER_MAP 82 -datatype 0 10820;
LAYER_DEF VIA2 10820;
LAYER_MAP 72 -datatype 0 10720;
LAYER_DEF METAL3base 10720;
LAYER_MAP 72 -datatype 2 10722;
LAYER_DEF METAL3pin 10722;
LAYER_MAP 72 -datatype 3 10723;
LAYER_DEF METAL3fill 10723;
LAYER_MAP 72 -datatype 12 18212;
LAYER_DEF METAL3fillCustom 18212;
LAYER_MAP 72 -datatype 4 10724;
LAYER_DEF METAL3slot 10724;
LAYER_MAP 72 -datatype 1 10721;
LAYER_DEF METAL3label 10721;
LAYER_MAP 72 -texttype 2 30722;
LAYER_DEF METAL3_pin_txt 30722;
LAYER_MAP 72 -datatype 50 19250;
LAYER_DEF METAL3blockFill 19250;
LAYER_MAP 72 -datatype 51 18251;
LAYER_DEF METAL3makeFill 18251;
LAYER_MAP 83 -datatype 0 10830;
LAYER_DEF VIA3 10830;
LAYER_MAP 73 -datatype 0 10730;
LAYER_DEF METAL4base 10730;
LAYER_MAP 73 -datatype 2 10732;
LAYER_DEF METAL4pin 10732;
LAYER_MAP 73 -datatype 3 10733;
LAYER_DEF METAL4fill 10733;
LAYER_MAP 73 -datatype 12 18312;
LAYER_DEF METAL4fillCustom 18312;
LAYER_MAP 73 -datatype 4 10734;
LAYER_DEF METAL4slot 10734;
LAYER_MAP 73 -datatype 1 10731;
LAYER_DEF METAL4label 10731;
LAYER_MAP 73 -texttype 2 30732;
LAYER_DEF METAL4_pin_txt 30732;
LAYER_MAP 73 -datatype 50 19350;
LAYER_DEF METAL4blockFill 19350;
LAYER_MAP 73 -datatype 51 18351;
LAYER_DEF METAL4makeFill 18351;
LAYER_MAP 84 -datatype 0 10840;
LAYER_DEF VIA4 10840;
LAYER_MAP 74 -datatype 0 10740;
LAYER_DEF METAL5base 10740;
LAYER_MAP 74 -datatype 2 10742;
LAYER_DEF METAL5pin 10742;
LAYER_MAP 74 -datatype 3 10743;
LAYER_DEF METAL5fill 10743;
LAYER_MAP 74 -datatype 12 18412;
LAYER_DEF METAL5fillCustom 18412;
LAYER_MAP 74 -datatype 4 10744;
LAYER_DEF METAL5slot 10744;
LAYER_MAP 74 -datatype 1 10741;
LAYER_DEF METAL5label 10741;
LAYER_MAP 74 -texttype 2 30742;
LAYER_DEF METAL5_pin_txt 30742;
LAYER_MAP 74 -datatype 50 19450;
LAYER_DEF METAL5blockFill 19450;
LAYER_MAP 74 -datatype 51 18451;
LAYER_DEF METAL5makeFill 18451;
LAYER_MAP 87 -datatype 0 10870;
LAYER_DEF VIAF 10870;
LAYER_MAP 77 -datatype 0 10770;
LAYER_DEF METALFbase 10770;
LAYER_MAP 77 -datatype 2 10772;
LAYER_DEF METALFpin 10772;
LAYER_MAP 77 -datatype 3 10773;
LAYER_DEF METALFfill 10773;
LAYER_MAP 77 -datatype 12 18712;
LAYER_DEF METALFfillCustom 18712;
LAYER_MAP 77 -datatype 4 10774;
LAYER_DEF METALFslot 10774;
LAYER_MAP 77 -datatype 1 10771;
LAYER_DEF METALFlabel 10771;
LAYER_MAP 77 -texttype 2 30772;
LAYER_DEF METALF_pin_txt 30772;
LAYER_MAP 77 -datatype 50 19750;
LAYER_DEF METALFblockFill 19750;
LAYER_MAP 77 -datatype 51 18751;
LAYER_DEF METALFmakeFill 18751;
LAYER_MAP 88 -datatype 0 10880;
LAYER_DEF VIAT 10880;
LAYER_MAP 78 -datatype 0 10780;
LAYER_DEF METALTbase 10780;
LAYER_MAP 78 -datatype 2 10782;
LAYER_DEF METALTpin 10782;
LAYER_MAP 78 -datatype 3 10783;
LAYER_DEF METALTfill 10783;
LAYER_MAP 78 -datatype 12 18812;
LAYER_DEF METALTfillCustom 18812;
LAYER_MAP 78 -datatype 4 10784;
LAYER_DEF METALTslot 10784;
LAYER_MAP 78 -datatype 1 10781;
LAYER_DEF METALTlabel 10781;
LAYER_MAP 78 -texttype 2 30782;
LAYER_DEF METALT_pin_txt 30782;
LAYER_MAP 78 -datatype 50 19850;
LAYER_DEF METALTblockFill 19850;
LAYER_MAP 78 -datatype 51 18851;
LAYER_DEF METALTmakeFill 18851;
LAYER_MAP 90 -datatype 0 10900;
LAYER_DEF MIMS 10900;
LAYER_MAP 91 -datatype 0 10910;
LAYER_DEF MIMD 10910;
LAYER_MAP 92 -datatype 0 10920;
LAYER_DEF MIMT 10920;
LAYER_MAP 93 -datatype 0 10930;
LAYER_DEF MIMS2 10930;
LAYER_MAP 94 -datatype 0 10940;
LAYER_DEF MIMS7 10940;
LAYER_MAP 95 -datatype 0 10950;
LAYER_DEF PAD 10950;
LAYER_MAP 96 -datatype 0 10960;
LAYER_DEF IVD 10960;
LAYER_MAP 98 -datatype 0 10980;
LAYER_DEF ALG 10980;
LAYER_MAP 99 -datatype 0 10990;
LAYER_DEF ZEROLAY 10990;
LAYER_MAP 100 -datatype 0 11000;
LAYER_DEF DUALSTI 11000;
LAYER_MAP 101 -datatype 0 11010;
LAYER_DEF DUALFIMP 11010;
LAYER_MAP 103 -datatype 0 11030;
LAYER_DEF PSN 11030;
LAYER_MAP 104 -datatype 0 11040;
LAYER_DEF PSP 11040;
LAYER_MAP 105 -datatype 0 11050;
LAYER_DEF ARRAYNTUB 11050;
LAYER_MAP 106 -datatype 0 11060;
LAYER_DEF ARRAYNTUBISO 11060;
LAYER_MAP 108 -datatype 0 11080;
LAYER_DEF BFILT 11080;
LAYER_MAP 109 -datatype 0 11090;
LAYER_DEF GFILT 11090;
LAYER_MAP 110 -datatype 0 11100;
LAYER_DEF RFILT 11100;
LAYER_MAP 111 -datatype 0 11110;
LAYER_DEF UL 11110;
LAYER_MAP 112 -datatype 0 11120;
LAYER_DEF PL 11120;
LAYER_MAP 113 -datatype 0 11130;
LAYER_DEF SIL1 11130;
LAYER_MAP 114 -datatype 0 11140;
LAYER_DEF SIL2 11140;
LAYER_MAP 115 -datatype 0 11150;
LAYER_DEF SIL3 11150;
LAYER_MAP 116 -datatype 0 11160;
LAYER_DEF SIL4 11160;
LAYER_MAP 118 -datatype 0 11180;
LAYER_DEF PDARC 11180;
LAYER_MAP 119 -datatype 0 11190;
LAYER_DEF LP 11190;
LAYER_MAP 120 -datatype 0 11200;
LAYER_DEF RCFA 11200;
LAYER_MAP 121 -datatype 0 11210;
LAYER_DEF NNEXT3V3 11210;
LAYER_MAP 117 -datatype 0 11170;
LAYER_DEF ARC2 11170;
LAYER_MAP 180 -datatype 0 11800;
LAYER_DEF SLOTSI 11800;
LAYER_MAP 181 -datatype 0 11810;
LAYER_DEF SLOTOX 11810;
LAYER_MAP 182 -datatype 0 11820;
LAYER_DEF BSMET 11820;
LAYER_MAP 182 -texttype 2 11822;
LAYER_DEF BSMET_pin_txt 11822;
LAYER_MAP 182 -datatype 2 11822;
LAYER_DEF BSMETpin 11822;
LAYER_MAP 182 -datatype 1 11821;
LAYER_DEF BSMETlabel 11821;
LAYER_MAP 183 -datatype 0 11830;
LAYER_DEF BSPAD 11830;
LAYER_MAP 184 -datatype 0 11840;
LAYER_DEF SNPW 11840;
LAYER_MAP 185 -datatype 0 11850;
LAYER_DEF SNN 11850;
LAYER_MAP 186 -datatype 0 11860;
LAYER_DEF ARRAYPW 11860;
LAYER_MAP 187 -datatype 0 11870;
LAYER_DEF TXPW 11870;
LAYER_MAP 188 -datatype 0 11880;
LAYER_DEF SNENH 11880;
LAYER_MAP 280 -datatype 0 12800;
LAYER_DEF SPADNW 12800;
LAYER_MAP 281 -datatype 0 12810;
LAYER_DEF SPADPSN 12810;
LAYER_MAP 130 -datatype 0 11300;
LAYER_DEF LFBLK 11300;
LAYER_MAP 131 -datatype 20 21330;
LAYER_DEF LFIPmark 21330;
LAYER_MAP 131 -texttype 0 21331;
LAYER_DEF LFIPtext 21331;
LAYER_MAP 131 -datatype 0 21310;
LAYER_DEF LFIP 21310;
LAYER_MAP 132 -datatype 0 11320;
LAYER_DEF IPRING 11320;
LAYER_MAP 133 -datatype 0 11330;
LAYER_DEF PSUB2 11330;
LAYER_MAP 134 -datatype 20 11360;
LAYER_DEF HOTNWmark 11360;
LAYER_MAP 135 -datatype 20 11370;
LAYER_DEF BJTmark 11370;
LAYER_MAP 136 -datatype 20 11380;
LAYER_DEF DIOmark 11380;
LAYER_MAP 137 -datatype 20 11390;
LAYER_DEF ZVTmark 11390;
LAYER_MAP 138 -datatype 20 11400;
LAYER_DEF MIMmark 11400;
LAYER_MAP 139 -datatype 20 11410;
LAYER_DEF CAPmark 11410;
LAYER_MAP 140 -datatype 20 11420;
LAYER_DEF RESmark 11420;
LAYER_MAP 141 -datatype 20 11430;
LAYER_DEF RMET1mark 11430;
LAYER_MAP 142 -datatype 20 11440;
LAYER_DEF RMET2mark 11440;
LAYER_MAP 143 -datatype 20 11450;
LAYER_DEF RMET3mark 11450;
LAYER_MAP 144 -datatype 20 11460;
LAYER_DEF RMET4mark 11460;
LAYER_MAP 145 -datatype 20 11470;
LAYER_DEF RMET5mark 11470;
LAYER_MAP 148 -datatype 20 11500;
LAYER_DEF RMETFmark 11500;
LAYER_MAP 149 -datatype 20 11510;
LAYER_DEF RMETTmark 11510;
LAYER_MAP 150 -datatype 20 11520;
LAYER_DEF CAPFmark 11520;
LAYER_MAP 151 -datatype 20 11530;
LAYER_DEF ZVTHVmark 11530;
LAYER_MAP 152 -datatype 20 11540;
LAYER_DEF LVSSmark 11540;
LAYER_MAP 153 -datatype 20 11550;
LAYER_DEF RFmark 11550;
LAYER_MAP 154 -datatype 20 11560;
LAYER_DEF INDmark 11560;
LAYER_MAP 155 -datatype 20 11570;
LAYER_DEF LDMOSmark 11570;
LAYER_MAP 156 -datatype 20 11580;
LAYER_DEF LV1V2mark 11580;
LAYER_MAP 157 -datatype 20 21590;
LAYER_DEF MVmark 21590;
LAYER_MAP 158 -datatype 20 11600;
LAYER_DEF VARmark 11600;
LAYER_MAP 159 -datatype 0 11590;
LAYER_DEF DPORT 11590;
LAYER_MAP 160 -datatype 20 11620;
LAYER_DEF SEALRINGmark 11620;
LAYER_MAP 161 -datatype 20 11630;
LAYER_DEF ESDDIOmark 11630;
LAYER_MAP 162 -datatype 20 11640;
LAYER_DEF YMUXmark 11640;
LAYER_MAP 163 -datatype 20 11650;
LAYER_DEF RESRmark 11650;
LAYER_MAP 164 -datatype 20 11660;
LAYER_DEF SFIPmark 11660;
LAYER_MAP 165 -datatype 20 11670;
LAYER_DEF STRPmark 11670;
LAYER_MAP 166 -datatype 20 11680;
LAYER_DEF SRAMmark 11680;
LAYER_MAP 167 -datatype 20 11690;
LAYER_DEF ROMmark 11690;
LAYER_MAP 168 -datatype 20 11700;
LAYER_DEF ESDSBmark 11700;
LAYER_MAP 169 -datatype 20 21710;
LAYER_DEF IMAGERmark 21710;
LAYER_MAP 170 -datatype 20 11720;
LAYER_DEF PROBEmark 11720;
LAYER_MAP 171 -datatype 0 11710;
LAYER_DEF RDHD 11710;
LAYER_MAP 97 -datatype 0 10970;
LAYER_DEF PSMBLK 10970;
LAYER_MAP 107 -datatype 0 11070;
LAYER_DEF noDRC 11070;
LAYER_MAP 125 -datatype 0 11250;
LAYER_DEF PAD_drc 11250;
LAYER_MAP 192 -datatype 0 11920;
LAYER_DEF BLOCK 11920;
LAYER_MAP 193 -datatype 0 11930;
LAYER_DEF CELLFRM 11930;
LAYER_MAP 194 -datatype 0 11940;
LAYER_DEF FRMCOV 11940;
LAYER_MAP 271 -datatype 0 12710;
LAYER_DEF PXL 12710;
LAYER_MAP 172 -datatype 0 11720;
LAYER_DEF SCL 11720;
LAYER_MAP 173 -datatype 20 11750;
LAYER_DEF TXFETmark 11750;
LAYER_MAP 174 -datatype 20 11760;
LAYER_DEF THKEPImark 11760;
LAYER_MAP 300 -datatype 0 13000;
LAYER_DEF CRL0 13000;
LAYER_MAP 301 -datatype 0 13010;
LAYER_DEF CRL1 13010;
LAYER_MAP 302 -datatype 0 13020;
LAYER_DEF CRL2 13020;
LAYER_MAP 303 -datatype 0 13030;
LAYER_DEF CRL3 13030;
LAYER_MAP 304 -datatype 0 13040;
LAYER_DEF CRL4 13040;
LAYER_MAP 305 -datatype 0 13050;
LAYER_DEF CRL5 13050;
LAYER_MAP 306 -datatype 0 13060;
LAYER_DEF CRL6 13060;
LAYER_MAP 307 -datatype 0 13070;
LAYER_DEF CRL7 13070;
LAYER_MAP 308 -datatype 0 13080;
LAYER_DEF CRL8 13080;
LAYER_MAP 309 -datatype 0 13090;
LAYER_DEF CRL9 13090;
LAYER_MAP 150 -texttype 1 11501;
LAYER_DEF CAPFlabel 11501;
TEXT_LAYER DIFF_pin_txt;
ATTACH DIFF_pin_txt NDIFF;
ATTACH DIFF_pin_txt PDIFF;
PORT -text_layer DIFF_pin_txt;
TEXT_LAYER POLYG_pin_txt;
ATTACH POLYG_pin_txt POLYG3;
PORT -text_layer POLYG_pin_txt;
TEXT_LAYER METAL1_pin_txt;
ATTACH METAL1_pin_txt METAL1a;
PORT -text_layer METAL1_pin_txt;
TEXT_LAYER METAL2_pin_txt;
ATTACH METAL2_pin_txt METAL2a;
PORT -text_layer METAL2_pin_txt;
TEXT_LAYER METAL3_pin_txt;
ATTACH METAL3_pin_txt METAL3a;
PORT -text_layer METAL3_pin_txt;
TEXT_LAYER METAL4_pin_txt;
ATTACH METAL4_pin_txt METAL4a;
PORT -text_layer METAL4_pin_txt;
TEXT_LAYER METAL5_pin_txt;
ATTACH METAL5_pin_txt METAL5a;
PORT -text_layer METAL5_pin_txt;
TEXT_LAYER METALF_pin_txt;
ATTACH METALF_pin_txt METALFa;
PORT -text_layer METALF_pin_txt;
TEXT_LAYER METALT_pin_txt;
ATTACH METALT_pin_txt METALTa;
PORT -text_layer METALT_pin_txt;
TEXT_LAYER BSMET_pin_txt;
ATTACH BSMET_pin_txt BSMET;
PORT -text_layer BSMET_pin_txt;
CAT DIFFbase DIFFfill DIFFfillCustom DIFF;
CAT POLYGbase POLYGfill POLYGfillCustom POLYG;
OR METAL1base METAL1fill METAL1fillCustom _EPTMPL262146;
NOT _EPTMPL262146 METAL1slot METAL1;
OR METAL2base METAL2fill METAL2fillCustom _EPTMPL262148;
NOT _EPTMPL262148 METAL2slot METAL2;
OR METAL3base METAL3fill METAL3fillCustom _EPTMPL262150;
NOT _EPTMPL262150 METAL3slot METAL3;
OR METAL4base METAL4fill METAL4fillCustom _EPTMPL262152;
NOT _EPTMPL262152 METAL4slot METAL4;
OR METAL5base METAL5fill METAL5fillCustom _EPTMPL262154;
NOT _EPTMPL262154 METAL5slot METAL5;
OR METALFbase METALFfill METALFfillCustom _EPTMPL262156;
NOT _EPTMPL262156 METALFslot METALF;
OR METALTbase METALTfill METALTfillCustom _EPTMPL262158;
NOT _EPTMPL262158 METALTslot METALT;
AND METAL1 RMET1mark RMET1a;
NOT METAL1 RMET1a METAL1a;
AND METAL2 RMET2mark RMET2a;
NOT METAL2 RMET2a METAL2a;
AND METAL3 RMET3mark RMET3a;
NOT METAL3 RMET3a METAL3a;
AND METAL4 RMET4mark RMET4a;
NOT METAL4 RMET4a METAL4a;
AND METAL5 RMET5mark RMET5a;
NOT METAL5 RMET5a _EPTMPL262169;
NOT _EPTMPL262169 MIMmark METAL5a;
AND METALF RMETFmark RMETFa;
NOT METALF RMETFa METALFa;
AND METALT RMETTmark RMETTa;
NOT METALT RMETTa METALTa;
NOT MIMS MIMmark MIMSa;
AND MIMS MIMmark TOPMIM;
AND MIMS2 MIMmark TOPMIMS2;
AND MIMS7 MIMmark TOPMIMS7;
SELECT -label "CAPFmark" -textname "cvnm2m3" -textlayer CAPFlabel -outputlayer CAPF_M2M3;
AND METAL3a CAPF_M2M3 METAL3cf;
AND METAL2 METAL3 METAL23_0;
SELECT -inside METAL23_0 CAPF_M2M3 _EPTMPL262182;
SELECT -enclose CAPF_M2M3 _EPTMPL262182 -outputlayer FRCAPM2M3;
SELECT -label "CAPFmark" -textname "cvnm2m4" -textlayer CAPFlabel -outputlayer CAPF_M2M4;
AND METAL4 CAPF_M2M4 METAL4cf;
AND METAL2 METAL3 _EPTMPL262186;
AND _EPTMPL262186 METAL4 METAL24_0;
SELECT -inside METAL24_0 CAPF_M2M4 _EPTMPL262188;
SELECT -enclose CAPF_M2M4 _EPTMPL262188 FRCAPM2M4;
CONNECT METAL1a METAL2a -by VIA1;
CONNECT METAL2a METAL3a -by VIA2;
CONNECT METAL3a METAL4a -by VIA3;
CONNECT METAL4a METAL5a -by VIA4;
CONNECT METAL5a METALFa -by VIAF2;
CONNECT MIMSa METALFa -by VIAM;
CONNECT TOPMIM METALFa -by VIAM;
CONNECT TOPMIMS2 METALFa -by VIAM;
CONNECT TOPMIMS7 METALFa -by VIAM;
CONNECT METALFa METALTa -by VIAT;
CONNECT BSMET METAL1a -by SLOTOX;
DEVICE R ( rmet1 ) RMET1a METAL1a ( POS ) METAL1a ( NEG ) ( POS NEG ) -model rmet1 [ 
 property R , W , L 
 L = ( PERIMETER ( RMET1a ) - PERIMETER_COINCIDE ( RMET1a , METAL1a ) ) / 2 
 W = PERIMETER_COINCIDE ( RMET1a , METAL1a ) / 2 
 R = ( RSH_RMET1 * ( L ) ) / ( W ) 
 ];
LVS_REDUCE_DEVICE R ( rmet1 ) -parallel yes;
LVS_CHECK_PROPERTY R ( rmet1 ) W W -tolerance lvs_tolerance_MRES;
LVS_CHECK_PROPERTY R ( rmet1 ) L L -tolerance lvs_tolerance_MRES;
DEVICE R ( rmet2 ) RMET2a METAL2a ( POS ) METAL2a ( NEG ) ( POS NEG ) -model rmet2 [ 
 property R , W , L 
 L = ( PERIMETER ( RMET2a ) - PERIMETER_COINCIDE ( RMET2a , METAL2a ) ) / 2 
 W = PERIMETER_COINCIDE ( RMET2a , METAL2a ) / 2 
 R = ( RSH_RMET2 * ( L ) ) / ( W ) 
 ];
LVS_REDUCE_DEVICE R ( rmet2 ) -parallel yes;
LVS_CHECK_PROPERTY R ( rmet2 ) W W -tolerance lvs_tolerance_MRES;
LVS_CHECK_PROPERTY R ( rmet2 ) L L -tolerance lvs_tolerance_MRES;
DEVICE R ( rmet3 ) RMET3a METAL3a ( POS ) METAL3a ( NEG ) ( POS NEG ) -model rmet3 [ 
 property R , W , L 
 L = ( PERIMETER ( RMET3a ) - PERIMETER_COINCIDE ( RMET3a , METAL3a ) ) / 2 
 W = PERIMETER_COINCIDE ( RMET3a , METAL3a ) / 2 
 R = ( RSH_RMET3 * ( L ) ) / ( W ) 
 ];
LVS_REDUCE_DEVICE R ( rmet3 ) -parallel yes;
LVS_CHECK_PROPERTY R ( rmet3 ) W W -tolerance lvs_tolerance_MRES;
LVS_CHECK_PROPERTY R ( rmet3 ) L L -tolerance lvs_tolerance_MRES;
DEVICE R ( rmet4 ) RMET4a METAL4a ( POS ) METAL4a ( NEG ) ( POS NEG ) -model rmet4 [ 
 property R , W , L 
 L = ( PERIMETER ( RMET4a ) - PERIMETER_COINCIDE ( RMET4a , METAL4a ) ) / 2 
 W = PERIMETER_COINCIDE ( RMET4a , METAL4a ) / 2 
 R = ( RSH_RMET4 * ( L ) ) / ( W ) 
 ];
LVS_REDUCE_DEVICE R ( rmet4 ) -parallel yes;
LVS_CHECK_PROPERTY R ( rmet4 ) W W -tolerance lvs_tolerance_MRES;
LVS_CHECK_PROPERTY R ( rmet4 ) L L -tolerance lvs_tolerance_MRES;
DEVICE R ( rmet5 ) RMET5a METAL5a ( POS ) METAL5a ( NEG ) ( POS NEG ) -model rmet5 [ 
 property R , W , L 
 L = ( PERIMETER ( RMET5a ) - PERIMETER_COINCIDE ( RMET5a , METAL5a ) ) / 2 
 W = PERIMETER_COINCIDE ( RMET5a , METAL5a ) / 2 
 R = ( RSH_RMET5 * ( L ) ) / ( W ) 
 ];
LVS_REDUCE_DEVICE R ( rmet5 ) -parallel yes;
LVS_CHECK_PROPERTY R ( rmet5 ) W W -tolerance lvs_tolerance_MRES;
LVS_CHECK_PROPERTY R ( rmet5 ) L L -tolerance lvs_tolerance_MRES;
DEVICE R ( rmetf ) RMETFa METALFa ( POS ) METALFa ( NEG ) ( POS NEG ) -model rmetf [ 
 property R , W , L 
 L = ( PERIMETER ( RMETFa ) - PERIMETER_COINCIDE ( RMETFa , METALFa ) ) / 2 
 W = PERIMETER_COINCIDE ( RMETFa , METALFa ) / 2 
 R = ( RSH_RMETF * ( L ) ) / ( W ) 
 ];
LVS_REDUCE_DEVICE R ( rmetf ) -parallel yes;
LVS_CHECK_PROPERTY R ( rmetf ) W W -tolerance lvs_tolerance_MRES;
LVS_CHECK_PROPERTY R ( rmetf ) L L -tolerance lvs_tolerance_MRES;
DEVICE C ( cmims ) CMIMS TOPMIM ( POS ) METAL5a ( NEG ) -model cmims [ 
 property C , L , W , A , P , M 
 A = area ( CMIMS ) 
 P = PERIMETER ( CMIMS ) 
 C = area ( CMIMS ) * 0.98 / 1000 + P * 1.1e-10 
 L = ( P + SQRT ( ABS ( P * P - 16 * area ( CMIMS ) ) ) ) / 4 
 W = area ( CMIMS ) / L W = TRUNC ( ( W * 100000000 ) + 0.5 ) / 100000000 L = TRUNC ( ( L * 100000000 ) + 0.5 ) / 100000000 
 M = 1 
 ];
DEVICE C ( cmims2 ) CMIMS2 TOPMIMS2 ( POS ) METAL5a ( NEG ) -model cmims2 [ 
 property C , L , W , A , P , M 
 A = area ( CMIMS2 ) 
 P = PERIMETER ( CMIMS2 ) 
 C = area ( CMIMS2 ) * 0.98 / 1000 + P * 1.1e-10 
 L = ( P + SQRT ( ABS ( P * P - 16 * area ( CMIMS2 ) ) ) ) / 4 
 W = area ( CMIMS2 ) / L W = TRUNC ( ( W * 100000000 ) + 0.5 ) / 100000000 L = TRUNC ( ( L * 100000000 ) + 0.5 ) / 100000000 
 M = 1 
 ];
DEVICE C ( cmims7 ) CMIMS7 TOPMIMS7 ( POS ) METAL5a ( NEG ) -model cmims7 [ 
 property C , L , W , A , P , M 
 A = area ( CMIMS7 ) 
 P = PERIMETER ( CMIMS7 ) 
 C = area ( CMIMS7 ) * 0.98 / 1000 + P * 1.1e-10 
 L = ( P + SQRT ( ABS ( P * P - 16 * area ( CMIMS7 ) ) ) ) / 4 
 W = area ( CMIMS7 ) / L W = TRUNC ( ( W * 100000000 ) + 0.5 ) / 100000000 L = TRUNC ( ( L * 100000000 ) + 0.5 ) / 100000000 
 M = 1 
 ];
LVS_CHECK_PROPERTY C ( cmims ) P P -tolerance 0;
LVS_CHECK_PROPERTY C ( cmims ) A A -tolerance 0;
LVS_CHECK_PROPERTY C ( cmims2 ) P P -tolerance 0;
LVS_CHECK_PROPERTY C ( cmims2 ) A A -tolerance 0;
LVS_CHECK_PROPERTY C ( cmims7 ) P P -tolerance 0;
LVS_CHECK_PROPERTY C ( cmims7 ) A A -tolerance 0;
DEVICE C ( cvnm2m3 ) FRCAPM2M3 METAL3cf ( POS ) METAL3cf ( NEG ) -model cvnm2m3 [ 
 property L , M , NF 
 NF = ( ( bends ( METAL3cf ) - 2 ) / 4 ) + 1 
 BE = bends ( METAL3cf ) 
 if ( NF < + 1 ) 
 NF = 1 
 L = ( area ( FRCAPM2M3 ) / ( NF * 1.02e-06 - 2e-07 ) - 8.2e-07 ) 
 M = 1 
 ];
LVS_CHECK_PROPERTY C ( cvnm2m3 ) L L -tolerance lvs_tolerance_CF;
LVS_CHECK_PROPERTY C ( cvnm2m3 ) NF NF -tolerance lvs_tolerance_CF;
variable SCREF_NMOS1V2HVT 1e-06;
variable SCREF_PMOS1V2HVT 1e-06;
variable SCREF_NMOS1V2LVT 1e-06;
variable SCREF_PMOS1V2LVT 1e-06;
variable RSH_RMET1 0.19;
variable RSH_RMET2 0.14;
variable RSH_RMET3 0.14;
variable RSH_RMET4 0.14;
variable RSH_RMET5 0.14;
variable RSH_RMET6 0.14;
variable RSH_RMETF 0.06;
variable RSH_RNPOLYH 1930;
variable RHEAD_RNPOLYH 0;
variable DW_RNPOLYH -2.25e-08;
variable DL_RNPOLYH -2.68e-07;
variable RSH_RNPOLYM 263.96;
variable RHEAD_RNPOLYM 0;
variable DW_RNPOLYM -5.32e-08;
variable DL_RNPOLYM -5.62e-08;
variable RSH_RPPOLYM 390.98;
variable RHEAD_RPPOLYM 0;
variable DW_RPPOLYM 6.17e-08;
variable DL_RPPOLYM -2.17e-07;
variable CA_NCAP1V2HVT 1.109e-14;
variable CA_PCAP1V2HVT 1.16e-14;
variable CA_NCAP3V3RVT 5.3e-15;
variable CA_PCAP3V3RVT 5.3e-15;
variable CA_CMIMS 1.02e-15;
variable CP_CMIMS 3e-17;
variable CF_CVNM2M3 3.875e-10;
variable CF_CVNM2M4 6.357e-10;
EXTENT -outputlayer CHIP;
SIZE CHIP -by 1 -outputlayer BULK;
SIZE PSUB2 -by 0.005 -outputlayer PSUB2UP;
SIZE PSUB2 -by -0.005 -outputlayer PSUB2IN;
NOT PSUB2UP PSUB2IN -outputlayer PSUBRING;
OR NW1V2 NW3V3 -outputlayer ALLNW;
HOLES ALLNW -inner -outputlayer NWHOLEINNER;
HOLES ALLNW -outputlayer NWHOLE;
NOT ALLNW NWHOLE -outputlayer NWHOLENOTHOLE;
NOT ALLNW NWHOLEINNER -outputlayer NWHOLENOTHOLEINNER;
SELECT -touch NWHOLENOTHOLE NWHOLE -outputlayer _CPTMPL28;
SELECT -touch NWHOLENOTHOLEINNER NWHOLEINNER -outputlayer _CPTMPL29;
OR _CPTMPL28 _CPTMPL29 -outputlayer NWRING;
NOT BULK PSUBRING -outputlayer _CPTMPL31;
NOT _CPTMPL31 SEALRINGmark -outputlayer PSUB;
OR NW1V2 NW3V3 -outputlayer _CPTMPL33;
HOLES _CPTMPL33 -outputlayer _CPTMPL34;
AND _CPTMPL34 DNW -outputlayer DNWRING;
AND PSUB DNWRING -outputlayer _CPTMPL36;
NOT _CPTMPL36 NWRING -outputlayer PSUBISO;
CAT PW1V2orig inPw1v2;
CAT PW1V2makeGen ioPw1v2Gen;
NOT PW1V2blockGen PW1V2 -outputlayer inPw1v2BlockGen;
CAT PW3V3orig inPw3v3;
CAT PW3V3makeGen ioPw3v3Gen;
NOT PW3V3blockGen PW3V3 -outputlayer inPw3v3BlockGen;
CAT NW1V2 inNw1v2;
CAT NW3V3 inNw3v3;
CAT PXL inPxl;
CAT NLVT3V3 inNlvt3v3;
variable minWidthPwell1V2 0.63;
variable minWidthPwell3V3 1;
variable GRID 0.005;
OR inPw1v2 ioPw1v2Gen -outputlayer inPw1v2All;
OR inPxl PW1V2blockGen -outputlayer pw1v2BlockGenNew;
AND inPw1v2All pw1v2BlockGenNew -outputlayer pw1V2OrgBlocked4Gen;
NOT inPw1v2All pw1v2BlockGenNew -outputlayer pw1V2OrgNotBlocked;
CAT pw1v2BlockGen inPw1v2 ioPw1v2Gen inPw3v3 ioPw3v3Gen inNw1v2 inNw3v3 inPxl inNlvt3v3 noPw1v2;
NOT BULK noPw1v2 -outputlayer generator1v2;
OR pw1V2OrgNotBlocked generator1v2 -outputlayer pw1V2NewNotBlockedWoClean;
SIZE pw1V2NewNotBlockedWoClean -by "GRID" -truncate "GRID" -outputlayer pw1v2Plus;
SIZE pw1v2Plus -by "minWidthPwell1V2/2" -underover -truncate "minWidthPwell1V2/2" -outputlayer pw1v2UnderOver;
AND pw1v2UnderOver pw1v2Plus -outputlayer pw1v2WidthCleanedTemp;
SIZE pw1v2WidthCleanedTemp -by -1*GRID -truncate "GRID" -outputlayer pw1v2WidthCleaned;
NOT pw1v2WidthCleaned inPw1v2All -outputlayer outPw1v2;
OR outPw1v2 ioPw1v2Gen -outputlayer ioPw1v2GenNew;
OR inPw3v3 ioPw3v3Gen -outputlayer inPw3v3All;
OR inPxl PW3V3blockGen -outputlayer pw3v3BlockGenNew;
AND inPw3v3All pw3v3BlockGenNew -outputlayer pw3V3OrgBlocked4Gen;
NOT inPw3v3All pw3v3BlockGenNew -outputlayer pw3V3OrgNotBlocked;
CAT pw3v3BlockGen inPw1v2 inPw3v3 ioPw3v3Gen inNw1v2 inNw3v3 inPxl inNlvt3v3 noPw3v3;
NOT BULK noPw3v3 -outputlayer _CPTMPL66;
NOT _CPTMPL66 ioPw1v2GenNew -outputlayer generator3v3;
OR pw3V3OrgNotBlocked generator3v3 -outputlayer pw3V3NewNotBlockedWoClean;
SIZE pw3V3NewNotBlockedWoClean -by "GRID" -truncate "GRID" -outputlayer pw3v3Plus;
SIZE pw3v3Plus -by "minWidthPwell3V3/2" -underover -truncate "minWidthPwell3V3/2" -outputlayer pw3v3UnderOver;
AND pw3v3UnderOver pw3V3Plus -outputlayer pw3v3WidthCleanedTemp;
SIZE pw3v3WidthCleanedTemp -by -1*GRID -truncate "GRID" -outputlayer pw3v3WidthCleaned;
NOT pw3v3WidthCleaned inPw3v3All -outputlayer outPw3v3;
OR outPw3v3 ioPw3v3Gen -outputlayer ioPw3v3GenNew;
OR PW1V2orig ioPw1v2GenNew -outputlayer _CPTMPL75;
NOT _CPTMPL75 PSUBRING -outputlayer _CPTMPL76;
NOT _CPTMPL76 SEALRINGmark -outputlayer PW1V2;
OR PW3V3orig ioPw3v3GenNew -outputlayer _CPTMPL78;
NOT _CPTMPL78 PSUBRING -outputlayer _CPTMPL79;
NOT _CPTMPL79 SEALRINGmark -outputlayer PW3V3;
AND NPLUS DIFF -outputlayer NDIFF1;
AND PPLUS DIFF -outputlayer PDIFF1;
AND PWHV ZVTHVmark -outputlayer PWHVZVTHV;
AND POLYG RESmark -outputlayer RPPOLYS1;
AND RPPOLYS1 SALBLK -outputlayer RPOLYSALBLK;
NOT POLYG RPPOLYS1 -outputlayer POLYG1;
AND RPPOLYS1 POLYDOPE -outputlayer RNPOLYS1;
NOT RPPOLYS1 RNPOLYS1 -outputlayer RPPOLYS;
AND RNPOLYS1 RPOLYSALBLK -outputlayer RNPOLYM1;
NOT RNPOLYS1 RNPOLYM1 -outputlayer RNPOLYS;
SELECT -inside RPOLYSALBLK NPLUS -outputlayer RNPOLYH;
AND RNPOLYM1 NPLUS -outputlayer RNPOLYL;
SELECT -interact RNPOLYM1 NPLUS -outputlayer _CPTMPL126;
NOT _CPTMPL126 RNPOLYH -outputlayer RNPOLYM;
AND RPOLYSALBLK PPLUS -outputlayer RPPOLYM;
AND RPPOLYM NPLUS -outputlayer RPPOLYH1;
NOT RPPOLYH1 RPPOLYM -outputlayer RPPOLYH;
AND RNPOLYH PW1V2 -outputlayer RNPOLYHPW1V2;
AND RNPOLYH PW3V3 -outputlayer RNPOLYHPW3V3;
AND RNPOLYH NW1V2 -outputlayer RNPOLYHNW1V2;
AND RNPOLYH NW3V3 -outputlayer RNPOLYHNW3V3;
AND RNPOLYM PW1V2 -outputlayer RNPOLYMPW1V2;
AND RNPOLYM PW3V3 -outputlayer RNPOLYMPW3V3;
AND RNPOLYM NW1V2 -outputlayer RNPOLYMNW1V2;
AND RNPOLYM NW3V3 -outputlayer RNPOLYMNW3V3;
AND RPPOLYM PW1V2 -outputlayer RPPOLYMPW1V2;
AND RPPOLYM PW3V3 -outputlayer RPPOLYMPW3V3;
AND RPPOLYM NW1V2 -outputlayer RPPOLYMNW1V2;
AND RPPOLYM NW3V3 -outputlayer RPPOLYMNW3V3;
AND POLYG1 DIFF -outputlayer GATE;
AND GATE POLYDOPE -outputlayer DOPEDGATE;
AND DOPEDGATE NPLUS -outputlayer NGATE;
AND GATE PPLUS -outputlayer PGATE;
NOT POLYG1 NGATE -outputlayer _CPTMPL159;
AND POLYG1 PXL -outputlayer _CPTMPL160;
OR _CPTMPL159 _CPTMPL160 -outputlayer POLYG2;
NOT POLYG2 PGATE -outputlayer POLYG3;
AND NGATE NEXT1V2 -outputlayer _CPTMPL163;
AND _CPTMPL163 GOX1V2 -outputlayer NGATE1V2;
AND PGATE PEXT1V2 -outputlayer _CPTMPL165;
AND _CPTMPL165 GOX1V2 -outputlayer PGATE1V2;
AND NGATE NEXT3V3 -outputlayer NGATE3V3;
AND PGATE PEXT3V3 -outputlayer PGATE3V3;
COPY NGATE1V2 NGATE1V2HVT;
COPY PGATE1V2 PGATE1V2HVT;
NOT NGATE3V3 NLVT3V3 -outputlayer NGATE3V3RVT;
AND NGATE1V2HVT PW1V2 -outputlayer NMOS1V2HVT1;
AND PGATE1V2HVT NW1V2 -outputlayer PMOS1V2HVT1;
HOLES PW1V2 -outputlayer _CPTMPL198;
SELECT -inside ZVTmark _CPTMPL198 -outputlayer PW1V2ZVT;
OR PW1V2 PW1V2ZVT -outputlayer ALLPW1V2;
AND NGATE3V3 PW3V3 -outputlayer NMOS3V3RVT1;
AND PGATE3V3 NW3V3 -outputlayer PMOS3V3RVT1;
NOT NGATE3V3 TXFETmark -outputlayer _CPTMPL217;
AND _CPTMPL217 ARRAYPW -outputlayer _CPTMPL218;
AND _CPTMPL218 PXL -outputlayer NMOS3V3PIX;
OR PSN SNN -outputlayer _CPTMPL220;
SELECT -interact GATE _CPTMPL220 -outputlayer _CPTMPL221;
AND _CPTMPL221 TXFETmark -outputlayer NGATE3V3TX;
AND NGATE3V3TX TXFETmark -outputlayer NMOS3V3TX;
OR SNN PSN -outputlayer _CPTMPL224;
SELECT -interact DIFF _CPTMPL224 -outputlayer _CPTMPL225;
OR NDIFF _CPTMPL225 -outputlayer _CPTMPL226;
SELECT -interact _CPTMPL226 TXFETmark -outputlayer _CPTMPL227;
NOT _CPTMPL227 GATE -outputlayer _CPTMPL228;
NOT _CPTMPL228 ARRAYPW -outputlayer NDIFFTX;
AND NMOS1V2HVT1 CAPmark -outputlayer NCAP1V2HVT;
AND PMOS1V2HVT1 CAPmark -outputlayer PCAP1V2HVT;
AND NMOS3V3RVT1 CAPmark -outputlayer NCAP3V3RVT;
AND PMOS3V3RVT1 CAPmark -outputlayer PCAP3V3RVT;
NOT NMOS1V2HVT1 CAPmark -outputlayer NMOS1V2HVT;
NOT PMOS1V2HVT1 CAPmark -outputlayer PMOS1V2HVT;
NOT NMOS3V3RVT1 CAPmark -outputlayer NMOS3V3RVT;
NOT PMOS3V3RVT1 CAPmark -outputlayer PMOS3V3RVT;
AND DIFF VARmark -outputlayer VARMARKER;
AND NGATE1V2HVT NW1V2 -outputlayer _CPTMPL263;
SELECT -interact VARMark _CPTMPL263 -outputlayer NVAR1V2HVT;
AND NGATE3V3RVT NW3V3 -outputlayer _CPTMPL267;
SELECT -interact VARMark _CPTMPL267 -outputlayer NVAR3V3RVT;
NOT NDIFF1 NGATE -outputlayer _CPTMPL271;
NOT _CPTMPL271 MCEL -outputlayer NDIFF;
NOT PDIFF1 PGATE -outputlayer PDIFF;
AND NDIFF ALLNW -outputlayer NTAP;
NOT PDIFF ALLNW -outputlayer _CPTMPL275;
NOT _CPTMPL275 PSUBISO -outputlayer PTAP;
NOT PDIFF ALLNW -outputlayer _CPTMPL277;
AND _CPTMPL277 PSUBISO -outputlayer PTAPISO;
AND NDIFF DIOmark -outputlayer DNPPW;
AND DNPPW PW1V2 -outputlayer _CPTMPL280;
AND _CPTMPL280 NEXT1V2 -outputlayer _CPTMPL281;
SELECT -inside _CPTMPL281 GOX1V2 -outputlayer DNPPW1V2;
AND DNPPW PW3V3 -outputlayer _CPTMPL286;
AND _CPTMPL286 NEXT3V3 -outputlayer DNPPW3V3;
AND NDIFF ESDDIOmark -outputlayer DNPPWESD;
AND DNPPWESD PW1V2 -outputlayer _CPTMPL293;
AND _CPTMPL293 NEXT1V2 -outputlayer _CPTMPL294;
SELECT -inside _CPTMPL294 GOX1V2 -outputlayer DNPPW1V2ESD;
AND DNPPWESD PW3V3 -outputlayer _CPTMPL296;
AND _CPTMPL296 NEXT3V3 -outputlayer DNPPW3V3ESD;
AND PDIFF DIOmark -outputlayer DPPNW;
AND DPPNW NW1V2 -outputlayer _CPTMPL303;
AND _CPTMPL303 PEXT1V2 -outputlayer _CPTMPL304;
SELECT -inside _CPTMPL304 GOX1V2 -outputlayer DPPNW1V2;
AND DPPNW NW3V3 -outputlayer _CPTMPL309;
AND _CPTMPL309 PEXT3V3 -outputlayer DPPNW3V3;
AND PDIFF ESDDIOmark -outputlayer DPPNWESD;
AND DPPNWESD NW1V2 -outputlayer _CPTMPL316;
AND _CPTMPL316 PEXT1V2 -outputlayer _CPTMPL317;
AND _CPTMPL317 GOX1V2 -outputlayer DPPNW1V2ESD;
AND DPPNWESD NW3V3 -outputlayer _CPTMPL319;
AND _CPTMPL319 PEXT3V3 -outputlayer DPPNW3V3ESD;
AND DNW PSUB -outputlayer DDNWSUB;
AND PW1V2 DNW -outputlayer DPW1V2DNW;
AND PW3V3 DNW -outputlayer DPW3V3DNW;
AND NDIFFTX DIOmark -outputlayer _CPTMPL328;
AND PSN PSP -outputlayer _CPTMPL329;
SELECT -interact _CPTMPL328 _CPTMPL329 -outputlayer DPV;
HOLES PDIFF -inner -outputlayer PNP01;
SELECT -enclose PNP01 PDIFF -eq 1 -outputlayer PNP02;
HOLES NDIFF -empty -outputlayer _CPTMPL333;
HOLES NDIFF -inner -empty -outputlayer _CPTMPL334;
OR _CPTMPL333 _CPTMPL334 -outputlayer PNP03;
SELECT -enclose PNP03 PDIFF -eq 1 -outputlayer PNP04;
SELECT -enclose PNP02 PNP04 -outputlayer PNP05;
AND PNP05 BJTmark -outputlayer PNP06;
SELECT -inside PNP06 GOX1V2 -outputlayer PNP07;
AND NDIFF NW1V2 -outputlayer PNPBASE1;
AND PNPBASE1 BJTmark -outputlayer PNPBASE;
AND PDIFF NW1V2 -outputlayer PNPEMIT1;
AND PNPEMIT1 BJTmark -outputlayer PNPEMIT2;
AND PNPEMIT2 PEXT1V2 -outputlayer PNPEMIT;
NOT PNPEMIT SALBLK -outputlayer PNPEMIT5UX5U;
RECT_CHK PNPEMIT5UX5U -eq 5 -by "eq" 5 -outputlayer PNP5UX5U01;
SELECT -enclose PNP07 PNP5UX5U01 -outputlayer PNP5UX5U;
SIZE SALBLK -by 0.38 -overunder -outputlayer PNPSALBLK;
SELECT -inside PNPEMIT PNPSALBLK -outputlayer PNPEMIT10UX2U5;
RECT_CHK PNPEMIT10UX2U5 -eq 10 -by "eq" 2.5 -outputlayer PNP10UX2U501;
SELECT -enclose PNP07 PNP10UX2U501 -outputlayer PNP10UX2U5;
OR MIMS MIMS2 -outputlayer _CPTMPL352;
OR _CPTMPL352 MIMS7 -outputlayer _CPTMPL353;
AND VIAF _CPTMPL353 -outputlayer VIAM;
OR MIMS MIMS2 -outputlayer _CPTMPL355;
OR _CPTMPL355 MIMS7 -outputlayer _CPTMPL356;
NOT VIAF _CPTMPL356 -outputlayer VIAF2;
AND MIMS MIMmark -outputlayer _CPTMPL358;
SELECT -interact _CPTMPL358 VIAM -outputlayer CMIMS;
AND MIMS2 MIMmark -outputlayer _CPTMPL360;
SELECT -interact _CPTMPL360 VIAM -outputlayer CMIMS2;
AND MIMS7 MIMmark -outputlayer _CPTMPL362;
SELECT -interact _CPTMPL362 VIAM -outputlayer CMIMS7;
NOT CONT POLYG -outputlayer DIFFCONT;
NOT CONT DIFFCONT -outputlayer POLYCONT1;
NOT DIFFCONT PDIFF -outputlayer NDIFFCONT;
NOT DIFFCONT NDIFF -outputlayer PDIFFCONT;
AND DIFFCONT NDIFFTX -outputlayer _CPTMPL368;
NOT _CPTMPL368 GATE -outputlayer NDIFFCONTTX;
COPY POLYCONT1 -outputlayer POLYCONT;
CONNECT POLYG3 METAL1a -by POLYCONT;
CONNECT NDIFF METAL1a PNPBASE -by NDIFFCONT;
CONNECT PDIFF METAL1a PNPEMIT5UX5U PNPEMIT10UX2U5 -by PDIFFCONT;
CONNECT NDIFFTX METAL1a -by NDIFFCONTTX;
CONNECT PNPBASE METAL1a -by NDIFFCONT;
CONNECT PNPEMIT5UX5U METAL1a -by PDIFFCONT;
CONNECT PNPEMIT10UX2U5 METAL1a -by PDIFFCONT;
SCONNECT PNPBASE NTAP -by NDIFFCONT;
SCONNECT PNPEMIT5UX5U PTAP -by PDIFFCONT;
SCONNECT PNPEMIT5UX5U PTAPISO -by PDIFFCONT;
SCONNECT NDIFF NTAP -by NDIFFCONT;
SCONNECT PDIFF PTAP -by PDIFFCONT;
SCONNECT PDIFF PTAPISO -by PDIFFCONT;
SCONNECT NTAP NW1V2;
SCONNECT PTAP PW1V2;
SCONNECT PTAPISO PW1V2;
SCONNECT NTAP NW3V3;
SCONNECT PTAP PW3V3;
SCONNECT PTAPISO PW3V3;
SCONNECT PTAP ARRAYPW;
SCONNECT PTAP PSUB;
SCONNECT PTAPISO PSUBISO;
CONNECT NGATE POLYG3;
CONNECT PGATE POLYG3;
CONNECT NGATE3V3TX POLYG3;
SCONNECT NW1V2 DNW;
SCONNECT NW3V3 DNW;
LVS_SOFTCHK NW1V2 -type UPPER;
LVS_SOFTCHK NW3V3 -type UPPER;
LVS_SOFTCHK PW1V2 -type UPPER;
LVS_SOFTCHK PW3V3 -type UPPER;
LVS_SOFTCHK ARRAYPW -type UPPER;
LVS_SOFTCHK PSUB -type UPPER;
LVS_SOFTCHK PSUBISO -type UPPER;

RULE FLOATING_PWELL {
    OR PTAP PTAPISO -outputlayer _CPTMPL371;
    SELECT -interact PW3V3 _CPTMPL371 -not;
}

RULE FLOATING_PWELL2 {
    OR PTAP PTAPISO -outputlayer _CPTMPL372;
    SELECT -interact ARRAYPW _CPTMPL372 -not;
}

RULE FLOATING_NWELL {
    OR NW1V2 NW3V3 -outputlayer _CPTMPL373;
    SELECT -interact _CPTMPL373 NTAP -not;
}

RULE FLOATING_PSUB {
    SELECT -interact PSUB PTAP -not;
}

RULE FLOATING_PSUBISO {
    SELECT -interact PSUBISO PTAPISO -not;
}

RULE FLOATING_DNW {
    OR NW1V2 NW3V3 -outputlayer _CPTMPL374;
    SELECT -interact DNW _CPTMPL374 -not;
}
LVS_RUN_ERC_CHECKS YES;
[WARN]: LVS_RUN_ERC_CHECKS at line 404 in file /opt/pdk/lf11/PDK_LF11ISi_V1_3_2/pv/pvs/common/./lvs/pvs.lvs is skipped. It is set in control file.
RESULTS_DB -erc "ercdb";
[WARN]: RESULTS_DB -ascii at line 405 in file /opt/pdk/lf11/PDK_LF11ISi_V1_3_2/pv/pvs/common/./lvs/pvs.lvs is skipped. It is set in control file.
SELECT_CHECK -erc FLOATING_PWELL FLOATING_NWELL FLOATING_PSUB FLOATING_PSUBISO FLOATING_DNW;
variable lvs_tolerance_MOS 1;
variable lvs_tolerance_MOSCAP 1;
variable lvs_tolerance_CMIMS 1;
variable lvs_tolerance_CF 0.1;
variable lvs_tolerance_POLYRES 1;
variable lvs_tolerance_MRES 1;
variable lvs_tolerance_DIO 1;
variable lvs_tolerance_BJT 1;
variable lvs_tolerance_MOSVAR 1;
DEVICE MN ( nmos1v2hvt ) NMOS1V2HVT NGATE ( G ) NDIFF ( S ) NDIFF ( D ) PW1V2 ( B ) -model nmos1v2hvt [ 
 property W , L , AS , AD , PS , PD , M 
 W = ( PERIMETER_COINCIDE ( NGATE , NDIFF ) / 2 ) 
 L = ( ( PERIMETER ( NGATE ) - PERIMETER_COINCIDE ( NGATE , NDIFF ) ) / 2 ) 
 AS = area ( S ) 
 AD = area ( D ) 
 PS = PERIMETER_OUTSIDE ( S , G ) 
 PD = PERIMETER_OUTSIDE ( D , G ) 
 M = 1 
 ];
LVS_CHECK_PROPERTY MN ( nmos1v2hvt ) W W -tolerance lvs_tolerance_MOS;
LVS_CHECK_PROPERTY MN ( nmos1v2hvt ) L L -tolerance lvs_tolerance_MOS;
DEVICE MN ( nmos3v3rvt ) NMOS3V3RVT NGATE ( G ) NDIFF ( S ) NDIFF ( D ) PW3V3 ( B ) -model nmos3v3rvt [ 
 property W , L , AS , AD , PS , PD , M 
 W = ( PERIMETER_COINCIDE ( NGATE , NDIFF ) / 2 ) 
 L = ( ( PERIMETER ( NGATE ) - PERIMETER_COINCIDE ( NGATE , NDIFF ) ) / 2 ) 
 AS = area ( S ) 
 AD = area ( D ) 
 PS = PERIMETER_OUTSIDE ( S , G ) 
 PD = PERIMETER_OUTSIDE ( D , G ) 
 M = 1 
 ];
LVS_CHECK_PROPERTY MN ( nmos3v3rvt ) W W -tolerance lvs_tolerance_MOS;
LVS_CHECK_PROPERTY MN ( nmos3v3rvt ) L L -tolerance lvs_tolerance_MOS;
DEVICE MN ( nmos3v3pix ) NMOS3V3PIX NGATE ( G ) NDIFF ( S ) NDIFF ( D ) ARRAYPW ( B ) -model nmos3v3pix [ 
 property W , L , AS , AD , PS , PD , M 
 W = ( PERIMETER_COINCIDE ( NGATE , NDIFF ) / 2 ) 
 L = ( ( PERIMETER ( NGATE ) - PERIMETER_COINCIDE ( NGATE , NDIFF ) ) / 2 ) 
 AS = area ( S ) 
 AD = area ( D ) 
 PS = PERIMETER_OUTSIDE ( S , G ) 
 PD = PERIMETER_OUTSIDE ( D , G ) 
 M = 1 
 ];
LVS_CHECK_PROPERTY MN ( nmos3v3pix ) W W -tolerance lvs_tolerance_MOS;
LVS_CHECK_PROPERTY MN ( nmos3v3pix ) L L -tolerance lvs_tolerance_MOS;
DEVICE nmos3v3tx NMOS3V3TX NGATE3V3TX ( G ) NDIFF ( D ) NDIFFTX ( S ) -model nmos3v3pix;
DEVICE MP ( pmos1v2hvt ) PMOS1V2HVT PGATE ( G ) PDIFF ( S ) PDIFF ( D ) NW1V2 ( B ) -model pmos1v2hvt [ 
 property W , L , AS , AD , PS , PD , M 
 W = ( PERIMETER_COINCIDE ( PGATE , PDIFF ) / 2 ) 
 L = ( ( PERIMETER ( PGATE ) - PERIMETER_COINCIDE ( PGATE , PDIFF ) ) / 2 ) 
 AS = area ( S ) 
 AD = area ( D ) 
 PS = PERIMETER_OUTSIDE ( S , G ) 
 PD = PERIMETER_OUTSIDE ( D , G ) 
 M = 1 
 ];
LVS_CHECK_PROPERTY MP ( pmos1v2hvt ) W W -tolerance lvs_tolerance_MOS;
LVS_CHECK_PROPERTY MP ( pmos1v2hvt ) L L -tolerance lvs_tolerance_MOS;
DEVICE MP ( pmos3v3rvt ) PMOS3V3RVT PGATE ( G ) PDIFF ( S ) PDIFF ( D ) NW3V3 ( B ) -model pmos3v3rvt [ 
 property W , L , AS , AD , PS , PD , M 
 W = ( PERIMETER_COINCIDE ( PGATE , PDIFF ) / 2 ) 
 L = ( ( PERIMETER ( PGATE ) - PERIMETER_COINCIDE ( PGATE , PDIFF ) ) / 2 ) 
 AS = area ( S ) 
 AD = area ( D ) 
 PS = PERIMETER_OUTSIDE ( S , G ) 
 PD = PERIMETER_OUTSIDE ( D , G ) 
 M = 1 
 ];
LVS_CHECK_PROPERTY MP ( pmos3v3rvt ) W W -tolerance lvs_tolerance_MOS;
LVS_CHECK_PROPERTY MP ( pmos3v3rvt ) L L -tolerance lvs_tolerance_MOS;
DEVICE ncap1v2hvt NCAP1V2HVT NGATE ( PLUS ) NDIFF ( MINUS ) PW1V2 ( B ) -model ncap1v2hvt -element X [ 
 property C , W , L , AS , AD , PS , PD , M 
 C = area ( NGATE ) * CA_NCAP1V2HVT 
 W = ( PERIMETER_COINCIDE ( NGATE , NDIFF ) / 2 ) 
 L = ( ( PERIMETER ( NGATE ) - PERIMETER_COINCIDE ( NGATE , NDIFF ) ) / 2 ) 
 AS = area ( NDIFF ) / 2 
 AD = area ( NDIFF ) / 2 
 PS = PERIMETER ( NDIFF ) / 2 
 PD = PERIMETER ( NDIFF ) / 2 
 M = 1 
 ];
LVS_CHECK_PROPERTY ncap1v2hvt W W -tolerance lvs_tolerance_MOSCAP;
LVS_CHECK_PROPERTY ncap1v2hvt L L -tolerance lvs_tolerance_MOSCAP;
DEVICE ncap3v3rvt NCAP3V3RVT NGATE ( PLUS ) NDIFF ( MINUS ) PW3V3 ( B ) -model ncap3v3rvt -element X [ 
 property C , W , L , AS , AD , PS , PD , M 
 C = area ( NGATE ) * CA_NCAP3V3RVT 
 W = ( PERIMETER_COINCIDE ( NGATE , NDIFF ) / 2 ) 
 L = ( ( PERIMETER ( NGATE ) - PERIMETER_COINCIDE ( NGATE , NDIFF ) ) / 2 ) 
 AS = area ( NDIFF ) / 2 
 AD = area ( NDIFF ) / 2 
 PS = PERIMETER ( NDIFF ) / 2 
 PD = PERIMETER ( NDIFF ) / 2 
 M = 1 
 ];
DEVICE ncap3v3rvt NCAP3V3RVT NGATE ( PLUS ) NDIFF ( MINUS ) ARRAYPW ( B ) -model ncap3v3rvt -element X [ 
 property C , W , L , AS , AD , PS , PD , M 
 C = area ( NGATE ) * CA_NCAP3V3RVT 
 W = ( PERIMETER_COINCIDE ( NGATE , NDIFF ) / 2 ) 
 L = ( ( PERIMETER ( NGATE ) - PERIMETER_COINCIDE ( NGATE , NDIFF ) ) / 2 ) 
 AS = area ( NDIFF ) / 2 
 AD = area ( NDIFF ) / 2 
 PS = PERIMETER ( NDIFF ) / 2 
 PD = PERIMETER ( NDIFF ) / 2 
 M = 1 
 ];
LVS_CHECK_PROPERTY ncap3v3rvt W W -tolerance lvs_tolerance_MOSCAP;
LVS_CHECK_PROPERTY ncap3v3rvt L L -tolerance lvs_tolerance_MOSCAP;
DEVICE pcap1v2hvt PCAP1V2HVT PDIFF ( PLUS ) PGATE ( MINUS ) NW1V2 ( B ) -model pcap1v2hvt -element X [ 
 property C , W , L , AS , AD , PS , PD , M 
 C = area ( PGATE ) * CA_PCAP1V2HVT 
 W = ( PERIMETER_COINCIDE ( PGATE , PDIFF ) / 2 ) 
 L = ( ( PERIMETER ( PGATE ) - PERIMETER_COINCIDE ( PGATE , PDIFF ) ) / 2 ) 
 AS = area ( PDIFF ) / 2 
 AD = area ( PDIFF ) / 2 
 PS = PERIMETER ( PDIFF ) / 2 
 PD = PERIMETER ( PDIFF ) / 2 
 M = 1 
 ];
LVS_CHECK_PROPERTY pcap1v2hvt W W -tolerance lvs_tolerance_MOSCAP;
LVS_CHECK_PROPERTY pcap1v2hvt L L -tolerance lvs_tolerance_MOSCAP;
DEVICE pcap3v3rvt PCAP3V3RVT PDIFF ( PLUS ) PGATE ( MINUS ) NW3V3 ( B ) -model pcap3v3rvt -element X [ 
 property C , W , L , AS , AD , PS , PD , M 
 C = area ( PGATE ) * CA_PCAP3V3RVT 
 W = ( PERIMETER_COINCIDE ( PGATE , PDIFF ) / 2 ) 
 L = ( ( PERIMETER ( PGATE ) - PERIMETER_COINCIDE ( PGATE , PDIFF ) ) / 2 ) 
 AS = area ( PDIFF ) / 2 
 AD = area ( PDIFF ) / 2 
 PS = PERIMETER ( PDIFF ) / 2 
 PD = PERIMETER ( PDIFF ) / 2 
 M = 1 
 ];
LVS_CHECK_PROPERTY pcap3v3rvt W W -tolerance lvs_tolerance_MOSCAP;
LVS_CHECK_PROPERTY pcap3v3rvt L L -tolerance lvs_tolerance_MOSCAP;
DEVICE R ( rnpolym ) RNPOLYMNW1V2 POLYG3 ( POS ) POLYG3 ( NEG ) NW1V2 ( SUB ) ( POS NEG ) -model rnpolym [ 
 property R , W , L 
 W = ( PERIMETER_COINCIDE ( RNPOLYMNW1V2 , POLYG3 ) / 2 ) 
 L = ( area ( RNPOLYMNW1V2 ) ) / W 
 R = ( RSH_RNPOLYM * ( L - DL_RNPOLYM ) + 2 * RHEAD_RNPOLYM ) / ( W - DW_RNPOLYM ) 
 M = 1 
 ];
DEVICE R ( rnpolym ) RNPOLYMPW1V2 POLYG3 ( POS ) POLYG3 ( NEG ) PW1V2 ( SUB ) ( POS NEG ) -model rnpolym [ 
 property R , W , L 
 W = ( PERIMETER_COINCIDE ( RNPOLYMPW1V2 , POLYG3 ) / 2 ) 
 L = ( area ( RNPOLYMPW1V2 ) ) / W 
 R = ( RSH_RNPOLYM * ( L - DL_RNPOLYM ) + 2 * RHEAD_RNPOLYM ) / ( W - DW_RNPOLYM ) 
 M = 1 
 ];
DEVICE R ( rnpolym ) RNPOLYMNW3V3 POLYG3 ( POS ) POLYG3 ( NEG ) NW3V3 ( SUB ) ( POS NEG ) -model rnpolym [ 
 property R , W , L 
 W = ( PERIMETER_COINCIDE ( RNPOLYMNW3V3 , POLYG3 ) / 2 ) 
 L = ( area ( RNPOLYMNW3V3 ) ) / W 
 R = ( RSH_RNPOLYM * ( L - DL_RNPOLYM ) + 2 * RHEAD_RNPOLYM ) / ( W - DW_RNPOLYM ) 
 M = 1 
 ];
DEVICE R ( rnpolym ) RNPOLYMPW3V3 POLYG3 ( POS ) POLYG3 ( NEG ) PW3V3 ( SUB ) ( POS NEG ) -model rnpolym [ 
 property R , W , L 
 W = ( PERIMETER_COINCIDE ( RNPOLYMPW3V3 , POLYG3 ) / 2 ) 
 L = ( area ( RNPOLYMPW3V3 ) ) / W 
 R = ( RSH_RNPOLYM * ( L - DL_RNPOLYM ) + 2 * RHEAD_RNPOLYM ) / ( W - DW_RNPOLYM ) 
 M = 1 
 ];
LVS_CHECK_PROPERTY R ( rnpolym ) L L -tolerance lvs_tolerance_POLYRES;
LVS_CHECK_PROPERTY R ( rnpolym ) W W -tolerance lvs_tolerance_POLYRES;
DEVICE R ( rnpolyh ) RNPOLYHNW1V2 POLYG3 ( POS ) POLYG3 ( NEG ) NW1V2 ( SUB ) ( POS NEG ) -model rnpolyh [ 
 property R , W , L 
 W = ( PERIMETER_COINCIDE ( RNPOLYHNW1V2 , POLYG3 ) / 2 ) 
 L = ( area ( RNPOLYHNW1V2 ) ) / W 
 R = ( RSH_RNPOLYH * ( L - DL_RNPOLYH ) + 2 * RHEAD_RNPOLYH ) / ( W - DW_RNPOLYH ) 
 M = 1 
 ];
DEVICE R ( rnpolyh ) RNPOLYHPW1V2 POLYG3 ( POS ) POLYG3 ( NEG ) PW1V2 ( SUB ) ( POS NEG ) -model rnpolyh [ 
 property R , W , L 
 W = ( PERIMETER_COINCIDE ( RNPOLYHPW1V2 , POLYG3 ) / 2 ) 
 L = ( area ( RNPOLYHPW1V2 ) ) / W 
 R = ( RSH_RNPOLYH * ( L - DL_RNPOLYH ) + 2 * RHEAD_RNPOLYH ) / ( W - DW_RNPOLYH ) 
 M = 1 
 ];
DEVICE R ( rnpolyh ) RNPOLYHNW3V3 POLYG3 ( POS ) POLYG3 ( NEG ) NW3V3 ( SUB ) ( POS NEG ) -model rnpolyh [ 
 property R , W , L 
 W = ( PERIMETER_COINCIDE ( RNPOLYHNW3V3 , POLYG3 ) / 2 ) 
 L = ( area ( RNPOLYHNW3V3 ) ) / W 
 R = ( RSH_RNPOLYH * ( L - DL_RNPOLYH ) + 2 * RHEAD_RNPOLYH ) / ( W - DW_RNPOLYH ) 
 M = 1 
 ];
DEVICE R ( rnpolyh ) RNPOLYHPW3V3 POLYG3 ( POS ) POLYG3 ( NEG ) PW3V3 ( SUB ) ( POS NEG ) -model rnpolyh [ 
 property R , W , L 
 W = ( PERIMETER_COINCIDE ( RNPOLYHPW3V3 , POLYG3 ) / 2 ) 
 L = ( area ( RNPOLYHPW3V3 ) ) / W 
 R = ( RSH_RNPOLYH * ( L - DL_RNPOLYH ) + 2 * RHEAD_RNPOLYH ) / ( W - DW_RNPOLYH ) 
 M = 1 
 ];
LVS_CHECK_PROPERTY R ( rnpolyh ) L L -tolerance lvs_tolerance_POLYRES;
LVS_CHECK_PROPERTY R ( rnpolyh ) W W -tolerance lvs_tolerance_POLYRES;
DEVICE R ( rppolym ) RPPOLYMNW1V2 POLYG3 ( POS ) POLYG3 ( NEG ) NW1V2 ( SUB ) ( POS NEG ) -model rppolym [ 
 property R , W , L 
 W = ( PERIMETER_COINCIDE ( RPPOLYMNW1V2 , POLYG3 ) / 2 ) 
 L = ( area ( RPPOLYMNW1V2 ) ) / W 
 R = ( RSH_RPPOLYM * ( L - DL_RPPOLYM ) + 2 * RHEAD_RPPOLYM ) / ( W - DW_RPPOLYM ) 
 M = 1 
 ];
DEVICE R ( rppolym ) RPPOLYMPW1V2 POLYG3 ( POS ) POLYG3 ( NEG ) PW1V2 ( SUB ) ( POS NEG ) -model rppolym [ 
 property R , W , L 
 W = ( PERIMETER_COINCIDE ( RPPOLYMPW1V2 , POLYG3 ) / 2 ) 
 L = ( area ( RPPOLYMPW1V2 ) ) / W 
 R = ( RSH_RPPOLYM * ( L - DL_RPPOLYM ) + 2 * RHEAD_RPPOLYM ) / ( W - DW_RPPOLYM ) 
 M = 1 
 ];
DEVICE R ( rppolym ) RPPOLYMNW3V3 POLYG3 ( POS ) POLYG3 ( NEG ) NW3V3 ( SUB ) ( POS NEG ) -model rppolym [ 
 property R , W , L 
 W = ( PERIMETER_COINCIDE ( RPPOLYMNW3V3 , POLYG3 ) / 2 ) 
 L = ( area ( RPPOLYMNW3V3 ) ) / W 
 R = ( RSH_RPPOLYM * ( L - DL_RPPOLYM ) + 2 * RHEAD_RPPOLYM ) / ( W - DW_RPPOLYM ) 
 M = 1 
 ];
DEVICE R ( rppolym ) RPPOLYMPW3V3 POLYG3 ( POS ) POLYG3 ( NEG ) PW3V3 ( SUB ) ( POS NEG ) -model rppolym [ 
 property R , W , L 
 W = ( PERIMETER_COINCIDE ( RPPOLYMPW3V3 , POLYG3 ) / 2 ) 
 L = ( area ( RPPOLYMPW3V3 ) ) / W 
 R = ( RSH_RPPOLYM * ( L - DL_RPPOLYM ) + 2 * RHEAD_RPPOLYM ) / ( W - DW_RPPOLYM ) 
 M = 1 
 ];
LVS_CHECK_PROPERTY R ( rppolym ) L L -tolerance lvs_tolerance_POLYRES;
LVS_CHECK_PROPERTY R ( rppolym ) W W -tolerance lvs_tolerance_POLYRES;
DEVICE D ( dnppw1v2 ) DNPPW1V2 PW1V2 ( POS ) NDIFF ( NEG ) -model dnppw1v2 [ 
 property A , P 
 A = area ( DNPPW1V2 ) 
 P = PERIMETER ( DNPPW1V2 ) 
 ];
LVS_CHECK_PROPERTY D ( dnppw1v2 ) A A -tolerance lvs_tolerance_DIO;
LVS_CHECK_PROPERTY D ( dnppw1v2 ) P P -tolerance lvs_tolerance_DIO;
DEVICE D ( dnppw1v2esd ) DNPPW1V2ESD PW1V2 ( POS ) NDIFF ( NEG ) -model dnppw1v2 [ 
 property A , P 
 A = area ( DNPPW1V2ESD ) 
 P = PERIMETER ( DNPPW1V2ESD ) 
 ];
LVS_CHECK_PROPERTY D ( dnppw1v2esd ) A A -tolerance lvs_tolerance_DIO;
LVS_CHECK_PROPERTY D ( dnppw1v2esd ) P P -tolerance lvs_tolerance_DIO;
DEVICE D ( dnppw3v3 ) DNPPW3V3 PW3V3 ( POS ) NDIFF ( NEG ) -model dnppw3v3 [ 
 property A , P 
 A = area ( DNPPW3V3 ) 
 P = PERIMETER ( DNPPW3V3 ) 
 ];
LVS_CHECK_PROPERTY D ( dnppw3v3 ) A A -tolerance lvs_tolerance_DIO;
LVS_CHECK_PROPERTY D ( dnppw3v3 ) P P -tolerance lvs_tolerance_DIO;
DEVICE D ( dnppw3v3esd ) DNPPW3V3ESD PW3V3 ( POS ) NDIFF ( NEG ) -model dnppw3v3 [ 
 property A , P 
 A = area ( DNPPW3V3ESD ) 
 P = PERIMETER ( DNPPW3V3ESD ) 
 ];
LVS_CHECK_PROPERTY D ( dnppw3v3esd ) A A -tolerance lvs_tolerance_DIO;
LVS_CHECK_PROPERTY D ( dnppw3v3esd ) P P -tolerance lvs_tolerance_DIO;
DEVICE D ( dppnw1v2 ) DPPNW1V2 PDIFF ( POS ) NW1V2 ( NEG ) -model dppnw1v2 [ 
 property A , P 
 A = area ( DPPNW1V2 ) 
 P = PERIMETER ( DPPNW1V2 ) 
 ];
LVS_CHECK_PROPERTY D ( dppnw1v2 ) A A -tolerance lvs_tolerance_DIO;
LVS_CHECK_PROPERTY D ( dppnw1v2 ) P P -tolerance lvs_tolerance_DIO;
DEVICE D ( dppnw1v2esd ) DPPNW1V2ESD PDIFF ( POS ) NW1V2 ( NEG ) -model dppnw1v2 [ 
 property A , P 
 A = area ( DPPNW1V2ESD ) 
 P = PERIMETER ( DPPNW1V2ESD ) 
 ];
LVS_CHECK_PROPERTY D ( dppnw1v2esd ) A A -tolerance lvs_tolerance_DIO;
LVS_CHECK_PROPERTY D ( dppnw1v2esd ) P P -tolerance lvs_tolerance_DIO;
DEVICE D ( dppnw3v3 ) DPPNW3V3 PDIFF ( POS ) NW3V3 ( NEG ) -model dppnw3v3 [ 
 property A , P 
 A = area ( DPPNW3V3 ) 
 P = PERIMETER ( DPPNW3V3 ) 
 ];
LVS_CHECK_PROPERTY D ( dppnw3v3 ) A A -tolerance lvs_tolerance_DIO;
LVS_CHECK_PROPERTY D ( dppnw3v3 ) P P -tolerance lvs_tolerance_DIO;
DEVICE D ( dppnw3v3esd ) DPPNW3V3ESD PDIFF ( POS ) NW3V3 ( NEG ) -model dppnw3v3 [ 
 property A , P 
 A = area ( DPPNW3V3ESD ) 
 P = PERIMETER ( DPPNW3V3ESD ) 
 ];
LVS_CHECK_PROPERTY D ( dppnw3v3esd ) A A -tolerance lvs_tolerance_DIO;
LVS_CHECK_PROPERTY D ( dppnw3v3esd ) P P -tolerance lvs_tolerance_DIO;
DEVICE D ( ddnwsub ) DDNWSUB PSUB ( POS ) DNW ( NEG ) -model ddnwsub [ 
 property A , P 
 A = area ( DDNWSUB ) 
 P = PERIMETER ( DDNWSUB ) 
 ];
LVS_CHECK_PROPERTY D ( ddnwsub ) A A -tolerance lvs_tolerance_DIO;
LVS_CHECK_PROPERTY D ( ddnwsub ) P P -tolerance lvs_tolerance_DIO;
DEVICE D ( dpw1v2dnw ) DPW1V2DNW PW1V2 ( POS ) DNW ( NEG ) -model dpw1v2dnw [ 
 property A , P 
 A = area ( DPW1V2DNW ) 
 P = PERIMETER ( DPW1V2DNW ) 
 ];
LVS_CHECK_PROPERTY D ( dpw1v2dnw ) A A -tolerance lvs_tolerance_DIO;
LVS_CHECK_PROPERTY D ( dpw1v2dnw ) P P -tolerance lvs_tolerance_DIO;
DEVICE D ( dpw3v3dnw ) DPW3V3DNW PW3V3 ( POS ) DNW ( NEG ) -model dpw3v3dnw [ 
 property A , P 
 A = area ( DPW3V3DNW ) 
 P = PERIMETER ( DPW3V3DNW ) 
 ];
LVS_CHECK_PROPERTY D ( dpw3v3dnw ) A A -tolerance lvs_tolerance_DIO;
LVS_CHECK_PROPERTY D ( dpw3v3dnw ) P P -tolerance lvs_tolerance_DIO;
DEVICE dpv DPV PSUB ( PLUS ) NDIFFTX ( MINUS ) -model dpv;
DEVICE Q ( pnp5ux5u ) PNP5UX5U PW1V2 ( C ) PNPBASE ( B ) PNPEMIT5UX5U ( E ) -model pnp5ux5u [ 
 property AE , M 
 AE = 2.5e-11 
 M = 1 
 ];
LVS_CHECK_PROPERTY Q ( pnp5ux5u ) AE AE -tolerance lvs_tolerance_BJT;
NOT NVAR1V2HVT DNW -outputlayer NVAR1V2HVTNOISO;
AND NVAR1V2HVT DNW -outputlayer NVAR1V2HVTISO;
DEVICE nvar1v2hvt NVAR1V2HVTNOISO NGATE ( PLUS ) NTAP ( MINUS ) PSUB ( B ) -model nvar1v2hvt -element X < VARMARKER > [ 
 property WF , LF , NF , NG , M 
 NG = COUNT ( VARMARKER ) 
 NF = COUNT ( NGATE ) / NG 
 WF = ( PERIMETER_COINCIDE ( NGATE , NTAP ) / 2 ) / ( NF * NG ) 
 LF = ( ( PERIMETER ( NGATE ) - PERIMETER_COINCIDE ( NGATE , NTAP ) ) / 2 ) / ( NF * NG ) 
 M = 1 
 ];
DEVICE nvar1v2hvt NVAR1V2HVTISO NGATE ( PLUS ) NTAP ( MINUS ) PSUBISO ( B ) -model nvar1v2hvt -element X < VARMARKER > [ 
 property WF , LF , NF , NG , M 
 NG = COUNT ( VARMARKER ) 
 NF = COUNT ( NGATE ) / NG 
 WF = ( PERIMETER_COINCIDE ( NGATE , NTAP ) / 2 ) / ( NF * NG ) 
 LF = ( ( PERIMETER ( NGATE ) - PERIMETER_COINCIDE ( NGATE , NTAP ) ) / 2 ) / ( NF * NG ) 
 M = 1 
 ];
LVS_CHECK_PROPERTY nvar1v2hvt wf wf -tolerance lvs_tolerance_MOSVAR;
LVS_CHECK_PROPERTY nvar1v2hvt lf lf -tolerance lvs_tolerance_MOSVAR;
LVS_CHECK_PROPERTY nvar1v2hvt nf nf -tolerance 0;
LVS_CHECK_PROPERTY nvar1v2hvt ng ng -tolerance 0;
LVS_CHECK_PROPERTY nvar1v2hvt m m -tolerance 0;
NOT NVAR3V3RVT DNW -outputlayer NVAR3V3RVTNOISO;
AND NVAR3V3RVT DNW -outputlayer NVAR3V3RVTISO;
DEVICE nvar3v3rvt NVAR3V3RVTNOISO NGATE ( PLUS ) NTAP ( MINUS ) PSUB ( B ) -model nvar3v3rvt -element X < VARMARKER > [ 
 property WF , LF , NF , NG , M 
 NG = COUNT ( VARMARKER ) 
 NF = COUNT ( NGATE ) / NG 
 WF = ( PERIMETER_COINCIDE ( NGATE , NTAP ) / 2 ) / ( NF * NG ) 
 LF = ( ( PERIMETER ( NGATE ) - PERIMETER_COINCIDE ( NGATE , NTAP ) ) / 2 ) / ( NF * NG ) 
 M = 1 
 ];
DEVICE nvar3v3rvt NVAR3V3RVTISO NGATE ( PLUS ) NTAP ( MINUS ) PSUBISO ( B ) -model nvar3v3rvt -element X < VARMARKER > [ 
 property WF , LF , NF , NG , M 
 NG = COUNT ( VARMARKER ) 
 NF = COUNT ( NGATE ) / NG 
 WF = ( PERIMETER_COINCIDE ( NGATE , NTAP ) / 2 ) / ( NF * NG ) 
 LF = ( ( PERIMETER ( NGATE ) - PERIMETER_COINCIDE ( NGATE , NTAP ) ) / 2 ) / ( NF * NG ) 
 M = 1 
 ];
LVS_CHECK_PROPERTY nvar3v3rvt wf wf -tolerance lvs_tolerance_MOSVAR;
LVS_CHECK_PROPERTY nvar3v3rvt lf lf -tolerance lvs_tolerance_MOSVAR;
LVS_CHECK_PROPERTY nvar3v3rvt nf nf -tolerance 0;
LVS_CHECK_PROPERTY nvar3v3rvt ng ng -tolerance 0;
LVS_CHECK_PROPERTY nvar3v3rvt m m -tolerance 0;
AND PROBEmark METALF -outputlayer PROBE_REC;
DEVICE probe PROBE_REC METALFa ( PROBEIN ) -model probe -element X < PROBEmark > [ 
 property A 
 A = area ( PROBE_REC ) 
 ];
LVS_CHECK_PROPERTY probe A A -tolerance 0;

########################################################################
checkout license ...
########################################################################
This mode requires 1 primary license.
Checking out SoftShare license Phys_Ver_Sys_LVS_XL 24.1 Qty: 1 ... failed.

ERROR (LMF-03005): License call failed for feature Phys_Ver_Sys_LVS_XL, version 24.100 and quantity 1. The license server search path is defined as 3000@lic08.ug.kth.se:29000@lic06.ug.kth.se. The FLEXnet error message is as follows,
    FLEXnet ERROR(-5, 0, 0): No such feature exists.

Run 'lic_error LMF-03005' for more information.
Unable to queue for a license on the license server.
License checkout failed.

########################################################################
checkout Pegasus license ...
########################################################################
Checking out SoftShare license Pegasus_LVS 24.1 Qty: 1 ... succeeded (1s).
Checking out SoftShare license Pegasus_16nm 24.1 Qty: 1 ... succeeded (1s).




########################################################################
Optimizing Rules ...
########################################################################
[WARN] Neither hcell nor -automatch option is specified.
Layer 'PROBEmark' and 'SCL' have the same mask number 11720.
Layer 'BSMET_pin_txt' and 'BSMETpin' have the same mask number 11822.
Operation 'SELECT -label' at line 31 in file /opt/pdk/lf11/PDK_LF11ISi_V1_3_2/pv/pvs/6metal/lvs/metal_booleans.lvs is not selected for executing, remove it.
Operation 'AND' at line 32 in file /opt/pdk/lf11/PDK_LF11ISi_V1_3_2/pv/pvs/6metal/lvs/metal_booleans.lvs is not selected for executing, remove it.
Operation 'AND' at line 33 in file /opt/pdk/lf11/PDK_LF11ISi_V1_3_2/pv/pvs/6metal/lvs/metal_booleans.lvs is not selected for executing, remove it.
Operation 'SELECT -inside' at line 34 in file /opt/pdk/lf11/PDK_LF11ISi_V1_3_2/pv/pvs/6metal/lvs/metal_booleans.lvs is not selected for executing, remove it.
Operation 'SELECT -enclose' at line 34 in file /opt/pdk/lf11/PDK_LF11ISi_V1_3_2/pv/pvs/6metal/lvs/metal_booleans.lvs is not selected for executing, remove it.
Operation 'CAT' at line 139 in file /opt/pdk/lf11/PDK_LF11ISi_V1_3_2/pv/pvs/common/./lvs/pvs.lvs is not selected for executing, remove it.
Operation 'CAT' at line 140 in file /opt/pdk/lf11/PDK_LF11ISi_V1_3_2/pv/pvs/common/./lvs/pvs.lvs is not selected for executing, remove it.
Operation 'NOT' at line 141 in file /opt/pdk/lf11/PDK_LF11ISi_V1_3_2/pv/pvs/common/./lvs/pvs.lvs is not selected for executing, remove it.
Operation 'CAT' at line 142 in file /opt/pdk/lf11/PDK_LF11ISi_V1_3_2/pv/pvs/common/./lvs/pvs.lvs is not selected for executing, remove it.
Operation 'CAT' at line 143 in file /opt/pdk/lf11/PDK_LF11ISi_V1_3_2/pv/pvs/common/./lvs/pvs.lvs is not selected for executing, remove it.
Operation 'NOT' at line 144 in file /opt/pdk/lf11/PDK_LF11ISi_V1_3_2/pv/pvs/common/./lvs/pvs.lvs is not selected for executing, remove it.
Operation 'CAT' at line 147 in file /opt/pdk/lf11/PDK_LF11ISi_V1_3_2/pv/pvs/common/./lvs/pvs.lvs is not selected for executing, remove it.
Operation 'CAT' at line 148 in file /opt/pdk/lf11/PDK_LF11ISi_V1_3_2/pv/pvs/common/./lvs/pvs.lvs is not selected for executing, remove it.
Operation 'AND' at line 154 in file /opt/pdk/lf11/PDK_LF11ISi_V1_3_2/pv/pvs/common/./lvs/pvs.lvs is not selected for executing, remove it.
Operation 'AND' at line 167 in file /opt/pdk/lf11/PDK_LF11ISi_V1_3_2/pv/pvs/common/./lvs/pvs.lvs is not selected for executing, remove it.
Operation 'AND' at line 187 in file /opt/pdk/lf11/PDK_LF11ISi_V1_3_2/pv/pvs/common/./lvs/pvs.lvs is not selected for executing, remove it.
Operation 'NOT' at line 192 in file /opt/pdk/lf11/PDK_LF11ISi_V1_3_2/pv/pvs/common/./lvs/pvs.lvs is not selected for executing, remove it.
Operation 'NOT' at line 194 in file /opt/pdk/lf11/PDK_LF11ISi_V1_3_2/pv/pvs/common/./lvs/pvs.lvs is not selected for executing, remove it.
Operation 'AND' at line 196 in file /opt/pdk/lf11/PDK_LF11ISi_V1_3_2/pv/pvs/common/./lvs/pvs.lvs is not selected for executing, remove it.
Operation 'AND' at line 200 in file /opt/pdk/lf11/PDK_LF11ISi_V1_3_2/pv/pvs/common/./lvs/pvs.lvs is not selected for executing, remove it.
Operation 'NOT' at line 201 in file /opt/pdk/lf11/PDK_LF11ISi_V1_3_2/pv/pvs/common/./lvs/pvs.lvs is not selected for executing, remove it.
Operation 'SELECT -inside' at line 234 in file /opt/pdk/lf11/PDK_LF11ISi_V1_3_2/pv/pvs/common/./lvs/pvs.lvs is not selected for executing, remove it.
Operation 'OR' at line 235 in file /opt/pdk/lf11/PDK_LF11ISi_V1_3_2/pv/pvs/common/./lvs/pvs.lvs is not selected for executing, remove it.
Operation 'SELECT -enclose' at line 322 in file /opt/pdk/lf11/PDK_LF11ISi_V1_3_2/pv/pvs/common/./lvs/pvs.lvs is not selected for executing, remove it.
Operation 'SELECT -interact' at line 383 in file /opt/pdk/lf11/PDK_LF11ISi_V1_3_2/pv/pvs/common/./lvs/pvs.lvs is not selected for executing, remove it.
Time: cpu=0.07/0.07  real=0.14/0.14  Memory: 8.27/8.30/11.61  peak=11.61


########################################################################
Loading Layout Data ...
########################################################################
Parsing Layer Mapping File REF_V5_fL.lmap ...

GDSII Input Summary

Date: Mon Jul  6 11:32:59 2026
GDSII file: /home/saul/projects/LF_BG/pvsRunLVS/REF_GEN/REF_V5_fL/REF_V5_fL.gds
GDSII size: 329728
GDSII version: 5.0
GDSII library name: REF_GEN
Last Modified: 18:26:49 6/25/2026
Last Accessed: 11:32:54 7/6/2026
data base unit in user units    : 0.001
physical size of data base unit : 1e-09
magnification: 1

loading cell M1_M2_CDNS_783337574920 ...
loading cell M2_M3_CDNS_783337574921 ...
loading cell M1_M2_CDNS_783337574922 ...
loading cell M1_M2_CDNS_783337574923 ...
loading cell PG_M1_CDNS_783337574924 ...
loading cell M1_M2_CDNS_783337574925 ...
loading cell M1_M2_CDNS_783337574926 ...
loading cell M2_M3_CDNS_783337574927 ...
loading cell M2_M3_CDNS_783337574928 ...
loading cell M1_M2_CDNS_783337574929 ...
loading cell M2_M3_CDNS_7833375749210 ...
loading cell M1_M2_CDNS_7833375749211 ...
loading cell M2_M3_CDNS_7833375749212 ...
loading cell M1_M2_CDNS_7833375749213 ...
loading cell M1_M2_CDNS_7833375749214 ...
loading cell M1_M2_CDNS_7833375749215 ...
loading cell M1_M2_CDNS_7833375749216 ...
loading cell M4_M5_CDNS_7833375749217 ...
loading cell M3_M4_CDNS_7833375749218 ...
loading cell M2_M3_CDNS_7833375749219 ...
loading cell M1_M2_CDNS_7833375749220 ...
loading cell M5_MF_CDNS_7833375749221 ...
loading cell Contact_CDNS_783337574921 ...
loading cell Contact_CDNS_783337574922 ...
loading cell Contact_CDNS_783337574923 ...
loading cell AbutContact_CDNS_783337574924 ...
loading cell pmos1v2hvt_4_CDNS_783337574920 ...
loading cell Contact_CDNS_783337574926 ...
loading cell AbutContact_CDNS_783337574927 ...
loading cell pmos1v2hvt_4_CDNS_783337574925 ...
loading cell AbutContact_CDNS_783337574929 ...
loading cell Contact_CDNS_7833375749210 ...
loading cell nmos1v2hvt_4_CDNS_783337574928 ...
loading cell Contact_CDNS_7833375749212 ...
loading cell pmos1v2hvt_4_CDNS_7833375749211 ...
loading cell Contact_CDNS_7833375749214 ...
loading cell rnpolym_CDNS_7833375749213 ...
loading cell rnpolym_CDNS_7833375749215 ...
loading cell rnpolym_CDNS_7833375749216 ...
loading cell rnpolym_CDNS_7833375749217 ...
loading cell rnpolym_CDNS_7833375749218 ...
loading cell Contact_CDNS_7833375749220 ...
loading cell AbutContact_CDNS_7833375749221 ...
loading cell pmos1v2hvt_4_CDNS_7833375749219 ...
loading cell mux8_1p_fL ...
loading cell rnpolym_CDNS_7833375749222 ...
loading cell trim_res_rnpolyn_2_fL ...
loading cell trim_res_array_rn_2_fL ...
loading cell M2_M3_CDNS_7833375749222 ...
loading cell Contact_CDNS_7833375749224 ...
loading cell nmos1v2hvt_4_CDNS_7833375749223 ...
loading cell mux8_1_fL ...
loading cell pmos1v2hvt_4_CDNS_7833375749225 ...
loading cell IN2 ...
loading cell inv8_fL ...
loading cell cmims_CDNS_7833375749226 ...
loading cell Contact_CDNS_7833375749228 ...
loading cell Contact_CDNS_7833375749229 ...
loading cell Contact_CDNS_7833375749230 ...
loading cell AbutContact_CDNS_7833375749231 ...
loading cell pmos1v2hvt_4_CDNS_7833375749227 ...
loading cell rnpolym_CDNS_7833375749232 ...
loading cell Contact_CDNS_7833375749234 ...
loading cell Contact_CDNS_7833375749235 ...
loading cell Contact_CDNS_7833375749236 ...
loading cell AbutContact_CDNS_7833375749237 ...
loading cell nmos1v2hvt_4_CDNS_7833375749233 ...
loading cell Contact_CDNS_7833375749239 ...
loading cell Contact_CDNS_7833375749240 ...
loading cell AbutContact_CDNS_7833375749241 ...
loading cell nmos1v2hvt_4_CDNS_7833375749238 ...
loading cell pmos1v2hvt_4_CDNS_7833375749242 ...
loading cell Contact_CDNS_7833375749244 ...
loading cell AbutContact_CDNS_7833375749245 ...
loading cell nmos1v2hvt_4_CDNS_7833375749243 ...
loading cell rnpolym_CDNS_7833375749246 ...
loading cell Contact_CDNS_7833375749248 ...
loading cell AbutContact_CDNS_7833375749249 ...
loading cell pmos1v2hvt_4_CDNS_7833375749247 ...
loading cell Contact_CDNS_7833375749251 ...
loading cell pmos1v2hvt_4_CDNS_7833375749250 ...
loading cell Contact_CDNS_7833375749253 ...
loading cell pmos1v2hvt_4_CDNS_7833375749252 ...
loading cell REF_V5_fL ...
Time: cpu=0.01/0.08  real=0.01/0.15  Memory: 20.35/20.49/21.49  peak=21.49


Cell Summary:
----------------------------------------------------------------------------
    CELL                               INSTANCE    GEOMETRY      LABELS        HREF        FREF
----------------------------------------------------------------------------
M1_M2_CDNS_783337574920                       0           4           0          77          77
M2_M3_CDNS_783337574921                       0          12           0           1           1
M1_M2_CDNS_783337574922                       0           6           0          65          65
M1_M2_CDNS_783337574923                       0           6           0          41          41
PG_M1_CDNS_783337574924                       0           6           0           7           7
M1_M2_CDNS_783337574925                       0           4           0          12          12
M1_M2_CDNS_783337574926                       0           8           0           2           2
M2_M3_CDNS_783337574927                       0          17           0           1           1
M2_M3_CDNS_783337574928                       0           8           0         128         128
M1_M2_CDNS_783337574929                       0           8           0           2           2
M2_M3_CDNS_7833375749210                      0          10           0           1           1
M1_M2_CDNS_7833375749211                      0          52           0           1           1
M2_M3_CDNS_7833375749212                      0          22           0           1           1
M1_M2_CDNS_7833375749213                      0          24           0           1           1
M1_M2_CDNS_7833375749214                      0          30           0           1           1
M1_M2_CDNS_7833375749215                      0          12           0           1           1
M1_M2_CDNS_7833375749216                      0          10           0           1           1
M4_M5_CDNS_7833375749217                      0          11           0           2           2
M3_M4_CDNS_7833375749218                      0          11           0           2           2
M2_M3_CDNS_7833375749219                      0          11           0           2           2
M1_M2_CDNS_7833375749220                      0           7           0           3           5
M5_MF_CDNS_7833375749221                      0          11           0           1           1
Contact_CDNS_783337574921                     0          35           0          22         313
Contact_CDNS_783337574922                     0          30           0          18         309
Contact_CDNS_783337574923                     0           8           0           3         184
AbutContact_CDNS_783337574924                 0          12           0           3         117
pmos1v2hvt_4_CDNS_783337574920                6          19           0         112         112
Contact_CDNS_783337574926                     0           3           0           1           1
AbutContact_CDNS_783337574927                 0           7           0           2           5
pmos1v2hvt_4_CDNS_783337574925                4          17           0           1           1
AbutContact_CDNS_783337574929                 0           7           0           1           5
Contact_CDNS_7833375749210                    0           5           0           2          10
nmos1v2hvt_4_CDNS_783337574928                3          15           0           5           5
Contact_CDNS_7833375749212                    0           8           0           2           8
pmos1v2hvt_4_CDNS_7833375749211               3          14           0           4           4
Contact_CDNS_7833375749214                    0           4           0         102         884
rnpolym_CDNS_7833375749213                    4          20           0           1           1
rnpolym_CDNS_7833375749215                   44         160           0           1           1
rnpolym_CDNS_7833375749216                    2          13           0           4          58
rnpolym_CDNS_7833375749217                    8          34           0           1           1
rnpolym_CDNS_7833375749218                    2          13           0           8           8
Contact_CDNS_7833375749220                    0           5           0           2          17
AbutContact_CDNS_7833375749221                0           8           0           2          17
pmos1v2hvt_4_CDNS_7833375749219               6          19           0           8          16
mux8_1p_fL                                    8          17          18           2           2
rnpolym_CDNS_7833375749222                   24          79           0           1          28
trim_res_rnpolyn_2_fL                         3          40           3          14          28
trim_res_array_rn_2_fL                       16          78           7           2           2
M2_M3_CDNS_7833375749222                      0           6           0           8           8
Contact_CDNS_7833375749224                    0           4           0           1           8
nmos1v2hvt_4_CDNS_7833375749223               5          19           0           8           8
mux8_1_fL                                    31         232          18           1           1
pmos1v2hvt_4_CDNS_7833375749225               4          17           0           1           1
IN2                                           0          38           4           8          16
inv8_fL                                       8           0          18           2           2
cmims_CDNS_7833375749226                      0         158           0           6           6
Contact_CDNS_7833375749228                    0          85           0           4          40
Contact_CDNS_7833375749229                    0          73           0           4          40
Contact_CDNS_7833375749230                    0          35           0           1          16
AbutContact_CDNS_7833375749231                0          38           0           1          16
pmos1v2hvt_4_CDNS_7833375749227               6          19           0          16          16
rnpolym_CDNS_7833375749232                   16          62           0           1           1
Contact_CDNS_7833375749234                    0          28           0           5          25
Contact_CDNS_7833375749235                    0          15           0           1           8
Contact_CDNS_7833375749236                    0          25           0           5          25
AbutContact_CDNS_7833375749237                0          18           0           1           8
nmos1v2hvt_4_CDNS_7833375749233               6          20           0           8           8
Contact_CDNS_7833375749239                    0          64           0           2         136
Contact_CDNS_7833375749240                    0          55           0           2         136
AbutContact_CDNS_7833375749241                0          12           0           1          68
nmos1v2hvt_4_CDNS_7833375749238               6          20           0          68          68
pmos1v2hvt_4_CDNS_7833375749242               6          19           0           4           4
Contact_CDNS_7833375749244                    0          29           0           1           3
AbutContact_CDNS_7833375749245                0          33           0           1           3
nmos1v2hvt_4_CDNS_7833375749243               8          27           0           3           3
rnpolym_CDNS_7833375749246                    2          13           0           4           4
Contact_CDNS_7833375749248                    0          26           0           1           2
AbutContact_CDNS_7833375749249                0          35           0           2           7
pmos1v2hvt_4_CDNS_7833375749247              12          40           0           2           2
Contact_CDNS_7833375749251                    0           7           0           1           1
pmos1v2hvt_4_CDNS_7833375749250               6          19           0           1           1
Contact_CDNS_7833375749253                    0          32           0           1           5
pmos1v2hvt_4_CDNS_7833375749252              12          40           0           5           5
REF_V5_fL                                   597        1816          57           1           1
----------------------------------------------------------------------------
TOTAL CELL = 84;  INSTANCE = 858;  GEOMETRY = 4139;  LABEL = 125

Layer Summary:
----------------------------------------------------------------------------
    LAYER                        ID       HPN      HTC        FPN       FTC
----------------------------------------------------------------------------
DIFF                         262144        96         0      1936         0
POLYG                        262145       260         0      3804         0
METAL1fillCustom              18012         0         0         0         0
METAL2fillCustom              18112         0         0         0         0
METAL3fillCustom              18212         0         0         0         0
POLYDOPE                      10070        14         0       210         0
SALBLK                        10090         8         0       102         0
DNW                           10100         0         0         0         0
METAL4fillCustom              18312         0         0         0         0
NW3V3                         10130         0         0         0         0
PW3V3orig                     10140         0         0         0         0
NW1V2                         10170        25         0       394         0
PW1V2orig                     10180         7         0       109         0
METAL5fillCustom              18412         0         0         0         0
NLVT3V3                       10340         0         0         0         0
GOX1V2                        10400        17         0       286         0
NEXT1V2                       10500         6         0       108         0
PEXT1V2                       10510        11         0       178         0
METALFfillCustom              18712         0         0         0         0
NEXT3V3                       10560         0         0         0         0
PEXT3V3                       10570         0         0         0         0
METALTfillCustom              18812         0         0         0         0
NPLUS                         10660        38         0       582         0
PPLUS                         10670        25         0       287         0
METAL1base                    10700      1156         0      6005         0
METAL1fill                    10703         0         0         0         0
METAL1slot                    10704         0         0         0         0
METAL2base                    10710       534         0      1869         0
METAL2fill                    10713         0         0         0         0
METAL2slot                    10714         0         0         0         0
METAL3base                    10720        19         0       155         0
METAL3fill                    10723         0         0         0         0
METAL3slot                    10724         0         0         0         0
METAL4base                    10730         2         0         4         0
METAL4fill                    10733         0         0         0         0
METAL4slot                    10734         0         0         0         0
METAL5base                    10740        11         0        17         0
METAL5fill                    10743         0         0         0         0
METAL5slot                    10744         0         0         0         0
METALFbase                    10770        17         0        52         0
METALFfill                    10773         0         0         0         0
METALFslot                    10774         0         0         0         0
METALTbase                    10780         0         0         0         0
METALTfill                    10783         0         0         0         0
METALTslot                    10784         0         0         0         0
CONT                          10800      1271         0     31184         0
VIA1                          10810       322         0     20044         0
VIA2                          10820        72         0       871         0
VIA3                          10830         9         0        18         0
VIA4                          10840         9         0        18         0
VIAF                          10870       157         0       897         0
VIAT                          10880         0         0         0         0
MIMS                          10900         0         0         0         0
MIMS2                         10930         1         0         6         0
MIMS7                         10940         0         0         0         0
PSN                           11030         0         0         0         0
PSP                           11040         0         0         0         0
PSUB2                         11330         0         0         0         0
BJTmark                       11370         0         0         0         0
DIOmark                       11380         0         0         0         0
MIMmark                       11400         1         0         6         0
CAPmark                       11410         0         0         0         0
RESmark                       11420        51         0       442         0
RMET1mark                     11430         0         0         0         0
RMET2mark                     11440         0         0         0         0
RMET3mark                     11450         0         0         0         0
PW3V3blockGen                 11458         0         0         0         0
PW3V3makeGen                  11459         0         0         0         0
RMET4mark                     11460         0         0         0         0
RMET5mark                     11470         0         0         0         0
RMETFmark                     11500         0         0         0         0
CAPFlabel                     11501         0         0         0         0
RMETTmark                     11510         0         0         0         0
CAPFmark                      11520         0         0         0         0
VARmark                       11600         0         0         0         0
SEALRINGmark                  11620         0         0         0         0
ESDDIOmark                    11630         0         0         0         0
PROBEmark                     11720         0         0         0         0
TXFETmark                     11750         0         0         0         0
SLOTOX                        11810         0         0         0         0
BSMET                         11820         0         0         0         0
BSMET_pin_txt                 11822         0         0         0         0
SNN                           11850         0         0         0         0
PW1V2blockGen                 11858         0         0         0         0
PW1V2makeGen                  11859         0         0         0         0
ARRAYPW                       11860         0         0         0         0
PXL                           12710         0         0         0         0
MCEL                          12900         0         0         0         0
DIFF_pin_txt                  30012         0         0         0         0
POLYG_pin_txt                 30062         0         0         0         0
METAL1_pin_txt                30702         0        57         0       232
METAL2_pin_txt                30712         0        52         0        61
METAL3_pin_txt                30722         0        16         0        16
METAL4_pin_txt                30732         0         0         0         0
METAL5_pin_txt                30742         0         0         0         0
METALF_pin_txt                30772         0         0         0         0
METALT_pin_txt                30782         0         0         0         0
----------------------------------------------------------------------------

CHIP EXTENT: 1310 1050 461390 124235

[WARN] Offgrid Vertex on layer DIFF at location (169.325,84.500) in cell REF_V5_fL.
[WARN] Offgrid Vertex on layer DIFF at location (169.325,84.680) in cell REF_V5_fL.
[WARN] Offgrid Vertex on layer POLYG at location (5.090,27.005) in cell REF_V5_fL.
[WARN] Offgrid Vertex on layer POLYG at location (5.590,27.005) in cell REF_V5_fL.
[WARN] Offgrid Vertex on layer POLYG at location (6.830,27.005) in cell REF_V5_fL.
[WARN] Offgrid Vertex on layer POLYG at location (7.330,27.005) in cell REF_V5_fL.
[WARN] Offgrid Vertex on layer METALFbase at location (397.830,51.745) in cell REF_V5_fL.
[WARN] Offgrid Vertex on layer METALFbase at location (406.535,51.745) in cell REF_V5_fL.
[WARN] Offgrid Vertex on layer METALFbase at location (406.535,52.105) in cell REF_V5_fL.
[WARN] Offgrid Vertex on layer METALFbase at location (397.830,52.105) in cell REF_V5_fL.
[WARN] Offgrid Vertex on layer METALFbase at location (397.830,50.105) in cell REF_V5_fL.
[WARN] Offgrid Vertex on layer METALFbase at location (398.190,50.105) in cell REF_V5_fL.
[WARN] Offgrid Vertex on layer METALFbase at location (398.190,52.105) in cell REF_V5_fL.
[WARN] Offgrid Vertex on layer METALFbase at location (397.830,52.105) in cell REF_V5_fL.
[WARN] Offgrid Vertex on layer METALFbase at location (399.575,83.925) in cell REF_V5_fL.
[WARN] Offgrid Vertex on layer METALFbase at location (406.535,83.925) in cell REF_V5_fL.
[WARN] Offgrid Vertex on layer METALFbase at location (406.535,84.285) in cell REF_V5_fL.
[WARN] Offgrid Vertex on layer METALFbase at location (399.575,84.285) in cell REF_V5_fL.
[WARN] Offgrid Vertex on layer METALFbase at location (406.175,51.745) in cell REF_V5_fL.
[WARN] Offgrid Vertex on layer METALFbase at location (406.535,51.745) in cell REF_V5_fL.
[WARN] Offgrid Vertex on layer METALFbase at location (406.535,52.105) in cell REF_V5_fL.
[WARN] Offgrid Vertex on layer METALFbase at location (406.175,52.105) in cell REF_V5_fL.
[WARN] Offgrid Vertex on layer METALFbase at location (373.990,51.745) in cell REF_V5_fL.
[WARN] Offgrid Vertex on layer METALFbase at location (398.190,51.745) in cell REF_V5_fL.
[WARN] Offgrid Vertex on layer METALFbase at location (398.190,52.105) in cell REF_V5_fL.
[WARN] Offgrid Vertex on layer METALFbase at location (373.990,52.105) in cell REF_V5_fL.
[WARN] Offgrid Vertex on layer METALFbase at location (373.990,50.105) in cell REF_V5_fL.
[WARN] Offgrid Vertex on layer METALFbase at location (398.190,50.105) in cell REF_V5_fL.
[WARN] Offgrid Vertex on layer METALFbase at location (398.190,50.465) in cell REF_V5_fL.
[WARN] Offgrid Vertex on layer METALFbase at location (373.990,50.465) in cell REF_V5_fL.
[WARN] Offgrid Vertex on layer METALFbase at location (397.830,50.105) in cell REF_V5_fL.
[WARN] Offgrid Vertex on layer METALFbase at location (453.790,50.105) in cell REF_V5_fL.
[WARN] Offgrid Vertex on layer METALFbase at location (453.790,50.465) in cell REF_V5_fL.
[WARN] Offgrid Vertex on layer METALFbase at location (397.830,50.465) in cell REF_V5_fL.
[WARN] Offgrid Vertex on layer METALFbase at location (406.175,51.745) in cell REF_V5_fL.
[WARN] Offgrid Vertex on layer METALFbase at location (406.535,51.745) in cell REF_V5_fL.
[WARN] Offgrid Vertex on layer METALFbase at location (406.535,84.285) in cell REF_V5_fL.
[WARN] Offgrid Vertex on layer METALFbase at location (406.175,84.285) in cell REF_V5_fL.
[WARN] Offgrid Vertex on layer METALFbase at location (406.175,51.745) in cell REF_V5_fL.
[WARN] Offgrid Vertex on layer METALFbase at location (453.790,51.745) in cell REF_V5_fL.
[WARN] Offgrid Vertex on layer METALFbase at location (453.790,52.105) in cell REF_V5_fL.
[WARN] Offgrid Vertex on layer METALFbase at location (406.175,52.105) in cell REF_V5_fL.
[WARN] Offgrid Vertex on layer CONT at location (169.405,84.520) in cell REF_V5_fL.
[WARN] Offgrid Vertex on layer CONT at location (169.545,84.520) in cell REF_V5_fL.
[WARN] Offgrid Vertex on layer CONT at location (169.545,84.660) in cell REF_V5_fL.
[WARN] Offgrid Vertex on layer CONT at location (169.405,84.660) in cell REF_V5_fL.
[WARN] Offgrid Vertex on layer NPLUS at location (6.045,31.190) in cell REF_V5_fL.
[WARN] Offgrid Vertex on layer NPLUS at location (6.405,31.190) in cell REF_V5_fL.
[WARN] Offgrid Vertex on layer NPLUS at location (6.405,31.570) in cell REF_V5_fL.
[WARN] Offgrid Vertex on layer NPLUS at location (6.045,31.570) in cell REF_V5_fL.
[WARN] Offgrid Vertex on layer NPLUS at location (5.515,61.340) in cell REF_V5_fL.
[WARN] Offgrid Vertex on layer NPLUS at location (5.895,61.340) in cell REF_V5_fL.
[WARN] Offgrid Vertex on layer NPLUS at location (5.895,61.635) in cell REF_V5_fL.
[WARN] Offgrid Vertex on layer NPLUS at location (5.515,61.635) in cell REF_V5_fL.
[WARN] Offgrid Vertex on layer NPLUS at location (8.035,118.915) in cell REF_V5_fL.
[WARN] Offgrid Vertex on layer NPLUS at location (99.380,118.915) in cell REF_V5_fL.
[WARN] Offgrid Vertex on layer NPLUS at location (99.380,119.295) in cell REF_V5_fL.
[WARN] Offgrid Vertex on layer NPLUS at location (8.035,119.295) in cell REF_V5_fL.
[WARN] Offgrid Vertex on layer NPLUS at location (7.155,66.550) in cell REF_V5_fL.
[WARN] Offgrid Vertex on layer NPLUS at location (99.095,66.550) in cell REF_V5_fL.
[WARN] Offgrid Vertex on layer NPLUS at location (99.095,66.930) in cell REF_V5_fL.
[WARN] Offgrid Vertex on layer NPLUS at location (7.155,66.930) in cell REF_V5_fL.
[WARN] Offgrid Vertex on layer NPLUS at location (107.885,118.915) in cell REF_V5_fL.
[WARN] Offgrid Vertex on layer NPLUS at location (402.195,118.915) in cell REF_V5_fL.
[WARN] Offgrid Vertex on layer NPLUS at location (402.195,119.295) in cell REF_V5_fL.
[WARN] Offgrid Vertex on layer NPLUS at location (107.885,119.295) in cell REF_V5_fL.
[WARN] Offgrid Vertex on layer NPLUS at location (169.325,84.440) in cell REF_V5_fL.
[WARN] Offgrid Vertex on layer NPLUS at location (169.325,84.740) in cell REF_V5_fL.
[WARN] Offgrid Vertex on layer PPLUS at location (21.970,55.845) in cell REF_V5_fL.
[WARN] Offgrid Vertex on layer PPLUS at location (126.305,55.845) in cell REF_V5_fL.
[WARN] Offgrid Vertex on layer PPLUS at location (126.305,56.225) in cell REF_V5_fL.
[WARN] Offgrid Vertex on layer PPLUS at location (21.970,56.225) in cell REF_V5_fL.
[WARN] Offgrid Vertex on layer PPLUS at location (22.075,15.035) in cell REF_V5_fL.
[WARN] Offgrid Vertex on layer PPLUS at location (127.200,15.035) in cell REF_V5_fL.
[WARN] Offgrid Vertex on layer PPLUS at location (127.200,15.415) in cell REF_V5_fL.
[WARN] Offgrid Vertex on layer PPLUS at location (22.075,15.415) in cell REF_V5_fL.
[WARN] Offgrid Vertex on layer PPLUS at location (9.435,24.340) in cell REF_V5_fL.
[WARN] Offgrid Vertex on layer PPLUS at location (9.435,24.720) in cell REF_V5_fL.
[WARN] Offgrid Vertex on layer PPLUS at location (139.635,24.340) in cell REF_V5_fL.
[WARN] Offgrid Vertex on layer PPLUS at location (139.635,24.720) in cell REF_V5_fL.
[WARN] Offgrid Vertex on layer PPLUS at location (5.945,25.370) in cell REF_V5_fL.
[WARN] Offgrid Vertex on layer PPLUS at location (6.475,25.370) in cell REF_V5_fL.
[WARN] Offgrid Vertex on layer PPLUS at location (6.475,25.750) in cell REF_V5_fL.
[WARN] Offgrid Vertex on layer PPLUS at location (5.945,25.750) in cell REF_V5_fL.
[WARN] Offgrid Vertex on layer PPLUS at location (143.515,25.915) in cell REF_V5_fL.
[WARN] Offgrid Vertex on layer PPLUS at location (144.050,25.915) in cell REF_V5_fL.
[WARN] Offgrid Vertex on layer PPLUS at location (144.050,26.295) in cell REF_V5_fL.
[WARN] Offgrid Vertex on layer PPLUS at location (143.515,26.295) in cell REF_V5_fL.
[WARN] Offgrid Vertex on layer NW1V2 at location (167.665,9.300) in cell REF_V5_fL.
[WARN] Offgrid Vertex on layer NW1V2 at location (334.930,88.205) in cell REF_V5_fL.
[WARN] Offgrid Vertex on layer NW1V2 at location (167.665,88.205) in cell REF_V5_fL.
[WARN] Offgrid Vertex on layer NW1V2 at location (169.325,84.265) in cell REF_V5_fL.
[WARN] Offgrid Vertex on layer NW1V2 at location (324.730,84.265) in cell REF_V5_fL.
[WARN] Offgrid Vertex on layer NW1V2 at location (324.730,84.915) in cell REF_V5_fL.
[WARN] Offgrid Vertex on layer NW1V2 at location (169.325,84.915) in cell REF_V5_fL.
[WARN] Offgrid Vertex on layer METAL1base at location (5.380,93.295) in cell REF_V5_fL.
[WARN] Offgrid Vertex on layer METAL1base at location (5.600,93.295) in cell REF_V5_fL.
[WARN] Offgrid Vertex on layer METAL1base at location (5.600,119.235) in cell REF_V5_fL.
[WARN] Offgrid Vertex on layer METAL1base at location (5.380,119.235) in cell REF_V5_fL.
[WARN] Offgrid Vertex on layer METAL1base at location (7.720,93.295) in cell REF_V5_fL.
Time: cpu=0.00/0.08  real=0.00/0.15  Memory: 20.38/20.49/20.49  peak=21.49


Ports ...
========================================================================

Texts For Connectivity ...
========================================================================
A7 (165.955, 37.795) 30722 REF_V5_fL
A6 (165.960, 39.970) 30722 REF_V5_fL
A5 (165.965, 42.205) 30722 REF_V5_fL
A4 (165.965, 44.280) 30722 REF_V5_fL
A3 (165.960, 46.590) 30722 REF_V5_fL
A2 (165.950, 48.805) 30722 REF_V5_fL
A1 (165.955, 50.935) 30722 REF_V5_fL
A0 (165.945, 53.145) 30722 REF_V5_fL
VDDA (18.615, 122.055) 30702 REF_V5_fL
V550 (317.185, 46.050) 30702 REF_V5_fL
LVDS_SEL<7> (340.720, 51.950) 30702 REF_V5_fL
LVDS_SEL<6> (341.920, 51.945) 30702 REF_V5_fL
LVDS_SEL<5> (343.120, 51.950) 30702 REF_V5_fL
LVDS_SEL<4> (344.320, 51.950) 30702 REF_V5_fL
LVDS_SEL<3> (345.515, 51.950) 30702 REF_V5_fL
LVDS_SEL<2> (346.715, 51.950) 30702 REF_V5_fL
LVDS_SEL<1> (347.930, 51.950) 30702 REF_V5_fL
LVDS_SEL<0> (349.120, 51.950) 30702 REF_V5_fL
LDO_SEL<3> (341.880, 20.815) 30702 REF_V5_fL
LDO_SEL<2> (340.690, 20.815) 30702 REF_V5_fL
LDO_SEL<1> (339.480, 20.810) 30702 REF_V5_fL
LDO_SEL<0> (338.285, 20.815) 30702 REF_V5_fL
GNDA (3.680, 1.865) 30702 REF_V5_fL
V1000 (327.675, 45.810) 30712 REF_V5_fL
LVDS_REF (350.065, 67.620) 30712 REF_V5_fL
LDO_REF (348.595, 35.190) 30712 REF_V5_fL
Ib128nAT (380.975, 96.125) 30712 REF_V5_fL
EN (4.175, 28.795) 30712 REF_V5_fL
CL4X_2 (150.935, 96.025) 30712 REF_V5_fL
CL4X_1 (134.735, 96.090) 30712 REF_V5_fL
CL1X_1 (117.095, 96.655) 30712 REF_V5_fL
CJ_G4<5> (364.775, 95.940) 30712 REF_V5_fL
CJ_G4<4> (353.615, 96.655) 30712 REF_V5_fL
CJ_G4<3> (347.135, 96.655) 30712 REF_V5_fL
CJ_G4<2> (340.655, 96.655) 30712 REF_V5_fL
CJ_G4<1> (334.175, 96.655) 30712 REF_V5_fL
CJ_G4<0> (327.695, 96.655) 30712 REF_V5_fL
CJ_G3<5> (321.220, 95.945) 30712 REF_V5_fL
CJ_G3<4> (305.015, 96.655) 30712 REF_V5_fL
CJ_G3<3> (298.535, 96.655) 30712 REF_V5_fL
CJ_G3<2> (292.055, 96.655) 30712 REF_V5_fL
CJ_G3<1> (285.575, 96.655) 30712 REF_V5_fL
CJ_G3<0> (279.095, 96.655) 30712 REF_V5_fL
CJ_G2<5> (266.860, 95.635) 30712 REF_V5_fL
CJ_G2<4> (246.695, 96.655) 30712 REF_V5_fL
CJ_G2<3> (240.215, 96.655) 30712 REF_V5_fL
CJ_G2<2> (233.735, 96.655) 30712 REF_V5_fL
CJ_G2<1> (227.255, 96.655) 30712 REF_V5_fL
CJ_G2<0> (220.775, 96.655) 30712 REF_V5_fL
CJ_G1<5> (204.215, 95.755) 30712 REF_V5_fL
CJ_G1<4> (188.375, 96.655) 30712 REF_V5_fL
CJ_G1<3> (181.895, 96.655) 30712 REF_V5_fL
CJ_G1<2> (175.415, 96.655) 30712 REF_V5_fL
CJ_G1<1> (168.935, 96.655) 30712 REF_V5_fL
CJ_G1<0> (162.455, 96.655) 30712 REF_V5_fL
BIAS (12.930, 26.525) 30712 REF_V5_fL
BG_REF (16.005, 35.405) 30712 REF_V5_fL
VDDA (0.895, 3.130) 30702 inv8_fL
OUT7 (9.405, 2.285) 30702 inv8_fL
OUT6 (8.205, 2.285) 30702 inv8_fL
OUT5 (7.005, 2.285) 30702 inv8_fL
OUT4 (5.805, 2.285) 30702 inv8_fL
OUT3 (4.605, 2.285) 30702 inv8_fL
OUT2 (3.405, 2.285) 30702 inv8_fL
OUT1 (2.205, 2.285) 30702 inv8_fL
OUT0 (1.005, 2.285) 30702 inv8_fL
IN7 (8.880, 1.575) 30702 inv8_fL
IN6 (7.680, 1.570) 30702 inv8_fL
IN5 (6.480, 1.575) 30702 inv8_fL
IN4 (5.280, 1.570) 30702 inv8_fL
IN3 (4.080, 1.575) 30702 inv8_fL
IN2 (2.880, 1.570) 30702 inv8_fL
IN1 (1.680, 1.560) 30702 inv8_fL
IN0 (0.480, 1.565) 30702 inv8_fL
GNDA (0.855, 0.345) 30702 inv8_fL
VSS (0.600, -0.200) 30702 IN2
VDD (0.600, 3.000) 30702 IN2
Out (0.600, 1.800) 30702 IN2
A (0.200, 1.400) 30702 IN2
A7 (17.420, 11.730) 30722 mux8_1_fL
A6 (15.210, 11.735) 30722 mux8_1_fL
A5 (13.010, 11.740) 30722 mux8_1_fL
A4 (10.805, 11.740) 30722 mux8_1_fL
A3 (8.615, 11.730) 30722 mux8_1_fL
A2 (6.415, 11.725) 30722 mux8_1_fL
A1 (4.220, 11.730) 30722 mux8_1_fL
A0 (2.010, 11.730) 30722 mux8_1_fL
GNDA (5.045, 0.325) 30702 mux8_1_fL
IN7 (18.085, 12.800) 30712 mux8_1_fL
IN6 (15.885, 12.805) 30712 mux8_1_fL
IN5 (13.685, 12.805) 30712 mux8_1_fL
IN4 (11.485, 12.810) 30712 mux8_1_fL
IN3 (9.285, 12.805) 30712 mux8_1_fL
IN2 (7.085, 12.800) 30712 mux8_1_fL
IN1 (4.885, 12.795) 30712 mux8_1_fL
IN0 (2.685, 12.795) 30712 mux8_1_fL
COM (8.620, 0.790) 30712 mux8_1_fL
SEL4 (54.565, 7.210) 30702 trim_res_array_rn_2_fL
SEL3 (44.625, 7.205) 30702 trim_res_array_rn_2_fL
SEL2 (35.245, 7.205) 30702 trim_res_array_rn_2_fL
SEL1 (24.730, 7.210) 30702 trim_res_array_rn_2_fL
P2 (133.480, 7.200) 30702 trim_res_array_rn_2_fL
P1 (14.350, 7.215) 30702 trim_res_array_rn_2_fL
GNDA (8.730, 6.460) 30702 trim_res_array_rn_2_fL
P2 (4.630, 36.155) 30702 trim_res_rnpolyn_2_fL
P1 (9.130, 0.360) 30702 trim_res_rnpolyn_2_fL
GNDA (2.590, -0.385) 30702 trim_res_rnpolyn_2_fL
VDDA (0.875, 0.505) 30702 mux8_1p_fL
A7 (17.005, 11.210) 30702 mux8_1p_fL
A6 (14.765, 11.210) 30702 mux8_1p_fL
A5 (12.525, 11.210) 30702 mux8_1p_fL
A4 (10.285, 11.210) 30702 mux8_1p_fL
A3 (8.045, 11.210) 30702 mux8_1p_fL
A2 (5.805, 11.210) 30702 mux8_1p_fL
A1 (3.565, 11.210) 30702 mux8_1p_fL
A0 (1.325, 11.210) 30702 mux8_1p_fL
IN7 (16.335, 5.940) 30712 mux8_1p_fL
IN6 (14.095, 5.940) 30712 mux8_1p_fL
IN5 (11.855, 5.940) 30712 mux8_1p_fL
IN4 (9.615, 5.940) 30712 mux8_1p_fL
IN3 (7.375, 5.940) 30712 mux8_1p_fL
IN2 (5.135, 5.940) 30712 mux8_1p_fL
IN1 (2.895, 5.940) 30712 mux8_1p_fL
IN0 (0.655, 5.940) 30712 mux8_1p_fL
COM (9.165, 0.605) 30712 mux8_1p_fL

Texts For SELECT -LABEL ...
========================================================================

Texts For EXPAND_TEXT_ORIGIN ...
========================================================================

Texts For DFM_TEXT ...
========================================================================

Texts For Device Text Model Layer ...
========================================================================

Texts For Device Text Property Layer ...
========================================================================

Layer Summary(Texts For Connectivity):
----------------------------------------------------------------------------
    LAYER                        ID       TEXTS
----------------------------------------------------------------------------
METAL1_pin_txt                30702        57
METAL2_pin_txt                30712        52
METAL3_pin_txt                30722        16
----------------------------------------------------------------------------

Layer Summary(Texts For SELECT -LABEL):
----------------------------------------------------------------------------
    LAYER                        ID       TEXTS
----------------------------------------------------------------------------
----------------------------------------------------------------------------

Layer Summary(Texts For EXPAND_TEXT_ORIGIN):
----------------------------------------------------------------------------
    LAYER                        ID       TEXTS
----------------------------------------------------------------------------
----------------------------------------------------------------------------

Layer Summary(Texts For DFM_TEXT):
----------------------------------------------------------------------------
    LAYER                        ID       TEXTS
----------------------------------------------------------------------------
----------------------------------------------------------------------------

########################################################################
Preparing Hierarchical Database ...
########################################################################

Constructing Hierarchical Database ...
========================================================================

    7 duplicated instances of M1_M2_CDNS_783337574922 in mux8_1_fL are removed.
    AbutContact_CDNS_783337574929 is expanded.
    cmims_CDNS_7833375749226 is expanded.
    Contact_CDNS_783337574926 is expanded.
    Contact_CDNS_7833375749224 is expanded.
    Contact_CDNS_7833375749251 is expanded.
    M2_M3_CDNS_783337574921 is expanded.
    M2_M3_CDNS_783337574927 is expanded.
    M2_M3_CDNS_7833375749210 is expanded.
    M1_M2_CDNS_7833375749211 is expanded.
    M2_M3_CDNS_7833375749212 is expanded.
    M1_M2_CDNS_7833375749213 is expanded.
    M1_M2_CDNS_7833375749214 is expanded.
    M1_M2_CDNS_7833375749215 is expanded.
    M1_M2_CDNS_7833375749216 is expanded.
    M5_MF_CDNS_7833375749221 is expanded.
    rnpolym_CDNS_7833375749222 is expanded.
    Contact_CDNS_7833375749230 is expanded.
    AbutContact_CDNS_7833375749231 is expanded.
    Contact_CDNS_7833375749235 is expanded.
    AbutContact_CDNS_7833375749237 is expanded.
    Contact_CDNS_7833375749244 is expanded.
    AbutContact_CDNS_7833375749245 is expanded.
    Contact_CDNS_7833375749253 is expanded.
Time: cpu=0.00/0.08  real=0.00/0.15  Memory: 20.38/20.49/20.49  peak=21.49


  REORGANIZE HIERARCHIES (1)...

Time: cpu=0.00/0.08  real=0.00/0.15  Memory: 20.38/20.49/20.49  peak=21.49

  REORGANIZE HIERARCHIES (2)...

Time: cpu=0.00/0.08  real=0.00/0.15  Memory: 20.38/20.49/20.49  peak=21.49


Cell Summary:
----------------------------------------------------------------------------
    CELL                               INSTANCE    GEOMETRY      LABELS        HREF        FREF
----------------------------------------------------------------------------
M1_M2_CDNS_783337574920                       0           4           0          77          77
M1_M2_CDNS_783337574922                       0           6           0          58          58
M1_M2_CDNS_783337574923                       0           6           0          41          41
PG_M1_CDNS_783337574924                       0           6           0           7           7
M1_M2_CDNS_783337574925                       0           4           0          12          12
M1_M2_CDNS_783337574926                       0           8           0           2           2
M2_M3_CDNS_783337574928                       0           8           0         128         128
M1_M2_CDNS_783337574929                       0           8           0           2           2
M4_M5_CDNS_7833375749217                      0          11           0           2           2
M3_M4_CDNS_7833375749218                      0          11           0           2           2
M2_M3_CDNS_7833375749219                      0          11           0           2           2
M1_M2_CDNS_7833375749220                      0           7           0           3           5
Contact_CDNS_783337574921                     0          35           0          22         313
Contact_CDNS_783337574922                     0          30           0          18         309
Contact_CDNS_783337574923                     0           8           0           3         184
AbutContact_CDNS_783337574924                 0          12           0           3         117
pmos1v2hvt_4_CDNS_783337574920                6          19           0          22         112
AbutContact_CDNS_783337574927                 0           7           0           2           5
pmos1v2hvt_4_CDNS_783337574925                3          20           0           1           1
Contact_CDNS_7833375749210                    0           5           0           2          10
nmos1v2hvt_4_CDNS_783337574928                2          22           0           5           5
Contact_CDNS_7833375749212                    0           8           0           2           8
pmos1v2hvt_4_CDNS_7833375749211               3          14           0           4           4
Contact_CDNS_7833375749214                    0           4           0         102         884
rnpolym_CDNS_7833375749213                    4          20           0           1           1
rnpolym_CDNS_7833375749215                   44         160           0           1           1
rnpolym_CDNS_7833375749216                    2          13           0           4          58
rnpolym_CDNS_7833375749217                    8          34           0           1           1
rnpolym_CDNS_7833375749218                    2          13           0           8           8
Contact_CDNS_7833375749220                    0           5           0           2          17
AbutContact_CDNS_7833375749221                0           8           0           2          17
pmos1v2hvt_4_CDNS_7833375749219               6          19           0           8          16
mux8_1p_fL                                    8          17          18           2           2
trim_res_rnpolyn_2_fL                        26         119           3          14          28
trim_res_array_rn_2_fL                       16          78           7           2           2
M2_M3_CDNS_7833375749222                      0           6           0           8           8
nmos1v2hvt_4_CDNS_7833375749223               4          23           0           8           8
mux8_1_fL                                    24         232          18           1           1
pmos1v2hvt_4_CDNS_7833375749225               4          17           0           1           1
IN2                                           0          38           4           8          16
inv8_fL                                       8           0          18           2           2
Contact_CDNS_7833375749228                    0          85           0           4          40
Contact_CDNS_7833375749229                    0          73           0           4          40
pmos1v2hvt_4_CDNS_7833375749227               4          92           0          16          16
rnpolym_CDNS_7833375749232                   16          62           0           1           1
Contact_CDNS_7833375749234                    0          28           0           5          25
Contact_CDNS_7833375749236                    0          25           0           5          25
nmos1v2hvt_4_CDNS_7833375749233               4          53           0           8           8
pmos1v2hvt_4_CDNS_7833375749242               6          19           0           4           4
nmos1v2hvt_4_CDNS_7833375749243               6          89           0           3           3
rnpolym_CDNS_7833375749246                    2          13           0           4           4
Contact_CDNS_7833375749248                    0          26           0           1           2
AbutContact_CDNS_7833375749249                0          35           0           2           7
pmos1v2hvt_4_CDNS_7833375749247              12          40           0           2           2
pmos1v2hvt_4_CDNS_7833375749250               5          26           0           1           1
pmos1v2hvt_4_CDNS_7833375749252              11          72           0           5           5
Contact_CDNS_7833375749239                    0          64           0           2         136
Contact_CDNS_7833375749240                    0          55           0           2         136
AbutContact_CDNS_7833375749241                0          12           0           1          68
nmos1v2hvt_4_CDNS_7833375749238               6          20           0           4          68
MASCO__A2                                     2           0           0           3          17
MASCO__A3                                     2           0           0           3          17
MASCO__A1                                     2           0           0           2          46
MASCO__A4                                     2           0           0           3          23
MASCO__A5                                     2           0           0           8           8
MASCO__A6                                     2           0           0           8           8
MASCO__A7                                     2           0           0          11          11
REF_V5_fL                                   451        2964          57           1           1
----------------------------------------------------------------------------
TOTAL CELL = 68;  INSTANCE = 707;  GEOMETRY = 4929;  LABEL = 125

Layer Summary:
----------------------------------------------------------------------------
    LAYER                        ID       HPN      HTC        FPN       FTC
----------------------------------------------------------------------------
DIFF                         262144        96         0      1936         0
POLYG                        262145       260         0      3804         0
METAL1fillCustom              18012         0         0         0         0
METAL2fillCustom              18112         0         0         0         0
METAL3fillCustom              18212         0         0         0         0
POLYDOPE                      10070        14         0       210         0
SALBLK                        10090         8         0       102         0
DNW                           10100         0         0         0         0
METAL4fillCustom              18312         0         0         0         0
NW3V3                         10130         0         0         0         0
PW3V3orig                     10140         0         0         0         0
NW1V2                         10170        25         0       394         0
PW1V2orig                     10180         7         0       109         0
METAL5fillCustom              18412         0         0         0         0
NLVT3V3                       10340         0         0         0         0
GOX1V2                        10400        17         0       286         0
NEXT1V2                       10500         6         0       108         0
PEXT1V2                       10510        11         0       178         0
METALFfillCustom              18712         0         0         0         0
NEXT3V3                       10560         0         0         0         0
PEXT3V3                       10570         0         0         0         0
METALTfillCustom              18812         0         0         0         0
NPLUS                         10660        38         0       582         0
PPLUS                         10670        25         0       287         0
METAL1base                    10700      1156         0      5998         0
METAL1fill                    10703         0         0         0         0
METAL1slot                    10704         0         0         0         0
METAL2base                    10710       534         0      1862         0
METAL2fill                    10713         0         0         0         0
METAL2slot                    10714         0         0         0         0
METAL3base                    10720        19         0       155         0
METAL3fill                    10723         0         0         0         0
METAL3slot                    10724         0         0         0         0
METAL4base                    10730         2         0         4         0
METAL4fill                    10733         0         0         0         0
METAL4slot                    10734         0         0         0         0
METAL5base                    10740        16         0        17         0
METAL5fill                    10743         0         0         0         0
METAL5slot                    10744         0         0         0         0
METALFbase                    10770        52         0        52         0
METALFfill                    10773         0         0         0         0
METALFslot                    10774         0         0         0         0
METALTbase                    10780         0         0         0         0
METALTfill                    10783         0         0         0         0
METALTslot                    10784         0         0         0         0
CONT                          10800      1271         0     31184         0
VIA1                          10810       322         0     20016         0
VIA2                          10820        72         0       871         0
VIA3                          10830         9         0        18         0
VIA4                          10840         9         0        18         0
VIAF                          10870       897         0       897         0
VIAT                          10880         0         0         0         0
MIMS                          10900         0         0         0         0
MIMS2                         10930         6         0         6         0
MIMS7                         10940         0         0         0         0
PSN                           11030         0         0         0         0
PSP                           11040         0         0         0         0
PSUB2                         11330         0         0         0         0
BJTmark                       11370         0         0         0         0
DIOmark                       11380         0         0         0         0
MIMmark                       11400         6         0         6         0
CAPmark                       11410         0         0         0         0
RESmark                       11420        51         0       442         0
RMET1mark                     11430         0         0         0         0
RMET2mark                     11440         0         0         0         0
RMET3mark                     11450         0         0         0         0
PW3V3blockGen                 11458         0         0         0         0
PW3V3makeGen                  11459         0         0         0         0
RMET4mark                     11460         0         0         0         0
RMET5mark                     11470         0         0         0         0
RMETFmark                     11500         0         0         0         0
CAPFlabel                     11501         0         0         0         0
RMETTmark                     11510         0         0         0         0
CAPFmark                      11520         0         0         0         0
VARmark                       11600         0         0         0         0
SEALRINGmark                  11620         0         0         0         0
ESDDIOmark                    11630         0         0         0         0
PROBEmark                     11720         0         0         0         0
TXFETmark                     11750         0         0         0         0
SLOTOX                        11810         0         0         0         0
BSMET                         11820         0         0         0         0
BSMET_pin_txt                 11822         0         0         0         0
SNN                           11850         0         0         0         0
PW1V2blockGen                 11858         0         0         0         0
PW1V2makeGen                  11859         0         0         0         0
ARRAYPW                       11860         0         0         0         0
PXL                           12710         0         0         0         0
MCEL                          12900         0         0         0         0
DIFF_pin_txt                  30012         0         0         0         0
POLYG_pin_txt                 30062         0         0         0         0
METAL1_pin_txt                30702         0        57         0       232
METAL2_pin_txt                30712         0        52         0        61
METAL3_pin_txt                30722         0        16         0        16
METAL4_pin_txt                30732         0         0         0         0
METAL5_pin_txt                30742         0         0         0         0
METALF_pin_txt                30772         0         0         0         0
METALT_pin_txt                30782         0         0         0         0
----------------------------------------------------------------------------
Time: cpu=0.00/0.08  real=0.00/0.15  Memory: 20.38/20.49/20.49  peak=21.49


Compacting Hierarchy Library ...
========================================================================
Time: cpu=0.00/0.08  real=0.00/0.15  Memory: 12.35/12.45/20.49  peak=21.49


Analyzing Cell Overlapings ...
========================================================================
Time: cpu=0.00/0.08  real=0.00/0.15  Memory: 12.35/12.45/16.47  peak=21.49


Merge Layers ...
========================================================================
    DIFF = OR DIFF
    generate layer DIFF, TYP = P, HPN = 37, FPN = 1126, HEN = 152, FEN = 4508

    POLYG = OR POLYG
    generate layer POLYG, TYP = P, HPN = 74, FPN = 1808, HEN = 328, FEN = 7392

    POLYDOPE = OR POLYDOPE
    generate layer POLYDOPE, TYP = P, HPN = 14, FPN = 210, HEN = 56, FEN = 840

    SALBLK = OR SALBLK
    generate layer SALBLK, TYP = P, HPN = 8, FPN = 102, HEN = 32, FEN = 408

    NW1V2 = OR NW1V2
    generate layer NW1V2, TYP = P, HPN = 20, FPN = 281, HEN = 82, FEN = 1180

    PW1V2orig = OR PW1V2orig
    generate layer PW1V2orig, TYP = P, HPN = 7, FPN = 109, HEN = 32, FEN = 440

    GOX1V2 = OR GOX1V2
    generate layer GOX1V2, TYP = P, HPN = 16, FPN = 270, HEN = 64, FEN = 1080

    NEXT1V2 = OR NEXT1V2
    generate layer NEXT1V2, TYP = P, HPN = 6, FPN = 108, HEN = 24, FEN = 432

    PEXT1V2 = OR PEXT1V2
    generate layer PEXT1V2, TYP = P, HPN = 11, FPN = 178, HEN = 44, FEN = 712

    NPLUS = OR NPLUS
    generate layer NPLUS, TYP = P, HPN = 39, FPN = 606, HEN = 156, FEN = 2424

    PPLUS = OR PPLUS
    generate layer PPLUS, TYP = P, HPN = 29, FPN = 337, HEN = 120, FEN = 1352

    METAL1base = OR METAL1base
    generate layer METAL1base, TYP = P, HPN = 330, FPN = 4546, HEN = 2722, FEN = 21550

    METAL2base = OR METAL2base
    generate layer METAL2base, TYP = P, HPN = 338, FPN = 1873, HEN = 1778, FEN = 7946

    METAL3base = OR METAL3base
    generate layer METAL3base, TYP = P, HPN = 7, FPN = 143, HEN = 50, FEN = 594

    METAL4base = OR METAL4base
    generate layer METAL4base, TYP = P, HPN = 2, FPN = 4, HEN = 8, FEN = 16

    METAL5base = OR METAL5base
    generate layer METAL5base, TYP = P, HPN = 4, FPN = 7, HEN = 64, FEN = 76

    METALFbase = OR METALFbase
    generate layer METALFbase, TYP = P, HPN = 1, FPN = 1, HEN = 62, FEN = 62

    CONT = OR CONT
    generate layer CONT, TYP = P, HPN = 1271, FPN = 31184, HEN = 5084, FEN = 124736

    VIA1 = OR VIA1
    generate layer VIA1, TYP = P, HPN = 322, FPN = 20016, HEN = 1288, FEN = 80064

    VIA2 = OR VIA2
    generate layer VIA2, TYP = P, HPN = 72, FPN = 871, HEN = 288, FEN = 3484

    VIA3 = OR VIA3
    generate layer VIA3, TYP = P, HPN = 9, FPN = 18, HEN = 36, FEN = 72

    VIA4 = OR VIA4
    generate layer VIA4, TYP = P, HPN = 9, FPN = 18, HEN = 36, FEN = 72

    VIAF = OR VIAF
    generate layer VIAF, TYP = P, HPN = 897, FPN = 897, HEN = 3588, FEN = 3588

    MIMS2 = OR MIMS2
    generate layer MIMS2, TYP = P, HPN = 6, FPN = 6, HEN = 24, FEN = 24

    MIMmark = OR MIMmark
    generate layer MIMmark, TYP = P, HPN = 6, FPN = 6, HEN = 24, FEN = 24

    RESmark = OR RESmark
    generate layer RESmark, TYP = P, HPN = 51, FPN = 442, HEN = 204, FEN = 1768

Time: cpu=0.01/0.09  real=0.01/0.16  Memory: 12.31/12.49/20.51  peak=21.49

Time: cpu=0.00/0.09  real=0.00/0.16  Memory: 12.31/12.49/12.49  peak=21.49


########################################################################
Execute Operations ...
########################################################################


operation group: 1/234
    CHIP = EXTENT
========================================================================
    generate layer CHIP, TYP = P, HPN = 32, FPN = 1055, HEN = 492, FEN = 7280
Time: cpu=0.00/0.10  real=0.00/0.17  Memory: 12.32/12.49/20.79  peak=21.49



operation group: 2/234
    _EPTMPL262146 = OR METAL1base METAL1fill METAL1fillCustom
========================================================================
    generate layer _EPTMPL262146, TYP = P, HPN = 330, FPN = 4546, HEN = 2722, FEN = 21550
Time: cpu=0.00/0.10  real=0.00/0.17  Memory: 12.32/12.49/12.49  peak=21.49

    delete layer METAL1base
    delete layer METAL1fill
    delete layer METAL1fillCustom


operation group: 3/234
    METAL1 = NOT _EPTMPL262146 METAL1slot
========================================================================
    generate layer METAL1, TYP = P, HPN = 330, FPN = 4546, HEN = 2722, FEN = 21550
Time: cpu=0.00/0.10  real=0.00/0.17  Memory: 12.32/12.49/12.49  peak=21.49

    delete layer _EPTMPL262146
    delete layer METAL1slot


operation group: 4/234
    RMET1a = AND METAL1 RMET1mark
========================================================================
    generate layer RMET1a, TYP = P, HPN = 0, FPN = 0, HEN = 0, FEN = 0
Time: cpu=0.00/0.10  real=0.00/0.17  Memory: 12.32/12.49/12.49  peak=21.49

    delete layer RMET1mark


operation group: 5/234
    METAL1a = NOT METAL1 RMET1a
========================================================================
    generate layer METAL1a, TYP = P, HPN = 330, FPN = 4546, HEN = 2722, FEN = 21550
Time: cpu=0.00/0.10  real=0.00/0.17  Memory: 12.32/12.49/12.49  peak=21.49

    delete layer METAL1


operation group: 6/234
    _EPTMPL262148 = OR METAL2base METAL2fill METAL2fillCustom
========================================================================
    generate layer _EPTMPL262148, TYP = P, HPN = 338, FPN = 1873, HEN = 1778, FEN = 7946
Time: cpu=0.00/0.10  real=0.00/0.17  Memory: 12.32/12.49/12.49  peak=21.49

    delete layer METAL2base
    delete layer METAL2fill
    delete layer METAL2fillCustom


operation group: 7/234
    METAL2 = NOT _EPTMPL262148 METAL2slot
========================================================================
    generate layer METAL2, TYP = P, HPN = 338, FPN = 1873, HEN = 1778, FEN = 7946
Time: cpu=0.00/0.10  real=0.00/0.17  Memory: 12.32/12.49/12.49  peak=21.49

    delete layer _EPTMPL262148
    delete layer METAL2slot


operation group: 8/234
    RMET2a = AND METAL2 RMET2mark
========================================================================
    generate layer RMET2a, TYP = P, HPN = 0, FPN = 0, HEN = 0, FEN = 0
Time: cpu=0.00/0.10  real=0.00/0.17  Memory: 12.32/12.49/12.49  peak=21.49

    delete layer RMET2mark


operation group: 9/234
    METAL2a = NOT METAL2 RMET2a
========================================================================
    generate layer METAL2a, TYP = P, HPN = 338, FPN = 1873, HEN = 1778, FEN = 7946
Time: cpu=0.00/0.10  real=0.00/0.17  Memory: 12.32/12.49/12.49  peak=21.49



operation group: 10/234
    _EPTMPL262150 = OR METAL3base METAL3fill METAL3fillCustom
========================================================================
    generate layer _EPTMPL262150, TYP = P, HPN = 7, FPN = 143, HEN = 50, FEN = 594
Time: cpu=0.00/0.10  real=0.00/0.17  Memory: 12.32/12.49/12.49  peak=21.49

    delete layer METAL3base
    delete layer METAL3fill
    delete layer METAL3fillCustom


operation group: 11/234
    METAL3 = NOT _EPTMPL262150 METAL3slot
========================================================================
    generate layer METAL3, TYP = P, HPN = 7, FPN = 143, HEN = 50, FEN = 594
Time: cpu=0.00/0.10  real=0.00/0.17  Memory: 12.32/12.49/12.49  peak=21.49

    delete layer _EPTMPL262150
    delete layer METAL3slot


operation group: 12/234
    RMET3a = AND METAL3 RMET3mark
========================================================================
    generate layer RMET3a, TYP = P, HPN = 0, FPN = 0, HEN = 0, FEN = 0
Time: cpu=0.00/0.10  real=0.00/0.17  Memory: 12.32/12.49/12.49  peak=21.49

    delete layer RMET3mark


operation group: 13/234
    METAL3a = NOT METAL3 RMET3a
========================================================================
    generate layer METAL3a, TYP = P, HPN = 7, FPN = 143, HEN = 50, FEN = 594
Time: cpu=0.00/0.10  real=0.00/0.17  Memory: 12.32/12.49/12.49  peak=21.49



operation group: 14/234
    _EPTMPL262152 = OR METAL4base METAL4fill METAL4fillCustom
========================================================================
    generate layer _EPTMPL262152, TYP = P, HPN = 2, FPN = 4, HEN = 8, FEN = 16
Time: cpu=0.00/0.10  real=0.00/0.17  Memory: 12.32/12.49/12.49  peak=21.49

    delete layer METAL4base
    delete layer METAL4fill
    delete layer METAL4fillCustom


operation group: 15/234
    METAL4 = NOT _EPTMPL262152 METAL4slot
========================================================================
    generate layer METAL4, TYP = P, HPN = 2, FPN = 4, HEN = 8, FEN = 16
Time: cpu=0.00/0.10  real=0.00/0.17  Memory: 12.32/12.49/12.49  peak=21.49

    delete layer _EPTMPL262152
    delete layer METAL4slot


operation group: 16/234
    RMET4a = AND METAL4 RMET4mark
========================================================================
    generate layer RMET4a, TYP = P, HPN = 0, FPN = 0, HEN = 0, FEN = 0
Time: cpu=0.00/0.10  real=0.00/0.17  Memory: 12.32/12.49/12.49  peak=21.49

    delete layer RMET4mark


operation group: 17/234
    METAL4a = NOT METAL4 RMET4a
========================================================================
    generate layer METAL4a, TYP = P, HPN = 2, FPN = 4, HEN = 8, FEN = 16
Time: cpu=0.00/0.10  real=0.00/0.17  Memory: 12.32/12.49/12.49  peak=21.49

    delete layer METAL4


operation group: 18/234
    _EPTMPL262154 = OR METAL5base METAL5fill METAL5fillCustom
========================================================================
    generate layer _EPTMPL262154, TYP = P, HPN = 4, FPN = 7, HEN = 64, FEN = 76
Time: cpu=0.00/0.10  real=0.00/0.17  Memory: 12.32/12.49/12.49  peak=21.49

    delete layer METAL5base
    delete layer METAL5fill
    delete layer METAL5fillCustom


operation group: 19/234
    METAL5 = NOT _EPTMPL262154 METAL5slot
========================================================================
    generate layer METAL5, TYP = P, HPN = 4, FPN = 7, HEN = 64, FEN = 76
Time: cpu=0.00/0.10  real=0.00/0.17  Memory: 12.32/12.49/12.49  peak=21.49

    delete layer _EPTMPL262154
    delete layer METAL5slot


operation group: 20/234
    RMET5a = AND METAL5 RMET5mark
========================================================================
    generate layer RMET5a, TYP = P, HPN = 0, FPN = 0, HEN = 0, FEN = 0
Time: cpu=0.00/0.10  real=0.00/0.17  Memory: 12.32/12.49/12.49  peak=21.49

    delete layer RMET5mark


operation group: 21/234
    _EPTMPL262169 = NOT METAL5 RMET5a
========================================================================
    generate layer _EPTMPL262169, TYP = P, HPN = 4, FPN = 7, HEN = 64, FEN = 76
Time: cpu=0.00/0.10  real=0.00/0.17  Memory: 12.32/12.49/12.49  peak=21.49

    delete layer METAL5


operation group: 22/234
    METAL5a = NOT _EPTMPL262169 MIMmark
========================================================================
    generate layer METAL5a, TYP = P, HPN = 4, FPN = 7, HEN = 88, FEN = 100
Time: cpu=0.00/0.10  real=0.00/0.17  Memory: 12.32/12.49/20.53  peak=21.49

    delete layer _EPTMPL262169


operation group: 23/234
    _EPTMPL262156 = OR METALFbase METALFfill METALFfillCustom
========================================================================
    generate layer _EPTMPL262156, TYP = P, HPN = 1, FPN = 1, HEN = 62, FEN = 62
Time: cpu=0.00/0.10  real=0.00/0.17  Memory: 12.32/12.49/12.49  peak=21.49

    delete layer METALFbase
    delete layer METALFfill
    delete layer METALFfillCustom


operation group: 24/234
    METALF = NOT _EPTMPL262156 METALFslot
========================================================================
    generate layer METALF, TYP = P, HPN = 1, FPN = 1, HEN = 62, FEN = 62
Time: cpu=0.00/0.10  real=0.00/0.17  Memory: 12.32/12.49/12.49  peak=21.49

    delete layer _EPTMPL262156
    delete layer METALFslot


operation group: 25/234
    RMETFa = AND METALF RMETFmark
========================================================================
    generate layer RMETFa, TYP = P, HPN = 0, FPN = 0, HEN = 0, FEN = 0
Time: cpu=0.00/0.10  real=0.00/0.17  Memory: 12.32/12.49/12.49  peak=21.49

    delete layer RMETFmark


operation group: 26/234
    METALFa = NOT METALF RMETFa
========================================================================
    generate layer METALFa, TYP = P, HPN = 1, FPN = 1, HEN = 62, FEN = 62
Time: cpu=0.00/0.10  real=0.00/0.17  Memory: 12.32/12.49/12.49  peak=21.49



operation group: 27/234
    _CPTMPL353 = OR MIMS MIMS7 MIMS2
========================================================================
    generate layer _CPTMPL353, TYP = P, HPN = 6, FPN = 6, HEN = 24, FEN = 24
Time: cpu=0.00/0.10  real=0.00/0.17  Memory: 12.32/12.49/12.49  peak=21.49



operation group: 28/234
    VIAF2 = NOT VIAF _CPTMPL353
========================================================================
    generate layer VIAF2, TYP = P, HPN = 9, FPN = 9, HEN = 36, FEN = 36
Time: cpu=0.00/0.10  real=0.00/0.17  Memory: 12.32/12.49/17.52  peak=21.49



operation group: 29/234
    MIMSa = NOT MIMS MIMmark
========================================================================
    generate layer MIMSa, TYP = P, HPN = 0, FPN = 0, HEN = 0, FEN = 0
Time: cpu=0.00/0.10  real=0.00/0.17  Memory: 12.32/12.49/12.49  peak=21.49



operation group: 30/234
    VIAM = AND VIAF _CPTMPL353
========================================================================
    generate layer VIAM, TYP = P, HPN = 888, FPN = 888, HEN = 3552, FEN = 3552
Time: cpu=0.00/0.10  real=0.00/0.17  Memory: 12.32/12.49/17.52  peak=21.49

    delete layer VIAF
    delete layer _CPTMPL353


operation group: 31/234
    TOPMIM = AND MIMS MIMmark
========================================================================
    generate layer TOPMIM, TYP = P, HPN = 0, FPN = 0, HEN = 0, FEN = 0
Time: cpu=0.00/0.10  real=0.00/0.17  Memory: 12.32/12.49/12.49  peak=21.49

    delete layer MIMS


operation group: 32/234
    TOPMIMS2 = AND MIMS2 MIMmark
========================================================================
    generate layer TOPMIMS2, TYP = P, HPN = 6, FPN = 6, HEN = 24, FEN = 24
Time: cpu=0.00/0.10  real=0.00/0.17  Memory: 12.32/12.49/17.52  peak=21.49

    delete layer MIMS2


operation group: 33/234
    TOPMIMS7 = AND MIMS7 MIMmark
========================================================================
    generate layer TOPMIMS7, TYP = P, HPN = 0, FPN = 0, HEN = 0, FEN = 0
Time: cpu=0.00/0.10  real=0.00/0.17  Memory: 12.32/12.49/12.49  peak=21.49

    delete layer MIMS7
    delete layer MIMmark


operation group: 34/234
    _EPTMPL262158 = OR METALTbase METALTfill METALTfillCustom
========================================================================
    generate layer _EPTMPL262158, TYP = P, HPN = 0, FPN = 0, HEN = 0, FEN = 0
Time: cpu=0.00/0.10  real=0.00/0.17  Memory: 12.32/12.49/12.49  peak=21.49

    delete layer METALTbase
    delete layer METALTfill
    delete layer METALTfillCustom


operation group: 35/234
    METALT = NOT _EPTMPL262158 METALTslot
========================================================================
    generate layer METALT, TYP = P, HPN = 0, FPN = 0, HEN = 0, FEN = 0
Time: cpu=0.00/0.10  real=0.00/0.17  Memory: 12.32/12.49/12.49  peak=21.49

    delete layer _EPTMPL262158
    delete layer METALTslot


operation group: 36/234
    RMETTa = AND METALT RMETTmark
========================================================================
    generate layer RMETTa, TYP = P, HPN = 0, FPN = 0, HEN = 0, FEN = 0
Time: cpu=0.00/0.10  real=0.00/0.17  Memory: 12.32/12.49/12.49  peak=21.49

    delete layer RMETTmark


operation group: 37/234
    METALTa = NOT METALT RMETTa
========================================================================
    generate layer METALTa, TYP = P, HPN = 0, FPN = 0, HEN = 0, FEN = 0
Time: cpu=0.00/0.10  real=0.00/0.17  Memory: 12.32/12.49/12.49  peak=21.49

    delete layer METALT
    delete layer RMETTa


operation group: 38/234
    RPPOLYS1 = AND POLYG RESmark
========================================================================
    generate layer RPPOLYS1, TYP = P, HPN = 51, FPN = 442, HEN = 204, FEN = 1768
Time: cpu=0.00/0.11  real=0.00/0.18  Memory: 12.32/12.49/17.77  peak=21.49

    delete layer RESmark


operation group: 39/234
    POLYG1 = NOT POLYG RPPOLYS1
========================================================================
    generate layer POLYG1, TYP = P, HPN = 125, FPN = 2250, HEN = 532, FEN = 9160
Time: cpu=0.00/0.11  real=0.00/0.18  Memory: 12.32/12.49/20.53  peak=21.49



operation group: 40/234
    GATE = AND POLYG1 DIFF
========================================================================
    generate layer GATE, TYP = P, HPN = 24, FPN = 310, HEN = 96, FEN = 1240
Time: cpu=0.00/0.11  real=0.00/0.18  Memory: 12.32/12.49/17.77  peak=21.49



operation group: 41/234
    DOPEDGATE = AND GATE POLYDOPE
========================================================================
    generate layer DOPEDGATE, TYP = P, HPN = 7, FPN = 111, HEN = 28, FEN = 444
Time: cpu=0.00/0.11  real=0.00/0.19  Memory: 12.32/12.49/17.77  peak=21.49



operation group: 42/234
    NGATE = AND DOPEDGATE NPLUS
========================================================================
    generate layer NGATE, TYP = P, HPN = 7, FPN = 111, HEN = 28, FEN = 444
Time: cpu=0.00/0.12  real=0.00/0.19  Memory: 12.32/12.49/17.77  peak=21.49

    delete layer DOPEDGATE


operation group: 43/234
    _CPTMPL159 = NOT POLYG1 NGATE
========================================================================
    generate layer _CPTMPL159, TYP = P, HPN = 132, FPN = 2361, HEN = 560, FEN = 9604
Time: cpu=0.00/0.12  real=0.00/0.19  Memory: 12.32/12.49/20.53  peak=21.49



operation group: 44/234
    _CPTMPL160 = AND POLYG1 PXL
========================================================================
    generate layer _CPTMPL160, TYP = P, HPN = 0, FPN = 0, HEN = 0, FEN = 0
Time: cpu=0.00/0.12  real=0.00/0.19  Memory: 12.32/12.49/12.49  peak=21.49

    delete layer POLYG1


operation group: 45/234
    POLYG2 = OR _CPTMPL159 _CPTMPL160
========================================================================
    generate layer POLYG2, TYP = P, HPN = 132, FPN = 2361, HEN = 560, FEN = 9604
Time: cpu=0.00/0.12  real=0.00/0.19  Memory: 12.32/12.49/12.49  peak=21.49

    delete layer _CPTMPL159
    delete layer _CPTMPL160


operation group: 46/234
    PGATE = AND GATE PPLUS
========================================================================
    generate layer PGATE, TYP = P, HPN = 17, FPN = 199, HEN = 68, FEN = 796
Time: cpu=0.00/0.12  real=0.00/0.19  Memory: 12.32/12.49/17.77  peak=21.49



operation group: 47/234
    POLYG3 = NOT POLYG2 PGATE
========================================================================
    generate layer POLYG3, TYP = P, HPN = 149, FPN = 2560, HEN = 628, FEN = 10400
Time: cpu=0.00/0.12  real=0.00/0.20  Memory: 12.32/12.49/20.53  peak=21.49

    delete layer POLYG2


operation group: 48/234
    DIFFCONT = NOT CONT POLYG
========================================================================
    generate layer DIFFCONT, TYP = P, HPN = 1120, FPN = 27284, HEN = 4480, FEN = 109136
Time: cpu=0.00/0.13  real=0.00/0.20  Memory: 12.32/12.49/17.77  peak=21.49

    delete layer POLYG


operation group: 49/234
    POLYCONT = NOT CONT DIFFCONT
========================================================================
    generate layer POLYCONT, TYP = P, HPN = 151, FPN = 3900, HEN = 604, FEN = 15600
Time: cpu=0.00/0.13  real=0.00/0.20  Memory: 12.32/12.54/17.77  peak=21.49

    delete layer CONT


operation group: 50/234
    NDIFF1 = AND NPLUS DIFF
========================================================================
    generate layer NDIFF1, TYP = P, HPN = 14, FPN = 315, HEN = 56, FEN = 1260
Time: cpu=0.00/0.13  real=0.00/0.20  Memory: 12.32/12.54/20.57  peak=21.49



operation group: 51/234
    _CPTMPL271 = NOT NDIFF1 NGATE
========================================================================
    generate layer _CPTMPL271, TYP = P, HPN = 21, FPN = 426, HEN = 84, FEN = 1704
Time: cpu=0.00/0.13  real=0.00/0.20  Memory: 12.32/12.54/17.81  peak=21.49

    delete layer NDIFF1


operation group: 52/234
    NDIFF = NOT _CPTMPL271 MCEL
========================================================================
    generate layer NDIFF, TYP = P, HPN = 21, FPN = 426, HEN = 84, FEN = 1704
Time: cpu=0.00/0.13  real=0.00/0.20  Memory: 12.32/12.54/12.54  peak=21.49

    delete layer _CPTMPL271
    delete layer MCEL


operation group: 53/234
    PNPBASE1 = AND NDIFF NW1V2
========================================================================
    layer PNPBASE1 not generated, operation is dynamically optimized out.
Time: cpu=0.00/0.13  real=0.00/0.20  Memory: 12.32/12.54/12.54  peak=21.49



operation group: 54/234
    PNPBASE = AND PNPBASE1 BJTmark
========================================================================
    generate layer PNPBASE, TYP = P, HPN = 0, FPN = 0, HEN = 0, FEN = 0
Time: cpu=0.00/0.13  real=0.00/0.20  Memory: 12.32/12.54/12.54  peak=21.49

    delete layer PNPBASE1


operation group: 55/234
    PDIFF1 = AND PPLUS DIFF
========================================================================
    generate layer PDIFF1, TYP = P, HPN = 19, FPN = 327, HEN = 80, FEN = 1312
Time: cpu=0.00/0.14  real=0.00/0.21  Memory: 12.32/12.54/20.57  peak=21.49



operation group: 56/234
    PDIFF = NOT PDIFF1 PGATE
========================================================================
    generate layer PDIFF, TYP = P, HPN = 36, FPN = 526, HEN = 148, FEN = 2108
Time: cpu=0.00/0.14  real=0.00/0.21  Memory: 12.32/12.54/20.57  peak=21.49

    delete layer PDIFF1


operation group: 57/234
    NDIFFCONT = NOT DIFFCONT PDIFF
========================================================================
    generate layer NDIFFCONT, TYP = P, HPN = 793, FPN = 12940, HEN = 3172, FEN = 51760
Time: cpu=0.00/0.14  real=0.00/0.21  Memory: 12.32/12.54/20.57  peak=21.49



operation group: 58/234
    PNPEMIT1 = AND PDIFF NW1V2
========================================================================
    layer PNPEMIT1 not generated, operation is dynamically optimized out.
Time: cpu=0.00/0.14  real=0.00/0.21  Memory: 12.32/12.54/12.54  peak=21.49



operation group: 59/234
    PNPEMIT2 = AND PNPEMIT1 BJTmark
========================================================================
    generate layer PNPEMIT2, TYP = P, HPN = 0, FPN = 0, HEN = 0, FEN = 0
Time: cpu=0.00/0.14  real=0.00/0.21  Memory: 12.32/12.54/12.54  peak=21.49

    delete layer PNPEMIT1


operation group: 60/234
    PNPEMIT = AND PNPEMIT2 PEXT1V2
========================================================================
    generate layer PNPEMIT, TYP = P, HPN = 0, FPN = 0, HEN = 0, FEN = 0
Time: cpu=0.00/0.14  real=0.00/0.21  Memory: 12.32/12.54/12.54  peak=21.49

    delete layer PNPEMIT2


operation group: 61/234
    PNPEMIT5UX5U = NOT PNPEMIT SALBLK
========================================================================
    generate layer PNPEMIT5UX5U, TYP = P, HPN = 0, FPN = 0, HEN = 0, FEN = 0
Time: cpu=0.00/0.14  real=0.00/0.21  Memory: 12.32/12.54/12.54  peak=21.49



operation group: 62/234
    PNPSALBLK = SIZE SALBLK -by 0.38 -overunder
========================================================================
    layer PNPSALBLK not generated, operation is dynamically optimized out.
Time: cpu=0.00/0.14  real=0.00/0.21  Memory: 12.32/12.54/12.54  peak=21.49



operation group: 63/234
    PNPEMIT10UX2U5 = SELECT -inside PNPEMIT PNPSALBLK
========================================================================
    generate layer PNPEMIT10UX2U5, TYP = P, HPN = 0, FPN = 0, HEN = 0, FEN = 0
Time: cpu=0.00/0.14  real=0.00/0.21  Memory: 12.32/12.54/12.54  peak=21.49

    delete layer PNPEMIT
    delete layer PNPSALBLK


operation group: 64/234
    PDIFFCONT = NOT DIFFCONT NDIFF
========================================================================
    generate layer PDIFFCONT, TYP = P, HPN = 1020, FPN = 14344, HEN = 4080, FEN = 57376
Time: cpu=0.00/0.14  real=0.00/0.21  Memory: 12.32/12.54/20.57  peak=21.49



operation group: 65/234
    _CPTMPL220 = OR PSN SNN
========================================================================
    generate layer _CPTMPL220, TYP = P, HPN = 0, FPN = 0, HEN = 0, FEN = 0
Time: cpu=0.00/0.14  real=0.00/0.21  Memory: 12.32/12.54/12.54  peak=21.49

    delete layer SNN


operation group: 66/234
    _CPTMPL225 = SELECT -interact DIFF _CPTMPL220
========================================================================
    generate layer _CPTMPL225, TYP = P, HPN = 0, FPN = 0, HEN = 0, FEN = 0
Time: cpu=0.00/0.14  real=0.00/0.21  Memory: 12.32/12.54/12.54  peak=21.49



operation group: 67/234
    _CPTMPL226 = OR NDIFF _CPTMPL225
========================================================================
    layer _CPTMPL226 not generated, operation is dynamically optimized out.
Time: cpu=0.00/0.14  real=0.00/0.21  Memory: 12.32/12.54/12.54  peak=21.49

    delete layer _CPTMPL225


operation group: 68/234
    _CPTMPL227 = SELECT -interact _CPTMPL226 TXFETmark
========================================================================
    generate layer _CPTMPL227, TYP = P, HPN = 0, FPN = 0, HEN = 0, FEN = 0
Time: cpu=0.00/0.14  real=0.00/0.21  Memory: 12.32/12.54/12.54  peak=21.49

    delete layer _CPTMPL226


operation group: 69/234
    _CPTMPL228 = NOT _CPTMPL227 GATE
========================================================================
    generate layer _CPTMPL228, TYP = P, HPN = 0, FPN = 0, HEN = 0, FEN = 0
Time: cpu=0.00/0.14  real=0.00/0.21  Memory: 12.32/12.54/12.54  peak=21.49

    delete layer _CPTMPL227


operation group: 70/234
    NDIFFTX = NOT _CPTMPL228 ARRAYPW
========================================================================
    generate layer NDIFFTX, TYP = P, HPN = 0, FPN = 0, HEN = 0, FEN = 0
Time: cpu=0.00/0.14  real=0.00/0.21  Memory: 12.32/12.54/12.54  peak=21.49

    delete layer _CPTMPL228


operation group: 71/234
    _CPTMPL368 = AND DIFFCONT NDIFFTX
========================================================================
    generate layer _CPTMPL368, TYP = P, HPN = 0, FPN = 0, HEN = 0, FEN = 0
Time: cpu=0.00/0.14  real=0.00/0.21  Memory: 12.32/12.54/12.54  peak=21.49

    delete layer DIFFCONT


operation group: 72/234
    NDIFFCONTTX = NOT _CPTMPL368 GATE
========================================================================
    generate layer NDIFFCONTTX, TYP = P, HPN = 0, FPN = 0, HEN = 0, FEN = 0
Time: cpu=0.00/0.14  real=0.00/0.21  Memory: 12.32/12.54/12.54  peak=21.49

    delete layer _CPTMPL368


operation group: 73/234
    _CPTMPL221 = SELECT -interact GATE _CPTMPL220
========================================================================
    generate layer _CPTMPL221, TYP = P, HPN = 0, FPN = 0, HEN = 0, FEN = 0
Time: cpu=0.00/0.14  real=0.00/0.21  Memory: 12.32/12.54/12.54  peak=21.49

    delete layer GATE
    delete layer _CPTMPL220


operation group: 74/234
    NGATE3V3TX = AND _CPTMPL221 TXFETmark
========================================================================
    generate layer NGATE3V3TX, TYP = P, HPN = 0, FPN = 0, HEN = 0, FEN = 0
Time: cpu=0.00/0.14  real=0.00/0.21  Memory: 12.32/12.54/12.54  peak=21.49

    delete layer _CPTMPL221


operation group: 75/234
    ALLNW = OR NW1V2 NW3V3
========================================================================
    generate layer ALLNW, TYP = P, HPN = 20, FPN = 281, HEN = 82, FEN = 1180
Time: cpu=0.00/0.14  real=0.00/0.21  Memory: 12.32/12.54/12.54  peak=21.49



operation group: 76/234
    NTAP = AND NDIFF ALLNW
========================================================================
    generate layer NTAP, TYP = P, HPN = 13, FPN = 207, HEN = 52, FEN = 828
Time: cpu=0.00/0.14  real=0.00/0.22  Memory: 12.32/12.54/20.57  peak=21.49



operation group: 77/234
    _CPTMPL275 = NOT PDIFF ALLNW
========================================================================
    generate layer _CPTMPL275, TYP = P, HPN = 6, FPN = 101, HEN = 28, FEN = 408
Time: cpu=0.00/0.14  real=0.00/0.22  Memory: 12.32/12.54/20.57  peak=21.49



operation group: 78/234
    BULK = SIZE CHIP -by 1
========================================================================
    generate layer BULK, TYP = P, HPN = 32, FPN = 1055, HEN = 492, FEN = 7280
Time: cpu=0.00/0.14  real=0.00/0.22  Memory: 12.32/12.54/16.55  peak=21.49



operation group: 79/234
    PSUB2UP = SIZE PSUB2 -by 0.005
========================================================================
    generate layer PSUB2UP, TYP = P, HPN = 0, FPN = 0, HEN = 0, FEN = 0
Time: cpu=0.00/0.14  real=0.00/0.22  Memory: 12.32/12.54/12.54  peak=21.49



operation group: 80/234
    PSUB2IN = SIZE PSUB2 -by -0.005
========================================================================
    generate layer PSUB2IN, TYP = P, HPN = 0, FPN = 0, HEN = 0, FEN = 0
Time: cpu=0.00/0.14  real=0.00/0.22  Memory: 12.32/12.54/12.54  peak=21.49

    delete layer PSUB2


operation group: 81/234
    PSUBRING = NOT PSUB2UP PSUB2IN
========================================================================
    generate layer PSUBRING, TYP = P, HPN = 0, FPN = 0, HEN = 0, FEN = 0
Time: cpu=0.00/0.14  real=0.00/0.22  Memory: 12.32/12.54/12.54  peak=21.49

    delete layer PSUB2UP
    delete layer PSUB2IN


operation group: 82/234
    _CPTMPL31 = NOT BULK PSUBRING
========================================================================
    generate layer _CPTMPL31, TYP = P, HPN = 32, FPN = 1055, HEN = 492, FEN = 7280
Time: cpu=0.00/0.14  real=0.00/0.22  Memory: 12.32/12.54/12.54  peak=21.49



operation group: 83/234
    PSUB = NOT _CPTMPL31 SEALRINGmark
========================================================================
    generate layer PSUB, TYP = P, HPN = 32, FPN = 1055, HEN = 492, FEN = 7280
Time: cpu=0.00/0.14  real=0.00/0.22  Memory: 12.32/12.54/12.54  peak=21.49

    delete layer _CPTMPL31


operation group: 84/234
    NWHOLE = HOLES ALLNW
========================================================================
    layer NWHOLE not generated, operation is dynamically optimized out.
Time: cpu=0.00/0.14  real=0.00/0.22  Memory: 12.32/12.54/12.54  peak=21.49



operation group: 85/234
    DNWRING = AND NWHOLE DNW
========================================================================
    generate layer DNWRING, TYP = P, HPN = 0, FPN = 0, HEN = 0, FEN = 0
Time: cpu=0.00/0.14  real=0.00/0.22  Memory: 12.32/12.54/12.54  peak=21.49



operation group: 86/234
    _CPTMPL36 = AND PSUB DNWRING
========================================================================
    generate layer _CPTMPL36, TYP = P, HPN = 0, FPN = 0, HEN = 0, FEN = 0
Time: cpu=0.00/0.14  real=0.00/0.22  Memory: 12.32/12.54/12.54  peak=21.49

    delete layer DNWRING


operation group: 87/234
    NWHOLENOTHOLE = NOT ALLNW NWHOLE
========================================================================
    layer NWHOLENOTHOLE not generated, operation is dynamically optimized out.
Time: cpu=0.00/0.14  real=0.00/0.22  Memory: 12.32/12.54/12.54  peak=21.49



operation group: 88/234
    _CPTMPL28 = SELECT -touch NWHOLENOTHOLE NWHOLE
========================================================================
    layer _CPTMPL28 not generated, operation is dynamically optimized out.
Time: cpu=0.00/0.14  real=0.00/0.22  Memory: 12.32/12.54/12.54  peak=21.49

    delete layer NWHOLENOTHOLE
    delete layer NWHOLE


operation group: 89/234
    NWHOLEINNER = HOLES ALLNW -inner
========================================================================
    layer NWHOLEINNER not generated, operation is dynamically optimized out.
Time: cpu=0.00/0.14  real=0.00/0.22  Memory: 12.32/12.54/12.54  peak=21.49



operation group: 90/234
    NWHOLENOTHOLEINNER = NOT ALLNW NWHOLEINNER
========================================================================
    layer NWHOLENOTHOLEINNER not generated, operation is dynamically optimized out.
Time: cpu=0.00/0.14  real=0.00/0.22  Memory: 12.32/12.54/12.54  peak=21.49



operation group: 91/234
    _CPTMPL29 = SELECT -touch NWHOLENOTHOLEINNER NWHOLEINNER
========================================================================
    layer _CPTMPL29 not generated, operation is dynamically optimized out.
Time: cpu=0.00/0.14  real=0.00/0.22  Memory: 12.32/12.54/12.54  peak=21.49

    delete layer NWHOLENOTHOLEINNER
    delete layer NWHOLEINNER


operation group: 92/234
    NWRING = OR _CPTMPL28 _CPTMPL29
========================================================================
    layer NWRING not generated, operation is dynamically optimized out.
Time: cpu=0.00/0.14  real=0.00/0.22  Memory: 12.32/12.54/12.54  peak=21.49

    delete layer _CPTMPL28
    delete layer _CPTMPL29


operation group: 93/234
    PSUBISO = NOT _CPTMPL36 NWRING
========================================================================
    generate layer PSUBISO, TYP = P, HPN = 0, FPN = 0, HEN = 0, FEN = 0
Time: cpu=0.00/0.14  real=0.00/0.22  Memory: 12.32/12.54/12.54  peak=21.49

    delete layer _CPTMPL36
    delete layer NWRING


operation group: 94/234
    PTAP = NOT _CPTMPL275 PSUBISO
========================================================================
    generate layer PTAP, TYP = P, HPN = 6, FPN = 101, HEN = 28, FEN = 408
Time: cpu=0.00/0.14  real=0.00/0.22  Memory: 12.32/12.54/12.54  peak=21.49



operation group: 95/234
    PTAPISO = AND _CPTMPL275 PSUBISO
========================================================================
    generate layer PTAPISO, TYP = P, HPN = 0, FPN = 0, HEN = 0, FEN = 0
Time: cpu=0.00/0.14  real=0.00/0.22  Memory: 12.32/12.54/12.54  peak=21.49

    delete layer _CPTMPL275


operation group: 96/234
    inPw1v2All = OR PW1V2orig PW1V2makeGen
========================================================================
    generate layer inPw1v2All, TYP = P, HPN = 7, FPN = 109, HEN = 32, FEN = 440
Time: cpu=0.00/0.14  real=0.00/0.22  Memory: 12.32/12.54/12.54  peak=21.49



operation group: 97/234
    pw1v2BlockGenNew = OR PXL PW1V2blockGen
========================================================================
    generate layer pw1v2BlockGenNew, TYP = P, HPN = 0, FPN = 0, HEN = 0, FEN = 0
Time: cpu=0.00/0.14  real=0.00/0.22  Memory: 12.32/12.54/12.54  peak=21.49



operation group: 98/234
    pw1V2OrgNotBlocked = NOT inPw1v2All pw1v2BlockGenNew
========================================================================
    generate layer pw1V2OrgNotBlocked, TYP = P, HPN = 7, FPN = 109, HEN = 32, FEN = 440
Time: cpu=0.00/0.14  real=0.00/0.22  Memory: 12.32/12.54/12.54  peak=21.49

    delete layer pw1v2BlockGenNew


operation group: 99/234
    noPw1v2 = CAT PW1V2blockGen PW1V2orig PW1V2makeGen PW3V3orig PW3V3makeGen NW1V2 NW3V3 PXL NLVT3V3
========================================================================
    generate layer noPw1v2, TYP = P, HPN = 26, FPN = 374, HEN = 110, FEN = 1556
Time: cpu=0.00/0.15  real=0.00/0.22  Memory: 12.32/12.54/16.55  peak=21.49

    delete layer PW1V2blockGen


operation group: 100/234
    generator1v2 = NOT BULK noPw1v2
========================================================================
    generate layer generator1v2, TYP = P, HPN = 2, FPN = 2, HEN = 228, FEN = 228
Time: cpu=0.00/0.15  real=0.00/0.22  Memory: 12.32/12.54/20.57  peak=21.49

    delete layer noPw1v2


operation group: 101/234
    pw1V2NewNotBlockedWoClean = OR pw1V2OrgNotBlocked generator1v2
========================================================================
    generate layer pw1V2NewNotBlockedWoClean, TYP = P, HPN = 8, FPN = 110, HEN = 252, FEN = 660
Time: cpu=0.00/0.15  real=0.00/0.22  Memory: 12.32/12.54/16.55  peak=21.49

    delete layer pw1V2OrgNotBlocked
    delete layer generator1v2


operation group: 102/234
    pw1v2Plus = SIZE pw1V2NewNotBlockedWoClean -by 0.005 -truncate 0.005
========================================================================
    generate layer pw1v2Plus, TYP = P, HPN = 26, FPN = 188, HEN = 268, FEN = 916
Time: cpu=0.00/0.15  real=0.00/0.22  Memory: 12.32/12.54/20.57  peak=21.49

    delete layer pw1V2NewNotBlockedWoClean


operation group: 103/234
    pw1v2UnderOver = SIZE pw1v2Plus -by 0.315 -underover -truncate 0.315
========================================================================
    generate layer pw1v2UnderOver, TYP = P, HPN = 12, FPN = 160, HEN = 276, FEN = 868
Time: cpu=0.00/0.15  real=0.00/0.22  Memory: 12.32/12.54/20.57  peak=21.49



operation group: 104/234
    pw1v2WidthCleanedTemp = AND pw1v2UnderOver pw1v2Plus
========================================================================
    generate layer pw1v2WidthCleanedTemp, TYP = P, HPN = 8, FPN = 110, HEN = 260, FEN = 668
Time: cpu=0.00/0.16  real=0.00/0.23  Memory: 12.32/12.54/20.57  peak=21.49

    delete layer pw1v2UnderOver
    delete layer pw1v2Plus


operation group: 105/234
    pw1v2WidthCleaned = SIZE pw1v2WidthCleanedTemp -by -0.005 -truncate 0.005
========================================================================
    generate layer pw1v2WidthCleaned, TYP = P, HPN = 21, FPN = 178, HEN = 428, FEN = 1056
Time: cpu=0.00/0.16  real=0.00/0.23  Memory: 12.32/12.54/20.57  peak=21.49

    delete layer pw1v2WidthCleanedTemp


operation group: 106/234
    outPw1v2 = NOT pw1v2WidthCleaned inPw1v2All
========================================================================
    generate layer outPw1v2, TYP = P, HPN = 2, FPN = 2, HEN = 228, FEN = 228
Time: cpu=0.00/0.16  real=0.00/0.23  Memory: 12.32/12.54/20.57  peak=21.49

    delete layer pw1v2WidthCleaned
    delete layer inPw1v2All


operation group: 107/234
    ioPw1v2GenNew = OR outPw1v2 PW1V2makeGen
========================================================================
    generate layer ioPw1v2GenNew, TYP = P, HPN = 2, FPN = 2, HEN = 228, FEN = 228
Time: cpu=0.00/0.16  real=0.00/0.23  Memory: 12.32/12.54/12.54  peak=21.49

    delete layer outPw1v2
    delete layer PW1V2makeGen


operation group: 108/234
    _CPTMPL75 = OR PW1V2orig ioPw1v2GenNew
========================================================================
    generate layer _CPTMPL75, TYP = P, HPN = 8, FPN = 110, HEN = 252, FEN = 660
Time: cpu=0.00/0.16  real=0.00/0.23  Memory: 12.32/12.54/16.55  peak=21.49



operation group: 109/234
    _CPTMPL76 = NOT _CPTMPL75 PSUBRING
========================================================================
    generate layer _CPTMPL76, TYP = P, HPN = 8, FPN = 110, HEN = 252, FEN = 660
Time: cpu=0.00/0.16  real=0.00/0.23  Memory: 12.32/12.54/12.54  peak=21.49

    delete layer _CPTMPL75


operation group: 110/234
    PW1V2 = NOT _CPTMPL76 SEALRINGmark
========================================================================
    generate layer PW1V2, TYP = P, HPN = 8, FPN = 110, HEN = 252, FEN = 660
Time: cpu=0.00/0.16  real=0.00/0.23  Memory: 12.32/12.54/12.54  peak=21.49

    delete layer _CPTMPL76


operation group: 111/234
    inPw3v3All = OR PW3V3orig PW3V3makeGen
========================================================================
    generate layer inPw3v3All, TYP = P, HPN = 0, FPN = 0, HEN = 0, FEN = 0
Time: cpu=0.00/0.16  real=0.00/0.23  Memory: 12.32/12.54/12.54  peak=21.49



operation group: 112/234
    pw3v3BlockGenNew = OR PXL PW3V3blockGen
========================================================================
    generate layer pw3v3BlockGenNew, TYP = P, HPN = 0, FPN = 0, HEN = 0, FEN = 0
Time: cpu=0.00/0.16  real=0.00/0.23  Memory: 12.32/12.54/12.54  peak=21.49



operation group: 113/234
    pw3V3OrgNotBlocked = NOT inPw3v3All pw3v3BlockGenNew
========================================================================
    generate layer pw3V3OrgNotBlocked, TYP = P, HPN = 0, FPN = 0, HEN = 0, FEN = 0
Time: cpu=0.00/0.16  real=0.00/0.23  Memory: 12.32/12.54/12.54  peak=21.49

    delete layer pw3v3BlockGenNew


operation group: 114/234
    noPw3v3 = CAT PW3V3blockGen PW1V2orig PW3V3orig PW3V3makeGen NW1V2 NW3V3 PXL NLVT3V3
========================================================================
    generate layer noPw3v3, TYP = P, HPN = 26, FPN = 374, HEN = 110, FEN = 1556
Time: cpu=0.00/0.16  real=0.00/0.23  Memory: 12.32/12.54/16.55  peak=21.49

    delete layer PW3V3blockGen
    delete layer PW1V2orig


operation group: 115/234
    _CPTMPL66 = NOT BULK noPw3v3
========================================================================
    generate layer _CPTMPL66, TYP = P, HPN = 2, FPN = 2, HEN = 228, FEN = 228
Time: cpu=0.00/0.16  real=0.00/0.23  Memory: 12.32/12.54/20.57  peak=21.49

    delete layer BULK
    delete layer noPw3v3


operation group: 116/234
    generator3v3 = NOT _CPTMPL66 ioPw1v2GenNew
========================================================================
    generate layer generator3v3, TYP = P, HPN = 0, FPN = 0, HEN = 0, FEN = 0
Time: cpu=0.00/0.16  real=0.00/0.23  Memory: 12.32/12.54/17.56  peak=21.49

    delete layer _CPTMPL66
    delete layer ioPw1v2GenNew


operation group: 117/234
    pw3V3NewNotBlockedWoClean = OR pw3V3OrgNotBlocked generator3v3
========================================================================
    generate layer pw3V3NewNotBlockedWoClean, TYP = P, HPN = 0, FPN = 0, HEN = 0, FEN = 0
Time: cpu=0.00/0.16  real=0.00/0.23  Memory: 12.32/12.54/12.54  peak=21.49

    delete layer pw3V3OrgNotBlocked
    delete layer generator3v3


operation group: 118/234
    pw3v3Plus = SIZE pw3V3NewNotBlockedWoClean -by 0.005 -truncate 0.005
========================================================================
    generate layer pw3v3Plus, TYP = P, HPN = 0, FPN = 0, HEN = 0, FEN = 0
Time: cpu=0.00/0.16  real=0.00/0.23  Memory: 12.32/12.54/12.54  peak=21.49

    delete layer pw3V3NewNotBlockedWoClean


operation group: 119/234
    pw3v3UnderOver = SIZE pw3v3Plus -by 0.5 -underover -truncate 0.5
========================================================================
    generate layer pw3v3UnderOver, TYP = P, HPN = 0, FPN = 0, HEN = 0, FEN = 0
Time: cpu=0.00/0.16  real=0.00/0.23  Memory: 12.32/12.54/12.54  peak=21.49



operation group: 120/234
    pw3v3WidthCleanedTemp = AND pw3v3UnderOver pw3v3Plus
========================================================================
    generate layer pw3v3WidthCleanedTemp, TYP = P, HPN = 0, FPN = 0, HEN = 0, FEN = 0
Time: cpu=0.00/0.16  real=0.00/0.23  Memory: 12.32/12.54/12.54  peak=21.49

    delete layer pw3v3UnderOver
    delete layer pw3v3Plus


operation group: 121/234
    pw3v3WidthCleaned = SIZE pw3v3WidthCleanedTemp -by -0.005 -truncate 0.005
========================================================================
    generate layer pw3v3WidthCleaned, TYP = P, HPN = 0, FPN = 0, HEN = 0, FEN = 0
Time: cpu=0.00/0.16  real=0.00/0.23  Memory: 12.32/12.54/12.54  peak=21.49

    delete layer pw3v3WidthCleanedTemp


operation group: 122/234
    outPw3v3 = NOT pw3v3WidthCleaned inPw3v3All
========================================================================
    generate layer outPw3v3, TYP = P, HPN = 0, FPN = 0, HEN = 0, FEN = 0
Time: cpu=0.00/0.16  real=0.00/0.23  Memory: 12.32/12.54/12.54  peak=21.49

    delete layer pw3v3WidthCleaned
    delete layer inPw3v3All


operation group: 123/234
    _CPTMPL78 = OR PW3V3orig outPw3v3 PW3V3makeGen
========================================================================
    generate layer _CPTMPL78, TYP = P, HPN = 0, FPN = 0, HEN = 0, FEN = 0
Time: cpu=0.00/0.16  real=0.00/0.23  Memory: 12.32/12.54/12.54  peak=21.49

    delete layer PW3V3orig
    delete layer outPw3v3
    delete layer PW3V3makeGen


operation group: 124/234
    _CPTMPL79 = NOT _CPTMPL78 PSUBRING
========================================================================
    generate layer _CPTMPL79, TYP = P, HPN = 0, FPN = 0, HEN = 0, FEN = 0
Time: cpu=0.00/0.16  real=0.00/0.23  Memory: 12.32/12.54/12.54  peak=21.49

    delete layer _CPTMPL78
    delete layer PSUBRING


operation group: 125/234
    PW3V3 = NOT _CPTMPL79 SEALRINGmark
========================================================================
    generate layer PW3V3, TYP = P, HPN = 0, FPN = 0, HEN = 0, FEN = 0
Time: cpu=0.00/0.16  real=0.00/0.24  Memory: 12.32/12.54/12.54  peak=21.49

    delete layer _CPTMPL79
    delete layer SEALRINGmark


operation group: 126/234
    CONNECT METAL1a METAL2a -by VIA1
    CONNECT METAL2a METAL3a -by VIA2
    CONNECT METAL3a METAL4a -by VIA3
    CONNECT METAL4a METAL5a -by VIA4
    CONNECT METAL5a METALFa -by VIAF2
    CONNECT MIMSa METALFa -by VIAM
    CONNECT TOPMIM METALFa -by VIAM
    CONNECT TOPMIMS2 METALFa -by VIAM
    CONNECT TOPMIMS7 METALFa -by VIAM
    CONNECT METALFa METALTa -by VIAT
    CONNECT BSMET METAL1a -by SLOTOX
    CONNECT POLYG3 METAL1a -by POLYCONT
    CONNECT NDIFF METAL1a PNPBASE -by NDIFFCONT
    CONNECT PDIFF METAL1a PNPEMIT5UX5U PNPEMIT10UX2U5 -by PDIFFCONT
    CONNECT NDIFFTX METAL1a -by NDIFFCONTTX
    CONNECT PNPBASE METAL1a -by NDIFFCONT
    CONNECT PNPEMIT5UX5U METAL1a -by PDIFFCONT
    CONNECT PNPEMIT10UX2U5 METAL1a -by PDIFFCONT
    CONNECT NGATE POLYG3
    CONNECT PGATE POLYG3
    CONNECT NGATE3V3TX POLYG3
    SCONNECT PNPBASE NTAP -by NDIFFCONT
    SCONNECT PNPEMIT5UX5U PTAP -by PDIFFCONT
    SCONNECT PNPEMIT5UX5U PTAPISO -by PDIFFCONT
    SCONNECT NDIFF NTAP -by NDIFFCONT
    SCONNECT PDIFF PTAP -by PDIFFCONT
    SCONNECT PDIFF PTAPISO -by PDIFFCONT
    SCONNECT NTAP NW1V2
    SCONNECT PTAP PW1V2
    SCONNECT PTAPISO PW1V2
    SCONNECT NTAP NW3V3
    SCONNECT PTAP PW3V3
    SCONNECT PTAPISO PW3V3
    SCONNECT PTAP ARRAYPW
    SCONNECT PTAP PSUB
    SCONNECT PTAPISO PSUBISO
    SCONNECT NW1V2 DNW
    SCONNECT NW3V3 DNW
========================================================================
    LVS_SOFTCHK NW1V2 -TYPE UPPER   Total Result        0 (       0)
    LVS_SOFTCHK NW3V3 -TYPE UPPER   Total Result        0 (       0)
    LVS_SOFTCHK PW1V2 -TYPE UPPER   Total Result        0 (       0)
    LVS_SOFTCHK PW3V3 -TYPE UPPER   Total Result        0 (       0)
    LVS_SOFTCHK ARRAYPW -TYPE UPPER   Total Result        0 (       0)
    LVS_SOFTCHK PSUB -TYPE UPPER   Total Result        0 (       0)
    LVS_SOFTCHK PSUBISO -TYPE UPPER   Total Result        0 (       0)
Time: cpu=0.03/0.20  real=0.03/0.27  Memory: 12.37/12.57/25.64  peak=25.64

    delete layer VIA1
    delete layer VIA2
    delete layer VIA3
    delete layer VIA4
    delete layer VIAF2
    delete layer VIAT
    delete layer SLOTOX
    delete layer POLYCONT
    delete layer NDIFFCONTTX
    delete layer NDIFFCONT
    delete layer PDIFFCONT


operation group: 127/234
    CAPF_M2M3 = SELECT -label CAPFmark -textname cvnm2m3 -textlayer CAPFlabel
========================================================================
    generate layer CAPF_M2M3, TYP = P, HPN = 0, FPN = 0, HEN = 0, FEN = 0
Time: cpu=0.00/0.20  real=0.00/0.27  Memory: 12.37/12.57/12.57  peak=25.64

    delete layer CAPFmark
    delete layer CAPFlabel


operation group: 128/234
    METAL23_0 = AND METAL2 METAL3
========================================================================
    layer METAL23_0 not generated, operation is dynamically optimized out.
Time: cpu=0.00/0.20  real=0.00/0.27  Memory: 12.37/12.57/12.57  peak=25.64

    delete layer METAL2
    delete layer METAL3


operation group: 129/234
    _EPTMPL262182 = SELECT -inside METAL23_0 CAPF_M2M3
========================================================================
    generate layer _EPTMPL262182, TYP = P, HPN = 0, FPN = 0, HEN = 0, FEN = 0
Time: cpu=0.00/0.20  real=0.00/0.27  Memory: 12.37/12.57/12.57  peak=25.64

    delete layer METAL23_0


operation group: 130/234
    FRCAPM2M3 = SELECT -enclose CAPF_M2M3 _EPTMPL262182
========================================================================
    generate layer FRCAPM2M3, TYP = P, HPN = 0, FPN = 0, HEN = 0, FEN = 0
Time: cpu=0.00/0.20  real=0.00/0.27  Memory: 12.37/12.57/12.57  peak=25.64

    delete layer _EPTMPL262182


operation group: 131/234
    RPOLYSALBLK = AND RPPOLYS1 SALBLK
========================================================================
    generate layer RPOLYSALBLK, TYP = P, HPN = 51, FPN = 442, HEN = 204, FEN = 1768
Time: cpu=0.00/0.20  real=0.00/0.27  Memory: 12.37/12.57/17.60  peak=25.64

    delete layer SALBLK


operation group: 132/234
    RNPOLYH = SELECT -inside RPOLYSALBLK NPLUS
========================================================================
    generate layer RNPOLYH, TYP = P, HPN = 0, FPN = 0, HEN = 0, FEN = 0
Time: cpu=0.00/0.20  real=0.00/0.27  Memory: 12.37/12.57/20.61  peak=25.64



operation group: 133/234
    RNPOLYHPW1V2 = AND RNPOLYH PW1V2
========================================================================
    generate layer RNPOLYHPW1V2, TYP = P, HPN = 0, FPN = 0, HEN = 0, FEN = 0
Time: cpu=0.00/0.20  real=0.00/0.27  Memory: 12.37/12.57/12.57  peak=25.64



operation group: 134/234
    RNPOLYHPW3V3 = AND RNPOLYH PW3V3
========================================================================
    generate layer RNPOLYHPW3V3, TYP = P, HPN = 0, FPN = 0, HEN = 0, FEN = 0
Time: cpu=0.00/0.20  real=0.00/0.27  Memory: 12.37/12.57/12.57  peak=25.64



operation group: 135/234
    RNPOLYHNW1V2 = AND RNPOLYH NW1V2
========================================================================
    generate layer RNPOLYHNW1V2, TYP = P, HPN = 0, FPN = 0, HEN = 0, FEN = 0
Time: cpu=0.00/0.20  real=0.00/0.27  Memory: 12.37/12.57/12.57  peak=25.64



operation group: 136/234
    RNPOLYHNW3V3 = AND RNPOLYH NW3V3
========================================================================
    generate layer RNPOLYHNW3V3, TYP = P, HPN = 0, FPN = 0, HEN = 0, FEN = 0
Time: cpu=0.00/0.20  real=0.00/0.27  Memory: 12.37/12.57/12.57  peak=25.64



operation group: 137/234
    RNPOLYS1 = AND RPPOLYS1 POLYDOPE
========================================================================
    generate layer RNPOLYS1, TYP = P, HPN = 51, FPN = 442, HEN = 204, FEN = 1768
Time: cpu=0.00/0.20  real=0.00/0.27  Memory: 12.37/12.57/17.60  peak=25.64

    delete layer RPPOLYS1
    delete layer POLYDOPE


operation group: 138/234
    RNPOLYM1 = AND RNPOLYS1 RPOLYSALBLK
========================================================================
    generate layer RNPOLYM1, TYP = P, HPN = 51, FPN = 442, HEN = 204, FEN = 1768
Time: cpu=0.00/0.20  real=0.00/0.27  Memory: 12.37/12.57/17.85  peak=25.64

    delete layer RNPOLYS1


operation group: 139/234
    _CPTMPL126 = SELECT -interact RNPOLYM1 NPLUS
========================================================================
    generate layer _CPTMPL126, TYP = P, HPN = 51, FPN = 442, HEN = 204, FEN = 1768
Time: cpu=0.00/0.20  real=0.00/0.28  Memory: 12.37/12.57/20.61  peak=25.64

    delete layer RNPOLYM1
    delete layer NPLUS


operation group: 140/234
    RNPOLYM = NOT _CPTMPL126 RNPOLYH
========================================================================
    generate layer RNPOLYM, TYP = P, HPN = 51, FPN = 442, HEN = 204, FEN = 1768
Time: cpu=0.00/0.20  real=0.00/0.28  Memory: 12.37/12.57/12.57  peak=25.64

    delete layer _CPTMPL126
    delete layer RNPOLYH


operation group: 141/234
    RNPOLYMPW1V2 = AND RNPOLYM PW1V2
========================================================================
    generate layer RNPOLYMPW1V2, TYP = P, HPN = 0, FPN = 0, HEN = 0, FEN = 0
Time: cpu=0.00/0.20  real=0.00/0.28  Memory: 12.37/12.57/17.85  peak=25.64



operation group: 142/234
    RNPOLYMPW3V3 = AND RNPOLYM PW3V3
========================================================================
    generate layer RNPOLYMPW3V3, TYP = P, HPN = 0, FPN = 0, HEN = 0, FEN = 0
Time: cpu=0.00/0.20  real=0.00/0.28  Memory: 12.37/12.57/12.57  peak=25.64



operation group: 143/234
    RNPOLYMNW1V2 = AND RNPOLYM NW1V2
========================================================================
    generate layer RNPOLYMNW1V2, TYP = P, HPN = 51, FPN = 442, HEN = 204, FEN = 1768
Time: cpu=0.00/0.21  real=0.00/0.28  Memory: 12.37/12.57/17.60  peak=25.64



operation group: 144/234
    RNPOLYMNW3V3 = AND RNPOLYM NW3V3
========================================================================
    generate layer RNPOLYMNW3V3, TYP = P, HPN = 0, FPN = 0, HEN = 0, FEN = 0
Time: cpu=0.00/0.21  real=0.00/0.28  Memory: 12.37/12.57/12.57  peak=25.64

    delete layer RNPOLYM


operation group: 145/234
    RPPOLYM = AND RPOLYSALBLK PPLUS
========================================================================
    generate layer RPPOLYM, TYP = P, HPN = 0, FPN = 0, HEN = 0, FEN = 0
Time: cpu=0.00/0.21  real=0.00/0.28  Memory: 12.37/12.57/16.59  peak=25.64

    delete layer RPOLYSALBLK
    delete layer PPLUS


operation group: 146/234
    RPPOLYMPW1V2 = AND RPPOLYM PW1V2
========================================================================
    generate layer RPPOLYMPW1V2, TYP = P, HPN = 0, FPN = 0, HEN = 0, FEN = 0
Time: cpu=0.00/0.21  real=0.00/0.28  Memory: 12.37/12.57/12.57  peak=25.64



operation group: 147/234
    RPPOLYMPW3V3 = AND RPPOLYM PW3V3
========================================================================
    generate layer RPPOLYMPW3V3, TYP = P, HPN = 0, FPN = 0, HEN = 0, FEN = 0
Time: cpu=0.00/0.21  real=0.00/0.28  Memory: 12.37/12.57/12.57  peak=25.64



operation group: 148/234
    RPPOLYMNW1V2 = AND RPPOLYM NW1V2
========================================================================
    generate layer RPPOLYMNW1V2, TYP = P, HPN = 0, FPN = 0, HEN = 0, FEN = 0
Time: cpu=0.00/0.21  real=0.00/0.28  Memory: 12.37/12.57/12.57  peak=25.64



operation group: 149/234
    RPPOLYMNW3V3 = AND RPPOLYM NW3V3
========================================================================
    generate layer RPPOLYMNW3V3, TYP = P, HPN = 0, FPN = 0, HEN = 0, FEN = 0
Time: cpu=0.00/0.21  real=0.00/0.28  Memory: 12.37/12.57/12.57  peak=25.64

    delete layer RPPOLYM


operation group: 150/234
    NGATE3V3 = AND NGATE NEXT3V3
========================================================================
    generate layer NGATE3V3, TYP = P, HPN = 0, FPN = 0, HEN = 0, FEN = 0
Time: cpu=0.00/0.21  real=0.00/0.28  Memory: 12.37/12.57/12.57  peak=25.64



operation group: 151/234
    _CPTMPL217 = NOT NGATE3V3 TXFETmark
========================================================================
    generate layer _CPTMPL217, TYP = P, HPN = 0, FPN = 0, HEN = 0, FEN = 0
Time: cpu=0.00/0.21  real=0.00/0.28  Memory: 12.37/12.57/12.57  peak=25.64



operation group: 152/234
    _CPTMPL218 = AND _CPTMPL217 ARRAYPW
========================================================================
    generate layer _CPTMPL218, TYP = P, HPN = 0, FPN = 0, HEN = 0, FEN = 0
Time: cpu=0.00/0.21  real=0.00/0.28  Memory: 12.37/12.57/12.57  peak=25.64

    delete layer _CPTMPL217


operation group: 153/234
    NMOS3V3PIX = AND _CPTMPL218 PXL
========================================================================
    generate layer NMOS3V3PIX, TYP = P, HPN = 0, FPN = 0, HEN = 0, FEN = 0
Time: cpu=0.00/0.21  real=0.00/0.28  Memory: 12.37/12.57/12.57  peak=25.64

    delete layer _CPTMPL218
    delete layer PXL


operation group: 154/234
    NMOS3V3TX = AND NGATE3V3TX TXFETmark
========================================================================
    generate layer NMOS3V3TX, TYP = P, HPN = 0, FPN = 0, HEN = 0, FEN = 0
Time: cpu=0.00/0.21  real=0.00/0.28  Memory: 12.37/12.57/12.57  peak=25.64

    delete layer TXFETmark


operation group: 155/234
    _CPTMPL163 = AND NGATE NEXT1V2
========================================================================
    generate layer _CPTMPL163, TYP = P, HPN = 7, FPN = 111, HEN = 28, FEN = 444
Time: cpu=0.00/0.21  real=0.00/0.28  Memory: 12.37/12.57/17.85  peak=25.64



operation group: 156/234
    NGATE1V2 = AND _CPTMPL163 GOX1V2
========================================================================
    generate layer NGATE1V2, TYP = P, HPN = 7, FPN = 111, HEN = 28, FEN = 444
Time: cpu=0.00/0.21  real=0.00/0.28  Memory: 12.37/12.57/17.85  peak=25.64

    delete layer _CPTMPL163


operation group: 157/234
    NMOS1V2HVT1 = AND NGATE1V2 PW1V2
========================================================================
    generate layer NMOS1V2HVT1, TYP = P, HPN = 7, FPN = 111, HEN = 28, FEN = 444
Time: cpu=0.00/0.21  real=0.00/0.28  Memory: 12.37/12.57/17.85  peak=25.64



operation group: 158/234
    NCAP1V2HVT = AND NMOS1V2HVT1 CAPmark
========================================================================
    generate layer NCAP1V2HVT, TYP = P, HPN = 0, FPN = 0, HEN = 0, FEN = 0
Time: cpu=0.00/0.21  real=0.00/0.28  Memory: 12.37/12.57/12.57  peak=25.64



operation group: 159/234
    _CPTMPL165 = AND PGATE PEXT1V2
========================================================================
    generate layer _CPTMPL165, TYP = P, HPN = 17, FPN = 199, HEN = 68, FEN = 796
Time: cpu=0.00/0.21  real=0.00/0.29  Memory: 12.37/12.57/17.85  peak=25.64



operation group: 160/234
    PGATE1V2 = AND _CPTMPL165 GOX1V2
========================================================================
    generate layer PGATE1V2, TYP = P, HPN = 17, FPN = 199, HEN = 68, FEN = 796
Time: cpu=0.00/0.22  real=0.00/0.29  Memory: 12.37/12.57/17.85  peak=25.64

    delete layer _CPTMPL165


operation group: 161/234
    PMOS1V2HVT1 = AND PGATE1V2 NW1V2
========================================================================
    generate layer PMOS1V2HVT1, TYP = P, HPN = 17, FPN = 199, HEN = 68, FEN = 796
Time: cpu=0.00/0.22  real=0.00/0.29  Memory: 12.37/12.57/17.85  peak=25.64

    delete layer PGATE1V2


operation group: 162/234
    PCAP1V2HVT = AND PMOS1V2HVT1 CAPmark
========================================================================
    generate layer PCAP1V2HVT, TYP = P, HPN = 0, FPN = 0, HEN = 0, FEN = 0
Time: cpu=0.00/0.22  real=0.00/0.29  Memory: 12.37/12.57/12.57  peak=25.64



operation group: 163/234
    NMOS3V3RVT1 = AND NGATE3V3 PW3V3
========================================================================
    generate layer NMOS3V3RVT1, TYP = P, HPN = 0, FPN = 0, HEN = 0, FEN = 0
Time: cpu=0.00/0.22  real=0.00/0.29  Memory: 12.37/12.57/12.57  peak=25.64



operation group: 164/234
    NCAP3V3RVT = AND NMOS3V3RVT1 CAPmark
========================================================================
    generate layer NCAP3V3RVT, TYP = P, HPN = 0, FPN = 0, HEN = 0, FEN = 0
Time: cpu=0.00/0.22  real=0.00/0.29  Memory: 12.37/12.57/12.57  peak=25.64



operation group: 165/234
    PGATE3V3 = AND PGATE PEXT3V3
========================================================================
    generate layer PGATE3V3, TYP = P, HPN = 0, FPN = 0, HEN = 0, FEN = 0
Time: cpu=0.00/0.22  real=0.00/0.29  Memory: 12.37/12.57/12.57  peak=25.64



operation group: 166/234
    PMOS3V3RVT1 = AND PGATE3V3 NW3V3
========================================================================
    generate layer PMOS3V3RVT1, TYP = P, HPN = 0, FPN = 0, HEN = 0, FEN = 0
Time: cpu=0.00/0.22  real=0.00/0.29  Memory: 12.37/12.57/12.57  peak=25.64

    delete layer PGATE3V3


operation group: 167/234
    PCAP3V3RVT = AND PMOS3V3RVT1 CAPmark
========================================================================
    generate layer PCAP3V3RVT, TYP = P, HPN = 0, FPN = 0, HEN = 0, FEN = 0
Time: cpu=0.00/0.22  real=0.00/0.29  Memory: 12.37/12.57/12.57  peak=25.64



operation group: 168/234
    NMOS1V2HVT = NOT NMOS1V2HVT1 CAPmark
========================================================================
    generate layer NMOS1V2HVT, TYP = P, HPN = 7, FPN = 111, HEN = 28, FEN = 444
Time: cpu=0.00/0.22  real=0.00/0.29  Memory: 12.37/12.57/12.57  peak=25.64

    delete layer NMOS1V2HVT1


operation group: 169/234
    PMOS1V2HVT = NOT PMOS1V2HVT1 CAPmark
========================================================================
    generate layer PMOS1V2HVT, TYP = P, HPN = 17, FPN = 199, HEN = 68, FEN = 796
Time: cpu=0.00/0.22  real=0.00/0.29  Memory: 12.37/12.57/12.57  peak=25.64

    delete layer PMOS1V2HVT1


operation group: 170/234
    NMOS3V3RVT = NOT NMOS3V3RVT1 CAPmark
========================================================================
    generate layer NMOS3V3RVT, TYP = P, HPN = 0, FPN = 0, HEN = 0, FEN = 0
Time: cpu=0.00/0.22  real=0.00/0.29  Memory: 12.37/12.57/12.57  peak=25.64

    delete layer NMOS3V3RVT1


operation group: 171/234
    PMOS3V3RVT = NOT PMOS3V3RVT1 CAPmark
========================================================================
    generate layer PMOS3V3RVT, TYP = P, HPN = 0, FPN = 0, HEN = 0, FEN = 0
Time: cpu=0.00/0.22  real=0.00/0.29  Memory: 12.37/12.57/12.57  peak=25.64

    delete layer PMOS3V3RVT1
    delete layer CAPmark


operation group: 172/234
    DNPPW = AND NDIFF DIOmark
========================================================================
    generate layer DNPPW, TYP = P, HPN = 0, FPN = 0, HEN = 0, FEN = 0
Time: cpu=0.00/0.22  real=0.00/0.29  Memory: 12.37/12.57/12.57  peak=25.64



operation group: 173/234
    _CPTMPL280 = AND DNPPW PW1V2
========================================================================
    generate layer _CPTMPL280, TYP = P, HPN = 0, FPN = 0, HEN = 0, FEN = 0
Time: cpu=0.00/0.22  real=0.00/0.29  Memory: 12.37/12.57/12.57  peak=25.64



operation group: 174/234
    _CPTMPL281 = AND _CPTMPL280 NEXT1V2
========================================================================
    generate layer _CPTMPL281, TYP = P, HPN = 0, FPN = 0, HEN = 0, FEN = 0
Time: cpu=0.00/0.22  real=0.00/0.29  Memory: 12.37/12.57/12.57  peak=25.64

    delete layer _CPTMPL280


operation group: 175/234
    DNPPW1V2 = SELECT -inside _CPTMPL281 GOX1V2
========================================================================
    generate layer DNPPW1V2, TYP = P, HPN = 0, FPN = 0, HEN = 0, FEN = 0
Time: cpu=0.00/0.22  real=0.00/0.29  Memory: 12.37/12.57/12.57  peak=25.64

    delete layer _CPTMPL281


operation group: 176/234
    _CPTMPL286 = AND DNPPW PW3V3
========================================================================
    generate layer _CPTMPL286, TYP = P, HPN = 0, FPN = 0, HEN = 0, FEN = 0
Time: cpu=0.00/0.22  real=0.00/0.29  Memory: 12.37/12.57/12.57  peak=25.64

    delete layer DNPPW


operation group: 177/234
    DNPPW3V3 = AND _CPTMPL286 NEXT3V3
========================================================================
    generate layer DNPPW3V3, TYP = P, HPN = 0, FPN = 0, HEN = 0, FEN = 0
Time: cpu=0.00/0.22  real=0.00/0.29  Memory: 12.37/12.57/12.57  peak=25.64

    delete layer _CPTMPL286


operation group: 178/234
    DNPPWESD = AND NDIFF ESDDIOmark
========================================================================
    generate layer DNPPWESD, TYP = P, HPN = 0, FPN = 0, HEN = 0, FEN = 0
Time: cpu=0.00/0.22  real=0.00/0.29  Memory: 12.37/12.57/12.57  peak=25.64



operation group: 179/234
    _CPTMPL293 = AND DNPPWESD PW1V2
========================================================================
    generate layer _CPTMPL293, TYP = P, HPN = 0, FPN = 0, HEN = 0, FEN = 0
Time: cpu=0.00/0.22  real=0.00/0.29  Memory: 12.37/12.57/12.57  peak=25.64



operation group: 180/234
    _CPTMPL294 = AND _CPTMPL293 NEXT1V2
========================================================================
    generate layer _CPTMPL294, TYP = P, HPN = 0, FPN = 0, HEN = 0, FEN = 0
Time: cpu=0.00/0.22  real=0.00/0.29  Memory: 12.37/12.57/12.57  peak=25.64

    delete layer _CPTMPL293
    delete layer NEXT1V2


operation group: 181/234
    DNPPW1V2ESD = SELECT -inside _CPTMPL294 GOX1V2
========================================================================
    generate layer DNPPW1V2ESD, TYP = P, HPN = 0, FPN = 0, HEN = 0, FEN = 0
Time: cpu=0.00/0.22  real=0.00/0.29  Memory: 12.37/12.57/12.57  peak=25.64

    delete layer _CPTMPL294


operation group: 182/234
    _CPTMPL296 = AND DNPPWESD PW3V3
========================================================================
    generate layer _CPTMPL296, TYP = P, HPN = 0, FPN = 0, HEN = 0, FEN = 0
Time: cpu=0.00/0.22  real=0.00/0.29  Memory: 12.37/12.57/12.57  peak=25.64

    delete layer DNPPWESD


operation group: 183/234
    DNPPW3V3ESD = AND _CPTMPL296 NEXT3V3
========================================================================
    generate layer DNPPW3V3ESD, TYP = P, HPN = 0, FPN = 0, HEN = 0, FEN = 0
Time: cpu=0.00/0.22  real=0.00/0.29  Memory: 12.37/12.57/12.57  peak=25.64

    delete layer _CPTMPL296
    delete layer NEXT3V3


operation group: 184/234
    DPPNW = AND PDIFF DIOmark
========================================================================
    generate layer DPPNW, TYP = P, HPN = 0, FPN = 0, HEN = 0, FEN = 0
Time: cpu=0.00/0.22  real=0.00/0.29  Memory: 12.37/12.57/12.57  peak=25.64



operation group: 185/234
    _CPTMPL303 = AND DPPNW NW1V2
========================================================================
    generate layer _CPTMPL303, TYP = P, HPN = 0, FPN = 0, HEN = 0, FEN = 0
Time: cpu=0.00/0.22  real=0.00/0.29  Memory: 12.37/12.57/12.57  peak=25.64



operation group: 186/234
    _CPTMPL304 = AND _CPTMPL303 PEXT1V2
========================================================================
    generate layer _CPTMPL304, TYP = P, HPN = 0, FPN = 0, HEN = 0, FEN = 0
Time: cpu=0.00/0.22  real=0.00/0.29  Memory: 12.37/12.57/12.57  peak=25.64

    delete layer _CPTMPL303


operation group: 187/234
    DPPNW1V2 = SELECT -inside _CPTMPL304 GOX1V2
========================================================================
    generate layer DPPNW1V2, TYP = P, HPN = 0, FPN = 0, HEN = 0, FEN = 0
Time: cpu=0.00/0.22  real=0.00/0.29  Memory: 12.37/12.57/12.57  peak=25.64

    delete layer _CPTMPL304


operation group: 188/234
    _CPTMPL309 = AND DPPNW NW3V3
========================================================================
    generate layer _CPTMPL309, TYP = P, HPN = 0, FPN = 0, HEN = 0, FEN = 0
Time: cpu=0.00/0.22  real=0.00/0.29  Memory: 12.37/12.57/12.57  peak=25.64

    delete layer DPPNW


operation group: 189/234
    DPPNW3V3 = AND _CPTMPL309 PEXT3V3
========================================================================
    generate layer DPPNW3V3, TYP = P, HPN = 0, FPN = 0, HEN = 0, FEN = 0
Time: cpu=0.00/0.22  real=0.00/0.29  Memory: 12.37/12.57/12.57  peak=25.64

    delete layer _CPTMPL309


operation group: 190/234
    DPPNWESD = AND PDIFF ESDDIOmark
========================================================================
    generate layer DPPNWESD, TYP = P, HPN = 0, FPN = 0, HEN = 0, FEN = 0
Time: cpu=0.00/0.22  real=0.00/0.29  Memory: 12.37/12.57/12.57  peak=25.64

    delete layer ESDDIOmark


operation group: 191/234
    _CPTMPL316 = AND DPPNWESD NW1V2
========================================================================
    generate layer _CPTMPL316, TYP = P, HPN = 0, FPN = 0, HEN = 0, FEN = 0
Time: cpu=0.00/0.22  real=0.00/0.29  Memory: 12.37/12.57/12.57  peak=25.64



operation group: 192/234
    _CPTMPL317 = AND _CPTMPL316 PEXT1V2
========================================================================
    generate layer _CPTMPL317, TYP = P, HPN = 0, FPN = 0, HEN = 0, FEN = 0
Time: cpu=0.00/0.22  real=0.00/0.29  Memory: 12.37/12.57/12.57  peak=25.64

    delete layer _CPTMPL316
    delete layer PEXT1V2


operation group: 193/234
    DPPNW1V2ESD = AND _CPTMPL317 GOX1V2
========================================================================
    generate layer DPPNW1V2ESD, TYP = P, HPN = 0, FPN = 0, HEN = 0, FEN = 0
Time: cpu=0.00/0.22  real=0.00/0.29  Memory: 12.37/12.57/12.57  peak=25.64

    delete layer _CPTMPL317


operation group: 194/234
    _CPTMPL319 = AND DPPNWESD NW3V3
========================================================================
    generate layer _CPTMPL319, TYP = P, HPN = 0, FPN = 0, HEN = 0, FEN = 0
Time: cpu=0.00/0.22  real=0.00/0.29  Memory: 12.37/12.57/12.57  peak=25.64

    delete layer DPPNWESD


operation group: 195/234
    DPPNW3V3ESD = AND _CPTMPL319 PEXT3V3
========================================================================
    generate layer DPPNW3V3ESD, TYP = P, HPN = 0, FPN = 0, HEN = 0, FEN = 0
Time: cpu=0.00/0.22  real=0.00/0.29  Memory: 12.37/12.57/12.57  peak=25.64

    delete layer _CPTMPL319
    delete layer PEXT3V3


operation group: 196/234
    DDNWSUB = AND DNW PSUB
========================================================================
    generate layer DDNWSUB, TYP = P, HPN = 0, FPN = 0, HEN = 0, FEN = 0
Time: cpu=0.00/0.22  real=0.00/0.29  Memory: 12.37/12.57/12.57  peak=25.64



operation group: 197/234
    DPW1V2DNW = AND PW1V2 DNW
========================================================================
    generate layer DPW1V2DNW, TYP = P, HPN = 0, FPN = 0, HEN = 0, FEN = 0
Time: cpu=0.00/0.22  real=0.00/0.29  Memory: 12.37/12.57/12.57  peak=25.64



operation group: 198/234
    DPW3V3DNW = AND PW3V3 DNW
========================================================================
    generate layer DPW3V3DNW, TYP = P, HPN = 0, FPN = 0, HEN = 0, FEN = 0
Time: cpu=0.00/0.22  real=0.00/0.29  Memory: 12.37/12.57/12.57  peak=25.64



operation group: 199/234
    _CPTMPL328 = AND NDIFFTX DIOmark
========================================================================
    generate layer _CPTMPL328, TYP = P, HPN = 0, FPN = 0, HEN = 0, FEN = 0
Time: cpu=0.00/0.22  real=0.00/0.29  Memory: 12.37/12.57/12.57  peak=25.64

    delete layer DIOmark


operation group: 200/234
    _CPTMPL329 = AND PSN PSP
========================================================================
    generate layer _CPTMPL329, TYP = P, HPN = 0, FPN = 0, HEN = 0, FEN = 0
Time: cpu=0.00/0.22  real=0.00/0.29  Memory: 12.37/12.57/12.57  peak=25.64

    delete layer PSN
    delete layer PSP


operation group: 201/234
    DPV = SELECT -interact _CPTMPL328 _CPTMPL329
========================================================================
    generate layer DPV, TYP = P, HPN = 0, FPN = 0, HEN = 0, FEN = 0
Time: cpu=0.00/0.22  real=0.00/0.29  Memory: 12.37/12.57/12.57  peak=25.64

    delete layer _CPTMPL328
    delete layer _CPTMPL329


operation group: 202/234
    PNP01 = HOLES PDIFF -inner
========================================================================
    layer PNP01 not generated, operation is dynamically optimized out.
Time: cpu=0.00/0.22  real=0.00/0.29  Memory: 12.37/12.57/12.57  peak=25.64



operation group: 203/234
    PNP02 = SELECT -enclose PNP01 PDIFF -eq 1
========================================================================
    layer PNP02 not generated, operation is dynamically optimized out.
Time: cpu=0.00/0.22  real=0.00/0.29  Memory: 12.37/12.57/12.57  peak=25.64

    delete layer PNP01


operation group: 204/234
    _CPTMPL333 = HOLES NDIFF -empty
========================================================================
    layer _CPTMPL333 not generated, operation is dynamically optimized out.
Time: cpu=0.00/0.22  real=0.00/0.29  Memory: 12.37/12.57/12.57  peak=25.64



operation group: 205/234
    _CPTMPL334 = HOLES NDIFF -inner -empty
========================================================================
    layer _CPTMPL334 not generated, operation is dynamically optimized out.
Time: cpu=0.00/0.22  real=0.00/0.29  Memory: 12.37/12.57/12.57  peak=25.64



operation group: 206/234
    PNP03 = OR _CPTMPL333 _CPTMPL334
========================================================================
    layer PNP03 not generated, operation is dynamically optimized out.
Time: cpu=0.00/0.22  real=0.00/0.29  Memory: 12.37/12.57/12.57  peak=25.64

    delete layer _CPTMPL333
    delete layer _CPTMPL334


operation group: 207/234
    PNP04 = SELECT -enclose PNP03 PDIFF -eq 1
========================================================================
    layer PNP04 not generated, operation is dynamically optimized out.
Time: cpu=0.00/0.22  real=0.00/0.29  Memory: 12.37/12.57/12.57  peak=25.64

    delete layer PNP03


operation group: 208/234
    PNP05 = SELECT -enclose PNP02 PNP04
========================================================================
    layer PNP05 not generated, operation is dynamically optimized out.
Time: cpu=0.00/0.22  real=0.00/0.29  Memory: 12.37/12.57/12.57  peak=25.64

    delete layer PNP02
    delete layer PNP04


operation group: 209/234
    PNP06 = AND PNP05 BJTmark
========================================================================
    generate layer PNP06, TYP = P, HPN = 0, FPN = 0, HEN = 0, FEN = 0
Time: cpu=0.00/0.22  real=0.00/0.29  Memory: 12.37/12.57/12.57  peak=25.64

    delete layer PNP05
    delete layer BJTmark


operation group: 210/234
    PNP07 = SELECT -inside PNP06 GOX1V2
========================================================================
    generate layer PNP07, TYP = P, HPN = 0, FPN = 0, HEN = 0, FEN = 0
Time: cpu=0.00/0.22  real=0.00/0.29  Memory: 12.37/12.57/12.57  peak=25.64

    delete layer PNP06
    delete layer GOX1V2


operation group: 211/234
    PNP5UX5U01 = RECT_CHK PNPEMIT5UX5U -eq 5 -by eq 5
========================================================================
    generate layer PNP5UX5U01, TYP = P, HPN = 0, FPN = 0, HEN = 0, FEN = 0
Time: cpu=0.00/0.22  real=0.00/0.29  Memory: 12.37/12.57/12.57  peak=25.64



operation group: 212/234
    PNP5UX5U = SELECT -enclose PNP07 PNP5UX5U01
========================================================================
    generate layer PNP5UX5U, TYP = P, HPN = 0, FPN = 0, HEN = 0, FEN = 0
Time: cpu=0.00/0.22  real=0.00/0.29  Memory: 12.37/12.57/12.57  peak=25.64

    delete layer PNP07
    delete layer PNP5UX5U01


operation group: 213/234
    CMIMS = SELECT -interact TOPMIM VIAM
========================================================================
    generate layer CMIMS, TYP = P, HPN = 0, FPN = 0, HEN = 0, FEN = 0
Time: cpu=0.00/0.22  real=0.00/0.29  Memory: 12.37/12.57/12.57  peak=25.64



operation group: 214/234
    CMIMS2 = SELECT -interact TOPMIMS2 VIAM
========================================================================
    generate layer CMIMS2, TYP = P, HPN = 6, FPN = 6, HEN = 24, FEN = 24
Time: cpu=0.00/0.22  real=0.00/0.29  Memory: 12.37/12.57/16.59  peak=25.64



operation group: 215/234
    CMIMS7 = SELECT -interact TOPMIMS7 VIAM
========================================================================
    generate layer CMIMS7, TYP = P, HPN = 0, FPN = 0, HEN = 0, FEN = 0
Time: cpu=0.00/0.22  real=0.00/0.29  Memory: 12.37/12.57/12.57  peak=25.64

    delete layer VIAM


operation group: 216/234
    _CPTMPL263 = AND NGATE1V2 NW1V2
========================================================================
    layer _CPTMPL263 not generated, operation is dynamically optimized out.
Time: cpu=0.00/0.22  real=0.00/0.29  Memory: 12.36/12.57/12.57  peak=25.64

    delete layer NGATE1V2


operation group: 217/234
    NVAR1V2HVT = SELECT -interact VARmark _CPTMPL263
========================================================================
    generate layer NVAR1V2HVT, TYP = P, HPN = 0, FPN = 0, HEN = 0, FEN = 0
Time: cpu=0.00/0.22  real=0.00/0.29  Memory: 12.36/12.57/12.57  peak=25.64

    delete layer _CPTMPL263


operation group: 218/234
    NVAR1V2HVTNOISO = NOT NVAR1V2HVT DNW
========================================================================
    generate layer NVAR1V2HVTNOISO, TYP = P, HPN = 0, FPN = 0, HEN = 0, FEN = 0
Time: cpu=0.00/0.22  real=0.00/0.29  Memory: 12.36/12.57/12.57  peak=25.64



operation group: 219/234
    NVAR1V2HVTISO = AND NVAR1V2HVT DNW
========================================================================
    generate layer NVAR1V2HVTISO, TYP = P, HPN = 0, FPN = 0, HEN = 0, FEN = 0
Time: cpu=0.00/0.22  real=0.00/0.29  Memory: 12.36/12.57/12.57  peak=25.64

    delete layer NVAR1V2HVT


operation group: 220/234
    NGATE3V3RVT = NOT NGATE3V3 NLVT3V3
========================================================================
    generate layer NGATE3V3RVT, TYP = P, HPN = 0, FPN = 0, HEN = 0, FEN = 0
Time: cpu=0.00/0.22  real=0.00/0.29  Memory: 12.36/12.57/12.57  peak=25.64

    delete layer NGATE3V3
    delete layer NLVT3V3


operation group: 221/234
    _CPTMPL267 = AND NGATE3V3RVT NW3V3
========================================================================
    generate layer _CPTMPL267, TYP = P, HPN = 0, FPN = 0, HEN = 0, FEN = 0
Time: cpu=0.00/0.22  real=0.00/0.29  Memory: 12.36/12.57/12.57  peak=25.64

    delete layer NGATE3V3RVT


operation group: 222/234
    NVAR3V3RVT = SELECT -interact VARmark _CPTMPL267
========================================================================
    generate layer NVAR3V3RVT, TYP = P, HPN = 0, FPN = 0, HEN = 0, FEN = 0
Time: cpu=0.00/0.22  real=0.00/0.29  Memory: 12.36/12.57/12.57  peak=25.64

    delete layer _CPTMPL267


operation group: 223/234
    NVAR3V3RVTNOISO = NOT NVAR3V3RVT DNW
========================================================================
    generate layer NVAR3V3RVTNOISO, TYP = P, HPN = 0, FPN = 0, HEN = 0, FEN = 0
Time: cpu=0.00/0.22  real=0.00/0.29  Memory: 12.36/12.57/12.57  peak=25.64



operation group: 224/234
    NVAR3V3RVTISO = AND NVAR3V3RVT DNW
========================================================================
    generate layer NVAR3V3RVTISO, TYP = P, HPN = 0, FPN = 0, HEN = 0, FEN = 0
Time: cpu=0.00/0.22  real=0.00/0.29  Memory: 12.36/12.57/12.57  peak=25.64

    delete layer NVAR3V3RVT


operation group: 225/234
    PROBE_REC = AND PROBEmark METALF
========================================================================
    generate layer PROBE_REC, TYP = P, HPN = 0, FPN = 0, HEN = 0, FEN = 0
Time: cpu=0.00/0.22  real=0.00/0.29  Memory: 12.36/12.57/12.57  peak=25.64

    delete layer METALF


operation group: 226/234
    METAL3cf = AND METAL3a CAPF_M2M3
========================================================================
    generate layer METAL3cf, TYP = P, HPN = 0, FPN = 0, HEN = 0, FEN = 0
Time: cpu=0.00/0.22  real=0.00/0.29  Memory: 12.36/12.57/12.57  peak=25.64

    delete layer CAPF_M2M3


operation group: 227/234
    VARMARKER = AND DIFF VARmark
========================================================================
    generate layer VARMARKER, TYP = P, HPN = 0, FPN = 0, HEN = 0, FEN = 0
Time: cpu=0.00/0.22  real=0.00/0.29  Memory: 12.36/12.57/12.57  peak=25.64

    delete layer DIFF
    delete layer VARmark


operation group: 228/234
    DEVICE R( rmet1) RMET1a METAL1a( POS) METAL1a( NEG) ( POS NEG) -model rmet1 [
		L = ((perim(RMET1a) - perim_co(RMET1a, METAL1a)) / 2)
		W = (perim_co(RMET1a, METAL1a) / 2)
		R = ((0.19 * L) / W)
	]

    DEVICE R( rmet2) RMET2a METAL2a( POS) METAL2a( NEG) ( POS NEG) -model rmet2 [
		L = ((perim(RMET2a) - perim_co(RMET2a, METAL2a)) / 2)
		W = (perim_co(RMET2a, METAL2a) / 2)
		R = ((0.14 * L) / W)
	]

    DEVICE R( rmet3) RMET3a METAL3a( POS) METAL3a( NEG) ( POS NEG) -model rmet3 [
		L = ((perim(RMET3a) - perim_co(RMET3a, METAL3a)) / 2)
		W = (perim_co(RMET3a, METAL3a) / 2)
		R = ((0.14 * L) / W)
	]

    DEVICE R( rmet4) RMET4a METAL4a( POS) METAL4a( NEG) ( POS NEG) -model rmet4 [
		L = ((perim(RMET4a) - perim_co(RMET4a, METAL4a)) / 2)
		W = (perim_co(RMET4a, METAL4a) / 2)
		R = ((0.14 * L) / W)
	]

    DEVICE R( rmet5) RMET5a METAL5a( POS) METAL5a( NEG) ( POS NEG) -model rmet5 [
		L = ((perim(RMET5a) - perim_co(RMET5a, METAL5a)) / 2)
		W = (perim_co(RMET5a, METAL5a) / 2)
		R = ((0.14 * L) / W)
	]

    DEVICE R( rmetf) RMETFa METALFa( POS) METALFa( NEG) ( POS NEG) -model rmetf [
		L = ((perim(RMETFa) - perim_co(RMETFa, METALFa)) / 2)
		W = (perim_co(RMETFa, METALFa) / 2)
		R = ((0.06 * L) / W)
	]

    DEVICE C( cmims) CMIMS TOPMIM( POS) METAL5a( NEG) -model cmims [
		A = area(CMIMS)
		P = perim(CMIMS)
		C = (((area(CMIMS) * 0.98) / 1000) + (P * 1.1e-10))
		L = ((P + sqrt(abs(((P * P) - (16 * area(CMIMS)))))) / 4)
		W = (area(CMIMS) / L)
		W = (trunc(((W * 100000000) + 0.5)) / 100000000)
		L = (trunc(((L * 100000000) + 0.5)) / 100000000)
		M = 1
	]

    DEVICE C( cmims2) CMIMS2 TOPMIMS2( POS) METAL5a( NEG) -model cmims2 [
		A = area(CMIMS2)
		P = perim(CMIMS2)
		C = (((area(CMIMS2) * 0.98) / 1000) + (P * 1.1e-10))
		L = ((P + sqrt(abs(((P * P) - (16 * area(CMIMS2)))))) / 4)
		W = (area(CMIMS2) / L)
		W = (trunc(((W * 100000000) + 0.5)) / 100000000)
		L = (trunc(((L * 100000000) + 0.5)) / 100000000)
		M = 1
	]

    DEVICE C( cmims7) CMIMS7 TOPMIMS7( POS) METAL5a( NEG) -model cmims7 [
		A = area(CMIMS7)
		P = perim(CMIMS7)
		C = (((area(CMIMS7) * 0.98) / 1000) + (P * 1.1e-10))
		L = ((P + sqrt(abs(((P * P) - (16 * area(CMIMS7)))))) / 4)
		W = (area(CMIMS7) / L)
		W = (trunc(((W * 100000000) + 0.5)) / 100000000)
		L = (trunc(((L * 100000000) + 0.5)) / 100000000)
		M = 1
	]

    DEVICE C( cvnm2m3) FRCAPM2M3 METAL3cf( POS) METAL3cf( NEG) -model cvnm2m3 [
		NF = (((bends(METAL3cf) - 2) / 4) + 1)
		BE = bends(METAL3cf)
		if (NF < 1)
    		NF = 1
		L = ((area(FRCAPM2M3) / ((NF * 1.02e-06) - 2e-07)) - 8.2e-07)
		M = 1
	]

    DEVICE MN( nmos1v2hvt) NMOS1V2HVT -model nmos1v2hvt NGATE( G) NDIFF( S) NDIFF( D) PW1V2( B) [
		W = (perim_co(NGATE, NDIFF) / 2)
		L = ((perim(NGATE) - perim_co(NGATE, NDIFF)) / 2)
		AS = area(S)
		AD = area(D)
		PS = perim_out(S, G)
		PD = perim_out(D, G)
		M = 1
	]

    DEVICE MN( nmos3v3rvt) NMOS3V3RVT -model nmos3v3rvt NGATE( G) NDIFF( S) NDIFF( D) PW3V3( B) [
		W = (perim_co(NGATE, NDIFF) / 2)
		L = ((perim(NGATE) - perim_co(NGATE, NDIFF)) / 2)
		AS = area(S)
		AD = area(D)
		PS = perim_out(S, G)
		PD = perim_out(D, G)
		M = 1
	]

    DEVICE MN( nmos3v3pix) NMOS3V3PIX -model nmos3v3pix NGATE( G) NDIFF( S) NDIFF( D) ARRAYPW( B) [
		W = (perim_co(NGATE, NDIFF) / 2)
		L = ((perim(NGATE) - perim_co(NGATE, NDIFF)) / 2)
		AS = area(S)
		AD = area(D)
		PS = perim_out(S, G)
		PD = perim_out(D, G)
		M = 1
	]

    DEVICE nmos3v3tx NMOS3V3TX NGATE3V3TX( G) NDIFF( D) NDIFFTX( S) -model nmos3v3pix
    DEVICE MP( pmos1v2hvt) PMOS1V2HVT -model pmos1v2hvt PGATE( G) PDIFF( S) PDIFF( D) NW1V2( B) [
		W = (perim_co(PGATE, PDIFF) / 2)
		L = ((perim(PGATE) - perim_co(PGATE, PDIFF)) / 2)
		AS = area(S)
		AD = area(D)
		PS = perim_out(S, G)
		PD = perim_out(D, G)
		M = 1
	]

    DEVICE MP( pmos3v3rvt) PMOS3V3RVT -model pmos3v3rvt PGATE( G) PDIFF( S) PDIFF( D) NW3V3( B) [
		W = (perim_co(PGATE, PDIFF) / 2)
		L = ((perim(PGATE) - perim_co(PGATE, PDIFF)) / 2)
		AS = area(S)
		AD = area(D)
		PS = perim_out(S, G)
		PD = perim_out(D, G)
		M = 1
	]

    DEVICE ncap1v2hvt NCAP1V2HVT NGATE( PLUS) NDIFF( MINUS) PW1V2( B) -model ncap1v2hvt -element X [
		C = (area(NGATE) * 1.109e-14)
		W = (perim_co(NGATE, NDIFF) / 2)
		L = ((perim(NGATE) - perim_co(NGATE, NDIFF)) / 2)
		AS = (area(NDIFF) / 2)
		AD = (area(NDIFF) / 2)
		PS = (perim(NDIFF) / 2)
		PD = (perim(NDIFF) / 2)
		M = 1
	]

    DEVICE ncap3v3rvt NCAP3V3RVT NGATE( PLUS) NDIFF( MINUS) PW3V3( B) -model ncap3v3rvt -element X [
		C = (area(NGATE) * 5.3e-15)
		W = (perim_co(NGATE, NDIFF) / 2)
		L = ((perim(NGATE) - perim_co(NGATE, NDIFF)) / 2)
		AS = (area(NDIFF) / 2)
		AD = (area(NDIFF) / 2)
		PS = (perim(NDIFF) / 2)
		PD = (perim(NDIFF) / 2)
		M = 1
	]

    DEVICE ncap3v3rvt NCAP3V3RVT NGATE( PLUS) NDIFF( MINUS) ARRAYPW( B) -model ncap3v3rvt -element X [
		C = (area(NGATE) * 5.3e-15)
		W = (perim_co(NGATE, NDIFF) / 2)
		L = ((perim(NGATE) - perim_co(NGATE, NDIFF)) / 2)
		AS = (area(NDIFF) / 2)
		AD = (area(NDIFF) / 2)
		PS = (perim(NDIFF) / 2)
		PD = (perim(NDIFF) / 2)
		M = 1
	]

    DEVICE pcap1v2hvt PCAP1V2HVT PDIFF( PLUS) PGATE( MINUS) NW1V2( B) -model pcap1v2hvt -element X [
		C = (area(PGATE) * 1.16e-14)
		W = (perim_co(PGATE, PDIFF) / 2)
		L = ((perim(PGATE) - perim_co(PGATE, PDIFF)) / 2)
		AS = (area(PDIFF) / 2)
		AD = (area(PDIFF) / 2)
		PS = (perim(PDIFF) / 2)
		PD = (perim(PDIFF) / 2)
		M = 1
	]

    DEVICE pcap3v3rvt PCAP3V3RVT PDIFF( PLUS) PGATE( MINUS) NW3V3( B) -model pcap3v3rvt -element X [
		C = (area(PGATE) * 5.3e-15)
		W = (perim_co(PGATE, PDIFF) / 2)
		L = ((perim(PGATE) - perim_co(PGATE, PDIFF)) / 2)
		AS = (area(PDIFF) / 2)
		AD = (area(PDIFF) / 2)
		PS = (perim(PDIFF) / 2)
		PD = (perim(PDIFF) / 2)
		M = 1
	]

    DEVICE R( rnpolym) RNPOLYMNW1V2 POLYG3( POS) POLYG3( NEG) NW1V2( SUB) ( POS NEG) -model rnpolym [
		W = (perim_co(RNPOLYMNW1V2, POLYG3) / 2)
		L = (area(RNPOLYMNW1V2) / W)
		R = (((263.96 * (L - -5.62e-08)) + (2 * 0)) / (W - -5.32e-08))
		M = 1
	]

    DEVICE R( rnpolym) RNPOLYMPW1V2 POLYG3( POS) POLYG3( NEG) PW1V2( SUB) ( POS NEG) -model rnpolym [
		W = (perim_co(RNPOLYMPW1V2, POLYG3) / 2)
		L = (area(RNPOLYMPW1V2) / W)
		R = (((263.96 * (L - -5.62e-08)) + (2 * 0)) / (W - -5.32e-08))
		M = 1
	]

    DEVICE R( rnpolym) RNPOLYMNW3V3 POLYG3( POS) POLYG3( NEG) NW3V3( SUB) ( POS NEG) -model rnpolym [
		W = (perim_co(RNPOLYMNW3V3, POLYG3) / 2)
		L = (area(RNPOLYMNW3V3) / W)
		R = (((263.96 * (L - -5.62e-08)) + (2 * 0)) / (W - -5.32e-08))
		M = 1
	]

    DEVICE R( rnpolym) RNPOLYMPW3V3 POLYG3( POS) POLYG3( NEG) PW3V3( SUB) ( POS NEG) -model rnpolym [
		W = (perim_co(RNPOLYMPW3V3, POLYG3) / 2)
		L = (area(RNPOLYMPW3V3) / W)
		R = (((263.96 * (L - -5.62e-08)) + (2 * 0)) / (W - -5.32e-08))
		M = 1
	]

    DEVICE R( rnpolyh) RNPOLYHNW1V2 POLYG3( POS) POLYG3( NEG) NW1V2( SUB) ( POS NEG) -model rnpolyh [
		W = (perim_co(RNPOLYHNW1V2, POLYG3) / 2)
		L = (area(RNPOLYHNW1V2) / W)
		R = (((1930 * (L - -2.68e-07)) + (2 * 0)) / (W - -2.25e-08))
		M = 1
	]

    DEVICE R( rnpolyh) RNPOLYHPW1V2 POLYG3( POS) POLYG3( NEG) PW1V2( SUB) ( POS NEG) -model rnpolyh [
		W = (perim_co(RNPOLYHPW1V2, POLYG3) / 2)
		L = (area(RNPOLYHPW1V2) / W)
		R = (((1930 * (L - -2.68e-07)) + (2 * 0)) / (W - -2.25e-08))
		M = 1
	]

    DEVICE R( rnpolyh) RNPOLYHNW3V3 POLYG3( POS) POLYG3( NEG) NW3V3( SUB) ( POS NEG) -model rnpolyh [
		W = (perim_co(RNPOLYHNW3V3, POLYG3) / 2)
		L = (area(RNPOLYHNW3V3) / W)
		R = (((1930 * (L - -2.68e-07)) + (2 * 0)) / (W - -2.25e-08))
		M = 1
	]

    DEVICE R( rnpolyh) RNPOLYHPW3V3 POLYG3( POS) POLYG3( NEG) PW3V3( SUB) ( POS NEG) -model rnpolyh [
		W = (perim_co(RNPOLYHPW3V3, POLYG3) / 2)
		L = (area(RNPOLYHPW3V3) / W)
		R = (((1930 * (L - -2.68e-07)) + (2 * 0)) / (W - -2.25e-08))
		M = 1
	]

    DEVICE R( rppolym) RPPOLYMNW1V2 POLYG3( POS) POLYG3( NEG) NW1V2( SUB) ( POS NEG) -model rppolym [
		W = (perim_co(RPPOLYMNW1V2, POLYG3) / 2)
		L = (area(RPPOLYMNW1V2) / W)
		R = (((390.98 * (L - -2.17e-07)) + (2 * 0)) / (W - 6.17e-08))
		M = 1
	]

    DEVICE R( rppolym) RPPOLYMPW1V2 POLYG3( POS) POLYG3( NEG) PW1V2( SUB) ( POS NEG) -model rppolym [
		W = (perim_co(RPPOLYMPW1V2, POLYG3) / 2)
		L = (area(RPPOLYMPW1V2) / W)
		R = (((390.98 * (L - -2.17e-07)) + (2 * 0)) / (W - 6.17e-08))
		M = 1
	]

    DEVICE R( rppolym) RPPOLYMNW3V3 POLYG3( POS) POLYG3( NEG) NW3V3( SUB) ( POS NEG) -model rppolym [
		W = (perim_co(RPPOLYMNW3V3, POLYG3) / 2)
		L = (area(RPPOLYMNW3V3) / W)
		R = (((390.98 * (L - -2.17e-07)) + (2 * 0)) / (W - 6.17e-08))
		M = 1
	]

    DEVICE R( rppolym) RPPOLYMPW3V3 POLYG3( POS) POLYG3( NEG) PW3V3( SUB) ( POS NEG) -model rppolym [
		W = (perim_co(RPPOLYMPW3V3, POLYG3) / 2)
		L = (area(RPPOLYMPW3V3) / W)
		R = (((390.98 * (L - -2.17e-07)) + (2 * 0)) / (W - 6.17e-08))
		M = 1
	]

    DEVICE D( dnppw1v2) DNPPW1V2 PW1V2( POS) NDIFF( NEG) -model dnppw1v2 [
		A = area(DNPPW1V2)
		P = perim(DNPPW1V2)
	]

    DEVICE D( dnppw1v2esd) DNPPW1V2ESD PW1V2( POS) NDIFF( NEG) -model dnppw1v2 [
		A = area(DNPPW1V2ESD)
		P = perim(DNPPW1V2ESD)
	]

    DEVICE D( dnppw3v3) DNPPW3V3 PW3V3( POS) NDIFF( NEG) -model dnppw3v3 [
		A = area(DNPPW3V3)
		P = perim(DNPPW3V3)
	]

    DEVICE D( dnppw3v3esd) DNPPW3V3ESD PW3V3( POS) NDIFF( NEG) -model dnppw3v3 [
		A = area(DNPPW3V3ESD)
		P = perim(DNPPW3V3ESD)
	]

    DEVICE D( dppnw1v2) DPPNW1V2 PDIFF( POS) NW1V2( NEG) -model dppnw1v2 [
		A = area(DPPNW1V2)
		P = perim(DPPNW1V2)
	]

    DEVICE D( dppnw1v2esd) DPPNW1V2ESD PDIFF( POS) NW1V2( NEG) -model dppnw1v2 [
		A = area(DPPNW1V2ESD)
		P = perim(DPPNW1V2ESD)
	]

    DEVICE D( dppnw3v3) DPPNW3V3 PDIFF( POS) NW3V3( NEG) -model dppnw3v3 [
		A = area(DPPNW3V3)
		P = perim(DPPNW3V3)
	]

    DEVICE D( dppnw3v3esd) DPPNW3V3ESD PDIFF( POS) NW3V3( NEG) -model dppnw3v3 [
		A = area(DPPNW3V3ESD)
		P = perim(DPPNW3V3ESD)
	]

    DEVICE D( ddnwsub) DDNWSUB PSUB( POS) DNW( NEG) -model ddnwsub [
		A = area(DDNWSUB)
		P = perim(DDNWSUB)
	]

    DEVICE D( dpw1v2dnw) DPW1V2DNW PW1V2( POS) DNW( NEG) -model dpw1v2dnw [
		A = area(DPW1V2DNW)
		P = perim(DPW1V2DNW)
	]

    DEVICE D( dpw3v3dnw) DPW3V3DNW PW3V3( POS) DNW( NEG) -model dpw3v3dnw [
		A = area(DPW3V3DNW)
		P = perim(DPW3V3DNW)
	]

    DEVICE dpv DPV PSUB( PLUS) NDIFFTX( MINUS) -model dpv
    DEVICE Q( pnp5ux5u) PNP5UX5U PW1V2( C) PNPBASE( B) PNPEMIT5UX5U( E) -model pnp5ux5u [
		AE = 2.5e-11
		M = 1
	]

    DEVICE nvar1v2hvt NVAR1V2HVTNOISO NGATE( PLUS) NTAP( MINUS) PSUB( B) -model nvar1v2hvt -element X < VARMARKER> [
		NG = count(VARMARKER)
		NF = (count(NGATE) / NG)
		WF = ((perim_co(NGATE, NTAP) / 2) / (NF * NG))
		LF = (((perim(NGATE) - perim_co(NGATE, NTAP)) / 2) / (NF * NG))
		M = 1
	]

    DEVICE nvar1v2hvt NVAR1V2HVTISO NGATE( PLUS) NTAP( MINUS) PSUBISO( B) -model nvar1v2hvt -element X < VARMARKER> [
		NG = count(VARMARKER)
		NF = (count(NGATE) / NG)
		WF = ((perim_co(NGATE, NTAP) / 2) / (NF * NG))
		LF = (((perim(NGATE) - perim_co(NGATE, NTAP)) / 2) / (NF * NG))
		M = 1
	]

    DEVICE nvar3v3rvt NVAR3V3RVTNOISO NGATE( PLUS) NTAP( MINUS) PSUB( B) -model nvar3v3rvt -element X < VARMARKER> [
		NG = count(VARMARKER)
		NF = (count(NGATE) / NG)
		WF = ((perim_co(NGATE, NTAP) / 2) / (NF * NG))
		LF = (((perim(NGATE) - perim_co(NGATE, NTAP)) / 2) / (NF * NG))
		M = 1
	]

    DEVICE nvar3v3rvt NVAR3V3RVTISO NGATE( PLUS) NTAP( MINUS) PSUBISO( B) -model nvar3v3rvt -element X < VARMARKER> [
		NG = count(VARMARKER)
		NF = (count(NGATE) / NG)
		WF = ((perim_co(NGATE, NTAP) / 2) / (NF * NG))
		LF = (((perim(NGATE) - perim_co(NGATE, NTAP)) / 2) / (NF * NG))
		M = 1
	]

    DEVICE probe PROBE_REC METALFa( PROBEIN) -model probe -element X < PROBEmark> [
		A = area(PROBE_REC)
	]

========================================================================


DEVICE RECOGNITION ... 
    delete layer _EPTMPL262215
    delete layer _EPTMPL262485
    delete layer _EPTMPL262493
    delete layer _EPTMPL262507
Write DEVICES ... 

    layer _EPTMPL262202 not generated, operation is dynamically optimized out.
    layer _EPTMPL262204 not generated, operation is dynamically optimized out.
    layer _EPTMPL262206 not generated, operation is dynamically optimized out.
    layer _EPTMPL262208 not generated, operation is dynamically optimized out.
    layer _EPTMPL262210 not generated, operation is dynamically optimized out.
    layer _EPTMPL262212 not generated, operation is dynamically optimized out.
    layer _EPTMPL262214 not generated, operation is dynamically optimized out.
    layer _EPTMPL262218 not generated, operation is dynamically optimized out.
    layer _EPTMPL262220 not generated, operation is dynamically optimized out.
    layer _EPTMPL262488 not generated, operation is dynamically optimized out.
    layer _EPTMPL262490 not generated, operation is dynamically optimized out.
    layer _EPTMPL262492 not generated, operation is dynamically optimized out.
    layer _EPTMPL262496 not generated, operation is dynamically optimized out.
    layer _EPTMPL262498 not generated, operation is dynamically optimized out.
    layer _EPTMPL262500 not generated, operation is dynamically optimized out.
    layer _EPTMPL262502 not generated, operation is dynamically optimized out.
    layer _EPTMPL262504 not generated, operation is dynamically optimized out.
    layer _EPTMPL262506 not generated, operation is dynamically optimized out.
    layer _EPTMPL262510 not generated, operation is dynamically optimized out.
    layer _EPTMPL262512 not generated, operation is dynamically optimized out.
    layer _EPTMPL262514 not generated, operation is dynamically optimized out.
    layer _EPTMPL262516 not generated, operation is dynamically optimized out.
    layer _EPTMPL262518 not generated, operation is dynamically optimized out.
    layer _EPTMPL262520 not generated, operation is dynamically optimized out.
    layer _EPTMPL262522 not generated, operation is dynamically optimized out.
    layer _EPTMPL262524 not generated, operation is dynamically optimized out.
    layer _EPTMPL262526 not generated, operation is dynamically optimized out.
    layer _EPTMPL262528 not generated, operation is dynamically optimized out.
    layer _EPTMPL262530 not generated, operation is dynamically optimized out.
    layer _EPTMPL262532 not generated, operation is dynamically optimized out.
    layer _EPTMPL262534 not generated, operation is dynamically optimized out.
    layer _EPTMPL262536 not generated, operation is dynamically optimized out.
    layer _EPTMPL262538 not generated, operation is dynamically optimized out.
    layer _EPTMPL262540 not generated, operation is dynamically optimized out.
    layer _EPTMPL262542 not generated, operation is dynamically optimized out.
    layer _EPTMPL262544 not generated, operation is dynamically optimized out.
    layer _EPTMPL262546 not generated, operation is dynamically optimized out.
    layer _EPTMPL262548 not generated, operation is dynamically optimized out.
    layer _EPTMPL262550 not generated, operation is dynamically optimized out.
    layer _EPTMPL262552 not generated, operation is dynamically optimized out.
    layer _EPTMPL262554 not generated, operation is dynamically optimized out.
    layer _EPTMPL262556 not generated, operation is dynamically optimized out.
    layer _EPTMPL262560 not generated, operation is dynamically optimized out.
    layer _EPTMPL262562 not generated, operation is dynamically optimized out.
    layer _EPTMPL262566 not generated, operation is dynamically optimized out.
    layer _EPTMPL262568 not generated, operation is dynamically optimized out.
    layer _EPTMPL262571 not generated, operation is dynamically optimized out.
Time: cpu=0.01/0.23  real=0.01/0.30  Memory: 17.38/17.61/21.62  peak=25.64

    delete layer RMET1a
    delete layer METAL2a
    delete layer RMET2a
    delete layer METAL3a
    delete layer RMET3a
    delete layer METAL4a
    delete layer RMET4a
    delete layer RMET5a
    delete layer RMETFa
    delete layer CMIMS
    delete layer TOPMIMS2
    delete layer CMIMS2
    delete layer METAL5a
    delete layer CMIMS7
    delete layer METAL3cf
    delete layer FRCAPM2M3
    delete layer NMOS1V2HVT
    delete layer NMOS3V3RVT
    delete layer NMOS3V3PIX
    delete layer NMOS3V3TX
    delete layer PMOS1V2HVT
    delete layer PMOS3V3RVT
    delete layer NCAP1V2HVT
    delete layer NCAP3V3RVT
    delete layer PCAP1V2HVT
    delete layer PGATE
    delete layer PCAP3V3RVT
    delete layer RNPOLYMNW1V2
    delete layer RNPOLYMPW1V2
    delete layer RNPOLYMNW3V3
    delete layer RNPOLYMPW3V3
    delete layer RNPOLYHNW1V2
    delete layer RNPOLYHPW1V2
    delete layer RNPOLYHNW3V3
    delete layer RNPOLYHPW3V3
    delete layer RPPOLYMNW1V2
    delete layer RPPOLYMPW1V2
    delete layer RPPOLYMNW3V3
    delete layer POLYG3
    delete layer RPPOLYMPW3V3
    delete layer DNPPW1V2
    delete layer DNPPW1V2ESD
    delete layer DNPPW3V3
    delete layer NDIFF
    delete layer DNPPW3V3ESD
    delete layer DPPNW1V2
    delete layer NW1V2
    delete layer DPPNW1V2ESD
    delete layer DPPNW3V3
    delete layer PDIFF
    delete layer DPPNW3V3ESD
    delete layer DDNWSUB
    delete layer DPW1V2DNW
    delete layer DPW3V3DNW
    delete layer DPV
    delete layer PW1V2
    delete layer PNP5UX5U
    delete layer NVAR1V2HVTNOISO
    delete layer NVAR1V2HVTISO
    delete layer NVAR3V3RVTNOISO
    delete layer NGATE
    delete layer NVAR3V3RVTISO
    delete layer VARMARKER
    delete layer PROBE_REC
    delete layer PROBEmark


operation group: 229/234
    FLOATING_PWELL:_CPTMPL371 = OR PTAP PTAPISO
========================================================================
    layer FLOATING_PWELL:_CPTMPL371 not generated, operation is dynamically optimized out.
Time: cpu=0.00/0.23  real=0.00/0.30  Memory: 17.38/17.61/17.61  peak=25.64



operation group: 230/234
    FLOATING_PWELL:L262476 = SELECT -interact PW3V3 FLOATING_PWELL:_CPTMPL371 -not
========================================================================
    generate layer FLOATING_PWELL:L262476, TYP = P, HPN = 0, FPN = 0, HEN = 0, FEN = 0
Time: cpu=0.00/0.23  real=0.00/0.30  Memory: 17.38/17.61/17.61  peak=25.64

    delete layer FLOATING_PWELL:_CPTMPL371

    Rule Check FLOATING_PWELL finished, 0 error(s) reported.
Time: cpu=0.00/0.23  real=0.00/0.30  Memory: 17.38/17.61/18.61  peak=25.64


[INFO]: 20.00% (1 out of 5) rule checks completed.


operation group: 231/234
    FLOATING_NWELL:L262480 = SELECT -interact ALLNW NTAP -not
========================================================================
    generate layer FLOATING_NWELL:L262480, TYP = P, HPN = 0, FPN = 0, HEN = 0, FEN = 0
Time: cpu=0.00/0.23  real=0.00/0.30  Memory: 17.38/17.61/25.64  peak=25.64


    Rule Check FLOATING_NWELL finished, 0 error(s) reported.
Time: cpu=0.00/0.23  real=0.00/0.30  Memory: 17.38/17.61/18.61  peak=25.64


[INFO]: 40.00% (2 out of 5) rule checks completed.


operation group: 232/234
    FLOATING_PSUB:L262481 = SELECT -interact PSUB PTAP -not
========================================================================
    generate layer FLOATING_PSUB:L262481, TYP = P, HPN = 0, FPN = 0, HEN = 0, FEN = 0
Time: cpu=0.00/0.23  real=0.00/0.30  Memory: 17.38/17.61/17.61  peak=25.64

    delete layer PSUB

    Rule Check FLOATING_PSUB finished, 0 error(s) reported.
Time: cpu=0.00/0.23  real=0.00/0.30  Memory: 17.38/17.61/21.62  peak=25.64


[INFO]: 60.00% (3 out of 5) rule checks completed.


operation group: 233/234
    FLOATING_PSUBISO:L262482 = SELECT -interact PSUBISO PTAPISO -not
========================================================================
    generate layer FLOATING_PSUBISO:L262482, TYP = P, HPN = 0, FPN = 0, HEN = 0, FEN = 0
Time: cpu=0.00/0.23  real=0.00/0.30  Memory: 17.38/17.61/17.61  peak=25.64


    Rule Check FLOATING_PSUBISO finished, 0 error(s) reported.
Time: cpu=0.00/0.23  real=0.00/0.30  Memory: 17.38/17.61/18.61  peak=25.64


[INFO]: 80.00% (4 out of 5) rule checks completed.


operation group: 234/234
    FLOATING_DNW:L262484 = SELECT -interact DNW ALLNW -not
========================================================================
    generate layer FLOATING_DNW:L262484, TYP = P, HPN = 0, FPN = 0, HEN = 0, FEN = 0
Time: cpu=0.00/0.23  real=0.00/0.30  Memory: 17.38/17.61/17.61  peak=25.64

    delete layer ALLNW

    Rule Check FLOATING_DNW finished, 0 error(s) reported.
Time: cpu=0.00/0.23  real=0.00/0.30  Memory: 17.38/17.61/18.61  peak=25.64


[INFO]: 100.00% (5 out of 5) rule checks completed.


########################################################################
Outputting Results ...
########################################################################

   ONE LAYER BOOLEAN: Cumulative Time CPU =        0(s) REAL =        0(s)
   TWO LAYER BOOLEAN: Cumulative Time CPU =        0(s) REAL =        0(s)
 POLYGON TOPOLOGICAL: Cumulative Time CPU =        0(s) REAL =        0(s)
 POLYGON MEASUREMENT: Cumulative Time CPU =        0(s) REAL =        0(s)
                SIZE: Cumulative Time CPU =        0(s) REAL =        0(s)
    EDGE TOPOLOGICAL: Cumulative Time CPU =        0(s) REAL =        0(s)
    EDGE MEASUREMENT: Cumulative Time CPU =        0(s) REAL =        0(s)
               STAMP: Cumulative Time CPU =        0(s) REAL =        0(s)
       ONE LAYER DRC: Cumulative Time CPU =        0(s) REAL =        0(s)
       TWO LAYER DRC: Cumulative Time CPU =        0(s) REAL =        0(s)
            NET AREA: Cumulative Time CPU =        0(s) REAL =        0(s)
             DENSITY: Cumulative Time CPU =        0(s) REAL =        0(s)
       MISCELLANEOUS: Cumulative Time CPU =        0(s) REAL =        0(s)
             CONNECT: Cumulative Time CPU =        0(s) REAL =        0(s)
              DEVICE: Cumulative Time CPU =        0(s) REAL =        0(s)
                 ERC: Cumulative Time CPU =        0(s) REAL =        0(s)
       PATTERN_MATCH: Cumulative Time CPU =        0(s) REAL =        0(s)
            DFM FILL: Cumulative Time CPU =        0(s) REAL =        0(s)


Total CPU Time                    : 0(s)
Total Real Time                   : 0(s)
Peak Memory Used                  : 26(M)
Total Original Geometry           : 4139(69584)
Total ERC RuleChecks              : 5
Total ERC Results                 : 0 (0)
Summary can be found in file REF_V5_fL.sum
ASCII report database is /home/saul/projects/LF_BG/pvsRunLVS/REF_GEN/REF_V5_fL/REF_V5_fL.erc_errors.ascii


Creating annotated GDS ...
********************************************************************************
db2gds 24.11-s045 64 bit (Mon Jan 27 22:18:54 PST 2025)
Build Ref No.: 045 Production (01-27-2025) [pvs_2411_rtm]

Copyright 2025 Cadence Design Systems, Inc.
All rights reserved worldwide.

Build O/S:       Linux x86_64 3.10.0-693.el7.x86_64
Executed on:     edatools (Linux x86_64 6.17.0-35-generic)
Process Id:      580705
Starting Time:   Mon Jul  6 11:32:59 2026 (Mon Jul  6 11:32:59 2026 GMT)
With parameters: REF_V5_fL_580691 /home/saul/projects/LF_BG/pvsRunLVS/REF_GEN/REF_V5_fL/svdb/REF_V5_fL.agf REF_V5_fL -lmap lmapWrEtOP -netmap /home/saul/projects/LF_BG/pvsRunLVS/REF_GEN/REF_V5_fL/svdb/REF_V5_fL.lnn -property_nqrc -gds_scale 1000 -vircolon 
********************************************************************************

Library name: REF_V5_fL_580691
GDSII file name: /home/saul/projects/LF_BG/pvsRunLVS/REF_GEN/REF_V5_fL/svdb/REF_V5_fL.agf
Cells to be written out: REF_V5_fL
Source Library: REF_V5_fL_580691
Layer mapping file(GDS <- DMC): lmapWrEtOP
    18 (dt:0 tt:0) <- 18
    28 (dt:0 tt:0) <- 28
    54 (dt:0 tt:0) <- 54
    37 (dt:0 tt:0) <- 37
    42 (dt:0 tt:0) <- 42
    48 (dt:0 tt:0) <- 48
    56 (dt:0 tt:0) <- 56
    89 (dt:0 tt:0) <- 89
    103 (dt:0 tt:0) <- 103
    0 (dt:0 tt:0) <- 0
    5 (dt:0 tt:0) <- 5
    55 (dt:0 tt:0) <- 55
    58 (dt:0 tt:0) <- 58
    62 (dt:0 tt:0) <- 62
    64 (dt:0 tt:0) <- 64
    67 (dt:0 tt:0) <- 67
    70 (dt:0 tt:0) <- 70
    73 (dt:0 tt:0) <- 73
    75 (dt:0 tt:0) <- 75
    76 (dt:0 tt:0) <- 76
    79 (dt:0 tt:0) <- 79
    80 (dt:0 tt:0) <- 80
    102 (dt:0 tt:0) <- 102
    104 (dt:0 tt:0) <- 104
    3 (dt:0 tt:0) <- 3
    4 (dt:0 tt:0) <- 4
    19 (dt:0 tt:0) <- 19
    20 (dt:0 tt:0) <- 20
    21 (dt:0 tt:0) <- 21
    27 (dt:0 tt:0) <- 27
    31 (dt:0 tt:0) <- 31
    41 (dt:0 tt:0) <- 41
    43 (dt:0 tt:0) <- 43
    44 (dt:0 tt:0) <- 44
    45 (dt:0 tt:0) <- 45
    46 (dt:0 tt:0) <- 46
    84 (dt:0 tt:0) <- 84
    85 (dt:0 tt:0) <- 85
    88 (dt:0 tt:0) <- 88
    90 (dt:0 tt:0) <- 90
    91 (dt:0 tt:0) <- 91
    97 (dt:0 tt:0) <- 97
    98 (dt:0 tt:0) <- 98
    100 (dt:0 tt:0) <- 100
    101 (dt:0 tt:0) <- 101
    53 (dt:0 tt:0) <- 53
    57 (dt:0 tt:0) <- 57
    60 (dt:0 tt:0) <- 60
    63 (dt:0 tt:0) <- 63
    65 (dt:0 tt:0) <- 65
    68 (dt:0 tt:0) <- 68
    81 (dt:0 tt:0) <- 81
    82 (dt:0 tt:0) <- 82
    6 (dt:0 tt:0) <- 6
    7 (dt:0 tt:0) <- 7
    8 (dt:0 tt:0) <- 8
    9 (dt:0 tt:0) <- 9
    10 (dt:0 tt:0) <- 10
    11 (dt:0 tt:0) <- 11
    12 (dt:0 tt:0) <- 12
    13 (dt:0 tt:0) <- 13
    14 (dt:0 tt:0) <- 14
    15 (dt:0 tt:0) <- 15
    16 (dt:0 tt:0) <- 16
    17 (dt:0 tt:0) <- 17
    24 (dt:0 tt:0) <- 24
    29 (dt:0 tt:0) <- 29
    32 (dt:0 tt:0) <- 32
    33 (dt:0 tt:0) <- 33
    34 (dt:0 tt:0) <- 34
    35 (dt:0 tt:0) <- 35
    36 (dt:0 tt:0) <- 36
    38 (dt:0 tt:0) <- 38
    39 (dt:0 tt:0) <- 39
    40 (dt:0 tt:0) <- 40
    47 (dt:0 tt:0) <- 47
    49 (dt:0 tt:0) <- 49
    51 (dt:0 tt:0) <- 51
    52 (dt:0 tt:0) <- 52
    59 (dt:0 tt:0) <- 59
    61 (dt:0 tt:0) <- 61
    66 (dt:0 tt:0) <- 66
    69 (dt:0 tt:0) <- 69
    71 (dt:0 tt:0) <- 71
    72 (dt:0 tt:0) <- 72
    74 (dt:0 tt:0) <- 74
    78 (dt:0 tt:0) <- 78
    86 (dt:0 tt:0) <- 86
    93 (dt:0 tt:0) <- 93
    95 (dt:0 tt:0) <- 95
    96 (dt:0 tt:0) <- 96
    22 (dt:0 tt:0) <- 22
    23 (dt:0 tt:0) <- 23
    25 (dt:0 tt:0) <- 25
    26 (dt:0 tt:0) <- 26
    30 (dt:0 tt:0) <- 30
Cell name case: PRESERVE
Option: output object property for new qrc flow


                Object Statistics of Cells                            
Cell Name         Box  Polygon     Path   Label Instance Array    Total
----------------------------------------------------------------------
REF_V5_fL        1910      103        0       0   451      0      2464
M1_M2_CDNS_783337574920        4        0        0       0     0      0         4
M1_M2_CDNS_783337574922        6        0        0       0     0      0         6
M1_M2_CDNS_783337574923        6        0        0       0     0      0         6
PG_M1_CDNS_783337574924        6        0        0       0     0      0         6
M1_M2_CDNS_783337574925        4        0        0       0     0      0         4
M1_M2_CDNS_783337574926        8        0        0       0     0      0         8
M2_M3_CDNS_783337574928        8        0        0       0     0      0         8
M1_M2_CDNS_783337574929        8        0        0       0     0      0         8
M4_M5_CDNS_7833375749217       11        0        0       0     0      0        11
M3_M4_CDNS_7833375749218       12        0        0       0     0      0        12
M2_M3_CDNS_7833375749219       12        0        0       0     0      0        12
M1_M2_CDNS_7833375749220        7        0        0       0     0      0         7
pmos1v2hvt_4_CDNS_783337574920       80        1        0       0     6      0        87
pmos1v2hvt_4_CDNS_783337574925       79        1        0       0     3      0        83
nmos1v2hvt_4_CDNS_783337574928       17        0        0       0     2      0        19
pmos1v2hvt_4_CDNS_7833375749211       12        0        0       0     3      0        15
rnpolym_CDNS_7833375749213       11        0        0       0     4      0        15
rnpolym_CDNS_7833375749215       91        0        0       0    44      0       135
rnpolym_CDNS_7833375749216        7        0        0       0     2      0         9
rnpolym_CDNS_7833375749217       19        0        0       0     8      0        27
rnpolym_CDNS_7833375749218        7        0        0       0     2      0         9
mux8_1p_fL          1        1        0       0     8      0        10
trim_res_array_rn_2_fL        3       13        0       0    16      0        32
mux8_1_fL         213        6        0       0    24      0       243
pmos1v2hvt_4_CDNS_7833375749225       78        1        0       0     4      0        83
inv8_fL             0        0        0       0     8      0         8
pmos1v2hvt_4_CDNS_7833375749227       83        1        0       0     4      0        88
rnpolym_CDNS_7833375749232       35        0        0       0    16      0        51
nmos1v2hvt_4_CDNS_7833375749233       44        0        0       0     4      0        48
pmos1v2hvt_4_CDNS_7833375749242       14        1        0       0     6      0        21
nmos1v2hvt_4_CDNS_7833375749243       78        1        0       0     6      0        85
rnpolym_CDNS_7833375749246        7        0        0       0     2      0         9
pmos1v2hvt_4_CDNS_7833375749247      196        2        0       0    12      0       210
pmos1v2hvt_4_CDNS_7833375749250       85        1        0       0     5      0        91
pmos1v2hvt_4_CDNS_7833375749252      226        2        0       0    11      0       239
MASCO__A2           3        0        0       0     2      0         5
MASCO__A3           4        0        0       0     2      0         6
MASCO__A4           4        2        0       0     2      0         8
MASCO__A5          11        0        0       0     2      0        13
MASCO__A6          12        0        0       0     2      0        14
MASCO__A7           8        2        0       0     2      0        12
Contact_CDNS_783337574921        2        0        0       0     0      0         2
Contact_CDNS_783337574922       30        0        0       0     0      0        30
Contact_CDNS_783337574923        8        0        0       0     0      0         8
AbutContact_CDNS_783337574924       12        0        0       0     0      0        12
AbutContact_CDNS_783337574927        6        0        0       0     0      0         6
Contact_CDNS_7833375749210        4        0        0       0     0      0         4
Contact_CDNS_7833375749212        8        0        0       0     0      0         8
Contact_CDNS_7833375749214        4        0        0       0     0      0         4
pmos1v2hvt_4_CDNS_7833375749219       80        1        0       0     6      0        87
trim_res_rnpolyn_2_fL       67        3        0       0    26      0        96
M2_M3_CDNS_7833375749222        6        0        0       0     0      0         6
nmos1v2hvt_4_CDNS_7833375749223       80        1        0       0     4      0        85
Contact_CDNS_7833375749220        5        0        0       0     0      0         5
AbutContact_CDNS_7833375749221        7        0        0       0     0      0         7
IN2                33        5        0       0     0      0        38
Contact_CDNS_7833375749228       86        0        0       0     0      0        86
Contact_CDNS_7833375749229       73        0        0       0     0      0        73
Contact_CDNS_7833375749234       27        0        0       0     0      0        27
Contact_CDNS_7833375749236       25        0        0       0     0      0        25
Contact_CDNS_7833375749248       26        0        0       0     0      0        26
AbutContact_CDNS_7833375749249       35        0        0       0     0      0        35
nmos1v2hvt_4_CDNS_7833375749238       13        1        0       0     6      0        20
MASCO__A1           1        2        0       0     2      0         5
Contact_CDNS_7833375749239       64        0        0       0     0      0        64
Contact_CDNS_7833375749240       55        0        0       0     0      0        55
AbutContact_CDNS_7833375749241       13        0        0       0     0      0        13
----------------------------------------------------------------------

Object Statistics of Layers
Layer   Objects
----------------
   3           8
  12          51
  19           7
  20          17
  21         149
  36           7
  37         322
  38          17
  41          21
  42          72
  43          36
  44          13
  45           6
  48           9
  54          20
  55         330
  56           9
  58         338
  62           7
  64           2
  67           4
  70           1
  79           6
  90         888
  91           9
  95           6
  97         793
  98        1020
 101         151
 102          32
----------------

Object Summary
------------------
     Box      4200
 Polygon       151
    Path         0
   Label         0
Instance       707
   Array         0
------------------
   Total      5058


Output property: 5058
Total CPU Time          : 0(s)
Total Real Time         : 0(s)
Peak Memory Used        : 9(M)
Creating extracted connectivity database ...
CmdLine: /opt/tools/cadence/installs/PVS241/tools.lnx86/pvs/bin/64bit/edbToEcdb -kf -edb REF_V5_fL_580691.db -ecdb ./ -topcell REF_V5_fL -netlist /home/saul/projects/LF_BG/pvsRunLVS/REF_GEN/REF_V5_fL/svdb/REF_V5_fL.net -layermap /home/saul/projects/LF_BG/pvsRunLVS/REF_GEN/REF_V5_fL/svdb/REF_V5_fL.ecdbmap -textmap /home/saul/projects/LF_BG/pvsRunLVS/REF_GEN/REF_V5_fL/svdb/REF_V5_fL.ports -dependmap REF_V5_fL.lmap.perc -lvsfile /home/saul/projects/LF_BG/pvsRunLVS/REF_GEN/REF_V5_fL/svdb/REF_V5_fL.lvsfile -saveFloatingNets .REF_V5_fL.info.softchk 
Legend for cell operations:
   C - Cells
   P - Pins
   N - Net
   D - Device
   I - Insts
   S - Shapes
   X - Delete cell memory
Opening layer file 'REF_V5_fL_580691.db/__layer'...
Loading layer map file '/home/saul/projects/LF_BG/pvsRunLVS/REF_GEN/REF_V5_fL/svdb/REF_V5_fL.ecdbmap'...
Loading text map file '/home/saul/projects/LF_BG/pvsRunLVS/REF_GEN/REF_V5_fL/svdb/REF_V5_fL.ports'...
Loading dependency map file 'REF_V5_fL.lmap.perc'...
Pre loading edb directory contents...
ECDB file name './/.REF_V5_fL.ecdb'...
Loading lvs file '/home/saul/projects/LF_BG/pvsRunLVS/REF_GEN/REF_V5_fL/svdb/REF_V5_fL.lvsfile'...
Writing db header information...(0s)
Transfering cdl structures to ecdb structures...
Read Netlist (32 threads)...
  DONE - (2s)
Process (32 threads)...
Cell(      65):   1% Done...(2s), MASCO__A6                               
Cell(      22):   2% Done...(2s), pmos1v2hvt_4_CDNS_7833375749211         
Cell(      63):   4% Done...(2s), MASCO__A4                               
Cell(      51):   5% Done...(2s), Contact_CDNS_7833375749248              
Cell(      52):   7% Done...(2s), AbutContact_CDNS_7833375749249          
Cell(      64):   8% Done...(2s), MASCO__A5                               
Cell(      62):  10% Done...(2s), MASCO__A1                               
Cell(      66):  11% Done...(2s), MASCO__A7                               
Cell(      60):  13% Done...(2s), MASCO__A2                               
Cell(      56):  14% Done...(2s), Contact_CDNS_7833375749239              
Cell(      61):  16% Done...(2s), MASCO__A3                               
Cell(      30):  17% Done...(2s), AbutContact_CDNS_7833375749221          
Cell(       9):  19% Done...(2s), M3_M4_CDNS_7833375749218                
Cell(      50):  20% Done...(2s), rnpolym_CDNS_7833375749246              
Cell(      44):  22% Done...(2s), rnpolym_CDNS_7833375749232              
Cell(      58):  23% Done...(2s), AbutContact_CDNS_7833375749241          
Cell(       1):  25% Done...(2s), M1_M2_CDNS_783337574922                 
Cell(       7):  26% Done...(2s), M1_M2_CDNS_783337574929                 
Cell(       3):  27% Done...(2s), PG_M1_CDNS_783337574924                 
Cell(      29):  29% Done...(2s), Contact_CDNS_7833375749220              
Cell(      55):  30% Done...(2s), pmos1v2hvt_4_CDNS_7833375749252         
Cell(       6):  32% Done...(2s), M2_M3_CDNS_783337574928                 
Cell(       8):  33% Done...(2s), M4_M5_CDNS_7833375749217                
Cell(       4):  35% Done...(2s), M1_M2_CDNS_783337574925                 
Cell(      34):  36% Done...(2s), trim_res_array_rn_2_fL                  
Cell(      48):  38% Done...(2s), pmos1v2hvt_4_CDNS_7833375749242         
Cell(      45):  39% Done...(2s), Contact_CDNS_7833375749234              
Cell(      14):  41% Done...(2s), Contact_CDNS_783337574923               
Cell(      20):  42% Done...(2s), nmos1v2hvt_4_CDNS_783337574928          
Cell(      32):  44% Done...(2s), mux8_1p_fL                              
Cell(      46):  45% Done...(2s), Contact_CDNS_7833375749236              
Cell(      38):  47% Done...(2s), pmos1v2hvt_4_CDNS_7833375749225         
Cell(       5):  48% Done...(2s), M1_M2_CDNS_783337574926                 
Cell(      53):  50% Done...(2s), pmos1v2hvt_4_CDNS_7833375749247         
Cell(      26):  51% Done...(2s), rnpolym_CDNS_7833375749216              
Cell(      24):  52% Done...(2s), rnpolym_CDNS_7833375749213              
Cell(      43):  54% Done...(2s), pmos1v2hvt_4_CDNS_7833375749227         
Cell(      25):  55% Done...(2s), rnpolym_CDNS_7833375749215              
Cell(      12):  57% Done...(2s), Contact_CDNS_783337574921               
Cell(      27):  58% Done...(2s), rnpolym_CDNS_7833375749217              
Cell(      39):  60% Done...(2s), IN2                                     
Cell(      42):  61% Done...(2s), Contact_CDNS_7833375749229              
Cell(      17):  63% Done...(2s), AbutContact_CDNS_783337574927           
Cell(      36):  64% Done...(2s), nmos1v2hvt_4_CDNS_7833375749223         
Cell(       0):  66% Done...(2s), M1_M2_CDNS_783337574920                 
Cell(      23):  67% Done...(2s), Contact_CDNS_7833375749214              
Cell(      15):  69% Done...(2s), AbutContact_CDNS_783337574924           
Cell(      41):  70% Done...(2s), Contact_CDNS_7833375749228              
Cell(      49):  72% Done...(2s), nmos1v2hvt_4_CDNS_7833375749243         
Cell(      47):  73% Done...(2s), nmos1v2hvt_4_CDNS_7833375749233         
Cell(      37):  75% Done...(2s), mux8_1_fL                               
Cell(      67):  76% Done...(2s), REF_V5_fL                               
Cell(      19):  77% Done...(3s), Contact_CDNS_7833375749210              
Cell(      57):  79% Done...(3s), Contact_CDNS_7833375749240              
Cell(      11):  80% Done...(3s), M1_M2_CDNS_7833375749220                
Cell(      33):  82% Done...(3s), trim_res_rnpolyn_2_fL                   
Cell(      28):  83% Done...(3s), rnpolym_CDNS_7833375749218              
Cell(      21):  85% Done...(3s), Contact_CDNS_7833375749212              
Cell(      18):  86% Done...(3s), pmos1v2hvt_4_CDNS_783337574925          
Cell(      35):  88% Done...(4s), M2_M3_CDNS_7833375749222                
Cell(       2):  89% Done...(4s), M1_M2_CDNS_783337574923                 
Cell(      31):  91% Done...(4s), pmos1v2hvt_4_CDNS_7833375749219         
Cell(      10):  92% Done...(5s), M2_M3_CDNS_7833375749219                
Cell(      13):  94% Done...(6s), Contact_CDNS_783337574922               
Cell(      54):  95% Done...(7s), pmos1v2hvt_4_CDNS_7833375749250         
Cell(      40):  97% Done...(8s), inv8_fL                                 
Cell(      16):  98% Done...(9s), pmos1v2hvt_4_CDNS_783337574920          
Cell(      59): 100% Done...(10s), nmos1v2hvt_4_CDNS_7833375749238         
  DONE - (8s)
Cells creation time: (10s)
Write netlist items...(10s)
Saving name table to db...
Save device templates to the db...
Save connect rules to the db...
Write calculated header information to the top of file...
Erasing cdl subckts... (0s)
ecdb created...TOTAL TIME: (10s)
Total CPU Time      : 0(s)
Total Real Time     : 10(s)
   Read edb time    : 0(s)
   Write ecdb time  : 0(s)
Peak Memory Used    : 1970.41(M)

edbToEcdb Header Information:
  ECDB file version   : 38
  DevTmpl offset      : 140815
  Connect offset      : 140987
  NameTable offset    : 134350
  Layer Map offset    : 167
  Cell Start offset   : 129590
  Cell End offset     : 134350
  Aux Data offset     : 141495
  Labels     offset   : 0
  Layer RW   offset   : 0
  NVP                 : 
  Scale               : 4000
  GDS Scale           : 1000
  File size (static)  : 148614
  File size (dynamic) : 0
  Cell count          : 68
  ECDB create time    : 10
  EDB info            : 10
  Top Cell            : REF_V5_fL
  EDB info (Trans)    : WRITTEN_64 W_NOT_NET_ORDER 

edbToEcdb Sizes written to disk (MB):
  NameTbl             :     0.006465
  Layers              :     0.009176
  Shapes              :     0.050525
  XYTree              :     0.031459
  LookUpTbls          :     0.004734
  Cells               :     0.005489
  Insts               :     0.014184
  Ports               :     0.010800
  Nets                :     0.003352
  Pins                :     0.000968
  Labels              :     0.003500
  DevTmpl             :     0.000172
  Connect             :     0.000504
  Header              :     0.000167
  AuxData             :     0.007117
  NvnLabels           :     0.000002
---------------------------------
  Total               :     0.148614


edbToEcdb Done


Creating extraction database ...
********************************************************************************
pvsextdb 24.11-s045 64 bit (Mon Jan 27 22:18:54 PST 2025)
Build Ref No.: 045 Production (01-27-2025) [pvs_2411_rtm]

Copyright 2025 Cadence Design Systems, Inc.
All rights reserved worldwide.

Build O/S:       Linux x86_64 3.10.0-693.el7.x86_64
Executed on:     edatools (Linux x86_64 6.17.0-35-generic)
Process Id:      580788
Starting Time:   Mon Jul  6 11:33:09 2026 (Mon Jul  6 11:33:09 2026 GMT)
With parameters: -license_timeout 300 REF_V5_fL.rep REPORTDB 
********************************************************************************

Processing file REF_V5_fL.rep
Completed creation of REPORTDB


Netlist Extraction Finished Normally. Mon Jul  6 11:33:09 2026




Comparing netlists ...
********************************************************************************
pvsnvn 24.11-s045 64 bit (Mon Jan 27 22:18:54 PST 2025)
Build Ref No.: 045 Production (01-27-2025) [pvs_2411_rtm]

Copyright 2025 Cadence Design Systems, Inc.
All rights reserved worldwide.

Build O/S:       Linux x86_64 3.10.0-693.el7.x86_64
Executed on:     edatools (Linux x86_64 6.17.0-35-generic)
Process Id:      580802
Starting Time:   Mon Jul  6 11:33:09 2026 (Mon Jul  6 11:33:09 2026 GMT)
With parameters: -ai /home/saul/projects/LF_BG/pvsRunLVS/REF_GEN/REF_V5_fL/.config.rul.rsf 
********************************************************************************

Setup VLDB (0s)
Init sch rules (0s)
Init lay rules (0s)
Init structures (0s)
Set cells to delete (0s)
Check expand on pin error (0s)
Reading schematic network
 inputting cdl netlist /home/saul/projects/LF_BG/pvsRunLVS/REF_GEN/REF_V5_fL/REF_V5_fL.cdl...
WARNING (NVN-13002): *.BIPOLAR is not supported.
WARNING (NVN-13002): *.RESI is not supported.
WARNING (NVN-13002): *.RESVAL is not supported.
WARNING (NVN-13002): *.CAPVAL is not supported.
WARNING (NVN-13002): *.DIOPERI is not supported.
WARNING (NVN-13002): *.DIOAREA is not supported.
WARNING (NVN-13002): *.EQUATION is not supported.
WARNING (NVN-13003): "*.SCALE" is not supported. Use ".OPTION SCALE" instead or specify  'lvs_cdn_flow_options -cdl_use_scale' in the rule file.
 finished loading cdl netlist /home/saul/projects/LF_BG/pvsRunLVS/REF_GEN/REF_V5_fL/REF_V5_fL.cdl (0s)
 commit cdl netlist(s)...
 finished committing cdl netlists (0s)
Post sch netlist rule processing (0s)
Reading layout network
 inputting (fast parser) cdl netlist  /home/saul/projects/LF_BG/pvsRunLVS/REF_GEN/REF_V5_fL/svdb/REF_V5_fL.net...
 finished loading cdl netlist /home/saul/projects/LF_BG/pvsRunLVS/REF_GEN/REF_V5_fL/svdb/REF_V5_fL.net (0s)
 commit cdl netlist(s)...
 finished committing cdl netlists (0s)
Post lay netlist rule processing (0s)
Processing blackBox rules (0s)
Processing bindings (0s)
Commit sch verilog netlist (0s)
Commit lay verilog netlist (0s)
Erase netlist data (0s)
Set blackbox cells (0s)
Sch put cells in memory (0s)
Sch update netlist rules (0s)
Sch set devices to delete (0s)
Sch adjust device pins (0s)
Sch calc hier order (0s)
Sch process inherited connections (0s)
Sch generate qrc files (0s)
Sch handle global pins (0s)
Sch apply rule actions with processed netlist (0s)
Sch process cell supply (0s)
Lay put cells in memory (0s)
Lay update netlist rules (0s)
Lay set devices to delete (0s)
Lay calc hier order (0s)
Lay process inherited connections (0s)
Lay generate qrc files (0s)
Lay handle global pins (0s)
Lay apply rule actions with processed netlist (0s)
Lay process cell supply (0s)
Check if interposer flow (0s)
Check binding file (0s)
Set topcell global pin indicator (0s)
Calculate preserve parameterized cells (0s)
Check generic device bindings (0s)
Calculate primitive device bindings (0s)
Remove unused device parameters (0s)
Set instances to flatten inside cells (0s)
Calculate parameters (0s)
Start sch normalization (0s)
Start lay normalization (0s)
Calculate primitive device bindings (2nd time) (0s)
Finalize binding (0s)
Sch join nets (0s)
Sch setup hier normalization (0s)
Sch remove feedthroughs and black box cell instances (0s)
Sch remove identical pins (0s)
Sch calc connection counts (0s)
Run genHierCells (0s)
Reset normalization flags (0s)
Lay join nets (0s)
Lay setup hier normalization (0s)
Lay remove feedthroughs and black box cell instances (0s)
Lay remove identical pins (0s)
Lay calc connection counts (0s)
Normalize sch (0s)
Read in color file (0s)
Set scale factor per cell (0s)
Setup property init rules (0s)
Write sch vldb file (0s)
Write lay vldb file (0s)
Apply preserve parameterized cells
Flatten schematic parameterized cells:
 rnpolym_pcell_0
 rnpolym_pcell_1
 rnpolym_pcell_2
 rnpolym_pcell_3
 rnpolym_pcell_4
 rnpolym_pcell_5
 rnpolym_pcell_6
 rnpolym_pcell_7
 (0s)
Cleanup after VLDB processing (0s)
INFO (NVN-10007): Found ecdb file .REF_V5_fL.ecdb, will use during comparison.

Cell comparison output format:
   <Comparing|Top Cell> <Layout Cell> vs <Schematic Cell>
      <Layout instances> insts vs <Schematic instances> insts  (<Time>)-<Status>

Top Cell  REF_V5_fL vs REF_V5_fL
   525 insts vs 525 insts . . . . . . . . . . . . . . . . . . . . . . (0s)-match

Generating the LVS report...
  Report Init (0s)
  Load common queries (0s)
  Create report (0s)
  Cleanup (0s)
Report finished

Extraction Run Summary
Total CPU Time        : 0(s)
Total Real Time       : 0(s)
Peak Memory Used      : 26.00(M)


NVN Run Summary
Total CPU Time        : 0(s)
Total Real Time       : 0(s)
Peak Memory Used      : 294.08(M)


LVS Summary
Total CPU Time        : 0(s)
Total Real Time       : 0(s)
Peak Memory Used      : 294.08(M)

    #######################################################################
    #                                                                     #
    # Run Result             : MATCH                                      #
    #                                                                     #
    # Run Summary            : [INFO]  ERC Results: Empty                 #
    #                        : [INFO]  Extraction Clean                   #
    #                        : [INFO]  Some Sections Have Been Truncated  #
    #                                                                     #
    # ERC Summary File       : REF_V5_fL.sum                              #
    # Extraction Report File : REF_V5_fL.rep                              #
    # Comparison Report File : REF_V5_fL.rep.cls                          #
    #                                                                     #
    #######################################################################



PVS Comparison Finished. Mon Jul  6 11:33:09 2026



Creating cross reference ...
********************************************************************************
pvs_RCXxref 24.11-s045 64 bit (Mon Jan 27 22:18:54 PST 2025)
Build Ref No.: 045 Production (01-27-2025) [pvs_2411_rtm]

Copyright 2025 Cadence Design Systems, Inc.
All rights reserved worldwide.

Build O/S:       Linux x86_64 3.10.0-693.el7.x86_64
Executed on:     edatools (Linux x86_64 6.17.0-35-generic)
Process Id:      580811
Starting Time:   Mon Jul  6 11:33:09 2026 (Mon Jul  6 11:33:09 2026 GMT)
With parameters: -format C -nxf -ixf /home/saul/projects/LF_BG/pvsRunLVS/REF_GEN/REF_V5_fL/svdb/REF_V5_fL REF_V5_fL.rep 
********************************************************************************

Total CPU Time    : 0(s)
Total Real Time   : 0(s)
Memory Used       : 108.16(M)

pvs_RCXxref Done
Checking in all SoftShare licenses.


