Running: /opt/tools/cadence/installs/PVS241/tools.lnx86/pvs/bin/64bit/pvsvirt \
  -mode lvs \
  -global_log_file /home/saul/projects/LF_BG/pvsRunLVS/REF_GEN/REF_GEN_fL_2/pvsuilvs.log \
  -control /home/saul/projects/LF_BG/pvsRunLVS/REF_GEN/REF_GEN_fL_2/pvslvsctl \
  -df2_version 6.1.8.0 \
  -run_dir /home/saul/projects/LF_BG/pvsRunLVS/REF_GEN/REF_GEN_fL_2 \
  -no_rules_check \
  -rc_data \
  -schLibName REF_GEN \
  -schCellName REF_GEN_fL_2 \
  -schViewName schematic \
  -simViewList auCdl\ schematic \
  -simStopList auCdl \
  -displayPinInfo \
  -source_cdl /home/saul/projects/LF_BG/pvsRunLVS/REF_GEN/REF_GEN_fL_2/REF_GEN_fL_2.cdl \
  -cdloutInclude /opt/pdk/lf11/PDK_LF11ISi_V1_3_2/tools/setup/subckt.cdl \
  -useCdlOutKeys \
  -spice /home/saul/projects/LF_BG/pvsRunLVS/REF_GEN/REF_GEN_fL_2/REF_GEN_fL_2.spi \
  -layLibName REF_GEN \
  -layCellName REF_GEN_fL_2 \
  -layViewName layout \
  -igds /home/saul/projects/LF_BG/pvsRunLVS/REF_GEN/REF_GEN_fL_2/REF_GEN_fL_2.gds \
  -layScale 0.001 \
  -layTechLib lf11is \
  -convertPin geometry \
  -replaceBusBitChar nil \
  -noConvertHalfWidthPath nil \
  -flattenPcells nil \
  -layHierDepth 32 \
  -layMaxVertices 2048 \
  -rulesFile /home/saul/projects/LF_BG/pvsRunLVS/REF_GEN/REF_GEN_fL_2/.config.rul \
  -rulesFile /home/saul/projects/LF_BG/pvsRunLVS/REF_GEN/REF_GEN_fL_2/.technology.rul



Virtuoso Framework License (111) was checked out successfully. Total checkout time was 0.01s.
********************************************************************************
Product   : Virtuoso(R) XStream Out
Program   : @(#)$CDS: strmout version 6.1.8-64b 09/03/2024 18:58 (sjfhw317) $
          : sub-version  IC6.1.8-64b.500.36 
Started at: 04-Aug-2026  13:22:30
User Name : saul
Host Name : edatools
Directory : /home/saul/projects/LF_BG
CADENCE Design Systems, Inc.
********************************************************************************
Info: Cellview Rev Num:99,  Tech Rev Num:59

*WARNING* The directory: '/opt/pdk/lf11/PDK_LF11ISi_V1_3_2/tools/setup/$ASSURAHOME/tools/assura/etc/avtech/avTech' does not exist
	but was defined in libFile '/opt/pdk/lf11/PDK_LF11ISi_V1_3_2/tools/setup/cds.lib' for Lib 'avTech'.
*LF-INFO* Loading lf11is:/opt/pdk/lf11/PDK_LF11ISi_V1_3_2/analog/callbacks/lf11is_cdfCbks.il   done
*LF-INFO* lf11is libInit.il loaded successfully. 
WARNING (XSTRM-20): Output Stream file '/home/saul/projects/LF_BG/pvsRunLVS/REF_GEN/REF_GEN_fL_2/REF_GEN_fL_2.gds' already exists. It will be overwritten.
INFO (XSTRM-217): Reading the layer map file, /opt/pdk/lf11/PDK_LF11ISi_V1_3_2/analog/libraries/6metal/lf11is/lf11is.layermap
INFO (XSTRM-162): You have not used the '-viaMap' option. If the OpenAccess design has native oaVia instances, use the '-viaMap' option for preserving oaVia instances in a XStream Out - XStream In round trip. Using the '-viaMap' option improves performance and VM usage of applications using the Streamed-In design.

Summary of Options :
library                                 REF_GEN
strmFile                                /home/saul/projects/LF_BG/pvsRunLVS/REF_GEN/REF_GEN_fL_2/REF_GEN_fL_2.gds
topCell                                 REF_GEN_fL_2
view                                    layout
runDir                                  /home/saul/projects/LF_BG/pvsRunLVS/REF_GEN/REF_GEN_fL_2
logFile                                 /home/saul/projects/LF_BG/pvsRunLVS/REF_GEN/REF_GEN_fL_2/PIPO1.LOG
techLib                                 lf11is
hierDepth                               32
maxVertices                             2048
layerMap                                /opt/pdk/lf11/PDK_LF11ISi_V1_3_2/analog/libraries/6metal/lf11is/lf11is.layermap
userSkillFile                           /home/saul/projects/LF_BG/pvsRunLVS/REF_GEN/REF_GEN_fL_2/strmout.il
labelDepth                              32
case                                    Preserve
convertDot                              node

INFO (XSTRM-223): 1. Translating stdVia lf11is/M1_M2/layout as STRUCTURE M1_M2_CDNS_785849750460.
INFO (XSTRM-223): 2. Translating stdVia lf11is/M1_M2/layout as STRUCTURE M1_M2_CDNS_785849750461.
INFO (XSTRM-223): 3. Translating stdVia lf11is/M1_M2/layout as STRUCTURE M1_M2_CDNS_785849750462.
INFO (XSTRM-223): 4. Translating stdVia lf11is/M2_M3/layout as STRUCTURE M2_M3_CDNS_785849750463.
INFO (XSTRM-223): 5. Translating stdVia lf11is/M2_M3/layout as STRUCTURE M2_M3_CDNS_785849750464.
INFO (XSTRM-223): 6. Translating stdVia lf11is/M2_M3/layout as STRUCTURE M2_M3_CDNS_785849750465.
INFO (XSTRM-223): 7. Translating stdVia lf11is/M1_M2/layout as STRUCTURE M1_M2_CDNS_785849750466.
INFO (XSTRM-223): 8. Translating stdVia lf11is/M1_M2/layout as STRUCTURE M1_M2_CDNS_785849750467.
INFO (XSTRM-223): 9. Translating stdVia lf11is/M2_M3/layout as STRUCTURE M2_M3_CDNS_785849750468.
INFO (XSTRM-223): 10. Translating stdVia lf11is/M1_M2/layout as STRUCTURE M1_M2_CDNS_785849750469.
INFO (XSTRM-223): 11. Translating stdVia lf11is/M2_M3/layout as STRUCTURE M2_M3_CDNS_7858497504610.
INFO (XSTRM-223): 12. Translating stdVia lf11is/M2_M3/layout as STRUCTURE M2_M3_CDNS_7858497504611.
INFO (XSTRM-223): 13. Translating stdVia lf11is/M2_M3/layout as STRUCTURE M2_M3_CDNS_7858497504612.
INFO (XSTRM-223): 14. Translating stdVia lf11is/M2_M3/layout as STRUCTURE M2_M3_CDNS_7858497504613.
INFO (XSTRM-223): 15. Translating stdVia lf11is/M1_M2/layout as STRUCTURE M1_M2_CDNS_7858497504614.
INFO (XSTRM-223): 16. Translating stdVia lf11is/M2_M3/layout as STRUCTURE M2_M3_CDNS_7858497504615.
INFO (XSTRM-223): 17. Translating stdVia lf11is/M1_M2/layout as STRUCTURE M1_M2_CDNS_7858497504616.
INFO (XSTRM-223): 18. Translating stdVia lf11is/M1_M2/layout as STRUCTURE M1_M2_CDNS_7858497504617.
INFO (XSTRM-223): 19. Translating stdVia lf11is/M2_M3/layout as STRUCTURE M2_M3_CDNS_7858497504618.
INFO (XSTRM-223): 20. Translating stdVia lf11is/M1_M2/layout as STRUCTURE M1_M2_CDNS_7858497504619.
INFO (XSTRM-223): 21. Translating stdVia lf11is/M1_M2/layout as STRUCTURE M1_M2_CDNS_7858497504620.
INFO (XSTRM-223): 22. Translating stdVia lf11is/M2_M3/layout as STRUCTURE M2_M3_CDNS_7858497504621.
INFO (XSTRM-223): 23. Translating stdVia lf11is/M1_M2/layout as STRUCTURE M1_M2_CDNS_7858497504622.
INFO (XSTRM-223): 24. Translating stdVia lf11is/M2_M3/layout as STRUCTURE M2_M3_CDNS_7858497504623.
INFO (XSTRM-223): 25. Translating stdVia lf11is/M1_M2/layout as STRUCTURE M1_M2_CDNS_7858497504624.
INFO (XSTRM-223): 26. Translating stdVia lf11is/M2_M3/layout as STRUCTURE M2_M3_CDNS_7858497504625.
INFO (XSTRM-223): 27. Translating stdVia lf11is/M2_M3/layout as STRUCTURE M2_M3_CDNS_7858497504626.
INFO (XSTRM-223): 28. Translating stdVia lf11is/M2_M3/layout as STRUCTURE M2_M3_CDNS_7858497504627.
INFO (XSTRM-223): 29. Translating stdVia lf11is/M1_M2/layout as STRUCTURE M1_M2_CDNS_7858497504628.
INFO (XSTRM-223): 30. Translating stdVia lf11is/M1_M2/layout as STRUCTURE M1_M2_CDNS_7858497504629.
INFO (XSTRM-223): 31. Translating stdVia lf11is/M2_M3/layout as STRUCTURE M2_M3_CDNS_7858497504630.
*WARNING* (DB-220704): The Pcell super master 'lf11is/dnppw1v2/layout' is not a SKILL super master.
                       The usage of non-SKILL Pcells in Virtuoso is not a supported feature.
*WARNING* (DB-220704): The Pcell super master 'lf11is/nmos1v2hvt_4/layout' is not a SKILL super master.
                       The usage of non-SKILL Pcells in Virtuoso is not a supported feature.
*WARNING* (DB-220704): The Pcell super master 'lf11is/pmos1v2hvt_4/layout' is not a SKILL super master.
                       The usage of non-SKILL Pcells in Virtuoso is not a supported feature.
*WARNING* (DB-220704): The Pcell super master 'lf11is/rnpolym/layout' is not a SKILL super master.
                       The usage of non-SKILL Pcells in Virtuoso is not a supported feature.
INFO (XSTRM-223): 32. Translating stdVia lf11is/PG_M1/layout as STRUCTURE PG_M1_CDNS_7858497504631.
INFO (XSTRM-223): 33. Translating stdVia lf11is/M1_M2/layout as STRUCTURE M1_M2_CDNS_7858497504632.
INFO (XSTRM-223): 34. Translating stdVia lf11is/M1_M2/layout as STRUCTURE M1_M2_CDNS_7858497504633.
INFO (XSTRM-223): 35. Translating stdVia lf11is/M2_M3/layout as STRUCTURE M2_M3_CDNS_7858497504634.
INFO (XSTRM-223): 36. Translating stdVia lf11is/M1_M2/layout as STRUCTURE M1_M2_CDNS_7858497504635.
INFO (XSTRM-223): 37. Translating stdVia lf11is/M2_M3/layout as STRUCTURE M2_M3_CDNS_7858497504636.
INFO (XSTRM-223): 38. Translating stdVia lf11is/M2_M3/layout as STRUCTURE M2_M3_CDNS_7858497504637.
*WARNING* (DB-220704): The Pcell super master 'lf11is/ncap1v2hvt/layout' is not a SKILL super master.
                       The usage of non-SKILL Pcells in Virtuoso is not a supported feature.
*WARNING* (DB-220704): The Pcell super master 'lf11is/Contact/layout' is not a SKILL super master.
                       The usage of non-SKILL Pcells in Virtuoso is not a supported feature.
INFO (XSTRM-223): 39. Translating cellView lf11is/Contact/layout as STRUCTURE Contact_CDNS_785849750461.
INFO (XSTRM-223): 40. Translating cellView lf11is/Contact/layout as STRUCTURE Contact_CDNS_785849750462.
INFO (XSTRM-223): 41. Translating cellView lf11is/Contact/layout as STRUCTURE Contact_CDNS_785849750463.
INFO (XSTRM-223): 42. Translating cellView lf11is/AbutContact/layout as STRUCTURE AbutContact_CDNS_785849750464.
INFO (XSTRM-223): 43. Translating cellView lf11is/nmos1v2hvt_4/layout as STRUCTURE nmos1v2hvt_4_CDNS_785849750460.
INFO (XSTRM-223): 44. Translating cellView lf11is/AbutContact/layout as STRUCTURE AbutContact_CDNS_785849750466.
INFO (XSTRM-223): 45. Translating cellView lf11is/Contact/layout as STRUCTURE Contact_CDNS_785849750467.
INFO (XSTRM-223): 46. Translating cellView lf11is/nmos1v2hvt_4/layout as STRUCTURE nmos1v2hvt_4_CDNS_785849750465.
INFO (XSTRM-223): 47. Translating cellView lf11is/Contact/layout as STRUCTURE Contact_CDNS_785849750469.
INFO (XSTRM-223): 48. Translating cellView lf11is/AbutContact/layout as STRUCTURE AbutContact_CDNS_7858497504610.
INFO (XSTRM-223): 49. Translating cellView lf11is/nmos1v2hvt_4/layout as STRUCTURE nmos1v2hvt_4_CDNS_785849750468.
INFO (XSTRM-223): 50. Translating cellView lf11is/Contact/layout as STRUCTURE Contact_CDNS_7858497504612.
INFO (XSTRM-223): 51. Translating cellView lf11is/AbutContact/layout as STRUCTURE AbutContact_CDNS_7858497504613.
INFO (XSTRM-223): 52. Translating cellView lf11is/pmos1v2hvt_4/layout as STRUCTURE pmos1v2hvt_4_CDNS_7858497504611.
INFO (XSTRM-223): 53. Translating cellView lf11is/AbutContact/layout as STRUCTURE AbutContact_CDNS_7858497504615.
INFO (XSTRM-223): 54. Translating cellView lf11is/pmos1v2hvt_4/layout as STRUCTURE pmos1v2hvt_4_CDNS_7858497504614.
INFO (XSTRM-223): 55. Translating cellView lf11is/nmos1v2hvt_4/layout as STRUCTURE nmos1v2hvt_4_CDNS_7858497504616.
INFO (XSTRM-223): 56. Translating cellView lf11is/Contact/layout as STRUCTURE Contact_CDNS_7858497504618.
INFO (XSTRM-223): 57. Translating cellView lf11is/pmos1v2hvt_4/layout as STRUCTURE pmos1v2hvt_4_CDNS_7858497504617.
INFO (XSTRM-223): 58. Translating cellView lf11is/AbutContact/layout as STRUCTURE AbutContact_CDNS_7858497504620.
INFO (XSTRM-223): 59. Translating cellView lf11is/nmos1v2hvt_4/layout as STRUCTURE nmos1v2hvt_4_CDNS_7858497504619.
INFO (XSTRM-223): 60. Translating cellView lf11is/AbutContact/layout as STRUCTURE AbutContact_CDNS_7858497504622.
INFO (XSTRM-223): 61. Translating cellView lf11is/pmos1v2hvt_4/layout as STRUCTURE pmos1v2hvt_4_CDNS_7858497504621.
INFO (XSTRM-223): 62. Translating cellView lf11is/Contact/layout as STRUCTURE Contact_CDNS_7858497504624.
INFO (XSTRM-223): 63. Translating cellView lf11is/Contact/layout as STRUCTURE Contact_CDNS_7858497504625.
INFO (XSTRM-223): 64. Translating cellView lf11is/ncap1v2hvt/layout as STRUCTURE ncap1v2hvt_CDNS_7858497504623.
INFO (XSTRM-223): 65. Translating cellView lf11is/Contact/layout as STRUCTURE Contact_CDNS_7858497504627.
INFO (XSTRM-223): 66. Translating cellView lf11is/rnpolym/layout as STRUCTURE rnpolym_CDNS_7858497504626.
INFO (XSTRM-223): 67. Translating cellView lf11is/pmos1v2hvt_4/layout as STRUCTURE pmos1v2hvt_4_CDNS_7858497504628.
INFO (XSTRM-223): 68. Translating cellView lf11is/Contact/layout as STRUCTURE Contact_CDNS_7858497504630.
INFO (XSTRM-223): 69. Translating cellView lf11is/AbutContact/layout as STRUCTURE AbutContact_CDNS_7858497504631.
INFO (XSTRM-223): 70. Translating cellView lf11is/pmos1v2hvt_4/layout as STRUCTURE pmos1v2hvt_4_CDNS_7858497504629.
INFO (XSTRM-223): 71. Translating cellView REF_GEN/CONSTANT_GM_2_fL/layout as STRUCTURE CONSTANT_GM_2_fL.
INFO (XSTRM-180): You have not used the '-objectMap' option. The design has instance(s) of at least one of following OpenAccess objects: oaBlockage, oaBoundary, oaRow, and oaMarker. Any information about these objects will not be translated into the generated stream file. Use the '-objectMap' option to translate/preserve these objects using XStream.
*WARNING* (DB-220704): The Pcell super master 'lf11is/AbutContact/layout' is not a SKILL super master.
                       The usage of non-SKILL Pcells in Virtuoso is not a supported feature.
*WARNING* (DB-220704): The Pcell super master 'lf11is/cmims/layout' is not a SKILL super master.
                       The usage of non-SKILL Pcells in Virtuoso is not a supported feature.
INFO (XSTRM-223): 72. Translating stdVia lf11is/M1_M2/layout as STRUCTURE M1_M2_CDNS_7858497504638.
INFO (XSTRM-223): 73. Translating stdVia lf11is/M1_M2/layout as STRUCTURE M1_M2_CDNS_7858497504639.
INFO (XSTRM-223): 74. Translating stdVia lf11is/M1_M2/layout as STRUCTURE M1_M2_CDNS_7858497504640.
INFO (XSTRM-223): 75. Translating stdVia lf11is/M1_M2/layout as STRUCTURE M1_M2_CDNS_7858497504641.
INFO (XSTRM-223): 76. Translating stdVia lf11is/M1_M2/layout as STRUCTURE M1_M2_CDNS_7858497504642.
INFO (XSTRM-223): 77. Translating stdVia lf11is/M2_M3/layout as STRUCTURE M2_M3_CDNS_7858497504643.
INFO (XSTRM-223): 78. Translating stdVia lf11is/M1_M2/layout as STRUCTURE M1_M2_CDNS_7858497504644.
INFO (XSTRM-223): 79. Translating stdVia lf11is/PG_M1/layout as STRUCTURE PG_M1_CDNS_7858497504645.
INFO (XSTRM-223): 80. Translating stdVia lf11is/M2_M3/layout as STRUCTURE M2_M3_CDNS_7858497504646.
INFO (XSTRM-223): 81. Translating stdVia lf11is/M2_M3/layout as STRUCTURE M2_M3_CDNS_7858497504647.
INFO (XSTRM-223): 82. Translating stdVia lf11is/M2_M3/layout as STRUCTURE M2_M3_CDNS_7858497504648.
INFO (XSTRM-223): 83. Translating stdVia lf11is/M1_M2/layout as STRUCTURE M1_M2_CDNS_7858497504649.
INFO (XSTRM-223): 84. Translating stdVia lf11is/PG_M1/layout as STRUCTURE PG_M1_CDNS_7858497504650.
INFO (XSTRM-223): 85. Translating stdVia lf11is/M2_M3/layout as STRUCTURE M2_M3_CDNS_7858497504651.
INFO (XSTRM-223): 86. Translating stdVia lf11is/M2_M3/layout as STRUCTURE M2_M3_CDNS_7858497504652.
INFO (XSTRM-223): 87. Translating stdVia lf11is/M1_M2/layout as STRUCTURE M1_M2_CDNS_7858497504653.
INFO (XSTRM-223): 88. Translating stdVia lf11is/M1_M2/layout as STRUCTURE M1_M2_CDNS_7858497504654.
INFO (XSTRM-223): 89. Translating stdVia lf11is/M1_M2/layout as STRUCTURE M1_M2_CDNS_7858497504655.
INFO (XSTRM-223): 90. Translating stdVia lf11is/M1_M2/layout as STRUCTURE M1_M2_CDNS_7858497504656.
INFO (XSTRM-223): 91. Translating stdVia lf11is/M2_M3/layout as STRUCTURE M2_M3_CDNS_7858497504657.
INFO (XSTRM-223): 92. Translating stdVia lf11is/M1_M2/layout as STRUCTURE M1_M2_CDNS_7858497504658.
INFO (XSTRM-223): 93. Translating stdVia lf11is/M2_M3/layout as STRUCTURE M2_M3_CDNS_7858497504659.
INFO (XSTRM-223): 94. Translating stdVia lf11is/M1_M2/layout as STRUCTURE M1_M2_CDNS_7858497504660.
INFO (XSTRM-223): 95. Translating stdVia lf11is/M1_M2/layout as STRUCTURE M1_M2_CDNS_7858497504661.
INFO (XSTRM-223): 96. Translating stdVia lf11is/M2_M3/layout as STRUCTURE M2_M3_CDNS_7858497504662.
INFO (XSTRM-223): 97. Translating stdVia lf11is/M2_M3/layout as STRUCTURE M2_M3_CDNS_7858497504663.
INFO (XSTRM-223): 98. Translating stdVia lf11is/M1_M2/layout as STRUCTURE M1_M2_CDNS_7858497504664.
INFO (XSTRM-223): 99. Translating stdVia lf11is/M2_M3/layout as STRUCTURE M2_M3_CDNS_7858497504665.
INFO (XSTRM-223): 100. Translating stdVia lf11is/M1_M2/layout as STRUCTURE M1_M2_CDNS_7858497504666.
INFO (XSTRM-223): 101. Translating stdVia lf11is/M2_M3/layout as STRUCTURE M2_M3_CDNS_7858497504667.
INFO (XSTRM-223): 102. Translating stdVia lf11is/M5_MF/layout as STRUCTURE M5_MF_CDNS_7858497504668.
INFO (XSTRM-223): 103. Translating stdVia lf11is/M4_M5/layout as STRUCTURE M4_M5_CDNS_7858497504669.
INFO (XSTRM-223): 104. Translating stdVia lf11is/M3_M4/layout as STRUCTURE M3_M4_CDNS_7858497504670.
INFO (XSTRM-223): 105. Translating stdVia lf11is/M2_M3/layout as STRUCTURE M2_M3_CDNS_7858497504671.
INFO (XSTRM-223): 106. Translating stdVia lf11is/M5_MF/layout as STRUCTURE M5_MF_CDNS_7858497504672.
INFO (XSTRM-223): 107. Translating stdVia lf11is/M4_M5/layout as STRUCTURE M4_M5_CDNS_7858497504673.
INFO (XSTRM-223): 108. Translating stdVia lf11is/M3_M4/layout as STRUCTURE M3_M4_CDNS_7858497504674.
INFO (XSTRM-223): 109. Translating stdVia lf11is/M4_M5/layout as STRUCTURE M4_M5_CDNS_7858497504675.
INFO (XSTRM-223): 110. Translating stdVia lf11is/M3_M4/layout as STRUCTURE M3_M4_CDNS_7858497504676.
INFO (XSTRM-223): 111. Translating stdVia lf11is/M2_M3/layout as STRUCTURE M2_M3_CDNS_7858497504677.
INFO (XSTRM-223): 112. Translating stdVia lf11is/M1_M2/layout as STRUCTURE M1_M2_CDNS_7858497504678.
INFO (XSTRM-223): 113. Translating stdVia lf11is/M1_M2/layout as STRUCTURE M1_M2_CDNS_7858497504679.
INFO (XSTRM-223): 114. Translating cellView lf11is/cmims/layout as STRUCTURE cmims_CDNS_7858497504632.
INFO (XSTRM-223): 115. Translating cellView lf11is/AbutContact/layout as STRUCTURE AbutContact_CDNS_7858497504634.
INFO (XSTRM-223): 116. Translating cellView lf11is/pmos1v2hvt_4/layout as STRUCTURE pmos1v2hvt_4_CDNS_7858497504633.
INFO (XSTRM-223): 117. Translating cellView lf11is/rnpolyh/layout as STRUCTURE rnpolyh_CDNS_7858497504635.
INFO (XSTRM-223): 118. Translating cellView lf11is/Contact/layout as STRUCTURE Contact_CDNS_7858497504637.
INFO (XSTRM-223): 119. Translating cellView lf11is/nmos1v2hvt_4/layout as STRUCTURE nmos1v2hvt_4_CDNS_7858497504636.
INFO (XSTRM-223): 120. Translating cellView REF_GEN/mux8_1_fL/layout as STRUCTURE mux8_1_fL.
INFO (XSTRM-223): 121. Translating cellView lf11is/rnpolyh/layout as STRUCTURE rnpolyh_CDNS_7858497504638.
INFO (XSTRM-223): 122. Translating stdVia lf11is/M2_M3/layout as STRUCTURE M2_M3_CDNS_7858497504680.
INFO (XSTRM-223): 123. Translating stdVia lf11is/M1_M2/layout as STRUCTURE M1_M2_CDNS_7858497504681.
INFO (XSTRM-223): 124. Translating stdVia lf11is/PG_M1/layout as STRUCTURE PG_M1_CDNS_7858497504682.
INFO (XSTRM-223): 125. Translating cellView lf11is/Contact/layout as STRUCTURE Contact_CDNS_7858497504640.
INFO (XSTRM-223): 126. Translating cellView lf11is/Contact/layout as STRUCTURE Contact_CDNS_7858497504641.
INFO (XSTRM-223): 127. Translating cellView lf11is/Contact/layout as STRUCTURE Contact_CDNS_7858497504642.
INFO (XSTRM-223): 128. Translating cellView lf11is/AbutContact/layout as STRUCTURE AbutContact_CDNS_7858497504643.
INFO (XSTRM-223): 129. Translating cellView lf11is/pmos1v2hvt_4/layout as STRUCTURE pmos1v2hvt_4_CDNS_7858497504639.
INFO (XSTRM-223): 130. Translating cellView lf11is/Contact/layout as STRUCTURE Contact_CDNS_7858497504645.
INFO (XSTRM-223): 131. Translating cellView lf11is/AbutContact/layout as STRUCTURE AbutContact_CDNS_7858497504646.
INFO (XSTRM-223): 132. Translating cellView lf11is/nmos1v2hvt_4/layout as STRUCTURE nmos1v2hvt_4_CDNS_7858497504644.
INFO (XSTRM-223): 133. Translating cellView lf11is/Contact/layout as STRUCTURE Contact_CDNS_7858497504648.
INFO (XSTRM-223): 134. Translating cellView lf11is/nmos1v2hvt_4/layout as STRUCTURE nmos1v2hvt_4_CDNS_7858497504647.
INFO (XSTRM-223): 135. Translating cellView lf11is/Contact/layout as STRUCTURE Contact_CDNS_7858497504650.
INFO (XSTRM-223): 136. Translating cellView lf11is/Contact/layout as STRUCTURE Contact_CDNS_7858497504651.
INFO (XSTRM-223): 137. Translating cellView lf11is/AbutContact/layout as STRUCTURE AbutContact_CDNS_7858497504652.
INFO (XSTRM-223): 138. Translating cellView lf11is/nmos1v2hvt_4/layout as STRUCTURE nmos1v2hvt_4_CDNS_7858497504649.
INFO (XSTRM-223): 139. Translating cellView lf11is/Contact/layout as STRUCTURE Contact_CDNS_7858497504654.
INFO (XSTRM-223): 140. Translating cellView lf11is/pmos1v2hvt_4/layout as STRUCTURE pmos1v2hvt_4_CDNS_7858497504653.
INFO (XSTRM-223): 141. Translating cellView lf11is/AbutContact/layout as STRUCTURE AbutContact_CDNS_7858497504656.
INFO (XSTRM-223): 142. Translating cellView lf11is/pmos1v2hvt_4/layout as STRUCTURE pmos1v2hvt_4_CDNS_7858497504655.
INFO (XSTRM-223): 143. Translating cellView lf11is/Contact/layout as STRUCTURE Contact_CDNS_7858497504658.
INFO (XSTRM-223): 144. Translating cellView lf11is/AbutContact/layout as STRUCTURE AbutContact_CDNS_7858497504659.
INFO (XSTRM-223): 145. Translating cellView lf11is/pmos1v2hvt_4/layout as STRUCTURE pmos1v2hvt_4_CDNS_7858497504657.
INFO (XSTRM-223): 146. Translating cellView lf11is/pmos1v2hvt_4/layout as STRUCTURE pmos1v2hvt_4_CDNS_7858497504660.
INFO (XSTRM-223): 147. Translating cellView lf11is/pmos1v2hvt_4/layout as STRUCTURE pmos1v2hvt_4_CDNS_7858497504661.
INFO (XSTRM-223): 148. Translating cellView lf11is/Contact/layout as STRUCTURE Contact_CDNS_7858497504663.
INFO (XSTRM-223): 149. Translating cellView lf11is/Contact/layout as STRUCTURE Contact_CDNS_7858497504664.
INFO (XSTRM-223): 150. Translating cellView lf11is/AbutContact/layout as STRUCTURE AbutContact_CDNS_7858497504665.
INFO (XSTRM-223): 151. Translating cellView lf11is/nmos1v2hvt_4/layout as STRUCTURE nmos1v2hvt_4_CDNS_7858497504662.
INFO (XSTRM-223): 152. Translating cellView REF_GEN/BG_STARTUP_fL2/layout as STRUCTURE BG_STARTUP_fL2.
INFO (XSTRM-223): 153. Translating cellView lf11is/AbutContact/layout as STRUCTURE AbutContact_CDNS_7858497504667.
INFO (XSTRM-223): 154. Translating cellView lf11is/nmos1v2hvt_4/layout as STRUCTURE nmos1v2hvt_4_CDNS_7858497504666.
INFO (XSTRM-223): 155. Translating cellView lf11is/rnpolyh/layout as STRUCTURE rnpolyh_CDNS_7858497504668.
INFO (XSTRM-223): 156. Translating cellView lf11is/rnpolyh/layout as STRUCTURE rnpolyh_CDNS_7858497504669.
INFO (XSTRM-223): 157. Translating cellView lf11is/rnpolyh/layout as STRUCTURE rnpolyh_CDNS_7858497504670.
INFO (XSTRM-223): 158. Translating cellView lf11is/rnpolyh/layout as STRUCTURE rnpolyh_CDNS_7858497504671.
INFO (XSTRM-223): 159. Translating cellView REF_GEN/trim_res_bg_2_fL/layout as STRUCTURE trim_res_bg_2_fL.
INFO (XSTRM-223): 160. Translating cellView lf11is/rnpolyh/layout as STRUCTURE rnpolyh_CDNS_7858497504672.
INFO (XSTRM-223): 161. Translating cellView REF_GEN/trim_res_bg_sl_fL/layout as STRUCTURE trim_res_bg_sl_fL.
INFO (XSTRM-223): 162. Translating cellView lf11is/Contact/layout as STRUCTURE Contact_CDNS_7858497504674.
INFO (XSTRM-223): 163. Translating cellView lf11is/pmos1v2hvt_4/layout as STRUCTURE pmos1v2hvt_4_CDNS_7858497504673.
INFO (XSTRM-223): 164. Translating cellView lf11is/Contact/layout as STRUCTURE Contact_CDNS_7858497504676.
INFO (XSTRM-223): 165. Translating cellView lf11is/pmos1v2hvt_4/layout as STRUCTURE pmos1v2hvt_4_CDNS_7858497504675.
INFO (XSTRM-223): 166. Translating cellView lf11is/Contact/layout as STRUCTURE Contact_CDNS_7858497504678.
INFO (XSTRM-223): 167. Translating cellView lf11is/pmos1v2hvt_4/layout as STRUCTURE pmos1v2hvt_4_CDNS_7858497504677.
INFO (XSTRM-223): 168. Translating cellView lf11is/Contact/layout as STRUCTURE Contact_CDNS_7858497504680.
INFO (XSTRM-223): 169. Translating cellView lf11is/Contact/layout as STRUCTURE Contact_CDNS_7858497504681.
INFO (XSTRM-223): 170. Translating cellView lf11is/AbutContact/layout as STRUCTURE AbutContact_CDNS_7858497504682.
INFO (XSTRM-223): 171. Translating cellView lf11is/pmos1v2hvt_4/layout as STRUCTURE pmos1v2hvt_4_CDNS_7858497504679.
INFO (XSTRM-223): 172. Translating cellView lf11is/Contact/layout as STRUCTURE Contact_CDNS_7858497504684.
INFO (XSTRM-223): 173. Translating cellView lf11is/nmos1v2hvt_4/layout as STRUCTURE nmos1v2hvt_4_CDNS_7858497504683.
INFO (XSTRM-223): 174. Translating cellView lf11is/Contact/layout as STRUCTURE Contact_CDNS_7858497504686.
INFO (XSTRM-223): 175. Translating cellView lf11is/AbutContact/layout as STRUCTURE AbutContact_CDNS_7858497504687.
INFO (XSTRM-223): 176. Translating cellView lf11is/pmos1v2hvt_4/layout as STRUCTURE pmos1v2hvt_4_CDNS_7858497504685.
INFO (XSTRM-223): 177. Translating cellView lf11is/Contact/layout as STRUCTURE Contact_CDNS_7858497504689.
INFO (XSTRM-223): 178. Translating cellView lf11is/Contact/layout as STRUCTURE Contact_CDNS_7858497504690.
INFO (XSTRM-223): 179. Translating cellView lf11is/nmos1v2hvt_4/layout as STRUCTURE nmos1v2hvt_4_CDNS_7858497504688.
*WARNING* (DB-220704): The Pcell super master 'lf11is/rnpolyh/layout' is not a SKILL super master.
                       The usage of non-SKILL Pcells in Virtuoso is not a supported feature.
INFO (XSTRM-223): 180. Translating cellView lf11is/Contact/layout as STRUCTURE Contact_CDNS_7858497504692.
INFO (XSTRM-223): 181. Translating cellView lf11is/Contact/layout as STRUCTURE Contact_CDNS_7858497504693.
INFO (XSTRM-223): 182. Translating cellView lf11is/Contact/layout as STRUCTURE Contact_CDNS_7858497504694.
INFO (XSTRM-223): 183. Translating cellView lf11is/AbutContact/layout as STRUCTURE AbutContact_CDNS_7858497504695.
INFO (XSTRM-223): 184. Translating cellView lf11is/AbutContact/layout as STRUCTURE AbutContact_CDNS_7858497504696.
INFO (XSTRM-223): 185. Translating cellView lf11is/AbutContact/layout as STRUCTURE AbutContact_CDNS_7858497504697.
INFO (XSTRM-223): 186. Translating cellView lf11is/AbutContact/layout as STRUCTURE AbutContact_CDNS_7858497504698.
INFO (XSTRM-223): 187. Translating cellView lf11is/Contact/layout as STRUCTURE Contact_CDNS_7858497504699.
INFO (XSTRM-223): 188. Translating cellView lf11is/pnp5ux5u/layout as STRUCTURE pnp5ux5u_CDNS_7858497504691.
INFO (XSTRM-223): 189. Translating cellView lf11is/pnp5ux5u/layout as STRUCTURE pnp5ux5u_CDNS_78584975046100.
INFO (XSTRM-223): 190. Translating cellView lf11is/pnp5ux5u/layout as STRUCTURE pnp5ux5u_CDNS_78584975046101.
INFO (XSTRM-223): 191. Translating cellView REF_GEN/BG_PNP_array/layout as STRUCTURE BG_PNP_array.
INFO (XSTRM-223): 192. Translating cellView lf11is/Contact/layout as STRUCTURE Contact_CDNS_78584975046103.
INFO (XSTRM-223): 193. Translating cellView lf11is/pmos1v2hvt_4/layout as STRUCTURE pmos1v2hvt_4_CDNS_78584975046102.
INFO (XSTRM-223): 194. Translating cellView REF_GEN/BG_TRIM_4_fL/layout as STRUCTURE BG_TRIM_4_fL.
INFO (XSTRM-223): 195. Translating cellView AnaCommon/LS/layout as STRUCTURE LS.
INFO (XSTRM-223): 196. Translating cellView REF_GEN/LS2/layout as STRUCTURE LS2.
INFO (XSTRM-223): 197. Translating cellView REF_GEN/LS3/layout as STRUCTURE LS3.
INFO (XSTRM-223): 198. Translating cellView AnaCommon/Tsw/layout as STRUCTURE Tsw.
INFO (XSTRM-223): 199. Translating stdVia lf11is/M1_M2/layout as STRUCTURE M1_M2_CDNS_7858497504683.
INFO (XSTRM-223): 200. Translating cellView Si3/NO2/layout as STRUCTURE NO2.
INFO (XSTRM-223): 201. Translating cellView lf11is/Contact/layout as STRUCTURE Contact_CDNS_78584975046105.
INFO (XSTRM-223): 202. Translating cellView lf11is/pmos1v2hvt_4/layout as STRUCTURE pmos1v2hvt_4_CDNS_78584975046104.
INFO (XSTRM-223): 203. Translating cellView Si3/IN/layout as STRUCTURE IN.
INFO (XSTRM-223): 204. Translating cellView lf11is/nmos1v2hvt_4/layout as STRUCTURE nmos1v2hvt_4_CDNS_78584975046106.
INFO (XSTRM-223): 205. Translating cellView lf11is/pmos1v2hvt_4/layout as STRUCTURE pmos1v2hvt_4_CDNS_78584975046107.
INFO (XSTRM-223): 206. Translating cellView lf11is/nmos1v2hvt_4/layout as STRUCTURE nmos1v2hvt_4_CDNS_78584975046108.
INFO (XSTRM-223): 207. Translating cellView Si3/NA3/layout as STRUCTURE NA3.
INFO (XSTRM-223): 208. Translating cellView lf11is/pmos1v2hvt_4/layout as STRUCTURE pmos1v2hvt_4_CDNS_78584975046109.
INFO (XSTRM-223): 209. Translating cellView lf11is/pmos1v2hvt_4/layout as STRUCTURE pmos1v2hvt_4_CDNS_78584975046110.
INFO (XSTRM-223): 210. Translating cellView lf11is/nmos1v2hvt_4/layout as STRUCTURE nmos1v2hvt_4_CDNS_78584975046111.
INFO (XSTRM-223): 211. Translating cellView REF_GEN/3to8DeMuxSel/layout as STRUCTURE 3to8DeMuxSel.
INFO (XSTRM-236): A path with a rounded extension, an acute angle or a length segment less than half width is encountered at (9460, 440). This path will be written as a boundary record in the GDS file.
INFO (XSTRM-223): 212. Translating stdVia lf11is/M1_M2/layout as STRUCTURE M1_M2_CDNS_7858497504684.
INFO (XSTRM-223): 213. Translating stdVia lf11is/M1_M2/layout as STRUCTURE M1_M2_CDNS_7858497504685.
INFO (XSTRM-223): 214. Translating stdVia lf11is/M1_M2/layout as STRUCTURE M1_M2_CDNS_7858497504686.
INFO (XSTRM-223): 215. Translating stdVia lf11is/M1_M2/layout as STRUCTURE M1_M2_CDNS_7858497504687.
INFO (XSTRM-223): 216. Translating cellView lf11is/pmos1v2hvt_4/layout as STRUCTURE pmos1v2hvt_4_CDNS_78584975046112.
INFO (XSTRM-223): 217. Translating cellView lf11is/pmos1v2hvt_4/layout as STRUCTURE pmos1v2hvt_4_CDNS_78584975046113.
INFO (XSTRM-223): 218. Translating cellView lf11is/nmos1v2hvt_4/layout as STRUCTURE nmos1v2hvt_4_CDNS_78584975046114.
INFO (XSTRM-223): 219. Translating cellView lf11is/nmos1v2hvt_4/layout as STRUCTURE nmos1v2hvt_4_CDNS_78584975046115.
INFO (XSTRM-223): 220. Translating cellView REF_GEN/mux2_1_fL/layout as STRUCTURE mux2_1_fL.
INFO (XSTRM-223): 221. Translating stdVia lf11is/M2_M3/layout as STRUCTURE M2_M3_CDNS_7858497504688.
INFO (XSTRM-223): 222. Translating stdVia lf11is/M2_M3/layout as STRUCTURE M2_M3_CDNS_7858497504689.
INFO (XSTRM-223): 223. Translating stdVia lf11is/M1_M2/layout as STRUCTURE M1_M2_CDNS_7858497504690.
INFO (XSTRM-223): 224. Translating stdVia lf11is/M2_M3/layout as STRUCTURE M2_M3_CDNS_7858497504691.
INFO (XSTRM-223): 225. Translating stdVia lf11is/M1_M2/layout as STRUCTURE M1_M2_CDNS_7858497504692.
INFO (XSTRM-223): 226. Translating stdVia lf11is/M1_M2/layout as STRUCTURE M1_M2_CDNS_7858497504693.
INFO (XSTRM-223): 227. Translating stdVia lf11is/M1_M2/layout as STRUCTURE M1_M2_CDNS_7858497504694.
INFO (XSTRM-223): 228. Translating cellView lf11is/pmos1v2hvt_4/layout as STRUCTURE pmos1v2hvt_4_CDNS_78584975046116.
INFO (XSTRM-223): 229. Translating cellView lf11is/pmos1v2hvt_4/layout as STRUCTURE pmos1v2hvt_4_CDNS_78584975046117.
INFO (XSTRM-223): 230. Translating cellView lf11is/rnpolym/layout as STRUCTURE rnpolym_CDNS_78584975046118.
INFO (XSTRM-223): 231. Translating cellView lf11is/rnpolym/layout as STRUCTURE rnpolym_CDNS_78584975046119.
INFO (XSTRM-223): 232. Translating cellView lf11is/rnpolym/layout as STRUCTURE rnpolym_CDNS_78584975046120.
INFO (XSTRM-223): 233. Translating cellView lf11is/rnpolym/layout as STRUCTURE rnpolym_CDNS_78584975046121.
INFO (XSTRM-223): 234. Translating cellView lf11is/rnpolym/layout as STRUCTURE rnpolym_CDNS_78584975046122.
INFO (XSTRM-223): 235. Translating cellView lf11is/pmos1v2hvt_4/layout as STRUCTURE pmos1v2hvt_4_CDNS_78584975046123.
INFO (XSTRM-223): 236. Translating cellView REF_GEN/mux8_1p_fL/layout as STRUCTURE mux8_1p_fL.
INFO (XSTRM-223): 237. Translating cellView lf11is/rnpolym/layout as STRUCTURE rnpolym_CDNS_78584975046124.
INFO (XSTRM-223): 238. Translating cellView REF_GEN/trim_res_rnpolyn_2_fL/layout as STRUCTURE trim_res_rnpolyn_2_fL.
INFO (XSTRM-223): 239. Translating cellView REF_GEN/trim_res_array_rn_2_fL/layout as STRUCTURE trim_res_array_rn_2_fL.
INFO (XSTRM-223): 240. Translating cellView lf11is/pmos1v2hvt_4/layout as STRUCTURE pmos1v2hvt_4_CDNS_78584975046125.
INFO (XSTRM-223): 241. Translating cellView Si3/IN2/layout as STRUCTURE IN2.
INFO (XSTRM-223): 242. Translating cellView REF_GEN/inv8_fL/layout as STRUCTURE inv8_fL.
INFO (XSTRM-223): 243. Translating cellView lf11is/Contact/layout as STRUCTURE Contact_CDNS_78584975046127.
INFO (XSTRM-223): 244. Translating cellView lf11is/Contact/layout as STRUCTURE Contact_CDNS_78584975046128.
INFO (XSTRM-223): 245. Translating cellView lf11is/pmos1v2hvt_4/layout as STRUCTURE pmos1v2hvt_4_CDNS_78584975046126.
INFO (XSTRM-223): 246. Translating cellView lf11is/rnpolym/layout as STRUCTURE rnpolym_CDNS_78584975046129.
INFO (XSTRM-223): 247. Translating cellView lf11is/nmos1v2hvt_4/layout as STRUCTURE nmos1v2hvt_4_CDNS_78584975046130.
INFO (XSTRM-223): 248. Translating cellView lf11is/Contact/layout as STRUCTURE Contact_CDNS_78584975046132.
INFO (XSTRM-223): 249. Translating cellView lf11is/Contact/layout as STRUCTURE Contact_CDNS_78584975046133.
INFO (XSTRM-223): 250. Translating cellView lf11is/nmos1v2hvt_4/layout as STRUCTURE nmos1v2hvt_4_CDNS_78584975046131.
INFO (XSTRM-223): 251. Translating cellView lf11is/pmos1v2hvt_4/layout as STRUCTURE pmos1v2hvt_4_CDNS_78584975046134.
INFO (XSTRM-223): 252. Translating cellView lf11is/Contact/layout as STRUCTURE Contact_CDNS_78584975046136.
INFO (XSTRM-223): 253. Translating cellView lf11is/AbutContact/layout as STRUCTURE AbutContact_CDNS_78584975046137.
INFO (XSTRM-223): 254. Translating cellView lf11is/nmos1v2hvt_4/layout as STRUCTURE nmos1v2hvt_4_CDNS_78584975046135.
INFO (XSTRM-223): 255. Translating cellView lf11is/rnpolym/layout as STRUCTURE rnpolym_CDNS_78584975046138.
INFO (XSTRM-223): 256. Translating cellView lf11is/Contact/layout as STRUCTURE Contact_CDNS_78584975046140.
INFO (XSTRM-223): 257. Translating cellView lf11is/AbutContact/layout as STRUCTURE AbutContact_CDNS_78584975046141.
INFO (XSTRM-223): 258. Translating cellView lf11is/pmos1v2hvt_4/layout as STRUCTURE pmos1v2hvt_4_CDNS_78584975046139.
INFO (XSTRM-223): 259. Translating cellView lf11is/Contact/layout as STRUCTURE Contact_CDNS_78584975046143.
INFO (XSTRM-223): 260. Translating cellView lf11is/pmos1v2hvt_4/layout as STRUCTURE pmos1v2hvt_4_CDNS_78584975046142.
INFO (XSTRM-223): 261. Translating cellView lf11is/Contact/layout as STRUCTURE Contact_CDNS_78584975046145.
INFO (XSTRM-223): 262. Translating cellView lf11is/pmos1v2hvt_4/layout as STRUCTURE pmos1v2hvt_4_CDNS_78584975046144.
INFO (XSTRM-223): 263. Translating cellView REF_GEN/REF_V5_fLC/layout as STRUCTURE REF_V5_fLC.
INFO (XSTRM-223): 264. Translating cellView REF_GEN/LS1/layout as STRUCTURE LS1.
*WARNING* (DB-220704): The Pcell super master 'lf11is/pnp5ux5u/layout' is not a SKILL super master.
                       The usage of non-SKILL Pcells in Virtuoso is not a supported feature.
*WARNING* (DB-220704): The Pcell super master 'lf11is/ArrayInstContact/layout' is not a SKILL super master.
                       The usage of non-SKILL Pcells in Virtuoso is not a supported feature.
INFO (XSTRM-223): 265. Translating cellView lf11is/RectC/layout as STRUCTURE RectC_CDNS_78584975046148.
INFO (XSTRM-223): 266. Translating cellView lf11is/ArrayInstContact/layout as STRUCTURE ArrayInstContact_CDNS_78584975046147.
INFO (XSTRM-223): 267. Translating cellView lf11is/dnppw1v2/layout as STRUCTURE dnppw1v2_CDNS_78584975046146.
INFO (XSTRM-223): 268. Translating cellView REF_GEN/REF_GEN_fL_2/layout as STRUCTURE REF_GEN_fL_2.

Summary of Objects Translated:
	Scalar Instances:                       1870
	Array Instances:                        1
	Polygons:                               116
	Paths:                                  51
	Rectangles:                             22742
	Lines:                                  0
	Arcs:                                   0
	Donuts:                                 0
	Dots:                                   0
	Ellipses:                               0
	Boundaries:                             0
	Area Blockages:                         0
	Layer Blockages:                        0
	Area Halos:                             0
	Markers:                                0
	Rows:                                   0
	Standard Vias                           1292
	Custom Vias:                            0
	CdsGen Vias:                            0
	Pathsegs:                               3508
	Text:                                   338
	TextDisplay:                            0
	Cells:                                  268

Elapsed Time: 1.7s   User Time: 1.6s   CPU Time: 0.1s   Peak VM: 49640KB
INFO (XSTRM-234): Translation completed. '0' error(s) and '1' warning(s) found.

Creation of CDL for REF_GEN/REF_GEN_fL_2/schematic is started
 si -batch /home/saul/projects/LF_BG/pvsRunLVS/REF_GEN/REF_GEN_fL_2/ >/home/saul/projects/LF_BG/pvsRunLVS/REF_GEN/REF_GEN_fL_2/SI.OUT 2>/home/saul/projects/LF_BG/pvsRunLVS/REF_GEN/REF_GEN_fL_2/SI.LOG 
Virtuoso Framework License (111) was checked out successfully. Total checkout time was 0.01s.

Running simulation in directory: "/home/saul/projects/LF_BG/pvsRunLVS/REF_GEN/REF_GEN_fL_2/".

*WARNING* The directory: '/opt/pdk/lf11/PDK_LF11ISi_V1_3_2/tools/setup/$ASSURAHOME/tools/assura/etc/avtech/avTech' does not exist
	but was defined in libFile '/opt/pdk/lf11/PDK_LF11ISi_V1_3_2/tools/setup/cds.lib' for Lib 'avTech'.
*WARNING* The directory: '/opt/pdk/lf11/PDK_LF11ISi_V1_3_2/tools/setup/$ASSURAHOME/tools/assura/etc/avtech/avTech' does not exist
	but was defined in libFile '/opt/pdk/lf11/PDK_LF11ISi_V1_3_2/tools/setup/cds.lib' for Lib 'avTech'.
*LF-INFO* Loading lf11is:/opt/pdk/lf11/PDK_LF11ISi_V1_3_2/analog/callbacks/lf11is_cdfCbks.il   done
*LF-INFO* lf11is libInit.il loaded successfully. 
Loading hnlInit.cxt 
Running Artist Hierarchical Netlisting ...
*WARNING* (DB-220704): The Pcell super master 'lf11is/rnpolyh/schematic' is not a SKILL super master.
                       The usage of non-SKILL Pcells in Virtuoso is not a supported feature.
Loading cdf.cxt 
WARNING (AUCDL-42): Terminal IN1 appearing in CDF termOrder for 
		component   : LS1
		in cellview : schematic
		of library  : REF_GEN
is either invalid or duplicated. CDF termOrder for this component will be ignored.
Ensure that termOrder matches actual terminals in cellview and re-netlist to reflect any change in termOrder.
Nets will be printed in default terminal order for this component.

WARNING (AUCDL-42): Terminal D0N appearing in CDF termOrder for 
		component   : 3to8DeMuxSel
		in cellview : schematic
		of library  : REF_GEN
is either invalid or duplicated. CDF termOrder for this component will be ignored.
Ensure that termOrder matches actual terminals in cellview and re-netlist to reflect any change in termOrder.
Nets will be printed in default terminal order for this component.

WARNING (AUCDL-42): Terminal IN2 appearing in CDF termOrder for 
		component   : LS2
		in cellview : schematic
		of library  : REF_GEN
is either invalid or duplicated. CDF termOrder for this component will be ignored.
Ensure that termOrder matches actual terminals in cellview and re-netlist to reflect any change in termOrder.
Nets will be printed in default terminal order for this component.

End netlisting Aug  4 13:22:32 2026

Running simin

Running runSim()...


Running runsim with simulator: "auCdl"
Begin simulation:    Aug  4 13:22:32 2026

auCdl netlisting completed
End simulation:      Aug  4 13:22:32 2026
INFO (AUCDL-21): (Analog) CDL netlisting completed successfully.

********************************************************************************
pvs 24.11-s045 64 bit (Mon Jan 27 22:18:54 PST 2025)
Build Ref No.: 045 Production (01-27-2025) [pvs_2411_rtm]

Copyright 2025 Cadence Design Systems, Inc.
All rights reserved worldwide.

Build O/S:       Linux x86_64 3.10.0-693.el7.x86_64
Executed on:     edatools (Linux x86_64 7.0.0-28-generic)
Process Id:      39258
Starting Time:   Tue Aug  4 13:22:35 2026 (Tue Aug  4 13:22:35 2026 GMT)
With parameters: -lvs -top_cell REF_GEN_fL_2 -source_top_cell REF_GEN_fL_2 -spice /home/saul/projects/LF_BG/pvsRunLVS/REF_GEN/REF_GEN_fL_2/REF_GEN_fL_2.spi -rc_data -control /home/saul/projects/LF_BG/pvsRunLVS/REF_GEN/REF_GEN_fL_2/pvslvsctl -ui_data -gdb_data -ai /home/saul/projects/LF_BG/pvsRunLVS/REF_GEN/REF_GEN_fL_2/.config.rul /home/saul/projects/LF_BG/pvsRunLVS/REF_GEN/REF_GEN_fL_2/.technology.rul 
********************************************************************************


########################################################################
Get host info ...
########################################################################
CPU info:
    model name      :  11th Gen Intel(R) Core(TM) i7-11700K @ 3.60GHz
    cpu MHz         :  800.000
    cache size      :  16384 KB
    physical cores  :  8
    logical cores   :  16
    hyper-threading on

Memory info:
    64040M physical memory installed.

    MemTotal:       65579884 kB
    MemFree:        45837456 kB
    MemAvailable:   59971044 kB
    Buffers:         2432600 kB
    Cached:          9724540 kB
    SwapCached:            0 kB
    Active:          7770108 kB
    Inactive:        7822272 kB
    Active(anon):    3627596 kB
    Inactive(anon):        0 kB
    Active(file):    4142512 kB
    Inactive(file):  7822272 kB
    Unevictable:        8056 kB
    Mlocked:              80 kB
    SwapTotal:       8388604 kB
    SwapFree:        8388604 kB
    Zswap:                 0 kB
    Zswapped:              0 kB
    Dirty:              3840 kB
    Writeback:             0 kB
    AnonPages:       3444028 kB
    Mapped:          1784256 kB
    Shmem:            192344 kB
    KReclaimable:    2875772 kB
    Slab:            3470804 kB
    SReclaimable:    2875772 kB
    SUnreclaim:       595032 kB
    KernelStack:       20792 kB
    PageTables:        78492 kB
    SecPageTables:      5236 kB
    NFS_Unstable:          0 kB
    Bounce:                0 kB
    WritebackTmp:          0 kB
    CommitLimit:    41178544 kB
    Committed_AS:   56613700 kB
    VmallocTotal:   34359738367 kB
    VmallocUsed:      252996 kB
    VmallocChunk:          0 kB
    Percpu:            26432 kB
    HardwareCorrupted:     0 kB
    AnonHugePages:         0 kB
    ShmemHugePages:     6144 kB
    ShmemPmdMapped:        0 kB
    FileHugePages:     67584 kB
    FilePmdMapped:         0 kB
    CmaTotal:              0 kB
    CmaFree:         5109760 kB
    Unaccepted:            0 kB
    Balloon:               0 kB
    HugePages_Total:       0
    HugePages_Free:        0
    HugePages_Rsvd:        0
    HugePages_Surp:        0
    Hugepagesize:       2048 kB
    Hugetlb:               0 kB
    DirectMap4k:     1933936 kB
    DirectMap2M:    21921792 kB
    DirectMap1G:    44040192 kB


########################################################################
Get environment info ...
########################################################################
ENV VAR: TCL_LIBRARY = /opt/tools/cadence/installs/PVS241/share/lib/tcltk/08.64/tcl8.6
ENV VAR: TCLX_LIBRARY = /opt/tools/cadence/installs/PVS241/share/lib/tclx/08.40
ENV VAR: TCLLIBPATH = /opt/tools/cadence/installs/PVS241/share/lib/itcl/3.4.1 /opt/tools/cadence/installs/PVS241/share/lib/tclxml/3.2 /opt/tools/cadence/installs/PVS241/share/lib/tcllib/1.18 /opt/tools/cadence/installs/PVS241/share/lib/itcl/3.4.1 /opt/tools/cadence/installs/PVS241/share/lib/tclxml/3.2 /opt/tools/cadence/installs/PVS241/share/lib/tcllib/1.18 /opt/tools/cadence/installs/PVS241/share/lib/itcl/3.4.1 /opt/tools/cadence/installs/PVS241/share/lib/tclxml/3.2 /opt/tools/cadence/installs/PVS241/share/lib/tcllib/1.18 


########################################################################
Parsing Control File /home/saul/projects/LF_BG/pvsRunLVS/REF_GEN/REF_GEN_fL_2/pvslvsctl ...
########################################################################
#UNDEFINE ddnwsub_OFF
#UNDEFINE dpw1v2dnw_OFF
#UNDEFINE dpw3v3dnw_OFF
TEXT_DEPTH -primary;
VIRTUAL_CONNECT -colon no;
VIRTUAL_CONNECT -semicolon_as_colon yes;
VIRTUAL_CONNECT -report no;
VIRTUAL_CONNECT -depth -primary;
LVS_IGNORE_PORTS no;
LVS_EXPAND_CELL_ON_ERROR no;
LVS_BREAK_AMBIG_MAX 32;
LVS_ABORT -softchk no;
LVS_ABORT -supply_error no;
LVS_ABORT -check_device_for_property_rule no;
LVS_FIND_SHORTS no;
SCONNECT_UPPER_SHAPE_COUNT no;
LVS_REPORT_FILE "REF_GEN_fL_2.rep";
LVS_REPORT_MAX 50 -mismatched_net_limit 100;
LVS_RUN_ERC_CHECKS yes;
LVS_REPORT_OPT -none;
REPORT_SUMMARY -erc "REF_GEN_fL_2.sum" -replace;
MAX_RESULTS -erc 1000;
RESULTS_DB -erc "/home/saul/projects/LF_BG/pvsRunLVS/REF_GEN/REF_GEN_fL_2/REF_GEN_fL_2.erc_errors.ascii" -ascii;
MASK_SVDB_DIR /home/saul/projects/LF_BG/pvsRunLVS/REF_GEN/REF_GEN_fL_2/svdb;
KEEP_LAYERS -none;
SCHEMATIC_FORMAT cdl;
SCHEMATIC_PATH "/home/saul/projects/LF_BG/pvsRunLVS/REF_GEN/REF_GEN_fL_2/REF_GEN_fL_2.cdl";
ABORT_ON_LAYOUT_ERROR yes;
LAYOUT_FORMAT gdsii;
LAYOUT_PATH "/home/saul/projects/LF_BG/pvsRunLVS/REF_GEN/REF_GEN_fL_2/REF_GEN_fL_2.gds";

########################################################################
Parsing Rule File /home/saul/projects/LF_BG/pvsRunLVS/REF_GEN/REF_GEN_fL_2/.config.rul ...
########################################################################

########################################################################
Parsing Rule File /home/saul/projects/LF_BG/pvsRunLVS/REF_GEN/REF_GEN_fL_2/.technology.rul ...
########################################################################
TECHNOLOGY lf11is -ruleSet default -techLib /home/saul/projects/LF_BG/pvtech.lib;
[INFO] TECHNOLOGY: Rules file /opt/pdk/lf11/PDK_LF11ISi_V1_3_2/pv/pvs/common/./lvs/pvs.lvs will be included after the remainder of the current rules are processed.
[INFO] TECHNOLOGY lf11is -techLib /home/saul/projects/LF_BG/pvtech.lib: End of additions.
include "/opt/pdk/lf11/PDK_LF11ISi_V1_3_2/pv/pvs/6metal/lvs/layers.lvs"
include "/opt/pdk/lf11/PDK_LF11ISi_V1_3_2/pv/pvs/6metal/lvs/metal_booleans.lvs"
include "/opt/pdk/lf11/PDK_LF11ISi_V1_3_2/pv/pvs/6metal/lvs/metal_connect.lvs"
include "/opt/pdk/lf11/PDK_LF11ISi_V1_3_2/pv/pvs/6metal/lvs/metal_extract.lvs"
TITLE  LF11IS;
INPUT_SCALE 1000;
GRID 10;
SCHEMATIC_CASE_SENSITIVE YES;
FLAG -offgrid YES;
FLAG -acute YES;
FLAG -skew YES;
FLAG -nonsimple YES;
LVS_POWER_NAME "VDD?";
LVS_GROUND_NAME "VSS?" "GND?" "gnd" "GND" "VSS" "vss";
LVS_SPICE -prefer_pins YES;
LVS_SPICE -allow_floating_pins NO;
LVS_SPICE -strict_wl YES;
LVS_SPICE -replicate_devices YES;
LVS_SPICE_MULTIPLIER_NAME M;
LVS_FILTER_OPTION RC RE AB;
LVS_FILTER_DEVICE iolib_corner -open -source;
LVS_FILTER_DEVICE R ( SH ) -prop r -eq 0 -source -short;
LVS_REDUCE yes -parallel_mos;
LVS_REDUCE no -series_caps;
LVS_REDUCE_DEVICE Q ( pnp5ux5u ) -parallel yes [ 
 effective AE 
 AE = sum ( AE ) 
 ];
LVS_REDUCE_DEVICE C ( cmims ) -parallel yes [ 
 effective A , P 
 P = sum ( P ) 
 A = sum ( A ) 
 ];
LVS_REDUCE_DEVICE C ( cmims2 ) -parallel yes [ 
 effective A , P 
 P = sum ( P ) 
 A = sum ( A ) 
 ];
LVS_REDUCE_DEVICE C ( cmims7 ) -parallel yes [ 
 effective A , P 
 P = sum ( P ) 
 A = sum ( A ) 
 ];
LVS_REDUCE_DEVICE C ( cvnm2m3 ) -parallel yes [ 
 effective NF , L 
 NF = sum ( NF ) 
 L = sum ( L ) / count ( ) 
 ];
LVS_REDUCE_DEVICE C ( ncap3v3rvt ) -parallel yes [ 
 tolerance L 0 
 effective W , L 
 W = sum ( W ) 
 L = min ( L ) 
 ];
LVS_REDUCE_DEVICE C ( ncap1v2hvt ) -parallel yes [ 
 tolerance L 0 
 effective W , L 
 W = sum ( W ) 
 L = min ( L ) 
 ];
LVS_REDUCE_DEVICE C ( pcap3v3rvt ) -parallel yes [ 
 tolerance L 0 
 effective W , L 
 W = sum ( W ) 
 L = min ( L ) 
 ];
LVS_REDUCE_DEVICE C ( pcap1v2hvt ) -parallel yes [ 
 tolerance L 0 
 effective W , L 
 W = sum ( W ) 
 L = min ( L ) 
 ];
LVS_REDUCE no -series_resistors;
LVS_REDUCE no -parallel_resistors;
LVS_REDUCE_SPLIT_GATES yes;
LVS_STRICT_SUBTYPES NO;
TOP_LAYER METAL1base VIA1 METAL2base VIA2 METAL3base VIA3 METAL4base VIA4 METAL5base VIAF METALFbase;
LAYER_MAP 1 -datatype 0 10010;
LAYER_DEF DIFFbase 10010;
LAYER_MAP 1 -datatype 2 10012;
LAYER_DEF DIFFpin 10012;
LAYER_MAP 1 -datatype 3 10013;
LAYER_DEF DIFFfill 10013;
LAYER_MAP 1 -datatype 12 11112;
LAYER_DEF DIFFfillCustom 11112;
LAYER_MAP 1 -datatype 4 10014;
LAYER_DEF DIFFslot 10014;
LAYER_MAP 1 -datatype 1 10011;
LAYER_DEF DIFFlabel 10011;
LAYER_MAP 1 -texttype 2 30012;
LAYER_DEF DIFF_pin_txt 30012;
LAYER_MAP 1 -datatype 50 12150;
LAYER_DEF DIFFblockFill 12150;
LAYER_MAP 1 -datatype 51 11151;
LAYER_DEF DIFFmakeFill 11151;
LAYER_MAP 10 -datatype 0 10100;
LAYER_DEF DNW 10100;
LAYER_MAP 2 -datatype 0 10020;
LAYER_DEF SNK0 10020;
LAYER_MAP 3 -datatype 0 10030;
LAYER_DEF SNK1 10030;
LAYER_MAP 4 -datatype 0 10040;
LAYER_DEF SNK2 10040;
LAYER_MAP 5 -datatype 0 10050;
LAYER_DEF POLY1 10050;
LAYER_MAP 288 -datatype 0 12880;
LAYER_DEF ZMOS 12880;
LAYER_MAP 290 -datatype 0 12900;
LAYER_DEF MCEL 12900;
LAYER_MAP 270 -datatype 0 12700;
LAYER_DEF flsExOpcPL 12700;
LAYER_MAP 291 -datatype 0 12910;
LAYER_DEF FGPO 12910;
LAYER_MAP 11 -datatype 0 10110;
LAYER_DEF NWHV 10110;
LAYER_MAP 12 -datatype 0 10120;
LAYER_DEF PWHV 10120;
LAYER_MAP 13 -datatype 0 10130;
LAYER_DEF NW3V3 10130;
LAYER_MAP 13 -datatype 58 11358;
LAYER_DEF NW3V3blockGen 11358;
LAYER_MAP 13 -datatype 59 11359;
LAYER_DEF NW3V3makeGen 11359;
LAYER_MAP 14 -datatype 0 10140;
LAYER_DEF PW3V3orig 10140;
LAYER_MAP 14 -datatype 58 11458;
LAYER_DEF PW3V3blockGen 11458;
LAYER_MAP 14 -datatype 59 11459;
LAYER_DEF PW3V3makeGen 11459;
LAYER_MAP 292 -datatype 0 12920;
LAYER_DEF CGPO 12920;
LAYER_MAP 293 -datatype 0 12930;
LAYER_DEF CGPA 12930;
LAYER_MAP 294 -datatype 0 12940;
LAYER_DEF CSPR 12940;
LAYER_MAP 295 -datatype 0 12950;
LAYER_DEF HVII 12950;
LAYER_MAP 296 -datatype 0 12960;
LAYER_DEF CGPL 12960;
LAYER_MAP 297 -datatype 0 12970;
LAYER_DEF WLVT 12970;
LAYER_MAP 17 -datatype 0 10170;
LAYER_DEF NW1V2 10170;
LAYER_MAP 17 -datatype 58 11758;
LAYER_DEF NW1V2blockGen 11758;
LAYER_MAP 17 -datatype 59 11759;
LAYER_DEF NW1V2makeGen 11759;
LAYER_MAP 18 -datatype 0 10180;
LAYER_DEF PW1V2orig 10180;
LAYER_MAP 18 -datatype 58 11858;
LAYER_DEF PW1V2blockGen 11858;
LAYER_MAP 18 -datatype 59 11859;
LAYER_DEF PW1V2makeGen 11859;
LAYER_MAP 19 -datatype 0 10190;
LAYER_DEF NW32V 10190;
LAYER_MAP 20 -datatype 0 10200;
LAYER_DEF PW32V 10200;
LAYER_MAP 30 -datatype 0 10300;
LAYER_DEF NRVT1V2 10300;
LAYER_MAP 31 -datatype 0 10310;
LAYER_DEF PRVT1V2 10310;
LAYER_MAP 34 -datatype 0 10340;
LAYER_DEF NLVT3V3 10340;
LAYER_MAP 35 -datatype 0 10350;
LAYER_DEF NW1V2HV 10350;
LAYER_MAP 36 -datatype 0 10360;
LAYER_DEF PW1V2HV 10360;
LAYER_MAP 37 -datatype 0 10370;
LAYER_DEF PLDD 10370;
LAYER_MAP 38 -datatype 0 10380;
LAYER_DEF NLDD 10380;
LAYER_MAP 40 -datatype 0 10400;
LAYER_DEF GOX1V2 10400;
LAYER_MAP 41 -datatype 0 10410;
LAYER_DEF GOX1V8 10410;
LAYER_MAP 44 -datatype 0 10440;
LAYER_DEF GOXSIPO 10440;
LAYER_MAP 45 -datatype 0 10450;
LAYER_DEF GOX32V 10450;
LAYER_MAP 6 -datatype 0 10060;
LAYER_DEF POLYGbase 10060;
LAYER_MAP 6 -datatype 2 10062;
LAYER_DEF POLYGpin 10062;
LAYER_MAP 6 -datatype 3 10063;
LAYER_DEF POLYGfill 10063;
LAYER_MAP 6 -datatype 12 11612;
LAYER_DEF POLYGfillCustom 11612;
LAYER_MAP 6 -datatype 4 10064;
LAYER_DEF POLYGslot 10064;
LAYER_MAP 6 -datatype 1 10061;
LAYER_DEF POLYGlabel 10061;
LAYER_MAP 6 -texttype 2 30062;
LAYER_DEF POLYG_pin_txt 30062;
LAYER_MAP 6 -datatype 50 12650;
LAYER_DEF POLYGblockFill 12650;
LAYER_MAP 6 -datatype 51 11651;
LAYER_DEF POLYGmakeFill 11651;
LAYER_MAP 7 -datatype 0 10070;
LAYER_DEF POLYDOPE 10070;
LAYER_MAP 9 -datatype 0 10090;
LAYER_DEF SALBLK 10090;
LAYER_MAP 9 -datatype 58 10958;
LAYER_DEF SALBLKblockGen 10958;
LAYER_MAP 9 -datatype 59 10959;
LAYER_DEF SALBLKmakeGen 10959;
LAYER_MAP 49 -datatype 0 10490;
LAYER_DEF HRI 10490;
LAYER_MAP 8 -datatype 0 10080;
LAYER_DEF POLYE 10080;
LAYER_MAP 50 -datatype 0 10500;
LAYER_DEF NEXT1V2 10500;
LAYER_MAP 51 -datatype 0 10510;
LAYER_DEF PEXT1V2 10510;
LAYER_MAP 52 -datatype 0 10520;
LAYER_DEF NEXTHVT 10520;
LAYER_MAP 53 -datatype 0 10530;
LAYER_DEF PEXTHVT 10530;
LAYER_MAP 56 -datatype 0 10560;
LAYER_DEF NEXT3V3 10560;
LAYER_MAP 57 -datatype 0 10570;
LAYER_DEF PEXT3V3 10570;
LAYER_MAP 58 -datatype 0 10580;
LAYER_DEF NEXTHV 10580;
LAYER_MAP 59 -datatype 0 10590;
LAYER_DEF PEXTHV 10590;
LAYER_MAP 60 -datatype 0 10600;
LAYER_DEF NMINLD 10600;
LAYER_MAP 61 -datatype 0 10610;
LAYER_DEF PMINLD 10610;
LAYER_MAP 62 -datatype 0 10620;
LAYER_DEF NPLUSLD 10620;
LAYER_MAP 63 -datatype 0 10630;
LAYER_DEF PPLUSLD 10630;
LAYER_MAP 64 -datatype 0 10640;
LAYER_DEF NPLUSLDH 10640;
LAYER_MAP 65 -datatype 0 10650;
LAYER_DEF PPLUSLDH 10650;
LAYER_MAP 66 -datatype 0 10660;
LAYER_DEF NPLUS 10660;
LAYER_MAP 67 -datatype 0 10670;
LAYER_DEF PPLUS 10670;
LAYER_MAP 68 -datatype 0 10680;
LAYER_DEF HVNPLUS 10680;
LAYER_MAP 69 -datatype 0 10690;
LAYER_DEF HVPPLUS 10690;
LAYER_MAP 27 -datatype 0 10270;
LAYER_DEF BNP 10270;
LAYER_MAP 28 -datatype 0 10280;
LAYER_DEF ESD 10280;
LAYER_MAP 298 -datatype 0 12980;
LAYER_DEF CGCT 12980;
LAYER_MAP 289 -datatype 0 12890;
LAYER_DEF FRCT 12890;
LAYER_MAP 299 -datatype 0 12990;
LAYER_DEF FGCT 12990;
LAYER_MAP 80 -datatype 0 10800;
LAYER_DEF CONT 10800;
LAYER_MAP 70 -datatype 0 10700;
LAYER_DEF METAL1base 10700;
LAYER_MAP 70 -datatype 2 10702;
LAYER_DEF METAL1pin 10702;
LAYER_MAP 70 -datatype 3 10703;
LAYER_DEF METAL1fill 10703;
LAYER_MAP 70 -datatype 12 18012;
LAYER_DEF METAL1fillCustom 18012;
LAYER_MAP 70 -datatype 4 10704;
LAYER_DEF METAL1slot 10704;
LAYER_MAP 70 -datatype 1 10701;
LAYER_DEF METAL1label 10701;
LAYER_MAP 70 -texttype lege 1 2 30702;
LAYER_DEF METAL1_pin_txt 30702;
LAYER_MAP 70 -datatype 50 19050;
LAYER_DEF METAL1blockFill 19050;
LAYER_MAP 70 -datatype 51 18051;
LAYER_DEF METAL1makeFill 18051;
LAYER_MAP 81 -datatype 0 10810;
LAYER_DEF VIA1 10810;
LAYER_MAP 71 -datatype 0 10710;
LAYER_DEF METAL2base 10710;
LAYER_MAP 71 -datatype 2 10712;
LAYER_DEF METAL2pin 10712;
LAYER_MAP 71 -datatype 3 10713;
LAYER_DEF METAL2fill 10713;
LAYER_MAP 71 -datatype 12 18112;
LAYER_DEF METAL2fillCustom 18112;
LAYER_MAP 71 -datatype 4 10714;
LAYER_DEF METAL2slot 10714;
LAYER_MAP 71 -datatype 1 10711;
LAYER_DEF METAL2label 10711;
LAYER_MAP 71 -texttype 2 30712;
LAYER_DEF METAL2_pin_txt 30712;
LAYER_MAP 71 -datatype 50 19150;
LAYER_DEF METAL2blockFill 19150;
LAYER_MAP 71 -datatype 51 18151;
LAYER_DEF METAL2makeFill 18151;
LAYER_MAP 82 -datatype 0 10820;
LAYER_DEF VIA2 10820;
LAYER_MAP 72 -datatype 0 10720;
LAYER_DEF METAL3base 10720;
LAYER_MAP 72 -datatype 2 10722;
LAYER_DEF METAL3pin 10722;
LAYER_MAP 72 -datatype 3 10723;
LAYER_DEF METAL3fill 10723;
LAYER_MAP 72 -datatype 12 18212;
LAYER_DEF METAL3fillCustom 18212;
LAYER_MAP 72 -datatype 4 10724;
LAYER_DEF METAL3slot 10724;
LAYER_MAP 72 -datatype 1 10721;
LAYER_DEF METAL3label 10721;
LAYER_MAP 72 -texttype 2 30722;
LAYER_DEF METAL3_pin_txt 30722;
LAYER_MAP 72 -datatype 50 19250;
LAYER_DEF METAL3blockFill 19250;
LAYER_MAP 72 -datatype 51 18251;
LAYER_DEF METAL3makeFill 18251;
LAYER_MAP 83 -datatype 0 10830;
LAYER_DEF VIA3 10830;
LAYER_MAP 73 -datatype 0 10730;
LAYER_DEF METAL4base 10730;
LAYER_MAP 73 -datatype 2 10732;
LAYER_DEF METAL4pin 10732;
LAYER_MAP 73 -datatype 3 10733;
LAYER_DEF METAL4fill 10733;
LAYER_MAP 73 -datatype 12 18312;
LAYER_DEF METAL4fillCustom 18312;
LAYER_MAP 73 -datatype 4 10734;
LAYER_DEF METAL4slot 10734;
LAYER_MAP 73 -datatype 1 10731;
LAYER_DEF METAL4label 10731;
LAYER_MAP 73 -texttype 2 30732;
LAYER_DEF METAL4_pin_txt 30732;
LAYER_MAP 73 -datatype 50 19350;
LAYER_DEF METAL4blockFill 19350;
LAYER_MAP 73 -datatype 51 18351;
LAYER_DEF METAL4makeFill 18351;
LAYER_MAP 84 -datatype 0 10840;
LAYER_DEF VIA4 10840;
LAYER_MAP 74 -datatype 0 10740;
LAYER_DEF METAL5base 10740;
LAYER_MAP 74 -datatype 2 10742;
LAYER_DEF METAL5pin 10742;
LAYER_MAP 74 -datatype 3 10743;
LAYER_DEF METAL5fill 10743;
LAYER_MAP 74 -datatype 12 18412;
LAYER_DEF METAL5fillCustom 18412;
LAYER_MAP 74 -datatype 4 10744;
LAYER_DEF METAL5slot 10744;
LAYER_MAP 74 -datatype 1 10741;
LAYER_DEF METAL5label 10741;
LAYER_MAP 74 -texttype 2 30742;
LAYER_DEF METAL5_pin_txt 30742;
LAYER_MAP 74 -datatype 50 19450;
LAYER_DEF METAL5blockFill 19450;
LAYER_MAP 74 -datatype 51 18451;
LAYER_DEF METAL5makeFill 18451;
LAYER_MAP 87 -datatype 0 10870;
LAYER_DEF VIAF 10870;
LAYER_MAP 77 -datatype 0 10770;
LAYER_DEF METALFbase 10770;
LAYER_MAP 77 -datatype 2 10772;
LAYER_DEF METALFpin 10772;
LAYER_MAP 77 -datatype 3 10773;
LAYER_DEF METALFfill 10773;
LAYER_MAP 77 -datatype 12 18712;
LAYER_DEF METALFfillCustom 18712;
LAYER_MAP 77 -datatype 4 10774;
LAYER_DEF METALFslot 10774;
LAYER_MAP 77 -datatype 1 10771;
LAYER_DEF METALFlabel 10771;
LAYER_MAP 77 -texttype 2 30772;
LAYER_DEF METALF_pin_txt 30772;
LAYER_MAP 77 -datatype 50 19750;
LAYER_DEF METALFblockFill 19750;
LAYER_MAP 77 -datatype 51 18751;
LAYER_DEF METALFmakeFill 18751;
LAYER_MAP 88 -datatype 0 10880;
LAYER_DEF VIAT 10880;
LAYER_MAP 78 -datatype 0 10780;
LAYER_DEF METALTbase 10780;
LAYER_MAP 78 -datatype 2 10782;
LAYER_DEF METALTpin 10782;
LAYER_MAP 78 -datatype 3 10783;
LAYER_DEF METALTfill 10783;
LAYER_MAP 78 -datatype 12 18812;
LAYER_DEF METALTfillCustom 18812;
LAYER_MAP 78 -datatype 4 10784;
LAYER_DEF METALTslot 10784;
LAYER_MAP 78 -datatype 1 10781;
LAYER_DEF METALTlabel 10781;
LAYER_MAP 78 -texttype 2 30782;
LAYER_DEF METALT_pin_txt 30782;
LAYER_MAP 78 -datatype 50 19850;
LAYER_DEF METALTblockFill 19850;
LAYER_MAP 78 -datatype 51 18851;
LAYER_DEF METALTmakeFill 18851;
LAYER_MAP 90 -datatype 0 10900;
LAYER_DEF MIMS 10900;
LAYER_MAP 91 -datatype 0 10910;
LAYER_DEF MIMD 10910;
LAYER_MAP 92 -datatype 0 10920;
LAYER_DEF MIMT 10920;
LAYER_MAP 93 -datatype 0 10930;
LAYER_DEF MIMS2 10930;
LAYER_MAP 94 -datatype 0 10940;
LAYER_DEF MIMS7 10940;
LAYER_MAP 95 -datatype 0 10950;
LAYER_DEF PAD 10950;
LAYER_MAP 96 -datatype 0 10960;
LAYER_DEF IVD 10960;
LAYER_MAP 98 -datatype 0 10980;
LAYER_DEF ALG 10980;
LAYER_MAP 99 -datatype 0 10990;
LAYER_DEF ZEROLAY 10990;
LAYER_MAP 100 -datatype 0 11000;
LAYER_DEF DUALSTI 11000;
LAYER_MAP 101 -datatype 0 11010;
LAYER_DEF DUALFIMP 11010;
LAYER_MAP 103 -datatype 0 11030;
LAYER_DEF PSN 11030;
LAYER_MAP 104 -datatype 0 11040;
LAYER_DEF PSP 11040;
LAYER_MAP 105 -datatype 0 11050;
LAYER_DEF ARRAYNTUB 11050;
LAYER_MAP 106 -datatype 0 11060;
LAYER_DEF ARRAYNTUBISO 11060;
LAYER_MAP 108 -datatype 0 11080;
LAYER_DEF BFILT 11080;
LAYER_MAP 109 -datatype 0 11090;
LAYER_DEF GFILT 11090;
LAYER_MAP 110 -datatype 0 11100;
LAYER_DEF RFILT 11100;
LAYER_MAP 111 -datatype 0 11110;
LAYER_DEF UL 11110;
LAYER_MAP 112 -datatype 0 11120;
LAYER_DEF PL 11120;
LAYER_MAP 113 -datatype 0 11130;
LAYER_DEF SIL1 11130;
LAYER_MAP 114 -datatype 0 11140;
LAYER_DEF SIL2 11140;
LAYER_MAP 115 -datatype 0 11150;
LAYER_DEF SIL3 11150;
LAYER_MAP 116 -datatype 0 11160;
LAYER_DEF SIL4 11160;
LAYER_MAP 118 -datatype 0 11180;
LAYER_DEF PDARC 11180;
LAYER_MAP 119 -datatype 0 11190;
LAYER_DEF LP 11190;
LAYER_MAP 120 -datatype 0 11200;
LAYER_DEF RCFA 11200;
LAYER_MAP 121 -datatype 0 11210;
LAYER_DEF NNEXT3V3 11210;
LAYER_MAP 117 -datatype 0 11170;
LAYER_DEF ARC2 11170;
LAYER_MAP 180 -datatype 0 11800;
LAYER_DEF SLOTSI 11800;
LAYER_MAP 181 -datatype 0 11810;
LAYER_DEF SLOTOX 11810;
LAYER_MAP 182 -datatype 0 11820;
LAYER_DEF BSMET 11820;
LAYER_MAP 182 -texttype 2 11822;
LAYER_DEF BSMET_pin_txt 11822;
LAYER_MAP 182 -datatype 2 11822;
LAYER_DEF BSMETpin 11822;
LAYER_MAP 182 -datatype 1 11821;
LAYER_DEF BSMETlabel 11821;
LAYER_MAP 183 -datatype 0 11830;
LAYER_DEF BSPAD 11830;
LAYER_MAP 184 -datatype 0 11840;
LAYER_DEF SNPW 11840;
LAYER_MAP 185 -datatype 0 11850;
LAYER_DEF SNN 11850;
LAYER_MAP 186 -datatype 0 11860;
LAYER_DEF ARRAYPW 11860;
LAYER_MAP 187 -datatype 0 11870;
LAYER_DEF TXPW 11870;
LAYER_MAP 188 -datatype 0 11880;
LAYER_DEF SNENH 11880;
LAYER_MAP 280 -datatype 0 12800;
LAYER_DEF SPADNW 12800;
LAYER_MAP 281 -datatype 0 12810;
LAYER_DEF SPADPSN 12810;
LAYER_MAP 130 -datatype 0 11300;
LAYER_DEF LFBLK 11300;
LAYER_MAP 131 -datatype 20 21330;
LAYER_DEF LFIPmark 21330;
LAYER_MAP 131 -texttype 0 21331;
LAYER_DEF LFIPtext 21331;
LAYER_MAP 131 -datatype 0 21310;
LAYER_DEF LFIP 21310;
LAYER_MAP 132 -datatype 0 11320;
LAYER_DEF IPRING 11320;
LAYER_MAP 133 -datatype 0 11330;
LAYER_DEF PSUB2 11330;
LAYER_MAP 134 -datatype 20 11360;
LAYER_DEF HOTNWmark 11360;
LAYER_MAP 135 -datatype 20 11370;
LAYER_DEF BJTmark 11370;
LAYER_MAP 136 -datatype 20 11380;
LAYER_DEF DIOmark 11380;
LAYER_MAP 137 -datatype 20 11390;
LAYER_DEF ZVTmark 11390;
LAYER_MAP 138 -datatype 20 11400;
LAYER_DEF MIMmark 11400;
LAYER_MAP 139 -datatype 20 11410;
LAYER_DEF CAPmark 11410;
LAYER_MAP 140 -datatype 20 11420;
LAYER_DEF RESmark 11420;
LAYER_MAP 141 -datatype 20 11430;
LAYER_DEF RMET1mark 11430;
LAYER_MAP 142 -datatype 20 11440;
LAYER_DEF RMET2mark 11440;
LAYER_MAP 143 -datatype 20 11450;
LAYER_DEF RMET3mark 11450;
LAYER_MAP 144 -datatype 20 11460;
LAYER_DEF RMET4mark 11460;
LAYER_MAP 145 -datatype 20 11470;
LAYER_DEF RMET5mark 11470;
LAYER_MAP 148 -datatype 20 11500;
LAYER_DEF RMETFmark 11500;
LAYER_MAP 149 -datatype 20 11510;
LAYER_DEF RMETTmark 11510;
LAYER_MAP 150 -datatype 20 11520;
LAYER_DEF CAPFmark 11520;
LAYER_MAP 151 -datatype 20 11530;
LAYER_DEF ZVTHVmark 11530;
LAYER_MAP 152 -datatype 20 11540;
LAYER_DEF LVSSmark 11540;
LAYER_MAP 153 -datatype 20 11550;
LAYER_DEF RFmark 11550;
LAYER_MAP 154 -datatype 20 11560;
LAYER_DEF INDmark 11560;
LAYER_MAP 155 -datatype 20 11570;
LAYER_DEF LDMOSmark 11570;
LAYER_MAP 156 -datatype 20 11580;
LAYER_DEF LV1V2mark 11580;
LAYER_MAP 157 -datatype 20 21590;
LAYER_DEF MVmark 21590;
LAYER_MAP 158 -datatype 20 11600;
LAYER_DEF VARmark 11600;
LAYER_MAP 159 -datatype 0 11590;
LAYER_DEF DPORT 11590;
LAYER_MAP 160 -datatype 20 11620;
LAYER_DEF SEALRINGmark 11620;
LAYER_MAP 161 -datatype 20 11630;
LAYER_DEF ESDDIOmark 11630;
LAYER_MAP 162 -datatype 20 11640;
LAYER_DEF YMUXmark 11640;
LAYER_MAP 163 -datatype 20 11650;
LAYER_DEF RESRmark 11650;
LAYER_MAP 164 -datatype 20 11660;
LAYER_DEF SFIPmark 11660;
LAYER_MAP 165 -datatype 20 11670;
LAYER_DEF STRPmark 11670;
LAYER_MAP 166 -datatype 20 11680;
LAYER_DEF SRAMmark 11680;
LAYER_MAP 167 -datatype 20 11690;
LAYER_DEF ROMmark 11690;
LAYER_MAP 168 -datatype 20 11700;
LAYER_DEF ESDSBmark 11700;
LAYER_MAP 169 -datatype 20 21710;
LAYER_DEF IMAGERmark 21710;
LAYER_MAP 170 -datatype 20 11720;
LAYER_DEF PROBEmark 11720;
LAYER_MAP 171 -datatype 0 11710;
LAYER_DEF RDHD 11710;
LAYER_MAP 97 -datatype 0 10970;
LAYER_DEF PSMBLK 10970;
LAYER_MAP 107 -datatype 0 11070;
LAYER_DEF noDRC 11070;
LAYER_MAP 125 -datatype 0 11250;
LAYER_DEF PAD_drc 11250;
LAYER_MAP 192 -datatype 0 11920;
LAYER_DEF BLOCK 11920;
LAYER_MAP 193 -datatype 0 11930;
LAYER_DEF CELLFRM 11930;
LAYER_MAP 194 -datatype 0 11940;
LAYER_DEF FRMCOV 11940;
LAYER_MAP 271 -datatype 0 12710;
LAYER_DEF PXL 12710;
LAYER_MAP 172 -datatype 0 11720;
LAYER_DEF SCL 11720;
LAYER_MAP 173 -datatype 20 11750;
LAYER_DEF TXFETmark 11750;
LAYER_MAP 174 -datatype 20 11760;
LAYER_DEF THKEPImark 11760;
LAYER_MAP 300 -datatype 0 13000;
LAYER_DEF CRL0 13000;
LAYER_MAP 301 -datatype 0 13010;
LAYER_DEF CRL1 13010;
LAYER_MAP 302 -datatype 0 13020;
LAYER_DEF CRL2 13020;
LAYER_MAP 303 -datatype 0 13030;
LAYER_DEF CRL3 13030;
LAYER_MAP 304 -datatype 0 13040;
LAYER_DEF CRL4 13040;
LAYER_MAP 305 -datatype 0 13050;
LAYER_DEF CRL5 13050;
LAYER_MAP 306 -datatype 0 13060;
LAYER_DEF CRL6 13060;
LAYER_MAP 307 -datatype 0 13070;
LAYER_DEF CRL7 13070;
LAYER_MAP 308 -datatype 0 13080;
LAYER_DEF CRL8 13080;
LAYER_MAP 309 -datatype 0 13090;
LAYER_DEF CRL9 13090;
LAYER_MAP 150 -texttype 1 11501;
LAYER_DEF CAPFlabel 11501;
TEXT_LAYER DIFF_pin_txt;
ATTACH DIFF_pin_txt NDIFF;
ATTACH DIFF_pin_txt PDIFF;
PORT -text_layer DIFF_pin_txt;
TEXT_LAYER POLYG_pin_txt;
ATTACH POLYG_pin_txt POLYG3;
PORT -text_layer POLYG_pin_txt;
TEXT_LAYER METAL1_pin_txt;
ATTACH METAL1_pin_txt METAL1a;
PORT -text_layer METAL1_pin_txt;
TEXT_LAYER METAL2_pin_txt;
ATTACH METAL2_pin_txt METAL2a;
PORT -text_layer METAL2_pin_txt;
TEXT_LAYER METAL3_pin_txt;
ATTACH METAL3_pin_txt METAL3a;
PORT -text_layer METAL3_pin_txt;
TEXT_LAYER METAL4_pin_txt;
ATTACH METAL4_pin_txt METAL4a;
PORT -text_layer METAL4_pin_txt;
TEXT_LAYER METAL5_pin_txt;
ATTACH METAL5_pin_txt METAL5a;
PORT -text_layer METAL5_pin_txt;
TEXT_LAYER METALF_pin_txt;
ATTACH METALF_pin_txt METALFa;
PORT -text_layer METALF_pin_txt;
TEXT_LAYER METALT_pin_txt;
ATTACH METALT_pin_txt METALTa;
PORT -text_layer METALT_pin_txt;
TEXT_LAYER BSMET_pin_txt;
ATTACH BSMET_pin_txt BSMET;
PORT -text_layer BSMET_pin_txt;
CAT DIFFbase DIFFfill DIFFfillCustom DIFF;
CAT POLYGbase POLYGfill POLYGfillCustom POLYG;
OR METAL1base METAL1fill METAL1fillCustom _EPTMPL262146;
NOT _EPTMPL262146 METAL1slot METAL1;
OR METAL2base METAL2fill METAL2fillCustom _EPTMPL262148;
NOT _EPTMPL262148 METAL2slot METAL2;
OR METAL3base METAL3fill METAL3fillCustom _EPTMPL262150;
NOT _EPTMPL262150 METAL3slot METAL3;
OR METAL4base METAL4fill METAL4fillCustom _EPTMPL262152;
NOT _EPTMPL262152 METAL4slot METAL4;
OR METAL5base METAL5fill METAL5fillCustom _EPTMPL262154;
NOT _EPTMPL262154 METAL5slot METAL5;
OR METALFbase METALFfill METALFfillCustom _EPTMPL262156;
NOT _EPTMPL262156 METALFslot METALF;
OR METALTbase METALTfill METALTfillCustom _EPTMPL262158;
NOT _EPTMPL262158 METALTslot METALT;
AND METAL1 RMET1mark RMET1a;
NOT METAL1 RMET1a METAL1a;
AND METAL2 RMET2mark RMET2a;
NOT METAL2 RMET2a METAL2a;
AND METAL3 RMET3mark RMET3a;
NOT METAL3 RMET3a METAL3a;
AND METAL4 RMET4mark RMET4a;
NOT METAL4 RMET4a METAL4a;
AND METAL5 RMET5mark RMET5a;
NOT METAL5 RMET5a _EPTMPL262169;
NOT _EPTMPL262169 MIMmark METAL5a;
AND METALF RMETFmark RMETFa;
NOT METALF RMETFa METALFa;
AND METALT RMETTmark RMETTa;
NOT METALT RMETTa METALTa;
NOT MIMS MIMmark MIMSa;
AND MIMS MIMmark TOPMIM;
AND MIMS2 MIMmark TOPMIMS2;
AND MIMS7 MIMmark TOPMIMS7;
SELECT -label "CAPFmark" -textname "cvnm2m3" -textlayer CAPFlabel -outputlayer CAPF_M2M3;
AND METAL3a CAPF_M2M3 METAL3cf;
AND METAL2 METAL3 METAL23_0;
SELECT -inside METAL23_0 CAPF_M2M3 _EPTMPL262182;
SELECT -enclose CAPF_M2M3 _EPTMPL262182 -outputlayer FRCAPM2M3;
SELECT -label "CAPFmark" -textname "cvnm2m4" -textlayer CAPFlabel -outputlayer CAPF_M2M4;
AND METAL4 CAPF_M2M4 METAL4cf;
AND METAL2 METAL3 _EPTMPL262186;
AND _EPTMPL262186 METAL4 METAL24_0;
SELECT -inside METAL24_0 CAPF_M2M4 _EPTMPL262188;
SELECT -enclose CAPF_M2M4 _EPTMPL262188 FRCAPM2M4;
CONNECT METAL1a METAL2a -by VIA1;
CONNECT METAL2a METAL3a -by VIA2;
CONNECT METAL3a METAL4a -by VIA3;
CONNECT METAL4a METAL5a -by VIA4;
CONNECT METAL5a METALFa -by VIAF2;
CONNECT MIMSa METALFa -by VIAM;
CONNECT TOPMIM METALFa -by VIAM;
CONNECT TOPMIMS2 METALFa -by VIAM;
CONNECT TOPMIMS7 METALFa -by VIAM;
CONNECT METALFa METALTa -by VIAT;
CONNECT BSMET METAL1a -by SLOTOX;
DEVICE R ( rmet1 ) RMET1a METAL1a ( POS ) METAL1a ( NEG ) ( POS NEG ) -model rmet1 [ 
 property R , W , L 
 L = ( PERIMETER ( RMET1a ) - PERIMETER_COINCIDE ( RMET1a , METAL1a ) ) / 2 
 W = PERIMETER_COINCIDE ( RMET1a , METAL1a ) / 2 
 R = ( RSH_RMET1 * ( L ) ) / ( W ) 
 ];
LVS_REDUCE_DEVICE R ( rmet1 ) -parallel yes;
LVS_CHECK_PROPERTY R ( rmet1 ) W W -tolerance lvs_tolerance_MRES;
LVS_CHECK_PROPERTY R ( rmet1 ) L L -tolerance lvs_tolerance_MRES;
DEVICE R ( rmet2 ) RMET2a METAL2a ( POS ) METAL2a ( NEG ) ( POS NEG ) -model rmet2 [ 
 property R , W , L 
 L = ( PERIMETER ( RMET2a ) - PERIMETER_COINCIDE ( RMET2a , METAL2a ) ) / 2 
 W = PERIMETER_COINCIDE ( RMET2a , METAL2a ) / 2 
 R = ( RSH_RMET2 * ( L ) ) / ( W ) 
 ];
LVS_REDUCE_DEVICE R ( rmet2 ) -parallel yes;
LVS_CHECK_PROPERTY R ( rmet2 ) W W -tolerance lvs_tolerance_MRES;
LVS_CHECK_PROPERTY R ( rmet2 ) L L -tolerance lvs_tolerance_MRES;
DEVICE R ( rmet3 ) RMET3a METAL3a ( POS ) METAL3a ( NEG ) ( POS NEG ) -model rmet3 [ 
 property R , W , L 
 L = ( PERIMETER ( RMET3a ) - PERIMETER_COINCIDE ( RMET3a , METAL3a ) ) / 2 
 W = PERIMETER_COINCIDE ( RMET3a , METAL3a ) / 2 
 R = ( RSH_RMET3 * ( L ) ) / ( W ) 
 ];
LVS_REDUCE_DEVICE R ( rmet3 ) -parallel yes;
LVS_CHECK_PROPERTY R ( rmet3 ) W W -tolerance lvs_tolerance_MRES;
LVS_CHECK_PROPERTY R ( rmet3 ) L L -tolerance lvs_tolerance_MRES;
DEVICE R ( rmet4 ) RMET4a METAL4a ( POS ) METAL4a ( NEG ) ( POS NEG ) -model rmet4 [ 
 property R , W , L 
 L = ( PERIMETER ( RMET4a ) - PERIMETER_COINCIDE ( RMET4a , METAL4a ) ) / 2 
 W = PERIMETER_COINCIDE ( RMET4a , METAL4a ) / 2 
 R = ( RSH_RMET4 * ( L ) ) / ( W ) 
 ];
LVS_REDUCE_DEVICE R ( rmet4 ) -parallel yes;
LVS_CHECK_PROPERTY R ( rmet4 ) W W -tolerance lvs_tolerance_MRES;
LVS_CHECK_PROPERTY R ( rmet4 ) L L -tolerance lvs_tolerance_MRES;
DEVICE R ( rmet5 ) RMET5a METAL5a ( POS ) METAL5a ( NEG ) ( POS NEG ) -model rmet5 [ 
 property R , W , L 
 L = ( PERIMETER ( RMET5a ) - PERIMETER_COINCIDE ( RMET5a , METAL5a ) ) / 2 
 W = PERIMETER_COINCIDE ( RMET5a , METAL5a ) / 2 
 R = ( RSH_RMET5 * ( L ) ) / ( W ) 
 ];
LVS_REDUCE_DEVICE R ( rmet5 ) -parallel yes;
LVS_CHECK_PROPERTY R ( rmet5 ) W W -tolerance lvs_tolerance_MRES;
LVS_CHECK_PROPERTY R ( rmet5 ) L L -tolerance lvs_tolerance_MRES;
DEVICE R ( rmetf ) RMETFa METALFa ( POS ) METALFa ( NEG ) ( POS NEG ) -model rmetf [ 
 property R , W , L 
 L = ( PERIMETER ( RMETFa ) - PERIMETER_COINCIDE ( RMETFa , METALFa ) ) / 2 
 W = PERIMETER_COINCIDE ( RMETFa , METALFa ) / 2 
 R = ( RSH_RMETF * ( L ) ) / ( W ) 
 ];
LVS_REDUCE_DEVICE R ( rmetf ) -parallel yes;
LVS_CHECK_PROPERTY R ( rmetf ) W W -tolerance lvs_tolerance_MRES;
LVS_CHECK_PROPERTY R ( rmetf ) L L -tolerance lvs_tolerance_MRES;
DEVICE C ( cmims ) CMIMS TOPMIM ( POS ) METAL5a ( NEG ) -model cmims [ 
 property C , L , W , A , P , M 
 A = area ( CMIMS ) 
 P = PERIMETER ( CMIMS ) 
 C = area ( CMIMS ) * 0.98 / 1000 + P * 1.1e-10 
 L = ( P + SQRT ( ABS ( P * P - 16 * area ( CMIMS ) ) ) ) / 4 
 W = area ( CMIMS ) / L W = TRUNC ( ( W * 100000000 ) + 0.5 ) / 100000000 L = TRUNC ( ( L * 100000000 ) + 0.5 ) / 100000000 
 M = 1 
 ];
DEVICE C ( cmims2 ) CMIMS2 TOPMIMS2 ( POS ) METAL5a ( NEG ) -model cmims2 [ 
 property C , L , W , A , P , M 
 A = area ( CMIMS2 ) 
 P = PERIMETER ( CMIMS2 ) 
 C = area ( CMIMS2 ) * 0.98 / 1000 + P * 1.1e-10 
 L = ( P + SQRT ( ABS ( P * P - 16 * area ( CMIMS2 ) ) ) ) / 4 
 W = area ( CMIMS2 ) / L W = TRUNC ( ( W * 100000000 ) + 0.5 ) / 100000000 L = TRUNC ( ( L * 100000000 ) + 0.5 ) / 100000000 
 M = 1 
 ];
DEVICE C ( cmims7 ) CMIMS7 TOPMIMS7 ( POS ) METAL5a ( NEG ) -model cmims7 [ 
 property C , L , W , A , P , M 
 A = area ( CMIMS7 ) 
 P = PERIMETER ( CMIMS7 ) 
 C = area ( CMIMS7 ) * 0.98 / 1000 + P * 1.1e-10 
 L = ( P + SQRT ( ABS ( P * P - 16 * area ( CMIMS7 ) ) ) ) / 4 
 W = area ( CMIMS7 ) / L W = TRUNC ( ( W * 100000000 ) + 0.5 ) / 100000000 L = TRUNC ( ( L * 100000000 ) + 0.5 ) / 100000000 
 M = 1 
 ];
LVS_CHECK_PROPERTY C ( cmims ) P P -tolerance 0;
LVS_CHECK_PROPERTY C ( cmims ) A A -tolerance 0;
LVS_CHECK_PROPERTY C ( cmims2 ) P P -tolerance 0;
LVS_CHECK_PROPERTY C ( cmims2 ) A A -tolerance 0;
LVS_CHECK_PROPERTY C ( cmims7 ) P P -tolerance 0;
LVS_CHECK_PROPERTY C ( cmims7 ) A A -tolerance 0;
DEVICE C ( cvnm2m3 ) FRCAPM2M3 METAL3cf ( POS ) METAL3cf ( NEG ) -model cvnm2m3 [ 
 property L , M , NF 
 NF = ( ( bends ( METAL3cf ) - 2 ) / 4 ) + 1 
 BE = bends ( METAL3cf ) 
 if ( NF < + 1 ) 
 NF = 1 
 L = ( area ( FRCAPM2M3 ) / ( NF * 1.02e-06 - 2e-07 ) - 8.2e-07 ) 
 M = 1 
 ];
LVS_CHECK_PROPERTY C ( cvnm2m3 ) L L -tolerance lvs_tolerance_CF;
LVS_CHECK_PROPERTY C ( cvnm2m3 ) NF NF -tolerance lvs_tolerance_CF;
variable SCREF_NMOS1V2HVT 1e-06;
variable SCREF_PMOS1V2HVT 1e-06;
variable SCREF_NMOS1V2LVT 1e-06;
variable SCREF_PMOS1V2LVT 1e-06;
variable RSH_RMET1 0.19;
variable RSH_RMET2 0.14;
variable RSH_RMET3 0.14;
variable RSH_RMET4 0.14;
variable RSH_RMET5 0.14;
variable RSH_RMET6 0.14;
variable RSH_RMETF 0.06;
variable RSH_RNPOLYH 1930;
variable RHEAD_RNPOLYH 0;
variable DW_RNPOLYH -2.25e-08;
variable DL_RNPOLYH -2.68e-07;
variable RSH_RNPOLYM 263.96;
variable RHEAD_RNPOLYM 0;
variable DW_RNPOLYM -5.32e-08;
variable DL_RNPOLYM -5.62e-08;
variable RSH_RPPOLYM 390.98;
variable RHEAD_RPPOLYM 0;
variable DW_RPPOLYM 6.17e-08;
variable DL_RPPOLYM -2.17e-07;
variable CA_NCAP1V2HVT 1.109e-14;
variable CA_PCAP1V2HVT 1.16e-14;
variable CA_NCAP3V3RVT 5.3e-15;
variable CA_PCAP3V3RVT 5.3e-15;
variable CA_CMIMS 1.02e-15;
variable CP_CMIMS 3e-17;
variable CF_CVNM2M3 3.875e-10;
variable CF_CVNM2M4 6.357e-10;
EXTENT -outputlayer CHIP;
SIZE CHIP -by 1 -outputlayer BULK;
SIZE PSUB2 -by 0.005 -outputlayer PSUB2UP;
SIZE PSUB2 -by -0.005 -outputlayer PSUB2IN;
NOT PSUB2UP PSUB2IN -outputlayer PSUBRING;
OR NW1V2 NW3V3 -outputlayer ALLNW;
HOLES ALLNW -inner -outputlayer NWHOLEINNER;
HOLES ALLNW -outputlayer NWHOLE;
NOT ALLNW NWHOLE -outputlayer NWHOLENOTHOLE;
NOT ALLNW NWHOLEINNER -outputlayer NWHOLENOTHOLEINNER;
SELECT -touch NWHOLENOTHOLE NWHOLE -outputlayer _CPTMPL28;
SELECT -touch NWHOLENOTHOLEINNER NWHOLEINNER -outputlayer _CPTMPL29;
OR _CPTMPL28 _CPTMPL29 -outputlayer NWRING;
NOT BULK PSUBRING -outputlayer _CPTMPL31;
NOT _CPTMPL31 SEALRINGmark -outputlayer PSUB;
OR NW1V2 NW3V3 -outputlayer _CPTMPL33;
HOLES _CPTMPL33 -outputlayer _CPTMPL34;
AND _CPTMPL34 DNW -outputlayer DNWRING;
AND PSUB DNWRING -outputlayer _CPTMPL36;
NOT _CPTMPL36 NWRING -outputlayer PSUBISO;
CAT PW1V2orig inPw1v2;
CAT PW1V2makeGen ioPw1v2Gen;
NOT PW1V2blockGen PW1V2 -outputlayer inPw1v2BlockGen;
CAT PW3V3orig inPw3v3;
CAT PW3V3makeGen ioPw3v3Gen;
NOT PW3V3blockGen PW3V3 -outputlayer inPw3v3BlockGen;
CAT NW1V2 inNw1v2;
CAT NW3V3 inNw3v3;
CAT PXL inPxl;
CAT NLVT3V3 inNlvt3v3;
variable minWidthPwell1V2 0.63;
variable minWidthPwell3V3 1;
variable GRID 0.005;
OR inPw1v2 ioPw1v2Gen -outputlayer inPw1v2All;
OR inPxl PW1V2blockGen -outputlayer pw1v2BlockGenNew;
AND inPw1v2All pw1v2BlockGenNew -outputlayer pw1V2OrgBlocked4Gen;
NOT inPw1v2All pw1v2BlockGenNew -outputlayer pw1V2OrgNotBlocked;
CAT pw1v2BlockGen inPw1v2 ioPw1v2Gen inPw3v3 ioPw3v3Gen inNw1v2 inNw3v3 inPxl inNlvt3v3 noPw1v2;
NOT BULK noPw1v2 -outputlayer generator1v2;
OR pw1V2OrgNotBlocked generator1v2 -outputlayer pw1V2NewNotBlockedWoClean;
SIZE pw1V2NewNotBlockedWoClean -by "GRID" -truncate "GRID" -outputlayer pw1v2Plus;
SIZE pw1v2Plus -by "minWidthPwell1V2/2" -underover -truncate "minWidthPwell1V2/2" -outputlayer pw1v2UnderOver;
AND pw1v2UnderOver pw1v2Plus -outputlayer pw1v2WidthCleanedTemp;
SIZE pw1v2WidthCleanedTemp -by -1*GRID -truncate "GRID" -outputlayer pw1v2WidthCleaned;
NOT pw1v2WidthCleaned inPw1v2All -outputlayer outPw1v2;
OR outPw1v2 ioPw1v2Gen -outputlayer ioPw1v2GenNew;
OR inPw3v3 ioPw3v3Gen -outputlayer inPw3v3All;
OR inPxl PW3V3blockGen -outputlayer pw3v3BlockGenNew;
AND inPw3v3All pw3v3BlockGenNew -outputlayer pw3V3OrgBlocked4Gen;
NOT inPw3v3All pw3v3BlockGenNew -outputlayer pw3V3OrgNotBlocked;
CAT pw3v3BlockGen inPw1v2 inPw3v3 ioPw3v3Gen inNw1v2 inNw3v3 inPxl inNlvt3v3 noPw3v3;
NOT BULK noPw3v3 -outputlayer _CPTMPL66;
NOT _CPTMPL66 ioPw1v2GenNew -outputlayer generator3v3;
OR pw3V3OrgNotBlocked generator3v3 -outputlayer pw3V3NewNotBlockedWoClean;
SIZE pw3V3NewNotBlockedWoClean -by "GRID" -truncate "GRID" -outputlayer pw3v3Plus;
SIZE pw3v3Plus -by "minWidthPwell3V3/2" -underover -truncate "minWidthPwell3V3/2" -outputlayer pw3v3UnderOver;
AND pw3v3UnderOver pw3V3Plus -outputlayer pw3v3WidthCleanedTemp;
SIZE pw3v3WidthCleanedTemp -by -1*GRID -truncate "GRID" -outputlayer pw3v3WidthCleaned;
NOT pw3v3WidthCleaned inPw3v3All -outputlayer outPw3v3;
OR outPw3v3 ioPw3v3Gen -outputlayer ioPw3v3GenNew;
OR PW1V2orig ioPw1v2GenNew -outputlayer _CPTMPL75;
NOT _CPTMPL75 PSUBRING -outputlayer _CPTMPL76;
NOT _CPTMPL76 SEALRINGmark -outputlayer PW1V2;
OR PW3V3orig ioPw3v3GenNew -outputlayer _CPTMPL78;
NOT _CPTMPL78 PSUBRING -outputlayer _CPTMPL79;
NOT _CPTMPL79 SEALRINGmark -outputlayer PW3V3;
AND NPLUS DIFF -outputlayer NDIFF1;
AND PPLUS DIFF -outputlayer PDIFF1;
AND PWHV ZVTHVmark -outputlayer PWHVZVTHV;
AND POLYG RESmark -outputlayer RPPOLYS1;
AND RPPOLYS1 SALBLK -outputlayer RPOLYSALBLK;
NOT POLYG RPPOLYS1 -outputlayer POLYG1;
AND RPPOLYS1 POLYDOPE -outputlayer RNPOLYS1;
NOT RPPOLYS1 RNPOLYS1 -outputlayer RPPOLYS;
AND RNPOLYS1 RPOLYSALBLK -outputlayer RNPOLYM1;
NOT RNPOLYS1 RNPOLYM1 -outputlayer RNPOLYS;
SELECT -inside RPOLYSALBLK NPLUS -outputlayer RNPOLYH;
AND RNPOLYM1 NPLUS -outputlayer RNPOLYL;
SELECT -interact RNPOLYM1 NPLUS -outputlayer _CPTMPL126;
NOT _CPTMPL126 RNPOLYH -outputlayer RNPOLYM;
AND RPOLYSALBLK PPLUS -outputlayer RPPOLYM;
AND RPPOLYM NPLUS -outputlayer RPPOLYH1;
NOT RPPOLYH1 RPPOLYM -outputlayer RPPOLYH;
AND RNPOLYH PW1V2 -outputlayer RNPOLYHPW1V2;
AND RNPOLYH PW3V3 -outputlayer RNPOLYHPW3V3;
AND RNPOLYH NW1V2 -outputlayer RNPOLYHNW1V2;
AND RNPOLYH NW3V3 -outputlayer RNPOLYHNW3V3;
AND RNPOLYM PW1V2 -outputlayer RNPOLYMPW1V2;
AND RNPOLYM PW3V3 -outputlayer RNPOLYMPW3V3;
AND RNPOLYM NW1V2 -outputlayer RNPOLYMNW1V2;
AND RNPOLYM NW3V3 -outputlayer RNPOLYMNW3V3;
AND RPPOLYM PW1V2 -outputlayer RPPOLYMPW1V2;
AND RPPOLYM PW3V3 -outputlayer RPPOLYMPW3V3;
AND RPPOLYM NW1V2 -outputlayer RPPOLYMNW1V2;
AND RPPOLYM NW3V3 -outputlayer RPPOLYMNW3V3;
AND POLYG1 DIFF -outputlayer GATE;
AND GATE POLYDOPE -outputlayer DOPEDGATE;
AND DOPEDGATE NPLUS -outputlayer NGATE;
AND GATE PPLUS -outputlayer PGATE;
NOT POLYG1 NGATE -outputlayer _CPTMPL159;
AND POLYG1 PXL -outputlayer _CPTMPL160;
OR _CPTMPL159 _CPTMPL160 -outputlayer POLYG2;
NOT POLYG2 PGATE -outputlayer POLYG3;
AND NGATE NEXT1V2 -outputlayer _CPTMPL163;
AND _CPTMPL163 GOX1V2 -outputlayer NGATE1V2;
AND PGATE PEXT1V2 -outputlayer _CPTMPL165;
AND _CPTMPL165 GOX1V2 -outputlayer PGATE1V2;
AND NGATE NEXT3V3 -outputlayer NGATE3V3;
AND PGATE PEXT3V3 -outputlayer PGATE3V3;
COPY NGATE1V2 NGATE1V2HVT;
COPY PGATE1V2 PGATE1V2HVT;
NOT NGATE3V3 NLVT3V3 -outputlayer NGATE3V3RVT;
AND NGATE1V2HVT PW1V2 -outputlayer NMOS1V2HVT1;
AND PGATE1V2HVT NW1V2 -outputlayer PMOS1V2HVT1;
HOLES PW1V2 -outputlayer _CPTMPL198;
SELECT -inside ZVTmark _CPTMPL198 -outputlayer PW1V2ZVT;
OR PW1V2 PW1V2ZVT -outputlayer ALLPW1V2;
AND NGATE3V3 PW3V3 -outputlayer NMOS3V3RVT1;
AND PGATE3V3 NW3V3 -outputlayer PMOS3V3RVT1;
NOT NGATE3V3 TXFETmark -outputlayer _CPTMPL217;
AND _CPTMPL217 ARRAYPW -outputlayer _CPTMPL218;
AND _CPTMPL218 PXL -outputlayer NMOS3V3PIX;
OR PSN SNN -outputlayer _CPTMPL220;
SELECT -interact GATE _CPTMPL220 -outputlayer _CPTMPL221;
AND _CPTMPL221 TXFETmark -outputlayer NGATE3V3TX;
AND NGATE3V3TX TXFETmark -outputlayer NMOS3V3TX;
OR SNN PSN -outputlayer _CPTMPL224;
SELECT -interact DIFF _CPTMPL224 -outputlayer _CPTMPL225;
OR NDIFF _CPTMPL225 -outputlayer _CPTMPL226;
SELECT -interact _CPTMPL226 TXFETmark -outputlayer _CPTMPL227;
NOT _CPTMPL227 GATE -outputlayer _CPTMPL228;
NOT _CPTMPL228 ARRAYPW -outputlayer NDIFFTX;
AND NMOS1V2HVT1 CAPmark -outputlayer NCAP1V2HVT;
AND PMOS1V2HVT1 CAPmark -outputlayer PCAP1V2HVT;
AND NMOS3V3RVT1 CAPmark -outputlayer NCAP3V3RVT;
AND PMOS3V3RVT1 CAPmark -outputlayer PCAP3V3RVT;
NOT NMOS1V2HVT1 CAPmark -outputlayer NMOS1V2HVT;
NOT PMOS1V2HVT1 CAPmark -outputlayer PMOS1V2HVT;
NOT NMOS3V3RVT1 CAPmark -outputlayer NMOS3V3RVT;
NOT PMOS3V3RVT1 CAPmark -outputlayer PMOS3V3RVT;
AND DIFF VARmark -outputlayer VARMARKER;
AND NGATE1V2HVT NW1V2 -outputlayer _CPTMPL263;
SELECT -interact VARMark _CPTMPL263 -outputlayer NVAR1V2HVT;
AND NGATE3V3RVT NW3V3 -outputlayer _CPTMPL267;
SELECT -interact VARMark _CPTMPL267 -outputlayer NVAR3V3RVT;
NOT NDIFF1 NGATE -outputlayer _CPTMPL271;
NOT _CPTMPL271 MCEL -outputlayer NDIFF;
NOT PDIFF1 PGATE -outputlayer PDIFF;
AND NDIFF ALLNW -outputlayer NTAP;
NOT PDIFF ALLNW -outputlayer _CPTMPL275;
NOT _CPTMPL275 PSUBISO -outputlayer PTAP;
NOT PDIFF ALLNW -outputlayer _CPTMPL277;
AND _CPTMPL277 PSUBISO -outputlayer PTAPISO;
AND NDIFF DIOmark -outputlayer DNPPW;
AND DNPPW PW1V2 -outputlayer _CPTMPL280;
AND _CPTMPL280 NEXT1V2 -outputlayer _CPTMPL281;
SELECT -inside _CPTMPL281 GOX1V2 -outputlayer DNPPW1V2;
AND DNPPW PW3V3 -outputlayer _CPTMPL286;
AND _CPTMPL286 NEXT3V3 -outputlayer DNPPW3V3;
AND NDIFF ESDDIOmark -outputlayer DNPPWESD;
AND DNPPWESD PW1V2 -outputlayer _CPTMPL293;
AND _CPTMPL293 NEXT1V2 -outputlayer _CPTMPL294;
SELECT -inside _CPTMPL294 GOX1V2 -outputlayer DNPPW1V2ESD;
AND DNPPWESD PW3V3 -outputlayer _CPTMPL296;
AND _CPTMPL296 NEXT3V3 -outputlayer DNPPW3V3ESD;
AND PDIFF DIOmark -outputlayer DPPNW;
AND DPPNW NW1V2 -outputlayer _CPTMPL303;
AND _CPTMPL303 PEXT1V2 -outputlayer _CPTMPL304;
SELECT -inside _CPTMPL304 GOX1V2 -outputlayer DPPNW1V2;
AND DPPNW NW3V3 -outputlayer _CPTMPL309;
AND _CPTMPL309 PEXT3V3 -outputlayer DPPNW3V3;
AND PDIFF ESDDIOmark -outputlayer DPPNWESD;
AND DPPNWESD NW1V2 -outputlayer _CPTMPL316;
AND _CPTMPL316 PEXT1V2 -outputlayer _CPTMPL317;
AND _CPTMPL317 GOX1V2 -outputlayer DPPNW1V2ESD;
AND DPPNWESD NW3V3 -outputlayer _CPTMPL319;
AND _CPTMPL319 PEXT3V3 -outputlayer DPPNW3V3ESD;
AND DNW PSUB -outputlayer DDNWSUB;
AND PW1V2 DNW -outputlayer DPW1V2DNW;
AND PW3V3 DNW -outputlayer DPW3V3DNW;
AND NDIFFTX DIOmark -outputlayer _CPTMPL328;
AND PSN PSP -outputlayer _CPTMPL329;
SELECT -interact _CPTMPL328 _CPTMPL329 -outputlayer DPV;
HOLES PDIFF -inner -outputlayer PNP01;
SELECT -enclose PNP01 PDIFF -eq 1 -outputlayer PNP02;
HOLES NDIFF -empty -outputlayer _CPTMPL333;
HOLES NDIFF -inner -empty -outputlayer _CPTMPL334;
OR _CPTMPL333 _CPTMPL334 -outputlayer PNP03;
SELECT -enclose PNP03 PDIFF -eq 1 -outputlayer PNP04;
SELECT -enclose PNP02 PNP04 -outputlayer PNP05;
AND PNP05 BJTmark -outputlayer PNP06;
SELECT -inside PNP06 GOX1V2 -outputlayer PNP07;
AND NDIFF NW1V2 -outputlayer PNPBASE1;
AND PNPBASE1 BJTmark -outputlayer PNPBASE;
AND PDIFF NW1V2 -outputlayer PNPEMIT1;
AND PNPEMIT1 BJTmark -outputlayer PNPEMIT2;
AND PNPEMIT2 PEXT1V2 -outputlayer PNPEMIT;
NOT PNPEMIT SALBLK -outputlayer PNPEMIT5UX5U;
RECT_CHK PNPEMIT5UX5U -eq 5 -by "eq" 5 -outputlayer PNP5UX5U01;
SELECT -enclose PNP07 PNP5UX5U01 -outputlayer PNP5UX5U;
SIZE SALBLK -by 0.38 -overunder -outputlayer PNPSALBLK;
SELECT -inside PNPEMIT PNPSALBLK -outputlayer PNPEMIT10UX2U5;
RECT_CHK PNPEMIT10UX2U5 -eq 10 -by "eq" 2.5 -outputlayer PNP10UX2U501;
SELECT -enclose PNP07 PNP10UX2U501 -outputlayer PNP10UX2U5;
OR MIMS MIMS2 -outputlayer _CPTMPL352;
OR _CPTMPL352 MIMS7 -outputlayer _CPTMPL353;
AND VIAF _CPTMPL353 -outputlayer VIAM;
OR MIMS MIMS2 -outputlayer _CPTMPL355;
OR _CPTMPL355 MIMS7 -outputlayer _CPTMPL356;
NOT VIAF _CPTMPL356 -outputlayer VIAF2;
AND MIMS MIMmark -outputlayer _CPTMPL358;
SELECT -interact _CPTMPL358 VIAM -outputlayer CMIMS;
AND MIMS2 MIMmark -outputlayer _CPTMPL360;
SELECT -interact _CPTMPL360 VIAM -outputlayer CMIMS2;
AND MIMS7 MIMmark -outputlayer _CPTMPL362;
SELECT -interact _CPTMPL362 VIAM -outputlayer CMIMS7;
NOT CONT POLYG -outputlayer DIFFCONT;
NOT CONT DIFFCONT -outputlayer POLYCONT1;
NOT DIFFCONT PDIFF -outputlayer NDIFFCONT;
NOT DIFFCONT NDIFF -outputlayer PDIFFCONT;
AND DIFFCONT NDIFFTX -outputlayer _CPTMPL368;
NOT _CPTMPL368 GATE -outputlayer NDIFFCONTTX;
COPY POLYCONT1 -outputlayer POLYCONT;
CONNECT POLYG3 METAL1a -by POLYCONT;
CONNECT NDIFF METAL1a PNPBASE -by NDIFFCONT;
CONNECT PDIFF METAL1a PNPEMIT5UX5U PNPEMIT10UX2U5 -by PDIFFCONT;
CONNECT NDIFFTX METAL1a -by NDIFFCONTTX;
CONNECT PNPBASE METAL1a -by NDIFFCONT;
CONNECT PNPEMIT5UX5U METAL1a -by PDIFFCONT;
CONNECT PNPEMIT10UX2U5 METAL1a -by PDIFFCONT;
SCONNECT PNPBASE NTAP -by NDIFFCONT;
SCONNECT PNPEMIT5UX5U PTAP -by PDIFFCONT;
SCONNECT PNPEMIT5UX5U PTAPISO -by PDIFFCONT;
SCONNECT NDIFF NTAP -by NDIFFCONT;
SCONNECT PDIFF PTAP -by PDIFFCONT;
SCONNECT PDIFF PTAPISO -by PDIFFCONT;
SCONNECT NTAP NW1V2;
SCONNECT PTAP PW1V2;
SCONNECT PTAPISO PW1V2;
SCONNECT NTAP NW3V3;
SCONNECT PTAP PW3V3;
SCONNECT PTAPISO PW3V3;
SCONNECT PTAP ARRAYPW;
SCONNECT PTAP PSUB;
SCONNECT PTAPISO PSUBISO;
CONNECT NGATE POLYG3;
CONNECT PGATE POLYG3;
CONNECT NGATE3V3TX POLYG3;
SCONNECT NW1V2 DNW;
SCONNECT NW3V3 DNW;
LVS_SOFTCHK NW1V2 -type UPPER;
LVS_SOFTCHK NW3V3 -type UPPER;
LVS_SOFTCHK PW1V2 -type UPPER;
LVS_SOFTCHK PW3V3 -type UPPER;
LVS_SOFTCHK ARRAYPW -type UPPER;
LVS_SOFTCHK PSUB -type UPPER;
LVS_SOFTCHK PSUBISO -type UPPER;

RULE FLOATING_PWELL {
    OR PTAP PTAPISO -outputlayer _CPTMPL371;
    SELECT -interact PW3V3 _CPTMPL371 -not;
}

RULE FLOATING_PWELL2 {
    OR PTAP PTAPISO -outputlayer _CPTMPL372;
    SELECT -interact ARRAYPW _CPTMPL372 -not;
}

RULE FLOATING_NWELL {
    OR NW1V2 NW3V3 -outputlayer _CPTMPL373;
    SELECT -interact _CPTMPL373 NTAP -not;
}

RULE FLOATING_PSUB {
    SELECT -interact PSUB PTAP -not;
}

RULE FLOATING_PSUBISO {
    SELECT -interact PSUBISO PTAPISO -not;
}

RULE FLOATING_DNW {
    OR NW1V2 NW3V3 -outputlayer _CPTMPL374;
    SELECT -interact DNW _CPTMPL374 -not;
}
LVS_RUN_ERC_CHECKS YES;
[WARN]: LVS_RUN_ERC_CHECKS at line 404 in file /opt/pdk/lf11/PDK_LF11ISi_V1_3_2/pv/pvs/common/./lvs/pvs.lvs is skipped. It is set in control file.
RESULTS_DB -erc "ercdb";
[WARN]: RESULTS_DB -ascii at line 405 in file /opt/pdk/lf11/PDK_LF11ISi_V1_3_2/pv/pvs/common/./lvs/pvs.lvs is skipped. It is set in control file.
SELECT_CHECK -erc FLOATING_PWELL FLOATING_NWELL FLOATING_PSUB FLOATING_PSUBISO FLOATING_DNW;
variable lvs_tolerance_MOS 1;
variable lvs_tolerance_MOSCAP 1;
variable lvs_tolerance_CMIMS 1;
variable lvs_tolerance_CF 0.1;
variable lvs_tolerance_POLYRES 1;
variable lvs_tolerance_MRES 1;
variable lvs_tolerance_DIO 1;
variable lvs_tolerance_BJT 1;
variable lvs_tolerance_MOSVAR 1;
DEVICE MN ( nmos1v2hvt ) NMOS1V2HVT NGATE ( G ) NDIFF ( S ) NDIFF ( D ) PW1V2 ( B ) -model nmos1v2hvt [ 
 property W , L , AS , AD , PS , PD , M 
 W = ( PERIMETER_COINCIDE ( NGATE , NDIFF ) / 2 ) 
 L = ( ( PERIMETER ( NGATE ) - PERIMETER_COINCIDE ( NGATE , NDIFF ) ) / 2 ) 
 AS = area ( S ) 
 AD = area ( D ) 
 PS = PERIMETER_OUTSIDE ( S , G ) 
 PD = PERIMETER_OUTSIDE ( D , G ) 
 M = 1 
 ];
LVS_CHECK_PROPERTY MN ( nmos1v2hvt ) W W -tolerance lvs_tolerance_MOS;
LVS_CHECK_PROPERTY MN ( nmos1v2hvt ) L L -tolerance lvs_tolerance_MOS;
DEVICE MN ( nmos3v3rvt ) NMOS3V3RVT NGATE ( G ) NDIFF ( S ) NDIFF ( D ) PW3V3 ( B ) -model nmos3v3rvt [ 
 property W , L , AS , AD , PS , PD , M 
 W = ( PERIMETER_COINCIDE ( NGATE , NDIFF ) / 2 ) 
 L = ( ( PERIMETER ( NGATE ) - PERIMETER_COINCIDE ( NGATE , NDIFF ) ) / 2 ) 
 AS = area ( S ) 
 AD = area ( D ) 
 PS = PERIMETER_OUTSIDE ( S , G ) 
 PD = PERIMETER_OUTSIDE ( D , G ) 
 M = 1 
 ];
LVS_CHECK_PROPERTY MN ( nmos3v3rvt ) W W -tolerance lvs_tolerance_MOS;
LVS_CHECK_PROPERTY MN ( nmos3v3rvt ) L L -tolerance lvs_tolerance_MOS;
DEVICE MN ( nmos3v3pix ) NMOS3V3PIX NGATE ( G ) NDIFF ( S ) NDIFF ( D ) ARRAYPW ( B ) -model nmos3v3pix [ 
 property W , L , AS , AD , PS , PD , M 
 W = ( PERIMETER_COINCIDE ( NGATE , NDIFF ) / 2 ) 
 L = ( ( PERIMETER ( NGATE ) - PERIMETER_COINCIDE ( NGATE , NDIFF ) ) / 2 ) 
 AS = area ( S ) 
 AD = area ( D ) 
 PS = PERIMETER_OUTSIDE ( S , G ) 
 PD = PERIMETER_OUTSIDE ( D , G ) 
 M = 1 
 ];
LVS_CHECK_PROPERTY MN ( nmos3v3pix ) W W -tolerance lvs_tolerance_MOS;
LVS_CHECK_PROPERTY MN ( nmos3v3pix ) L L -tolerance lvs_tolerance_MOS;
DEVICE nmos3v3tx NMOS3V3TX NGATE3V3TX ( G ) NDIFF ( D ) NDIFFTX ( S ) -model nmos3v3pix;
DEVICE MP ( pmos1v2hvt ) PMOS1V2HVT PGATE ( G ) PDIFF ( S ) PDIFF ( D ) NW1V2 ( B ) -model pmos1v2hvt [ 
 property W , L , AS , AD , PS , PD , M 
 W = ( PERIMETER_COINCIDE ( PGATE , PDIFF ) / 2 ) 
 L = ( ( PERIMETER ( PGATE ) - PERIMETER_COINCIDE ( PGATE , PDIFF ) ) / 2 ) 
 AS = area ( S ) 
 AD = area ( D ) 
 PS = PERIMETER_OUTSIDE ( S , G ) 
 PD = PERIMETER_OUTSIDE ( D , G ) 
 M = 1 
 ];
LVS_CHECK_PROPERTY MP ( pmos1v2hvt ) W W -tolerance lvs_tolerance_MOS;
LVS_CHECK_PROPERTY MP ( pmos1v2hvt ) L L -tolerance lvs_tolerance_MOS;
DEVICE MP ( pmos3v3rvt ) PMOS3V3RVT PGATE ( G ) PDIFF ( S ) PDIFF ( D ) NW3V3 ( B ) -model pmos3v3rvt [ 
 property W , L , AS , AD , PS , PD , M 
 W = ( PERIMETER_COINCIDE ( PGATE , PDIFF ) / 2 ) 
 L = ( ( PERIMETER ( PGATE ) - PERIMETER_COINCIDE ( PGATE , PDIFF ) ) / 2 ) 
 AS = area ( S ) 
 AD = area ( D ) 
 PS = PERIMETER_OUTSIDE ( S , G ) 
 PD = PERIMETER_OUTSIDE ( D , G ) 
 M = 1 
 ];
LVS_CHECK_PROPERTY MP ( pmos3v3rvt ) W W -tolerance lvs_tolerance_MOS;
LVS_CHECK_PROPERTY MP ( pmos3v3rvt ) L L -tolerance lvs_tolerance_MOS;
DEVICE ncap1v2hvt NCAP1V2HVT NGATE ( PLUS ) NDIFF ( MINUS ) PW1V2 ( B ) -model ncap1v2hvt -element X [ 
 property C , W , L , AS , AD , PS , PD , M 
 C = area ( NGATE ) * CA_NCAP1V2HVT 
 W = ( PERIMETER_COINCIDE ( NGATE , NDIFF ) / 2 ) 
 L = ( ( PERIMETER ( NGATE ) - PERIMETER_COINCIDE ( NGATE , NDIFF ) ) / 2 ) 
 AS = area ( NDIFF ) / 2 
 AD = area ( NDIFF ) / 2 
 PS = PERIMETER ( NDIFF ) / 2 
 PD = PERIMETER ( NDIFF ) / 2 
 M = 1 
 ];
LVS_CHECK_PROPERTY ncap1v2hvt W W -tolerance lvs_tolerance_MOSCAP;
LVS_CHECK_PROPERTY ncap1v2hvt L L -tolerance lvs_tolerance_MOSCAP;
DEVICE ncap3v3rvt NCAP3V3RVT NGATE ( PLUS ) NDIFF ( MINUS ) PW3V3 ( B ) -model ncap3v3rvt -element X [ 
 property C , W , L , AS , AD , PS , PD , M 
 C = area ( NGATE ) * CA_NCAP3V3RVT 
 W = ( PERIMETER_COINCIDE ( NGATE , NDIFF ) / 2 ) 
 L = ( ( PERIMETER ( NGATE ) - PERIMETER_COINCIDE ( NGATE , NDIFF ) ) / 2 ) 
 AS = area ( NDIFF ) / 2 
 AD = area ( NDIFF ) / 2 
 PS = PERIMETER ( NDIFF ) / 2 
 PD = PERIMETER ( NDIFF ) / 2 
 M = 1 
 ];
DEVICE ncap3v3rvt NCAP3V3RVT NGATE ( PLUS ) NDIFF ( MINUS ) ARRAYPW ( B ) -model ncap3v3rvt -element X [ 
 property C , W , L , AS , AD , PS , PD , M 
 C = area ( NGATE ) * CA_NCAP3V3RVT 
 W = ( PERIMETER_COINCIDE ( NGATE , NDIFF ) / 2 ) 
 L = ( ( PERIMETER ( NGATE ) - PERIMETER_COINCIDE ( NGATE , NDIFF ) ) / 2 ) 
 AS = area ( NDIFF ) / 2 
 AD = area ( NDIFF ) / 2 
 PS = PERIMETER ( NDIFF ) / 2 
 PD = PERIMETER ( NDIFF ) / 2 
 M = 1 
 ];
LVS_CHECK_PROPERTY ncap3v3rvt W W -tolerance lvs_tolerance_MOSCAP;
LVS_CHECK_PROPERTY ncap3v3rvt L L -tolerance lvs_tolerance_MOSCAP;
DEVICE pcap1v2hvt PCAP1V2HVT PDIFF ( PLUS ) PGATE ( MINUS ) NW1V2 ( B ) -model pcap1v2hvt -element X [ 
 property C , W , L , AS , AD , PS , PD , M 
 C = area ( PGATE ) * CA_PCAP1V2HVT 
 W = ( PERIMETER_COINCIDE ( PGATE , PDIFF ) / 2 ) 
 L = ( ( PERIMETER ( PGATE ) - PERIMETER_COINCIDE ( PGATE , PDIFF ) ) / 2 ) 
 AS = area ( PDIFF ) / 2 
 AD = area ( PDIFF ) / 2 
 PS = PERIMETER ( PDIFF ) / 2 
 PD = PERIMETER ( PDIFF ) / 2 
 M = 1 
 ];
LVS_CHECK_PROPERTY pcap1v2hvt W W -tolerance lvs_tolerance_MOSCAP;
LVS_CHECK_PROPERTY pcap1v2hvt L L -tolerance lvs_tolerance_MOSCAP;
DEVICE pcap3v3rvt PCAP3V3RVT PDIFF ( PLUS ) PGATE ( MINUS ) NW3V3 ( B ) -model pcap3v3rvt -element X [ 
 property C , W , L , AS , AD , PS , PD , M 
 C = area ( PGATE ) * CA_PCAP3V3RVT 
 W = ( PERIMETER_COINCIDE ( PGATE , PDIFF ) / 2 ) 
 L = ( ( PERIMETER ( PGATE ) - PERIMETER_COINCIDE ( PGATE , PDIFF ) ) / 2 ) 
 AS = area ( PDIFF ) / 2 
 AD = area ( PDIFF ) / 2 
 PS = PERIMETER ( PDIFF ) / 2 
 PD = PERIMETER ( PDIFF ) / 2 
 M = 1 
 ];
LVS_CHECK_PROPERTY pcap3v3rvt W W -tolerance lvs_tolerance_MOSCAP;
LVS_CHECK_PROPERTY pcap3v3rvt L L -tolerance lvs_tolerance_MOSCAP;
DEVICE R ( rnpolym ) RNPOLYMNW1V2 POLYG3 ( POS ) POLYG3 ( NEG ) NW1V2 ( SUB ) ( POS NEG ) -model rnpolym [ 
 property R , W , L 
 W = ( PERIMETER_COINCIDE ( RNPOLYMNW1V2 , POLYG3 ) / 2 ) 
 L = ( area ( RNPOLYMNW1V2 ) ) / W 
 R = ( RSH_RNPOLYM * ( L - DL_RNPOLYM ) + 2 * RHEAD_RNPOLYM ) / ( W - DW_RNPOLYM ) 
 M = 1 
 ];
DEVICE R ( rnpolym ) RNPOLYMPW1V2 POLYG3 ( POS ) POLYG3 ( NEG ) PW1V2 ( SUB ) ( POS NEG ) -model rnpolym [ 
 property R , W , L 
 W = ( PERIMETER_COINCIDE ( RNPOLYMPW1V2 , POLYG3 ) / 2 ) 
 L = ( area ( RNPOLYMPW1V2 ) ) / W 
 R = ( RSH_RNPOLYM * ( L - DL_RNPOLYM ) + 2 * RHEAD_RNPOLYM ) / ( W - DW_RNPOLYM ) 
 M = 1 
 ];
DEVICE R ( rnpolym ) RNPOLYMNW3V3 POLYG3 ( POS ) POLYG3 ( NEG ) NW3V3 ( SUB ) ( POS NEG ) -model rnpolym [ 
 property R , W , L 
 W = ( PERIMETER_COINCIDE ( RNPOLYMNW3V3 , POLYG3 ) / 2 ) 
 L = ( area ( RNPOLYMNW3V3 ) ) / W 
 R = ( RSH_RNPOLYM * ( L - DL_RNPOLYM ) + 2 * RHEAD_RNPOLYM ) / ( W - DW_RNPOLYM ) 
 M = 1 
 ];
DEVICE R ( rnpolym ) RNPOLYMPW3V3 POLYG3 ( POS ) POLYG3 ( NEG ) PW3V3 ( SUB ) ( POS NEG ) -model rnpolym [ 
 property R , W , L 
 W = ( PERIMETER_COINCIDE ( RNPOLYMPW3V3 , POLYG3 ) / 2 ) 
 L = ( area ( RNPOLYMPW3V3 ) ) / W 
 R = ( RSH_RNPOLYM * ( L - DL_RNPOLYM ) + 2 * RHEAD_RNPOLYM ) / ( W - DW_RNPOLYM ) 
 M = 1 
 ];
LVS_CHECK_PROPERTY R ( rnpolym ) L L -tolerance lvs_tolerance_POLYRES;
LVS_CHECK_PROPERTY R ( rnpolym ) W W -tolerance lvs_tolerance_POLYRES;
DEVICE R ( rnpolyh ) RNPOLYHNW1V2 POLYG3 ( POS ) POLYG3 ( NEG ) NW1V2 ( SUB ) ( POS NEG ) -model rnpolyh [ 
 property R , W , L 
 W = ( PERIMETER_COINCIDE ( RNPOLYHNW1V2 , POLYG3 ) / 2 ) 
 L = ( area ( RNPOLYHNW1V2 ) ) / W 
 R = ( RSH_RNPOLYH * ( L - DL_RNPOLYH ) + 2 * RHEAD_RNPOLYH ) / ( W - DW_RNPOLYH ) 
 M = 1 
 ];
DEVICE R ( rnpolyh ) RNPOLYHPW1V2 POLYG3 ( POS ) POLYG3 ( NEG ) PW1V2 ( SUB ) ( POS NEG ) -model rnpolyh [ 
 property R , W , L 
 W = ( PERIMETER_COINCIDE ( RNPOLYHPW1V2 , POLYG3 ) / 2 ) 
 L = ( area ( RNPOLYHPW1V2 ) ) / W 
 R = ( RSH_RNPOLYH * ( L - DL_RNPOLYH ) + 2 * RHEAD_RNPOLYH ) / ( W - DW_RNPOLYH ) 
 M = 1 
 ];
DEVICE R ( rnpolyh ) RNPOLYHNW3V3 POLYG3 ( POS ) POLYG3 ( NEG ) NW3V3 ( SUB ) ( POS NEG ) -model rnpolyh [ 
 property R , W , L 
 W = ( PERIMETER_COINCIDE ( RNPOLYHNW3V3 , POLYG3 ) / 2 ) 
 L = ( area ( RNPOLYHNW3V3 ) ) / W 
 R = ( RSH_RNPOLYH * ( L - DL_RNPOLYH ) + 2 * RHEAD_RNPOLYH ) / ( W - DW_RNPOLYH ) 
 M = 1 
 ];
DEVICE R ( rnpolyh ) RNPOLYHPW3V3 POLYG3 ( POS ) POLYG3 ( NEG ) PW3V3 ( SUB ) ( POS NEG ) -model rnpolyh [ 
 property R , W , L 
 W = ( PERIMETER_COINCIDE ( RNPOLYHPW3V3 , POLYG3 ) / 2 ) 
 L = ( area ( RNPOLYHPW3V3 ) ) / W 
 R = ( RSH_RNPOLYH * ( L - DL_RNPOLYH ) + 2 * RHEAD_RNPOLYH ) / ( W - DW_RNPOLYH ) 
 M = 1 
 ];
LVS_CHECK_PROPERTY R ( rnpolyh ) L L -tolerance lvs_tolerance_POLYRES;
LVS_CHECK_PROPERTY R ( rnpolyh ) W W -tolerance lvs_tolerance_POLYRES;
DEVICE R ( rppolym ) RPPOLYMNW1V2 POLYG3 ( POS ) POLYG3 ( NEG ) NW1V2 ( SUB ) ( POS NEG ) -model rppolym [ 
 property R , W , L 
 W = ( PERIMETER_COINCIDE ( RPPOLYMNW1V2 , POLYG3 ) / 2 ) 
 L = ( area ( RPPOLYMNW1V2 ) ) / W 
 R = ( RSH_RPPOLYM * ( L - DL_RPPOLYM ) + 2 * RHEAD_RPPOLYM ) / ( W - DW_RPPOLYM ) 
 M = 1 
 ];
DEVICE R ( rppolym ) RPPOLYMPW1V2 POLYG3 ( POS ) POLYG3 ( NEG ) PW1V2 ( SUB ) ( POS NEG ) -model rppolym [ 
 property R , W , L 
 W = ( PERIMETER_COINCIDE ( RPPOLYMPW1V2 , POLYG3 ) / 2 ) 
 L = ( area ( RPPOLYMPW1V2 ) ) / W 
 R = ( RSH_RPPOLYM * ( L - DL_RPPOLYM ) + 2 * RHEAD_RPPOLYM ) / ( W - DW_RPPOLYM ) 
 M = 1 
 ];
DEVICE R ( rppolym ) RPPOLYMNW3V3 POLYG3 ( POS ) POLYG3 ( NEG ) NW3V3 ( SUB ) ( POS NEG ) -model rppolym [ 
 property R , W , L 
 W = ( PERIMETER_COINCIDE ( RPPOLYMNW3V3 , POLYG3 ) / 2 ) 
 L = ( area ( RPPOLYMNW3V3 ) ) / W 
 R = ( RSH_RPPOLYM * ( L - DL_RPPOLYM ) + 2 * RHEAD_RPPOLYM ) / ( W - DW_RPPOLYM ) 
 M = 1 
 ];
DEVICE R ( rppolym ) RPPOLYMPW3V3 POLYG3 ( POS ) POLYG3 ( NEG ) PW3V3 ( SUB ) ( POS NEG ) -model rppolym [ 
 property R , W , L 
 W = ( PERIMETER_COINCIDE ( RPPOLYMPW3V3 , POLYG3 ) / 2 ) 
 L = ( area ( RPPOLYMPW3V3 ) ) / W 
 R = ( RSH_RPPOLYM * ( L - DL_RPPOLYM ) + 2 * RHEAD_RPPOLYM ) / ( W - DW_RPPOLYM ) 
 M = 1 
 ];
LVS_CHECK_PROPERTY R ( rppolym ) L L -tolerance lvs_tolerance_POLYRES;
LVS_CHECK_PROPERTY R ( rppolym ) W W -tolerance lvs_tolerance_POLYRES;
DEVICE D ( dnppw1v2 ) DNPPW1V2 PW1V2 ( POS ) NDIFF ( NEG ) -model dnppw1v2 [ 
 property A , P 
 A = area ( DNPPW1V2 ) 
 P = PERIMETER ( DNPPW1V2 ) 
 ];
LVS_CHECK_PROPERTY D ( dnppw1v2 ) A A -tolerance lvs_tolerance_DIO;
LVS_CHECK_PROPERTY D ( dnppw1v2 ) P P -tolerance lvs_tolerance_DIO;
DEVICE D ( dnppw1v2esd ) DNPPW1V2ESD PW1V2 ( POS ) NDIFF ( NEG ) -model dnppw1v2 [ 
 property A , P 
 A = area ( DNPPW1V2ESD ) 
 P = PERIMETER ( DNPPW1V2ESD ) 
 ];
LVS_CHECK_PROPERTY D ( dnppw1v2esd ) A A -tolerance lvs_tolerance_DIO;
LVS_CHECK_PROPERTY D ( dnppw1v2esd ) P P -tolerance lvs_tolerance_DIO;
DEVICE D ( dnppw3v3 ) DNPPW3V3 PW3V3 ( POS ) NDIFF ( NEG ) -model dnppw3v3 [ 
 property A , P 
 A = area ( DNPPW3V3 ) 
 P = PERIMETER ( DNPPW3V3 ) 
 ];
LVS_CHECK_PROPERTY D ( dnppw3v3 ) A A -tolerance lvs_tolerance_DIO;
LVS_CHECK_PROPERTY D ( dnppw3v3 ) P P -tolerance lvs_tolerance_DIO;
DEVICE D ( dnppw3v3esd ) DNPPW3V3ESD PW3V3 ( POS ) NDIFF ( NEG ) -model dnppw3v3 [ 
 property A , P 
 A = area ( DNPPW3V3ESD ) 
 P = PERIMETER ( DNPPW3V3ESD ) 
 ];
LVS_CHECK_PROPERTY D ( dnppw3v3esd ) A A -tolerance lvs_tolerance_DIO;
LVS_CHECK_PROPERTY D ( dnppw3v3esd ) P P -tolerance lvs_tolerance_DIO;
DEVICE D ( dppnw1v2 ) DPPNW1V2 PDIFF ( POS ) NW1V2 ( NEG ) -model dppnw1v2 [ 
 property A , P 
 A = area ( DPPNW1V2 ) 
 P = PERIMETER ( DPPNW1V2 ) 
 ];
LVS_CHECK_PROPERTY D ( dppnw1v2 ) A A -tolerance lvs_tolerance_DIO;
LVS_CHECK_PROPERTY D ( dppnw1v2 ) P P -tolerance lvs_tolerance_DIO;
DEVICE D ( dppnw1v2esd ) DPPNW1V2ESD PDIFF ( POS ) NW1V2 ( NEG ) -model dppnw1v2 [ 
 property A , P 
 A = area ( DPPNW1V2ESD ) 
 P = PERIMETER ( DPPNW1V2ESD ) 
 ];
LVS_CHECK_PROPERTY D ( dppnw1v2esd ) A A -tolerance lvs_tolerance_DIO;
LVS_CHECK_PROPERTY D ( dppnw1v2esd ) P P -tolerance lvs_tolerance_DIO;
DEVICE D ( dppnw3v3 ) DPPNW3V3 PDIFF ( POS ) NW3V3 ( NEG ) -model dppnw3v3 [ 
 property A , P 
 A = area ( DPPNW3V3 ) 
 P = PERIMETER ( DPPNW3V3 ) 
 ];
LVS_CHECK_PROPERTY D ( dppnw3v3 ) A A -tolerance lvs_tolerance_DIO;
LVS_CHECK_PROPERTY D ( dppnw3v3 ) P P -tolerance lvs_tolerance_DIO;
DEVICE D ( dppnw3v3esd ) DPPNW3V3ESD PDIFF ( POS ) NW3V3 ( NEG ) -model dppnw3v3 [ 
 property A , P 
 A = area ( DPPNW3V3ESD ) 
 P = PERIMETER ( DPPNW3V3ESD ) 
 ];
LVS_CHECK_PROPERTY D ( dppnw3v3esd ) A A -tolerance lvs_tolerance_DIO;
LVS_CHECK_PROPERTY D ( dppnw3v3esd ) P P -tolerance lvs_tolerance_DIO;
DEVICE D ( ddnwsub ) DDNWSUB PSUB ( POS ) DNW ( NEG ) -model ddnwsub [ 
 property A , P 
 A = area ( DDNWSUB ) 
 P = PERIMETER ( DDNWSUB ) 
 ];
LVS_CHECK_PROPERTY D ( ddnwsub ) A A -tolerance lvs_tolerance_DIO;
LVS_CHECK_PROPERTY D ( ddnwsub ) P P -tolerance lvs_tolerance_DIO;
DEVICE D ( dpw1v2dnw ) DPW1V2DNW PW1V2 ( POS ) DNW ( NEG ) -model dpw1v2dnw [ 
 property A , P 
 A = area ( DPW1V2DNW ) 
 P = PERIMETER ( DPW1V2DNW ) 
 ];
LVS_CHECK_PROPERTY D ( dpw1v2dnw ) A A -tolerance lvs_tolerance_DIO;
LVS_CHECK_PROPERTY D ( dpw1v2dnw ) P P -tolerance lvs_tolerance_DIO;
DEVICE D ( dpw3v3dnw ) DPW3V3DNW PW3V3 ( POS ) DNW ( NEG ) -model dpw3v3dnw [ 
 property A , P 
 A = area ( DPW3V3DNW ) 
 P = PERIMETER ( DPW3V3DNW ) 
 ];
LVS_CHECK_PROPERTY D ( dpw3v3dnw ) A A -tolerance lvs_tolerance_DIO;
LVS_CHECK_PROPERTY D ( dpw3v3dnw ) P P -tolerance lvs_tolerance_DIO;
DEVICE dpv DPV PSUB ( PLUS ) NDIFFTX ( MINUS ) -model dpv;
DEVICE Q ( pnp5ux5u ) PNP5UX5U PW1V2 ( C ) PNPBASE ( B ) PNPEMIT5UX5U ( E ) -model pnp5ux5u [ 
 property AE , M 
 AE = 2.5e-11 
 M = 1 
 ];
LVS_CHECK_PROPERTY Q ( pnp5ux5u ) AE AE -tolerance lvs_tolerance_BJT;
NOT NVAR1V2HVT DNW -outputlayer NVAR1V2HVTNOISO;
AND NVAR1V2HVT DNW -outputlayer NVAR1V2HVTISO;
DEVICE nvar1v2hvt NVAR1V2HVTNOISO NGATE ( PLUS ) NTAP ( MINUS ) PSUB ( B ) -model nvar1v2hvt -element X < VARMARKER > [ 
 property WF , LF , NF , NG , M 
 NG = COUNT ( VARMARKER ) 
 NF = COUNT ( NGATE ) / NG 
 WF = ( PERIMETER_COINCIDE ( NGATE , NTAP ) / 2 ) / ( NF * NG ) 
 LF = ( ( PERIMETER ( NGATE ) - PERIMETER_COINCIDE ( NGATE , NTAP ) ) / 2 ) / ( NF * NG ) 
 M = 1 
 ];
DEVICE nvar1v2hvt NVAR1V2HVTISO NGATE ( PLUS ) NTAP ( MINUS ) PSUBISO ( B ) -model nvar1v2hvt -element X < VARMARKER > [ 
 property WF , LF , NF , NG , M 
 NG = COUNT ( VARMARKER ) 
 NF = COUNT ( NGATE ) / NG 
 WF = ( PERIMETER_COINCIDE ( NGATE , NTAP ) / 2 ) / ( NF * NG ) 
 LF = ( ( PERIMETER ( NGATE ) - PERIMETER_COINCIDE ( NGATE , NTAP ) ) / 2 ) / ( NF * NG ) 
 M = 1 
 ];
LVS_CHECK_PROPERTY nvar1v2hvt wf wf -tolerance lvs_tolerance_MOSVAR;
LVS_CHECK_PROPERTY nvar1v2hvt lf lf -tolerance lvs_tolerance_MOSVAR;
LVS_CHECK_PROPERTY nvar1v2hvt nf nf -tolerance 0;
LVS_CHECK_PROPERTY nvar1v2hvt ng ng -tolerance 0;
LVS_CHECK_PROPERTY nvar1v2hvt m m -tolerance 0;
NOT NVAR3V3RVT DNW -outputlayer NVAR3V3RVTNOISO;
AND NVAR3V3RVT DNW -outputlayer NVAR3V3RVTISO;
DEVICE nvar3v3rvt NVAR3V3RVTNOISO NGATE ( PLUS ) NTAP ( MINUS ) PSUB ( B ) -model nvar3v3rvt -element X < VARMARKER > [ 
 property WF , LF , NF , NG , M 
 NG = COUNT ( VARMARKER ) 
 NF = COUNT ( NGATE ) / NG 
 WF = ( PERIMETER_COINCIDE ( NGATE , NTAP ) / 2 ) / ( NF * NG ) 
 LF = ( ( PERIMETER ( NGATE ) - PERIMETER_COINCIDE ( NGATE , NTAP ) ) / 2 ) / ( NF * NG ) 
 M = 1 
 ];
DEVICE nvar3v3rvt NVAR3V3RVTISO NGATE ( PLUS ) NTAP ( MINUS ) PSUBISO ( B ) -model nvar3v3rvt -element X < VARMARKER > [ 
 property WF , LF , NF , NG , M 
 NG = COUNT ( VARMARKER ) 
 NF = COUNT ( NGATE ) / NG 
 WF = ( PERIMETER_COINCIDE ( NGATE , NTAP ) / 2 ) / ( NF * NG ) 
 LF = ( ( PERIMETER ( NGATE ) - PERIMETER_COINCIDE ( NGATE , NTAP ) ) / 2 ) / ( NF * NG ) 
 M = 1 
 ];
LVS_CHECK_PROPERTY nvar3v3rvt wf wf -tolerance lvs_tolerance_MOSVAR;
LVS_CHECK_PROPERTY nvar3v3rvt lf lf -tolerance lvs_tolerance_MOSVAR;
LVS_CHECK_PROPERTY nvar3v3rvt nf nf -tolerance 0;
LVS_CHECK_PROPERTY nvar3v3rvt ng ng -tolerance 0;
LVS_CHECK_PROPERTY nvar3v3rvt m m -tolerance 0;
AND PROBEmark METALF -outputlayer PROBE_REC;
DEVICE probe PROBE_REC METALFa ( PROBEIN ) -model probe -element X < PROBEmark > [ 
 property A 
 A = area ( PROBE_REC ) 
 ];
LVS_CHECK_PROPERTY probe A A -tolerance 0;

########################################################################
checkout license ...
########################################################################
This mode requires 1 primary license.
Checking out SoftShare license Phys_Ver_Sys_LVS_XL 24.1 Qty: 1 ... failed.

ERROR (LMF-03005): License call failed for feature Phys_Ver_Sys_LVS_XL, version 24.100 and quantity 1. The license server search path is defined as 3000@lic08.ug.kth.se:29000@lic06.ug.kth.se. The FLEXnet error message is as follows,
    FLEXnet ERROR(-5, 0, 0): No such feature exists.

Run 'lic_error LMF-03005' for more information.
Unable to queue for a license on the license server.
License checkout failed.

########################################################################
checkout Pegasus license ...
########################################################################
Checking out SoftShare license Pegasus_LVS 24.1 Qty: 1 ... succeeded (1s).
Checking out SoftShare license Pegasus_16nm 24.1 Qty: 1 ... succeeded (1s).




########################################################################
Optimizing Rules ...
########################################################################
[WARN] Neither hcell nor -automatch option is specified.
Layer 'PROBEmark' and 'SCL' have the same mask number 11720.
Layer 'BSMET_pin_txt' and 'BSMETpin' have the same mask number 11822.
Operation 'SELECT -label' at line 31 in file /opt/pdk/lf11/PDK_LF11ISi_V1_3_2/pv/pvs/6metal/lvs/metal_booleans.lvs is not selected for executing, remove it.
Operation 'AND' at line 32 in file /opt/pdk/lf11/PDK_LF11ISi_V1_3_2/pv/pvs/6metal/lvs/metal_booleans.lvs is not selected for executing, remove it.
Operation 'AND' at line 33 in file /opt/pdk/lf11/PDK_LF11ISi_V1_3_2/pv/pvs/6metal/lvs/metal_booleans.lvs is not selected for executing, remove it.
Operation 'SELECT -inside' at line 34 in file /opt/pdk/lf11/PDK_LF11ISi_V1_3_2/pv/pvs/6metal/lvs/metal_booleans.lvs is not selected for executing, remove it.
Operation 'SELECT -enclose' at line 34 in file /opt/pdk/lf11/PDK_LF11ISi_V1_3_2/pv/pvs/6metal/lvs/metal_booleans.lvs is not selected for executing, remove it.
Operation 'CAT' at line 139 in file /opt/pdk/lf11/PDK_LF11ISi_V1_3_2/pv/pvs/common/./lvs/pvs.lvs is not selected for executing, remove it.
Operation 'CAT' at line 140 in file /opt/pdk/lf11/PDK_LF11ISi_V1_3_2/pv/pvs/common/./lvs/pvs.lvs is not selected for executing, remove it.
Operation 'NOT' at line 141 in file /opt/pdk/lf11/PDK_LF11ISi_V1_3_2/pv/pvs/common/./lvs/pvs.lvs is not selected for executing, remove it.
Operation 'CAT' at line 142 in file /opt/pdk/lf11/PDK_LF11ISi_V1_3_2/pv/pvs/common/./lvs/pvs.lvs is not selected for executing, remove it.
Operation 'CAT' at line 143 in file /opt/pdk/lf11/PDK_LF11ISi_V1_3_2/pv/pvs/common/./lvs/pvs.lvs is not selected for executing, remove it.
Operation 'NOT' at line 144 in file /opt/pdk/lf11/PDK_LF11ISi_V1_3_2/pv/pvs/common/./lvs/pvs.lvs is not selected for executing, remove it.
Operation 'CAT' at line 147 in file /opt/pdk/lf11/PDK_LF11ISi_V1_3_2/pv/pvs/common/./lvs/pvs.lvs is not selected for executing, remove it.
Operation 'CAT' at line 148 in file /opt/pdk/lf11/PDK_LF11ISi_V1_3_2/pv/pvs/common/./lvs/pvs.lvs is not selected for executing, remove it.
Operation 'AND' at line 154 in file /opt/pdk/lf11/PDK_LF11ISi_V1_3_2/pv/pvs/common/./lvs/pvs.lvs is not selected for executing, remove it.
Operation 'AND' at line 167 in file /opt/pdk/lf11/PDK_LF11ISi_V1_3_2/pv/pvs/common/./lvs/pvs.lvs is not selected for executing, remove it.
Operation 'AND' at line 187 in file /opt/pdk/lf11/PDK_LF11ISi_V1_3_2/pv/pvs/common/./lvs/pvs.lvs is not selected for executing, remove it.
Operation 'NOT' at line 192 in file /opt/pdk/lf11/PDK_LF11ISi_V1_3_2/pv/pvs/common/./lvs/pvs.lvs is not selected for executing, remove it.
Operation 'NOT' at line 194 in file /opt/pdk/lf11/PDK_LF11ISi_V1_3_2/pv/pvs/common/./lvs/pvs.lvs is not selected for executing, remove it.
Operation 'AND' at line 196 in file /opt/pdk/lf11/PDK_LF11ISi_V1_3_2/pv/pvs/common/./lvs/pvs.lvs is not selected for executing, remove it.
Operation 'AND' at line 200 in file /opt/pdk/lf11/PDK_LF11ISi_V1_3_2/pv/pvs/common/./lvs/pvs.lvs is not selected for executing, remove it.
Operation 'NOT' at line 201 in file /opt/pdk/lf11/PDK_LF11ISi_V1_3_2/pv/pvs/common/./lvs/pvs.lvs is not selected for executing, remove it.
Operation 'SELECT -inside' at line 234 in file /opt/pdk/lf11/PDK_LF11ISi_V1_3_2/pv/pvs/common/./lvs/pvs.lvs is not selected for executing, remove it.
Operation 'OR' at line 235 in file /opt/pdk/lf11/PDK_LF11ISi_V1_3_2/pv/pvs/common/./lvs/pvs.lvs is not selected for executing, remove it.
Operation 'SELECT -enclose' at line 322 in file /opt/pdk/lf11/PDK_LF11ISi_V1_3_2/pv/pvs/common/./lvs/pvs.lvs is not selected for executing, remove it.
Operation 'SELECT -interact' at line 383 in file /opt/pdk/lf11/PDK_LF11ISi_V1_3_2/pv/pvs/common/./lvs/pvs.lvs is not selected for executing, remove it.
Time: cpu=0.07/0.07  real=0.13/0.13  Memory: 8.27/8.30/11.61  peak=11.61


########################################################################
Loading Layout Data ...
########################################################################
Parsing Layer Mapping File REF_GEN_fL_2.lmap ...

GDSII Input Summary

Date: Tue Aug  4 13:22:35 2026
GDSII file: /home/saul/projects/LF_BG/pvsRunLVS/REF_GEN/REF_GEN_fL_2/REF_GEN_fL_2.gds
GDSII size: 1896448
GDSII version: 5.0
GDSII library name: REF_GEN
Last Modified: 10:41:34 8/3/2026
Last Accessed: 13:22:30 8/4/2026
data base unit in user units    : 0.001
physical size of data base unit : 1e-09
magnification: 1

loading cell M1_M2_CDNS_785849750460 ...
loading cell M1_M2_CDNS_785849750461 ...
loading cell M1_M2_CDNS_785849750462 ...
loading cell M2_M3_CDNS_785849750463 ...
loading cell M2_M3_CDNS_785849750464 ...
loading cell M2_M3_CDNS_785849750465 ...
loading cell M1_M2_CDNS_785849750466 ...
loading cell M1_M2_CDNS_785849750467 ...
loading cell M2_M3_CDNS_785849750468 ...
loading cell M1_M2_CDNS_785849750469 ...
loading cell M2_M3_CDNS_7858497504610 ...
loading cell M2_M3_CDNS_7858497504611 ...
loading cell M2_M3_CDNS_7858497504612 ...
loading cell M2_M3_CDNS_7858497504613 ...
loading cell M1_M2_CDNS_7858497504614 ...
loading cell M2_M3_CDNS_7858497504615 ...
loading cell M1_M2_CDNS_7858497504616 ...
loading cell M1_M2_CDNS_7858497504617 ...
loading cell M2_M3_CDNS_7858497504618 ...
loading cell M1_M2_CDNS_7858497504619 ...
loading cell M1_M2_CDNS_7858497504620 ...
loading cell M2_M3_CDNS_7858497504621 ...
loading cell M1_M2_CDNS_7858497504622 ...
loading cell M2_M3_CDNS_7858497504623 ...
loading cell M1_M2_CDNS_7858497504624 ...
loading cell M2_M3_CDNS_7858497504625 ...
loading cell M2_M3_CDNS_7858497504626 ...
loading cell M2_M3_CDNS_7858497504627 ...
loading cell M1_M2_CDNS_7858497504628 ...
loading cell M1_M2_CDNS_7858497504629 ...
loading cell M2_M3_CDNS_7858497504630 ...
loading cell PG_M1_CDNS_7858497504631 ...
loading cell M1_M2_CDNS_7858497504632 ...
loading cell M1_M2_CDNS_7858497504633 ...
loading cell M2_M3_CDNS_7858497504634 ...
loading cell M1_M2_CDNS_7858497504635 ...
loading cell M2_M3_CDNS_7858497504636 ...
loading cell M2_M3_CDNS_7858497504637 ...
loading cell Contact_CDNS_785849750461 ...
loading cell Contact_CDNS_785849750462 ...
loading cell Contact_CDNS_785849750463 ...
loading cell AbutContact_CDNS_785849750464 ...
loading cell nmos1v2hvt_4_CDNS_785849750460 ...
loading cell AbutContact_CDNS_785849750466 ...
loading cell Contact_CDNS_785849750467 ...
loading cell nmos1v2hvt_4_CDNS_785849750465 ...
loading cell Contact_CDNS_785849750469 ...
loading cell AbutContact_CDNS_7858497504610 ...
loading cell nmos1v2hvt_4_CDNS_785849750468 ...
loading cell Contact_CDNS_7858497504612 ...
loading cell AbutContact_CDNS_7858497504613 ...
loading cell pmos1v2hvt_4_CDNS_7858497504611 ...
loading cell AbutContact_CDNS_7858497504615 ...
loading cell pmos1v2hvt_4_CDNS_7858497504614 ...
loading cell nmos1v2hvt_4_CDNS_7858497504616 ...
loading cell Contact_CDNS_7858497504618 ...
loading cell pmos1v2hvt_4_CDNS_7858497504617 ...
loading cell AbutContact_CDNS_7858497504620 ...
loading cell nmos1v2hvt_4_CDNS_7858497504619 ...
loading cell AbutContact_CDNS_7858497504622 ...
loading cell pmos1v2hvt_4_CDNS_7858497504621 ...
loading cell Contact_CDNS_7858497504624 ...
loading cell Contact_CDNS_7858497504625 ...
loading cell ncap1v2hvt_CDNS_7858497504623 ...
loading cell Contact_CDNS_7858497504627 ...
loading cell rnpolym_CDNS_7858497504626 ...
loading cell pmos1v2hvt_4_CDNS_7858497504628 ...
loading cell Contact_CDNS_7858497504630 ...
loading cell AbutContact_CDNS_7858497504631 ...
loading cell pmos1v2hvt_4_CDNS_7858497504629 ...
loading cell CONSTANT_GM_2_fL ...
loading cell M1_M2_CDNS_7858497504638 ...
loading cell M1_M2_CDNS_7858497504639 ...
loading cell M1_M2_CDNS_7858497504640 ...
loading cell M1_M2_CDNS_7858497504641 ...
loading cell M1_M2_CDNS_7858497504642 ...
loading cell M2_M3_CDNS_7858497504643 ...
loading cell M1_M2_CDNS_7858497504644 ...
loading cell PG_M1_CDNS_7858497504645 ...
loading cell M2_M3_CDNS_7858497504646 ...
loading cell M2_M3_CDNS_7858497504647 ...
loading cell M2_M3_CDNS_7858497504648 ...
loading cell M1_M2_CDNS_7858497504649 ...
loading cell PG_M1_CDNS_7858497504650 ...
loading cell M2_M3_CDNS_7858497504651 ...
loading cell M2_M3_CDNS_7858497504652 ...
loading cell M1_M2_CDNS_7858497504653 ...
loading cell M1_M2_CDNS_7858497504654 ...
loading cell M1_M2_CDNS_7858497504655 ...
loading cell M1_M2_CDNS_7858497504656 ...
loading cell M2_M3_CDNS_7858497504657 ...
loading cell M1_M2_CDNS_7858497504658 ...
loading cell M2_M3_CDNS_7858497504659 ...
loading cell M1_M2_CDNS_7858497504660 ...
loading cell M1_M2_CDNS_7858497504661 ...
loading cell M2_M3_CDNS_7858497504662 ...
loading cell M2_M3_CDNS_7858497504663 ...
loading cell M1_M2_CDNS_7858497504664 ...
loading cell M2_M3_CDNS_7858497504665 ...
loading cell M1_M2_CDNS_7858497504666 ...
loading cell M2_M3_CDNS_7858497504667 ...
loading cell M5_MF_CDNS_7858497504668 ...
loading cell M4_M5_CDNS_7858497504669 ...
loading cell M3_M4_CDNS_7858497504670 ...
loading cell M2_M3_CDNS_7858497504671 ...
loading cell M5_MF_CDNS_7858497504672 ...
loading cell M4_M5_CDNS_7858497504673 ...
loading cell M3_M4_CDNS_7858497504674 ...
loading cell M4_M5_CDNS_7858497504675 ...
loading cell M3_M4_CDNS_7858497504676 ...
loading cell M2_M3_CDNS_7858497504677 ...
loading cell M1_M2_CDNS_7858497504678 ...
loading cell M1_M2_CDNS_7858497504679 ...
loading cell cmims_CDNS_7858497504632 ...
loading cell AbutContact_CDNS_7858497504634 ...
loading cell pmos1v2hvt_4_CDNS_7858497504633 ...
loading cell rnpolyh_CDNS_7858497504635 ...
loading cell Contact_CDNS_7858497504637 ...
loading cell nmos1v2hvt_4_CDNS_7858497504636 ...
loading cell mux8_1_fL ...
loading cell rnpolyh_CDNS_7858497504638 ...
loading cell M2_M3_CDNS_7858497504680 ...
loading cell M1_M2_CDNS_7858497504681 ...
loading cell PG_M1_CDNS_7858497504682 ...
loading cell Contact_CDNS_7858497504640 ...
loading cell Contact_CDNS_7858497504641 ...
loading cell Contact_CDNS_7858497504642 ...
loading cell AbutContact_CDNS_7858497504643 ...
loading cell pmos1v2hvt_4_CDNS_7858497504639 ...
loading cell Contact_CDNS_7858497504645 ...
loading cell AbutContact_CDNS_7858497504646 ...
loading cell nmos1v2hvt_4_CDNS_7858497504644 ...
loading cell Contact_CDNS_7858497504648 ...
loading cell nmos1v2hvt_4_CDNS_7858497504647 ...
loading cell Contact_CDNS_7858497504650 ...
loading cell Contact_CDNS_7858497504651 ...
loading cell AbutContact_CDNS_7858497504652 ...
loading cell nmos1v2hvt_4_CDNS_7858497504649 ...
loading cell Contact_CDNS_7858497504654 ...
loading cell pmos1v2hvt_4_CDNS_7858497504653 ...
loading cell AbutContact_CDNS_7858497504656 ...
loading cell pmos1v2hvt_4_CDNS_7858497504655 ...
loading cell Contact_CDNS_7858497504658 ...
loading cell AbutContact_CDNS_7858497504659 ...
loading cell pmos1v2hvt_4_CDNS_7858497504657 ...
loading cell pmos1v2hvt_4_CDNS_7858497504660 ...
loading cell pmos1v2hvt_4_CDNS_7858497504661 ...
loading cell Contact_CDNS_7858497504663 ...
loading cell Contact_CDNS_7858497504664 ...
loading cell AbutContact_CDNS_7858497504665 ...
loading cell nmos1v2hvt_4_CDNS_7858497504662 ...
loading cell BG_STARTUP_fL2 ...
loading cell AbutContact_CDNS_7858497504667 ...
loading cell nmos1v2hvt_4_CDNS_7858497504666 ...
loading cell rnpolyh_CDNS_7858497504668 ...
loading cell rnpolyh_CDNS_7858497504669 ...
loading cell rnpolyh_CDNS_7858497504670 ...
loading cell rnpolyh_CDNS_7858497504671 ...
loading cell trim_res_bg_2_fL ...
loading cell rnpolyh_CDNS_7858497504672 ...
loading cell trim_res_bg_sl_fL ...
loading cell Contact_CDNS_7858497504674 ...
loading cell pmos1v2hvt_4_CDNS_7858497504673 ...
loading cell Contact_CDNS_7858497504676 ...
loading cell pmos1v2hvt_4_CDNS_7858497504675 ...
loading cell Contact_CDNS_7858497504678 ...
loading cell pmos1v2hvt_4_CDNS_7858497504677 ...
loading cell Contact_CDNS_7858497504680 ...
loading cell Contact_CDNS_7858497504681 ...
loading cell AbutContact_CDNS_7858497504682 ...
loading cell pmos1v2hvt_4_CDNS_7858497504679 ...
loading cell Contact_CDNS_7858497504684 ...
loading cell nmos1v2hvt_4_CDNS_7858497504683 ...
loading cell Contact_CDNS_7858497504686 ...
loading cell AbutContact_CDNS_7858497504687 ...
loading cell pmos1v2hvt_4_CDNS_7858497504685 ...
loading cell Contact_CDNS_7858497504689 ...
loading cell Contact_CDNS_7858497504690 ...
loading cell nmos1v2hvt_4_CDNS_7858497504688 ...
loading cell Contact_CDNS_7858497504692 ...
loading cell Contact_CDNS_7858497504693 ...
loading cell Contact_CDNS_7858497504694 ...
loading cell AbutContact_CDNS_7858497504695 ...
loading cell AbutContact_CDNS_7858497504696 ...
loading cell AbutContact_CDNS_7858497504697 ...
loading cell AbutContact_CDNS_7858497504698 ...
loading cell Contact_CDNS_7858497504699 ...
loading cell pnp5ux5u_CDNS_7858497504691 ...
loading cell pnp5ux5u_CDNS_78584975046100 ...
loading cell pnp5ux5u_CDNS_78584975046101 ...
loading cell BG_PNP_array ...
loading cell Contact_CDNS_78584975046103 ...
loading cell pmos1v2hvt_4_CDNS_78584975046102 ...
loading cell BG_TRIM_4_fL ...
loading cell LS ...
loading cell LS2 ...
loading cell LS3 ...
loading cell Tsw ...
loading cell M1_M2_CDNS_7858497504683 ...
loading cell NO2 ...
loading cell Contact_CDNS_78584975046105 ...
loading cell pmos1v2hvt_4_CDNS_78584975046104 ...
loading cell IN ...
loading cell nmos1v2hvt_4_CDNS_78584975046106 ...
loading cell pmos1v2hvt_4_CDNS_78584975046107 ...
loading cell nmos1v2hvt_4_CDNS_78584975046108 ...
loading cell NA3 ...
loading cell pmos1v2hvt_4_CDNS_78584975046109 ...
loading cell pmos1v2hvt_4_CDNS_78584975046110 ...
loading cell nmos1v2hvt_4_CDNS_78584975046111 ...
loading cell 3to8DeMuxSel ...
loading cell M1_M2_CDNS_7858497504684 ...
loading cell M1_M2_CDNS_7858497504685 ...
loading cell M1_M2_CDNS_7858497504686 ...
loading cell M1_M2_CDNS_7858497504687 ...
loading cell pmos1v2hvt_4_CDNS_78584975046112 ...
loading cell pmos1v2hvt_4_CDNS_78584975046113 ...
loading cell nmos1v2hvt_4_CDNS_78584975046114 ...
loading cell nmos1v2hvt_4_CDNS_78584975046115 ...
loading cell mux2_1_fL ...
loading cell M2_M3_CDNS_7858497504688 ...
loading cell M2_M3_CDNS_7858497504689 ...
loading cell M1_M2_CDNS_7858497504690 ...
loading cell M2_M3_CDNS_7858497504691 ...
loading cell M1_M2_CDNS_7858497504692 ...
loading cell M1_M2_CDNS_7858497504693 ...
loading cell M1_M2_CDNS_7858497504694 ...
loading cell pmos1v2hvt_4_CDNS_78584975046116 ...
loading cell pmos1v2hvt_4_CDNS_78584975046117 ...
loading cell rnpolym_CDNS_78584975046118 ...
loading cell rnpolym_CDNS_78584975046119 ...
loading cell rnpolym_CDNS_78584975046120 ...
loading cell rnpolym_CDNS_78584975046121 ...
loading cell rnpolym_CDNS_78584975046122 ...
loading cell pmos1v2hvt_4_CDNS_78584975046123 ...
loading cell mux8_1p_fL ...
loading cell rnpolym_CDNS_78584975046124 ...
loading cell trim_res_rnpolyn_2_fL ...
loading cell trim_res_array_rn_2_fL ...
loading cell pmos1v2hvt_4_CDNS_78584975046125 ...
loading cell IN2 ...
loading cell inv8_fL ...
loading cell Contact_CDNS_78584975046127 ...
loading cell Contact_CDNS_78584975046128 ...
loading cell pmos1v2hvt_4_CDNS_78584975046126 ...
loading cell rnpolym_CDNS_78584975046129 ...
loading cell nmos1v2hvt_4_CDNS_78584975046130 ...
loading cell Contact_CDNS_78584975046132 ...
loading cell Contact_CDNS_78584975046133 ...
loading cell nmos1v2hvt_4_CDNS_78584975046131 ...
loading cell pmos1v2hvt_4_CDNS_78584975046134 ...
loading cell Contact_CDNS_78584975046136 ...
loading cell AbutContact_CDNS_78584975046137 ...
loading cell nmos1v2hvt_4_CDNS_78584975046135 ...
loading cell rnpolym_CDNS_78584975046138 ...
loading cell Contact_CDNS_78584975046140 ...
loading cell AbutContact_CDNS_78584975046141 ...
loading cell pmos1v2hvt_4_CDNS_78584975046139 ...
loading cell Contact_CDNS_78584975046143 ...
loading cell pmos1v2hvt_4_CDNS_78584975046142 ...
loading cell Contact_CDNS_78584975046145 ...
loading cell pmos1v2hvt_4_CDNS_78584975046144 ...
loading cell REF_V5_fLC ...
loading cell LS1 ...
loading cell RectC_CDNS_78584975046148 ...
loading cell ArrayInstContact_CDNS_78584975046147 ...
loading cell dnppw1v2_CDNS_78584975046146 ...
loading cell REF_GEN_fL_2 ...
Time: cpu=0.02/0.09  real=0.02/0.15  Memory: 20.36/20.50/21.51  peak=21.51


Cell Summary:
----------------------------------------------------------------------------
    CELL                                    INSTANCE    GEOMETRY      LABELS        HREF        FREF
----------------------------------------------------------------------------
M1_M2_CDNS_785849750460                            0         380           0           1           1
M1_M2_CDNS_785849750461                            0         122           0           1           1
M1_M2_CDNS_785849750462                            0        1202           0           1           1
M2_M3_CDNS_785849750463                            0           4           0          50          50
M2_M3_CDNS_785849750464                            0           4           0          61          61
M2_M3_CDNS_785849750465                            0           4           0          54          54
M1_M2_CDNS_785849750466                            0         302           0           1           1
M1_M2_CDNS_785849750467                            0           4           0         157         197
M2_M3_CDNS_785849750468                            0          14           0           4           4
M1_M2_CDNS_785849750469                            0           4           0          14          14
M2_M3_CDNS_7858497504610                           0           4           0           9           9
M2_M3_CDNS_7858497504611                           0           4           0           1           1
M2_M3_CDNS_7858497504612                           0           6           0           8           8
M2_M3_CDNS_7858497504613                           0           6           0          13          13
M1_M2_CDNS_7858497504614                           0           6           0          82         133
M2_M3_CDNS_7858497504615                           0           6           0          14          38
M1_M2_CDNS_7858497504616                           0           6           0          51          51
M1_M2_CDNS_7858497504617                           0           6           0           5           5
M2_M3_CDNS_7858497504618                           0           8           0         276         276
M1_M2_CDNS_7858497504619                           0           5           0          10          10
M1_M2_CDNS_7858497504620                           0           5           0          46          46
M2_M3_CDNS_7858497504621                           0          18           0           8           8
M1_M2_CDNS_7858497504622                           0          14           0           3           3
M2_M3_CDNS_7858497504623                           0          11           0           6           6
M1_M2_CDNS_7858497504624                           0          11           0           7           7
M2_M3_CDNS_7858497504625                           0           5           0          16          16
M2_M3_CDNS_7858497504626                           0           5           0           7           7
M2_M3_CDNS_7858497504627                           0          26           0           1           1
M1_M2_CDNS_7858497504628                           0          82           0           2           2
M1_M2_CDNS_7858497504629                           0          10           0           3           3
M2_M3_CDNS_7858497504630                           0          10           0           3           3
PG_M1_CDNS_7858497504631                           0           6           0          22          22
M1_M2_CDNS_7858497504632                           0           8           0           4          10
M1_M2_CDNS_7858497504633                           0           8           0           4           4
M2_M3_CDNS_7858497504634                           0          26           0           4           4
M1_M2_CDNS_7858497504635                           0           8           0           1           1
M2_M3_CDNS_7858497504636                           0          62           0           2           2
M2_M3_CDNS_7858497504637                           0          42           0           2           2
Contact_CDNS_785849750461                          0          35           0          37         421
Contact_CDNS_785849750462                          0          30           0          29         403
Contact_CDNS_785849750463                          0           5           0           9          32
AbutContact_CDNS_785849750464                      0          12           0           4         139
nmos1v2hvt_4_CDNS_785849750460                     5          19           0           4           4
AbutContact_CDNS_785849750466                      0           7           0           1          13
Contact_CDNS_785849750467                          0           5           0          14          74
nmos1v2hvt_4_CDNS_785849750465                     3          15           0          13          13
Contact_CDNS_785849750469                          0          18           0           3          82
AbutContact_CDNS_7858497504610                     0          38           0           2           4
nmos1v2hvt_4_CDNS_785849750468                     6          20           0           2           2
Contact_CDNS_7858497504612                         0          10           0           2          16
AbutContact_CDNS_7858497504613                     0          22           0           2          16
pmos1v2hvt_4_CDNS_7858497504611                    5          18           0           4           4
AbutContact_CDNS_7858497504615                     0           7           0           6          19
pmos1v2hvt_4_CDNS_7858497504614                    3          14           0           2           2
nmos1v2hvt_4_CDNS_7858497504616                    4          18           0           3           3
Contact_CDNS_7858497504618                         0           8           0          17          37
pmos1v2hvt_4_CDNS_7858497504617                    3          14           0           9           9
AbutContact_CDNS_7858497504620                     0           8           0           3           4
nmos1v2hvt_4_CDNS_7858497504619                    3          15           0           1           1
AbutContact_CDNS_7858497504622                     0           8           0           7          27
pmos1v2hvt_4_CDNS_7858497504621                    3          14           0           1           1
Contact_CDNS_7858497504624                         0          68           0           4         144
Contact_CDNS_7858497504625                         0          49           0           1           8
ncap1v2hvt_CDNS_7858497504623                      3          19           0           8           8
Contact_CDNS_7858497504627                         0           4           0         580        1826
rnpolym_CDNS_7858497504626                       150         531           0           2           2
pmos1v2hvt_4_CDNS_7858497504628                    6          19           0          12          12
Contact_CDNS_7858497504630                         0          37           0           1           2
AbutContact_CDNS_7858497504631                     0          75           0           1           2
pmos1v2hvt_4_CDNS_7858497504629                   12          40           0           2           2
CONSTANT_GM_2_fL                                  78        2106           5           1           1
M1_M2_CDNS_7858497504638                           0           5           0           8           8
M1_M2_CDNS_7858497504639                           0          17           0           8           8
M1_M2_CDNS_7858497504640                           0           7           0           7           7
M1_M2_CDNS_7858497504641                           0           4           0          60          60
M1_M2_CDNS_7858497504642                           0          10           0          30          30
M2_M3_CDNS_7858497504643                           0          42           0          24          24
M1_M2_CDNS_7858497504644                           0          20           0           1           1
PG_M1_CDNS_7858497504645                           0          10           0           1           1
M2_M3_CDNS_7858497504646                           0          32           0           1           1
M2_M3_CDNS_7858497504647                           0          47           0           1           1
M2_M3_CDNS_7858497504648                           0          26           0           1           1
M1_M2_CDNS_7858497504649                           0          14           0           8           8
PG_M1_CDNS_7858497504650                           0           4           0           8          24
M2_M3_CDNS_7858497504651                           0          14           0           2           2
M2_M3_CDNS_7858497504652                           0          17           0           1           1
M1_M2_CDNS_7858497504653                           0          17           0           1           1
M1_M2_CDNS_7858497504654                           0           5           0           4           4
M1_M2_CDNS_7858497504655                           0          32           0           2           2
M1_M2_CDNS_7858497504656                           0          17           0           1           1
M2_M3_CDNS_7858497504657                           0          16           0           1           1
M1_M2_CDNS_7858497504658                           0          16           0           1           1
M2_M3_CDNS_7858497504659                           0           8           0          57          57
M1_M2_CDNS_7858497504660                           0           8           0           1           1
M1_M2_CDNS_7858497504661                           0           8           0          12          12
M2_M3_CDNS_7858497504662                           0          26           0           3           3
M2_M3_CDNS_7858497504663                           0          18           0           1           1
M1_M2_CDNS_7858497504664                           0           8           0           5           5
M2_M3_CDNS_7858497504665                           0          10           0           1           1
M1_M2_CDNS_7858497504666                           0          10           0           2           2
M2_M3_CDNS_7858497504667                           0          23           0           1           1
M5_MF_CDNS_7858497504668                           0          14           0           1           1
M4_M5_CDNS_7858497504669                           0          14           0           1           1
M3_M4_CDNS_7858497504670                           0          14           0           1           1
M2_M3_CDNS_7858497504671                           0           9           0           1           1
M5_MF_CDNS_7858497504672                           0          10           0           1           1
M4_M5_CDNS_7858497504673                           0          10           0           1           1
M3_M4_CDNS_7858497504674                           0          10           0           1           1
M4_M5_CDNS_7858497504675                           0          23           0           1           1
M3_M4_CDNS_7858497504676                           0          23           0           1           1
M2_M3_CDNS_7858497504677                           0          23           0           1           1
M1_M2_CDNS_7858497504678                           0          23           0           1           1
M1_M2_CDNS_7858497504679                           0          26           0           1           1
cmims_CDNS_7858497504632                           0         364           0          10          10
AbutContact_CDNS_7858497504634                     0          38           0           3         112
pmos1v2hvt_4_CDNS_7858497504633                    4          17           0          16          16
rnpolyh_CDNS_7858497504635                         2          11           0           4           6
Contact_CDNS_7858497504637                         0           4           0           1          32
nmos1v2hvt_4_CDNS_7858497504636                    5          19           0           8          32
mux8_1_fL                                         31         232          18           4           4
rnpolyh_CDNS_7858497504638                        50         179           0           1           1
Contact_CDNS_7858497504641                         0          15           0           3          18
Contact_CDNS_7858497504650                         0          15           0          17          73
Contact_CDNS_7858497504651                         0          13           0          15          69
AbutContact_CDNS_7858497504652                     0          18           0           3          26
nmos1v2hvt_4_CDNS_7858497504649                    6          20           0           5           5
M2_M3_CDNS_7858497504680                           0           8           0          12          12
M1_M2_CDNS_7858497504681                           0          18           0           1           1
PG_M1_CDNS_7858497504682                           0           4           0           1           1
Contact_CDNS_7858497504640                         0          28           0          13          87
Contact_CDNS_7858497504642                         0          25           0          11          83
AbutContact_CDNS_7858497504643                     0          18           0           1           5
pmos1v2hvt_4_CDNS_7858497504639                    6          19           0           5           5
Contact_CDNS_7858497504645                         0           3           0           2           4
AbutContact_CDNS_7858497504646                     0           6           0           1           2
nmos1v2hvt_4_CDNS_7858497504644                    4          18           0           2           2
Contact_CDNS_7858497504648                         0          35           0           2          34
nmos1v2hvt_4_CDNS_7858497504647                    4          18           0           2           2
Contact_CDNS_7858497504654                         0           3           0           3           6
pmos1v2hvt_4_CDNS_7858497504653                    4          17           0           1           1
AbutContact_CDNS_7858497504656                     0           6           0           1           2
pmos1v2hvt_4_CDNS_7858497504655                    4          17           0           2           2
Contact_CDNS_7858497504658                         0           8           0           4         204
AbutContact_CDNS_7858497504659                     0          12           0           5         138
pmos1v2hvt_4_CDNS_7858497504657                    6          19           0          20          20
pmos1v2hvt_4_CDNS_7858497504660                    6          19           0           4           4
pmos1v2hvt_4_CDNS_7858497504661                    4          17           0           2           2
Contact_CDNS_7858497504663                         0           4           0           1           1
Contact_CDNS_7858497504664                         0           7           0           3           3
AbutContact_CDNS_7858497504665                     0           8           0           1           1
nmos1v2hvt_4_CDNS_7858497504662                    8          27           0           1           1
BG_STARTUP_fL2                                   138         236           8           1           1
AbutContact_CDNS_7858497504667                     0           5           0           1           1
nmos1v2hvt_4_CDNS_7858497504666                    3          15           0           1           1
rnpolyh_CDNS_7858497504668                        10          35           0           9           9
rnpolyh_CDNS_7858497504669                         4          17           0           2           2
rnpolyh_CDNS_7858497504670                        88         312           0           1           1
rnpolyh_CDNS_7858497504671                         2          11           0          16          25
trim_res_bg_2_fL                                  19         442          11           1           1
rnpolyh_CDNS_7858497504672                       172         606           0           1           2
trim_res_bg_sl_fL                                 12         596          11           2           2
Contact_CDNS_7858497504674                         0           4           0           2           2
pmos1v2hvt_4_CDNS_7858497504673                    3          14           0           1           1
Contact_CDNS_7858497504676                         0          18           0           2           4
pmos1v2hvt_4_CDNS_7858497504675                    3          14           0           2           2
Contact_CDNS_7858497504678                         0         135           0           6         168
pmos1v2hvt_4_CDNS_7858497504677                    4          17           0          64          64
Contact_CDNS_7858497504680                         0         116           0           4          40
Contact_CDNS_7858497504681                         0          19           0           1          16
AbutContact_CDNS_7858497504682                     0          30           0           1          16
pmos1v2hvt_4_CDNS_7858497504679                    6          19           0          16          16
Contact_CDNS_7858497504684                         0          12           0           1          13
nmos1v2hvt_4_CDNS_7858497504683                    6          20           0          13          13
Contact_CDNS_7858497504686                         0          29           0           1           3
AbutContact_CDNS_7858497504687                     0          32           0           1           3
pmos1v2hvt_4_CDNS_7858497504685                   24          82           0           3           3
Contact_CDNS_7858497504689                         0           6           0           1          64
Contact_CDNS_7858497504690                         0          59           0           2         128
nmos1v2hvt_4_CDNS_7858497504688                    6          20           0          64          64
Contact_CDNS_7858497504692                         0          38           0           3         268
Contact_CDNS_7858497504693                         0          27           0           3         268
Contact_CDNS_7858497504694                         0          24           0           6         536
AbutContact_CDNS_7858497504695                     0          20           0           6         536
AbutContact_CDNS_7858497504696                     0          23           0           6         536
AbutContact_CDNS_7858497504697                     0           3           0           6         536
AbutContact_CDNS_7858497504698                     0           3           0           6         536
Contact_CDNS_7858497504699                         0          24           0           6         536
pnp5ux5u_CDNS_7858497504691                       14          19           0           1           1
pnp5ux5u_CDNS_78584975046100                      14          19           0           1           1
pnp5ux5u_CDNS_78584975046101                      14          19           0         266         266
BG_PNP_array                                     268          34           3           1           1
Contact_CDNS_78584975046103                        0           4           0           1           4
pmos1v2hvt_4_CDNS_78584975046102                   6          19           0           4           4
BG_TRIM_4_fL                                     640        5976          22           1           1
LS                                                 0          85           7           6          18
LS2                                                2          11           8           2           2
LS3                                                7          24          10           4           4
Tsw                                                0          59           5           2           2
M1_M2_CDNS_7858497504683                           0           4           0          38         190
NO2                                                0          38           5           2          10
Contact_CDNS_78584975046105                        0           3           0           6          45
pmos1v2hvt_4_CDNS_78584975046104                   1          12           0           1           5
IN                                                 0          31           4           3          15
nmos1v2hvt_4_CDNS_78584975046106                   1          13           0           1           5
pmos1v2hvt_4_CDNS_78584975046107                   1          12           0           2          10
nmos1v2hvt_4_CDNS_78584975046108                   0          12           0           3          15
NA3                                                0          43           6           2          10
pmos1v2hvt_4_CDNS_78584975046109                   1          12           0           2          10
pmos1v2hvt_4_CDNS_78584975046110                   1          12           0           1           5
nmos1v2hvt_4_CDNS_78584975046111                   1          13           0           2          10
3to8DeMuxSel                                      71         575          40           5           5
M1_M2_CDNS_7858497504684                           0          13           0           2           2
M1_M2_CDNS_7858497504685                           0           7           0           2           2
M1_M2_CDNS_7858497504686                           0          12           0           2           2
M1_M2_CDNS_7858497504687                           0           6           0           2           2
pmos1v2hvt_4_CDNS_78584975046112                   4          17           0           2           2
pmos1v2hvt_4_CDNS_78584975046113                   4          17           0           1           1
nmos1v2hvt_4_CDNS_78584975046114                   4          18           0           1           1
nmos1v2hvt_4_CDNS_78584975046115                   4          18           0           2           2
mux2_1_fL                                         21          46           6           1           1
M2_M3_CDNS_7858497504688                           0          12           0           1           1
M2_M3_CDNS_7858497504689                           0          17           0           1           1
M1_M2_CDNS_7858497504690                           0          52           0           1           1
M2_M3_CDNS_7858497504691                           0          22           0           1           1
M1_M2_CDNS_7858497504692                           0          24           0           1           1
M1_M2_CDNS_7858497504693                           0          30           0           1           1
M1_M2_CDNS_7858497504694                           0           7           0           6           8
pmos1v2hvt_4_CDNS_78584975046116                   6          19           0         112         112
pmos1v2hvt_4_CDNS_78584975046117                   4          17           0           1           1
rnpolym_CDNS_78584975046118                        4          20           0           1           1
rnpolym_CDNS_78584975046119                       44         160           0           1           1
rnpolym_CDNS_78584975046120                        2          13           0           4          58
rnpolym_CDNS_78584975046121                        8          34           0           1           1
rnpolym_CDNS_78584975046122                        2          13           0           8           8
pmos1v2hvt_4_CDNS_78584975046123                   6          19           0           8          16
mux8_1p_fL                                         8          17          18           2           2
rnpolym_CDNS_78584975046124                       24          79           0           1          28
trim_res_rnpolyn_2_fL                              3          40           3          14          28
trim_res_array_rn_2_fL                            16          78           7           2           2
pmos1v2hvt_4_CDNS_78584975046125                   4          17           0           1           1
IN2                                                0          38           4           8          16
inv8_fL                                            8           0          18           2           2
Contact_CDNS_78584975046127                        0          85           0           4          72
Contact_CDNS_78584975046128                        0          73           0           4          72
pmos1v2hvt_4_CDNS_78584975046126                   6          19           0          32          32
rnpolym_CDNS_78584975046129                       16          62           0           1           1
nmos1v2hvt_4_CDNS_78584975046130                   6          20           0           8           8
Contact_CDNS_78584975046132                        0          64           0           2         136
Contact_CDNS_78584975046133                        0          55           0           2         136
nmos1v2hvt_4_CDNS_78584975046131                   6          20           0          68          68
pmos1v2hvt_4_CDNS_78584975046134                   6          19           0           4           4
Contact_CDNS_78584975046136                        0          29           0           1           3
AbutContact_CDNS_78584975046137                    0          33           0           1           3
nmos1v2hvt_4_CDNS_78584975046135                   8          27           0           3           3
rnpolym_CDNS_78584975046138                        2          13           0           4           4
Contact_CDNS_78584975046140                        0          26           0           1           2
AbutContact_CDNS_78584975046141                    0          35           0           2           7
pmos1v2hvt_4_CDNS_78584975046139                  12          40           0           2           2
Contact_CDNS_78584975046143                        0           7           0           1           1
pmos1v2hvt_4_CDNS_78584975046142                   6          19           0           1           1
Contact_CDNS_78584975046145                        0          32           0           1           5
pmos1v2hvt_4_CDNS_78584975046144                  12          40           0           5           5
REF_V5_fLC                                       603        5566          57           1           1
LS1                                                1           5           6           2           2
RectC_CDNS_78584975046148                          0           1           0           1           1
ArrayInstContact_CDNS_78584975046147               1           2           0           1           1
dnppw1v2_CDNS_78584975046146                       1           8           0           1           1
REF_GEN_fL_2                                     331         983          56           1           1
----------------------------------------------------------------------------
TOTAL CELL = 268;  INSTANCE = 3163;  GEOMETRY = 26058;  LABEL = 338

Layer Summary:
----------------------------------------------------------------------------
    LAYER                        ID       HPN      HTC        FPN       FTC
----------------------------------------------------------------------------
DIFF                         262144       392         0      8884         0
POLYG                        262145      1284         0      8870         0
METAL1fillCustom              18012         0         0         0         0
METAL2fillCustom              18112         0         0         0         0
METAL3fillCustom              18212         0         0         0         0
POLYDOPE                      10070        53         0       518         0
SALBLK                        10090        16         0       150         0
DNW                           10100         0         0         0         0
METAL4fillCustom              18312         0         0         0         0
NW3V3                         10130         0         0         0         0
PW3V3orig                     10140         0         0         0         0
NW1V2                         10170        92         0      1090         0
PW1V2orig                     10180        54         0      1497         0
METAL5fillCustom              18412         0         0         0         0
NLVT3V3                       10340         0         0         0         0
GOX1V2                        10400        98         0      1164         0
NEXT1V2                       10500        45         0       415         0
PEXT1V2                       10510        60         0       814         0
METALFfillCustom              18712         0         0         0         0
NEXT3V3                       10560         0         0         0         0
PEXT3V3                       10570         0         0         0         0
METALTfillCustom              18812         0         0         0         0
NPLUS                         10660       160         0      2404         0
PPLUS                         10670       128         0      2294         0
METAL1base                    10700      3458         0     20093         0
METAL1fill                    10703         0         0         0         0
METAL1slot                    10704         0         0         0         0
METAL2base                    10710      1793         0      5758         0
METAL2fill                    10713         0         0         0         0
METAL2slot                    10714         0         0         0         0
METAL3base                    10720       554         0      1191         0
METAL3fill                    10723         0         0         0         0
METAL3slot                    10724         0         0         0         0
METAL4base                    10730         6         0         6         0
METAL4fill                    10733         0         0         0         0
METAL4slot                    10734         0         0         0         0
METAL5base                    10740         7         0        16         0
METAL5fill                    10743         0         0         0         0
METAL5slot                    10744         0         0         0         0
METALFbase                    10770        10         0        73         0
METALFfill                    10773         0         0         0         0
METALFslot                    10774         0         0         0         0
METALTbase                    10780         0         0         0         0
METALTfill                    10783         0         0         0         0
METALTslot                    10784         0         0         0         0
CONT                          10800     13612         0    151385         0
VIA1                          10810      2921         0     50278         0
VIA2                          10820       561         0      4601         0
VIA3                          10830        41         0        41         0
VIA4                          10840        41         0        41         0
VIAF                          10870       374         0      3560         0
VIAT                          10880         0         0         0         0
MIMS                          10900         0         0         0         0
MIMS2                         10930         1         0        10         0
MIMS7                         10940         0         0         0         0
PSN                           11030         0         0         0         0
PSP                           11040         0         0         0         0
PSUB2                         11330         1         0        18         0
BJTmark                       11370         3         0       268         0
DIOmark                       11380         1         0         1         0
MIMmark                       11400         1         0        10         0
CAPmark                       11410         1         0         8         0
RESmark                       11420       290         0       913         0
RMET1mark                     11430         0         0         0         0
RMET2mark                     11440         0         0         0         0
RMET3mark                     11450         0         0         0         0
PW3V3blockGen                 11458         0         0         0         0
PW3V3makeGen                  11459         0         0         0         0
RMET4mark                     11460         0         0         0         0
RMET5mark                     11470         0         0         0         0
RMETFmark                     11500         0         0         0         0
CAPFlabel                     11501         0         0         0         0
RMETTmark                     11510         0         0         0         0
CAPFmark                      11520         0         0         0         0
VARmark                       11600         0         0         0         0
SEALRINGmark                  11620         0         0         0         0
ESDDIOmark                    11630         0         0         0         0
PROBEmark                     11720         0         0         0         0
TXFETmark                     11750         0         0         0         0
SLOTOX                        11810         0         0         0         0
BSMET                         11820         0         0         0         0
BSMET_pin_txt                 11822         0         0         0         0
SNN                           11850         0         0         0         0
PW1V2blockGen                 11858         0         0         0         0
PW1V2makeGen                  11859         0         0         0         0
ARRAYPW                       11860         0         0         0         0
PXL                           12710         0         0         0         0
MCEL                          12900         0         0         0         0
DIFF_pin_txt                  30012         0         0         0         0
POLYG_pin_txt                 30062         0         0         0         0
METAL1_pin_txt                30702         0       176         0       794
METAL2_pin_txt                30712         0       127         0       217
METAL3_pin_txt                30722         0        35         0        59
METAL4_pin_txt                30732         0         0         0         0
METAL5_pin_txt                30742         0         0         0         0
METALF_pin_txt                30772         0         0         0         0
METALT_pin_txt                30782         0         0         0         0
----------------------------------------------------------------------------

CHIP EXTENT: 760 0 1293780 126000

[WARN] Offgrid Vertex on layer METAL1base at location (5.130,103.995) in cell REF_GEN_fL_2.
[WARN] Offgrid Vertex on layer METAL1base at location (89.570,103.995) in cell REF_GEN_fL_2.
[WARN] Offgrid Vertex on layer METAL1base at location (89.570,106.005) in cell REF_GEN_fL_2.
[WARN] Offgrid Vertex on layer METAL1base at location (5.130,106.005) in cell REF_GEN_fL_2.
[WARN] Offgrid Vertex on layer METAL1base at location (284.445,8.965) in cell REF_GEN_fL_2.
[WARN] Offgrid Vertex on layer METAL1base at location (286.375,8.965) in cell REF_GEN_fL_2.
[WARN] Offgrid Vertex on layer METAL1base at location (286.375,116.165) in cell REF_GEN_fL_2.
[WARN] Offgrid Vertex on layer METAL1base at location (284.445,116.165) in cell REF_GEN_fL_2.
[WARN] Offgrid Vertex on layer METAL1base at location (242.465,8.685) in cell REF_GEN_fL_2.
[WARN] Offgrid Vertex on layer METAL1base at location (287.690,8.685) in cell REF_GEN_fL_2.
[WARN] Offgrid Vertex on layer METAL1base at location (287.690,9.085) in cell REF_GEN_fL_2.
[WARN] Offgrid Vertex on layer METAL1base at location (242.465,9.085) in cell REF_GEN_fL_2.
[WARN] Offgrid Vertex on layer METAL1base at location (1261.535,91.765) in cell REF_GEN_fL_2.
[WARN] Offgrid Vertex on layer METAL1base at location (1263.175,91.765) in cell REF_GEN_fL_2.
[WARN] Offgrid Vertex on layer METAL1base at location (1263.175,120.450) in cell REF_GEN_fL_2.
[WARN] Offgrid Vertex on layer METAL1base at location (1261.535,120.450) in cell REF_GEN_fL_2.
[WARN] Offgrid Vertex on layer METAL1base at location (1062.580,91.765) in cell REF_GEN_fL_2.
[WARN] Offgrid Vertex on layer METAL1base at location (1263.175,91.765) in cell REF_GEN_fL_2.
[WARN] Offgrid Vertex on layer METAL1base at location (1263.175,94.785) in cell REF_GEN_fL_2.
[WARN] Offgrid Vertex on layer METAL1base at location (1062.580,94.785) in cell REF_GEN_fL_2.
[WARN] Offgrid Vertex on layer METAL1base at location (1208.485,10.535) in cell REF_GEN_fL_2.
[WARN] Offgrid Vertex on layer METAL1base at location (1211.905,10.535) in cell REF_GEN_fL_2.
[WARN] Offgrid Vertex on layer METAL1base at location (1211.905,94.690) in cell REF_GEN_fL_2.
[WARN] Offgrid Vertex on layer METAL1base at location (1208.485,94.690) in cell REF_GEN_fL_2.
[WARN] Offgrid Vertex on layer METAL1base at location (242.485,5.885) in cell REF_GEN_fL_2.
[WARN] Offgrid Vertex on layer METAL1base at location (288.110,5.885) in cell REF_GEN_fL_2.
[WARN] Offgrid Vertex on layer METAL1base at location (288.110,6.285) in cell REF_GEN_fL_2.
[WARN] Offgrid Vertex on layer METAL1base at location (242.485,6.285) in cell REF_GEN_fL_2.
[WARN] Offgrid Vertex on layer METAL1base at location (1020.210,3.215) in cell REF_GEN_fL_2.
[WARN] Offgrid Vertex on layer METAL1base at location (1023.080,3.215) in cell REF_GEN_fL_2.
[WARN] Offgrid Vertex on layer METAL1base at location (1023.680,35.115) in cell REF_GEN_fL_2.
[WARN] Offgrid Vertex on layer METAL1base at location (1025.440,35.115) in cell REF_GEN_fL_2.
[WARN] Offgrid Vertex on layer METAL1base at location (1278.290,4.645) in cell REF_GEN_fL_2.
[WARN] Offgrid Vertex on layer METAL1base at location (1280.055,4.645) in cell REF_GEN_fL_2.
[WARN] Offgrid Vertex on layer METAL1base at location (1280.055,114.665) in cell REF_GEN_fL_2.
[WARN] Offgrid Vertex on layer METAL1base at location (1278.290,114.665) in cell REF_GEN_fL_2.
[WARN] Offgrid Vertex on layer METAL1base at location (1288.535,4.700) in cell REF_GEN_fL_2.
[WARN] Offgrid Vertex on layer METAL1base at location (1289.630,114.725) in cell REF_GEN_fL_2.
[WARN] Offgrid Vertex on layer METAL1base at location (1288.535,114.725) in cell REF_GEN_fL_2.
[WARN] Offgrid Vertex on layer METAL1base at location (1280.345,0.840) in cell REF_GEN_fL_2.
[WARN] Offgrid Vertex on layer METAL1base at location (1280.345,3.830) in cell REF_GEN_fL_2.
[WARN] Offgrid Vertex on layer METAL1base at location (854.445,3.750) in cell REF_GEN_fL_2.
[WARN] Offgrid Vertex on layer METAL1base at location (854.445,108.320) in cell REF_GEN_fL_2.
[WARN] Offgrid Vertex on layer METAL1base at location (856.265,106.530) in cell REF_GEN_fL_2.
[WARN] Offgrid Vertex on layer METAL1base at location (856.265,108.485) in cell REF_GEN_fL_2.
[WARN] Offgrid Vertex on layer METAL1base at location (824.760,108.485) in cell REF_GEN_fL_2.
[WARN] Offgrid Vertex on layer METAL1base at location (831.895,120.275) in cell REF_GEN_fL_2.
[WARN] Offgrid Vertex on layer METAL1base at location (851.495,120.275) in cell REF_GEN_fL_2.
[WARN] Offgrid Vertex on layer METAL1base at location (851.495,122.345) in cell REF_GEN_fL_2.
[WARN] Offgrid Vertex on layer METAL1base at location (831.895,122.345) in cell REF_GEN_fL_2.
[WARN] Offgrid Vertex on layer METAL1base at location (872.450,120.485) in cell REF_GEN_fL_2.
[WARN] Offgrid Vertex on layer METAL1base at location (1003.605,120.485) in cell REF_GEN_fL_2.
[WARN] Offgrid Vertex on layer METAL1base at location (1003.605,123.230) in cell REF_GEN_fL_2.
[WARN] Offgrid Vertex on layer METAL1base at location (1277.590,22.575) in cell REF_GEN_fL_2.
[WARN] Offgrid Vertex on layer METAL1base at location (1277.740,22.575) in cell REF_GEN_fL_2.
[WARN] Offgrid Vertex on layer METAL1base at location (1277.740,43.425) in cell REF_GEN_fL_2.
[WARN] Offgrid Vertex on layer METAL1base at location (1277.590,43.425) in cell REF_GEN_fL_2.
[WARN] Offgrid Vertex on layer METAL1base at location (1197.385,6.490) in cell REF_GEN_fL_2.
[WARN] Offgrid Vertex on layer METAL1base at location (1216.775,6.490) in cell REF_GEN_fL_2.
[WARN] Offgrid Vertex on layer METAL1base at location (1216.775,6.690) in cell REF_GEN_fL_2.
[WARN] Offgrid Vertex on layer METAL1base at location (1197.385,6.690) in cell REF_GEN_fL_2.
[WARN] Offgrid Vertex on layer METAL1base at location (1232.650,6.465) in cell REF_GEN_fL_2.
[WARN] Offgrid Vertex on layer METAL1base at location (1268.140,6.465) in cell REF_GEN_fL_2.
[WARN] Offgrid Vertex on layer METAL1base at location (283.820,5.915) in cell REF_GEN_fL_2.
[WARN] Offgrid Vertex on layer METAL1base at location (321.055,5.915) in cell REF_GEN_fL_2.
[WARN] Offgrid Vertex on layer METAL1base at location (321.055,6.225) in cell REF_GEN_fL_2.
[WARN] Offgrid Vertex on layer METAL1base at location (283.820,6.225) in cell REF_GEN_fL_2.
[WARN] Offgrid Vertex on layer METAL1base at location (1026.825,87.970) in cell REF_GEN_fL_2.
[WARN] Offgrid Vertex on layer METAL1base at location (1026.825,88.170) in cell REF_GEN_fL_2.
[WARN] Offgrid Vertex on layer METAL1base at location (287.490,8.765) in cell REF_GEN_fL_2.
[WARN] Offgrid Vertex on layer METAL1base at location (323.045,8.765) in cell REF_GEN_fL_2.
[WARN] Offgrid Vertex on layer METAL1base at location (323.045,8.965) in cell REF_GEN_fL_2.
[WARN] Offgrid Vertex on layer METAL1base at location (287.490,8.965) in cell REF_GEN_fL_2.
[WARN] Offgrid Vertex on layer METAL1base at location (1174.295,45.935) in cell REF_GEN_fL_2.
[WARN] Offgrid Vertex on layer METAL1base at location (1174.515,45.935) in cell REF_GEN_fL_2.
[WARN] Offgrid Vertex on layer METAL1base at location (1174.515,46.020) in cell REF_GEN_fL_2.
[WARN] Offgrid Vertex on layer METAL1base at location (1174.295,46.020) in cell REF_GEN_fL_2.
[WARN] Offgrid Vertex on layer METAL1base at location (1284.765,17.810) in cell REF_GEN_fL_2.
[WARN] Offgrid Vertex on layer METAL1base at location (1284.765,18.210) in cell REF_GEN_fL_2.
[WARN] Offgrid Vertex on layer METAL1base at location (272.175,115.780) in cell REF_GEN_fL_2.
[WARN] Offgrid Vertex on layer METAL1base at location (286.395,115.780) in cell REF_GEN_fL_2.
[WARN] Offgrid Vertex on layer METAL1base at location (286.395,122.215) in cell REF_GEN_fL_2.
[WARN] Offgrid Vertex on layer METAL1base at location (272.175,122.215) in cell REF_GEN_fL_2.
[WARN] Offgrid Vertex on layer METAL1base at location (1197.920,52.015) in cell REF_GEN_fL_2.
[WARN] Offgrid Vertex on layer METAL1base at location (1197.360,52.015) in cell REF_GEN_fL_2.
[WARN] Offgrid Vertex on layer METAL1base at location (1198.565,51.840) in cell REF_GEN_fL_2.
[WARN] Offgrid Vertex on layer METAL1base at location (1199.125,51.840) in cell REF_GEN_fL_2.
[WARN] Offgrid Vertex on layer METAL1base at location (1199.125,52.015) in cell REF_GEN_fL_2.
[WARN] Offgrid Vertex on layer METAL1base at location (1198.565,52.015) in cell REF_GEN_fL_2.
[WARN] Offgrid Vertex on layer METAL1base at location (1199.755,51.840) in cell REF_GEN_fL_2.
[WARN] Offgrid Vertex on layer METAL1base at location (1200.315,51.840) in cell REF_GEN_fL_2.
[WARN] Offgrid Vertex on layer METAL1base at location (1200.315,52.015) in cell REF_GEN_fL_2.
[WARN] Offgrid Vertex on layer METAL1base at location (1199.755,52.015) in cell REF_GEN_fL_2.
[WARN] Offgrid Vertex on layer METAL1base at location (1200.985,51.840) in cell REF_GEN_fL_2.
[WARN] Offgrid Vertex on layer METAL1base at location (1201.545,51.840) in cell REF_GEN_fL_2.
[WARN] Offgrid Vertex on layer METAL1base at location (1201.545,52.015) in cell REF_GEN_fL_2.
[WARN] Offgrid Vertex on layer METAL1base at location (1200.985,52.015) in cell REF_GEN_fL_2.
[WARN] Offgrid Vertex on layer METAL1base at location (1202.740,52.015) in cell REF_GEN_fL_2.
[WARN] Offgrid Vertex on layer METAL1base at location (1202.180,52.015) in cell REF_GEN_fL_2.
[WARN] Offgrid Vertex on layer METAL1base at location (1203.395,51.840) in cell REF_GEN_fL_2.
Time: cpu=0.01/0.10  real=0.01/0.16  Memory: 20.39/20.50/20.50  peak=21.51


Ports ...
========================================================================

Texts For Connectivity ...
========================================================================
VDDD (1287.435, 50.835) 30722 REF_GEN_fL_2
VbgT (0.860, 0.100) 30702 REF_GEN_fL_2
V550 (424.375, 125.900) 30702 REF_GEN_fL_2
V1000 (423.790, 125.900) 30702 REF_GEN_fL_2
LVDS_REF (1292.685, 0.100) 30702 REF_GEN_fL_2
LDO_REF (1293.680, 107.310) 30702 REF_GEN_fL_2
GNDD (1289.080, 4.045) 30702 REF_GEN_fL_2
GNDA (6.045, 2.560) 30702 REF_GEN_fL_2
CL4X_2 (1291.690, 0.100) 30702 REF_GEN_fL_2
CL4X_1 (1292.170, 0.100) 30702 REF_GEN_fL_2
CL1X_1 (1293.655, 106.580) 30702 REF_GEN_fL_2
128nASrcT (1.340, 0.100) 30702 REF_GEN_fL_2
VDDA (672.125, 121.460) 30712 REF_GEN_fL_2
VBREF_SEL (1293.680, 87.125) 30712 REF_GEN_fL_2
TestVbg (1293.680, 124.305) 30712 REF_GEN_fL_2
Test128nASrc (1293.680, 124.785) 30712 REF_GEN_fL_2
REF_TRIM<2> (1293.680, 97.205) 30712 REF_GEN_fL_2
REF_TRIM<1> (1293.680, 97.685) 30712 REF_GEN_fL_2
REF_TRIM<0> (1293.680, 98.645) 30712 REF_GEN_fL_2
PRN (1293.680, 34.355) 30712 REF_GEN_fL_2
LVDS_SEL<2> (1293.680, 101.045) 30712 REF_GEN_fL_2
LVDS_SEL<1> (1293.680, 101.525) 30712 REF_GEN_fL_2
LVDS_SEL<0> (1293.680, 102.485) 30712 REF_GEN_fL_2
LDO_SEL<1> (1293.680, 103.445) 30712 REF_GEN_fL_2
LDO_SEL<0> (1293.680, 104.405) 30712 REF_GEN_fL_2
EN (1293.680, 34.835) 30712 REF_GEN_fL_2
CJ_G4<5> (1107.950, 0.100) 30712 REF_GEN_fL_2
CJ_G4<4> (1107.470, 0.100) 30712 REF_GEN_fL_2
CJ_G4<3> (1106.990, 0.100) 30712 REF_GEN_fL_2
CJ_G4<2> (1106.510, 0.100) 30712 REF_GEN_fL_2
CJ_G4<1> (1106.030, 0.100) 30712 REF_GEN_fL_2
CJ_G4<0> (1105.550, 0.100) 30712 REF_GEN_fL_2
CJ_G3<5> (1110.830, 0.100) 30712 REF_GEN_fL_2
CJ_G3<4> (1110.350, 0.100) 30712 REF_GEN_fL_2
CJ_G3<3> (1109.870, 0.100) 30712 REF_GEN_fL_2
CJ_G3<2> (1109.390, 0.100) 30712 REF_GEN_fL_2
CJ_G3<1> (1108.910, 0.100) 30712 REF_GEN_fL_2
CJ_G3<0> (1108.430, 0.100) 30712 REF_GEN_fL_2
CJ_G2<5> (1113.710, 0.100) 30712 REF_GEN_fL_2
CJ_G2<4> (1113.230, 0.100) 30712 REF_GEN_fL_2
CJ_G2<3> (1112.750, 0.100) 30712 REF_GEN_fL_2
CJ_G2<2> (1112.270, 0.100) 30712 REF_GEN_fL_2
CJ_G2<1> (1111.790, 0.100) 30712 REF_GEN_fL_2
CJ_G2<0> (1111.310, 0.100) 30712 REF_GEN_fL_2
CJ_G1<5> (1116.590, 0.100) 30712 REF_GEN_fL_2
CJ_G1<4> (1116.110, 0.100) 30712 REF_GEN_fL_2
CJ_G1<3> (1115.630, 0.100) 30712 REF_GEN_fL_2
CJ_G1<2> (1115.150, 0.100) 30712 REF_GEN_fL_2
CJ_G1<1> (1114.670, 0.100) 30712 REF_GEN_fL_2
CJ_G1<0> (1114.190, 0.100) 30712 REF_GEN_fL_2
BG_TRIM<2> (1293.680, 93.365) 30712 REF_GEN_fL_2
BG_TRIM<1> (1293.680, 93.845) 30712 REF_GEN_fL_2
BG_TRIM<0> (1293.680, 94.805) 30712 REF_GEN_fL_2
BG_SL_TRIM<2> (1293.680, 89.525) 30712 REF_GEN_fL_2
BG_SL_TRIM<1> (1293.680, 90.005) 30712 REF_GEN_fL_2
BG_SL_TRIM<0> (1293.680, 90.965) 30712 REF_GEN_fL_2
VDDD (0.395, 3.035) 30702 LS1
VDDA (3.940, 3.065) 30702 LS1
OUT0 (4.295, 1.615) 30702 LS1
IN0 (0.435, 0.705) 30702 LS1
GNDD (0.880, 0.255) 30702 LS1
GNDA (2.555, 0.245) 30702 LS1
A7 (165.955, 37.580) 30722 REF_V5_fLC
A6 (165.960, 39.755) 30722 REF_V5_fLC
A5 (165.965, 41.990) 30722 REF_V5_fLC
A4 (165.965, 44.065) 30722 REF_V5_fLC
A3 (165.960, 46.375) 30722 REF_V5_fLC
A2 (165.950, 48.590) 30722 REF_V5_fLC
A1 (165.955, 50.720) 30722 REF_V5_fLC
A0 (165.945, 52.930) 30722 REF_V5_fLC
VDDA (18.615, 121.840) 30702 REF_V5_fLC
V550 (317.185, 45.835) 30702 REF_V5_fLC
LVDS_SEL<7> (340.720, 51.735) 30702 REF_V5_fLC
LVDS_SEL<6> (341.920, 51.730) 30702 REF_V5_fLC
LVDS_SEL<5> (343.120, 51.735) 30702 REF_V5_fLC
LVDS_SEL<4> (344.320, 51.735) 30702 REF_V5_fLC
LVDS_SEL<3> (345.515, 51.735) 30702 REF_V5_fLC
LVDS_SEL<2> (346.715, 51.735) 30702 REF_V5_fLC
LVDS_SEL<1> (347.930, 51.735) 30702 REF_V5_fLC
LVDS_SEL<0> (349.120, 51.735) 30702 REF_V5_fLC
LDO_SEL<3> (341.880, 20.600) 30702 REF_V5_fLC
LDO_SEL<2> (340.690, 20.600) 30702 REF_V5_fLC
LDO_SEL<1> (339.480, 20.595) 30702 REF_V5_fLC
LDO_SEL<0> (338.285, 20.600) 30702 REF_V5_fLC
GNDA (3.680, 2.415) 30702 REF_V5_fLC
V1000 (327.675, 45.595) 30712 REF_V5_fLC
LVDS_REF (350.065, 67.405) 30712 REF_V5_fLC
LDO_REF (348.595, 34.975) 30712 REF_V5_fLC
Ib128nAT (380.975, 95.910) 30712 REF_V5_fLC
EN (4.175, 28.580) 30712 REF_V5_fLC
CL4X_2 (150.935, 95.810) 30712 REF_V5_fLC
CL4X_1 (134.735, 95.875) 30712 REF_V5_fLC
CL1X_1 (117.095, 96.440) 30712 REF_V5_fLC
CJ_G4<5> (364.775, 95.725) 30712 REF_V5_fLC
CJ_G4<4> (353.615, 96.440) 30712 REF_V5_fLC
CJ_G4<3> (347.135, 96.440) 30712 REF_V5_fLC
CJ_G4<2> (340.655, 96.440) 30712 REF_V5_fLC
CJ_G4<1> (334.175, 96.440) 30712 REF_V5_fLC
CJ_G4<0> (327.695, 96.440) 30712 REF_V5_fLC
CJ_G3<5> (321.220, 95.730) 30712 REF_V5_fLC
CJ_G3<4> (305.015, 96.440) 30712 REF_V5_fLC
CJ_G3<3> (298.535, 96.440) 30712 REF_V5_fLC
CJ_G3<2> (292.055, 96.440) 30712 REF_V5_fLC
CJ_G3<1> (285.575, 96.440) 30712 REF_V5_fLC
CJ_G3<0> (279.095, 96.440) 30712 REF_V5_fLC
CJ_G2<5> (266.860, 95.420) 30712 REF_V5_fLC
CJ_G2<4> (246.695, 96.440) 30712 REF_V5_fLC
CJ_G2<3> (240.215, 96.440) 30712 REF_V5_fLC
CJ_G2<2> (233.735, 96.440) 30712 REF_V5_fLC
CJ_G2<1> (227.255, 96.440) 30712 REF_V5_fLC
CJ_G2<0> (220.775, 96.440) 30712 REF_V5_fLC
CJ_G1<5> (204.215, 95.540) 30712 REF_V5_fLC
CJ_G1<4> (188.375, 96.440) 30712 REF_V5_fLC
CJ_G1<3> (181.895, 96.440) 30712 REF_V5_fLC
CJ_G1<2> (175.415, 96.440) 30712 REF_V5_fLC
CJ_G1<1> (168.935, 96.440) 30712 REF_V5_fLC
CJ_G1<0> (162.455, 96.440) 30712 REF_V5_fLC
BIAS (12.930, 26.310) 30712 REF_V5_fLC
BG_REF (16.005, 35.190) 30712 REF_V5_fLC
VDDA (0.895, 3.130) 30702 inv8_fL
OUT7 (9.405, 2.285) 30702 inv8_fL
OUT6 (8.205, 2.285) 30702 inv8_fL
OUT5 (7.005, 2.285) 30702 inv8_fL
OUT4 (5.805, 2.285) 30702 inv8_fL
OUT3 (4.605, 2.285) 30702 inv8_fL
OUT2 (3.405, 2.285) 30702 inv8_fL
OUT1 (2.205, 2.285) 30702 inv8_fL
OUT0 (1.005, 2.285) 30702 inv8_fL
IN7 (8.880, 1.575) 30702 inv8_fL
IN6 (7.680, 1.570) 30702 inv8_fL
IN5 (6.480, 1.575) 30702 inv8_fL
IN4 (5.280, 1.570) 30702 inv8_fL
IN3 (4.080, 1.575) 30702 inv8_fL
IN2 (2.880, 1.570) 30702 inv8_fL
IN1 (1.680, 1.560) 30702 inv8_fL
IN0 (0.480, 1.565) 30702 inv8_fL
GNDA (0.855, 0.345) 30702 inv8_fL
VSS (0.600, -0.200) 30702 IN2
VDD (0.600, 3.000) 30702 IN2
Out (0.600, 1.800) 30702 IN2
A (0.200, 1.400) 30702 IN2
SEL4 (54.565, 7.210) 30702 trim_res_array_rn_2_fL
SEL3 (44.625, 7.205) 30702 trim_res_array_rn_2_fL
SEL2 (35.245, 7.205) 30702 trim_res_array_rn_2_fL
SEL1 (24.730, 7.210) 30702 trim_res_array_rn_2_fL
P2 (133.480, 7.200) 30702 trim_res_array_rn_2_fL
P1 (14.350, 7.215) 30702 trim_res_array_rn_2_fL
GNDA (8.730, 6.460) 30702 trim_res_array_rn_2_fL
P2 (4.630, 36.155) 30702 trim_res_rnpolyn_2_fL
P1 (9.130, 0.360) 30702 trim_res_rnpolyn_2_fL
GNDA (2.590, -0.385) 30702 trim_res_rnpolyn_2_fL
VDDA (0.875, 0.505) 30702 mux8_1p_fL
A7 (17.005, 11.210) 30702 mux8_1p_fL
A6 (14.765, 11.210) 30702 mux8_1p_fL
A5 (12.525, 11.210) 30702 mux8_1p_fL
A4 (10.285, 11.210) 30702 mux8_1p_fL
A3 (8.045, 11.210) 30702 mux8_1p_fL
A2 (5.805, 11.210) 30702 mux8_1p_fL
A1 (3.565, 11.210) 30702 mux8_1p_fL
A0 (1.325, 11.210) 30702 mux8_1p_fL
IN7 (16.335, 5.940) 30712 mux8_1p_fL
IN6 (14.095, 5.940) 30712 mux8_1p_fL
IN5 (11.855, 5.940) 30712 mux8_1p_fL
IN4 (9.615, 5.940) 30712 mux8_1p_fL
IN3 (7.375, 5.940) 30712 mux8_1p_fL
IN2 (5.135, 5.940) 30712 mux8_1p_fL
IN1 (2.895, 5.940) 30712 mux8_1p_fL
IN0 (0.655, 5.940) 30712 mux8_1p_fL
COM (9.165, 0.605) 30712 mux8_1p_fL
S (1.160, 6.245) 30722 mux2_1_fL
IN1 (1.990, 4.110) 30722 mux2_1_fL
IN0 (7.940, 3.655) 30722 mux2_1_fL
COM (5.075, 8.220) 30722 mux2_1_fL
VDDA (2.550, 9.140) 30702 mux2_1_fL
GNDA (2.470, 0.310) 30702 mux2_1_fL
VSS (34.200, -0.200) 30702 3to8DeMuxSel
VSS (32.600, -0.200) 30702 3to8DeMuxSel
VSS (30.600, -0.200) 30702 3to8DeMuxSel
VSS (29.000, -0.200) 30702 3to8DeMuxSel
VSS (27.000, -0.200) 30702 3to8DeMuxSel
VSS (25.400, -0.200) 30702 3to8DeMuxSel
VSS (22.200, -0.200) 30702 3to8DeMuxSel
VSS (19.800, -0.200) 30702 3to8DeMuxSel
VSS (17.800, -0.200) 30702 3to8DeMuxSel
VSS (13.800, -0.200) 30702 3to8DeMuxSel
VSS (11.800, -0.200) 30702 3to8DeMuxSel
VSS (9.800, -0.200) 30702 3to8DeMuxSel
VSS (7.800, -0.200) 30702 3to8DeMuxSel
VSS (3.100, -0.010) 30702 3to8DeMuxSel
VDD (34.200, 3.000) 30702 3to8DeMuxSel
VDD (32.600, 3.000) 30702 3to8DeMuxSel
VDD (30.600, 3.000) 30702 3to8DeMuxSel
VDD (29.000, 3.000) 30702 3to8DeMuxSel
VDD (27.000, 3.000) 30702 3to8DeMuxSel
VDD (25.400, 3.000) 30702 3to8DeMuxSel
VDD (22.200, 3.000) 30702 3to8DeMuxSel
VDD (19.800, 3.000) 30702 3to8DeMuxSel
VDD (17.800, 3.000) 30702 3to8DeMuxSel
VDD (13.800, 3.000) 30702 3to8DeMuxSel
VDD (11.800, 3.000) 30702 3to8DeMuxSel
VDD (9.800, 3.000) 30702 3to8DeMuxSel
VDD (7.800, 3.000) 30702 3to8DeMuxSel
VDD (1.070, 2.780) 30702 3to8DeMuxSel
S (0.270, 1.230) 30712 3to8DeMuxSel
D7 (36.625, 1.515) 30712 3to8DeMuxSel
D6 (33.255, 2.375) 30712 3to8DeMuxSel
D5 (29.595, 2.375) 30712 3to8DeMuxSel
D4 (26.420, 2.375) 30712 3to8DeMuxSel
D3 (17.090, 2.375) 30712 3to8DeMuxSel
D2 (11.205, 2.375) 30712 3to8DeMuxSel
D1 (10.455, 2.375) 30712 3to8DeMuxSel
D0 (1.845, 1.585) 30712 3to8DeMuxSel
A2 (22.565, 0.535) 30712 3to8DeMuxSel
A1 (14.275, 1.110) 30712 3to8DeMuxSel
A0 (3.470, 0.365) 30712 3to8DeMuxSel
VSS (0.600, -0.200) 30702 NA3
VDD (0.600, 3.000) 30702 NA3
Out (1.400, 1.000) 30702 NA3
C (1.800, 2.200) 30702 NA3
B (1.000, 0.600) 30702 NA3
A (0.200, 2.200) 30702 NA3
VSS (0.600, -0.200) 30702 IN
VDD (0.600, 3.000) 30702 IN
Out (0.600, 1.800) 30702 IN
A (0.200, 1.400) 30702 IN
VSS (0.600, -0.200) 30702 NO2
VDD (0.600, 3.000) 30702 NO2
Out (1.000, 1.400) 30702 NO2
B (1.000, 2.200) 30702 NO2
A (0.200, 1.400) 30702 NO2
VSS (0.600, -0.200) 30702 Tsw
VDD (0.600, 3.000) 30702 Tsw
S (0.200, 1.335) 30702 Tsw
Out (3.275, 1.630) 30702 Tsw
In (2.195, 1.565) 30702 Tsw
OUT2 (4.765, 1.780) 30702 LS3
OUT1 (4.715, 5.060) 30702 LS3
OUT0 (4.765, 8.180) 30702 LS3
IN2 (1.230, 0.870) 30702 LS3
IN1 (1.230, 5.960) 30702 LS3
IN0 (1.230, 7.270) 30702 LS3
GNDD (0.330, 0.430) 30702 LS3
GNDA (6.280, 0.510) 30702 LS3
VDDD (1.315, 3.435) 30712 LS3
VDDA (5.005, 3.425) 30712 LS3
VDDD (0.645, 3.245) 30702 LS2
VDDA (4.250, 3.260) 30702 LS2
OUT1 (4.290, 4.885) 30702 LS2
OUT0 (4.295, 1.615) 30702 LS2
IN1 (0.430, 5.790) 30702 LS2
IN0 (0.435, 0.705) 30702 LS2
GNDD (0.880, 0.255) 30702 LS2
GNDA (2.555, 0.245) 30702 LS2
VSSD (0.400, 0.000) 30702 LS
VSS (2.325, 0.000) 30702 LS
VDDD (0.410, 2.810) 30702 LS
VDD (4.005, 2.795) 30702 LS
OUTN (2.360, 1.960) 30702 LS
OUT (4.065, 1.365) 30702 LS
IN (0.205, 0.455) 30702 LS
VREF (167.990, 119.515) 30722 BG_TRIM_4_fL
TRIM_OUT<7> (183.065, 28.230) 30722 BG_TRIM_4_fL
TRIM_OUT<6> (183.585, 28.305) 30722 BG_TRIM_4_fL
TRIM_OUT<5> (184.025, 28.440) 30722 BG_TRIM_4_fL
TRIM_OUT<4> (184.615, 28.210) 30722 BG_TRIM_4_fL
TRIM_OUT<3> (185.075, 28.205) 30722 BG_TRIM_4_fL
TRIM_OUT<2> (185.530, 28.400) 30722 BG_TRIM_4_fL
TRIM_OUT<1> (186.000, 28.405) 30722 BG_TRIM_4_fL
TRIM_OUT<0> (186.555, 28.380) 30722 BG_TRIM_4_fL
PRN (614.670, 10.105) 30722 BG_TRIM_4_fL
BIAS (30.855, 12.660) 30722 BG_TRIM_4_fL
VDDA (29.495, 121.120) 30702 BG_TRIM_4_fL
GNDA (17.930, 2.425) 30702 BG_TRIM_4_fL
TRIM_SL<7> (157.060, 18.910) 30712 BG_TRIM_4_fL
TRIM_SL<6> (156.660, 18.910) 30712 BG_TRIM_4_fL
TRIM_SL<5> (156.260, 18.910) 30712 BG_TRIM_4_fL
TRIM_SL<4> (155.860, 18.910) 30712 BG_TRIM_4_fL
TRIM_SL<3> (155.460, 18.910) 30712 BG_TRIM_4_fL
TRIM_SL<2> (155.060, 18.910) 30712 BG_TRIM_4_fL
TRIM_SL<1> (154.660, 18.910) 30712 BG_TRIM_4_fL
TRIM_SL<0> (154.260, 18.910) 30712 BG_TRIM_4_fL
EN (22.905, 6.085) 30712 BG_TRIM_4_fL
GNDA (2.675, 100.215) 30702 BG_PNP_array
B (5.525, 96.990) 30712 BG_PNP_array
A (68.960, 54.780) 30712 BG_PNP_array
S7 (72.295, 1.280) 30702 trim_res_bg_sl_fL
S6 (71.920, 12.050) 30702 trim_res_bg_sl_fL
S5 (70.795, 1.265) 30702 trim_res_bg_sl_fL
S4 (70.045, 12.050) 30702 trim_res_bg_sl_fL
S3 (69.295, 1.270) 30702 trim_res_bg_sl_fL
S2 (68.545, 12.050) 30702 trim_res_bg_sl_fL
S1 (67.795, 1.270) 30702 trim_res_bg_sl_fL
S0 (67.420, 12.050) 30702 trim_res_bg_sl_fL
REF (0.355, 0.350) 30702 trim_res_bg_sl_fL
P2 (72.670, 12.050) 30702 trim_res_bg_sl_fL
P1 (2.170, 1.270) 30702 trim_res_bg_sl_fL
S7 (5.915, 12.045) 30702 trim_res_bg_2_fL
S6 (13.415, 1.265) 30702 trim_res_bg_2_fL
S5 (13.415, 12.045) 30702 trim_res_bg_2_fL
S4 (17.165, 1.265) 30702 trim_res_bg_2_fL
S3 (20.915, 12.045) 30702 trim_res_bg_2_fL
S2 (24.665, 1.265) 30702 trim_res_bg_2_fL
S1 (28.415, 12.045) 30702 trim_res_bg_2_fL
S0 (32.165, 1.265) 30702 trim_res_bg_2_fL
REF (0.770, 0.325) 30702 trim_res_bg_2_fL
P2 (5.915, 1.265) 30702 trim_res_bg_2_fL
P1 (2.165, 12.665) 30702 trim_res_bg_2_fL
BIAS (22.075, 42.730) 30722 BG_STARTUP_fL2
VDDA (4.225, 54.520) 30702 BG_STARTUP_fL2
GNDA (11.925, 1.625) 30702 BG_STARTUP_fL2
VREF (10.115, 26.430) 30712 BG_STARTUP_fL2
PRN_TRIGGER (7.400, 13.420) 30712 BG_STARTUP_fL2
PRN (54.260, 6.355) 30712 BG_STARTUP_fL2
PDN (9.770, 49.345) 30712 BG_STARTUP_fL2
PD (16.775, 7.280) 30712 BG_STARTUP_fL2
A7 (17.420, 11.730) 30722 mux8_1_fL
A6 (15.210, 11.735) 30722 mux8_1_fL
A5 (13.010, 11.740) 30722 mux8_1_fL
A4 (10.805, 11.740) 30722 mux8_1_fL
A3 (8.615, 11.730) 30722 mux8_1_fL
A2 (6.415, 11.725) 30722 mux8_1_fL
A1 (4.220, 11.730) 30722 mux8_1_fL
A0 (2.010, 11.730) 30722 mux8_1_fL
GNDA (5.045, 0.325) 30702 mux8_1_fL
IN7 (18.085, 12.800) 30712 mux8_1_fL
IN6 (15.885, 12.805) 30712 mux8_1_fL
IN5 (13.685, 12.805) 30712 mux8_1_fL
IN4 (11.485, 12.810) 30712 mux8_1_fL
IN3 (9.285, 12.805) 30712 mux8_1_fL
IN2 (7.085, 12.800) 30712 mux8_1_fL
IN1 (4.885, 12.795) 30712 mux8_1_fL
IN0 (2.685, 12.795) 30712 mux8_1_fL
COM (8.620, 0.790) 30712 mux8_1_fL
IOUT2 (63.575, 43.585) 30722 CONSTANT_GM_2_fL
IOUT1 (63.565, 58.365) 30722 CONSTANT_GM_2_fL
VDDA (5.740, 104.970) 30702 CONSTANT_GM_2_fL
GNDA (5.515, 2.855) 30702 CONSTANT_GM_2_fL
EN (3.585, 9.335) 30712 CONSTANT_GM_2_fL

Texts For SELECT -LABEL ...
========================================================================

Texts For EXPAND_TEXT_ORIGIN ...
========================================================================

Texts For DFM_TEXT ...
========================================================================

Texts For Device Text Model Layer ...
========================================================================

Texts For Device Text Property Layer ...
========================================================================

Layer Summary(Texts For Connectivity):
----------------------------------------------------------------------------
    LAYER                        ID       TEXTS
----------------------------------------------------------------------------
METAL1_pin_txt                30702       176
METAL2_pin_txt                30712       127
METAL3_pin_txt                30722        35
----------------------------------------------------------------------------

Layer Summary(Texts For SELECT -LABEL):
----------------------------------------------------------------------------
    LAYER                        ID       TEXTS
----------------------------------------------------------------------------
----------------------------------------------------------------------------

Layer Summary(Texts For EXPAND_TEXT_ORIGIN):
----------------------------------------------------------------------------
    LAYER                        ID       TEXTS
----------------------------------------------------------------------------
----------------------------------------------------------------------------

Layer Summary(Texts For DFM_TEXT):
----------------------------------------------------------------------------
    LAYER                        ID       TEXTS
----------------------------------------------------------------------------
----------------------------------------------------------------------------

########################################################################
Preparing Hierarchical Database ...
########################################################################

Constructing Hierarchical Database ...
========================================================================

    7 duplicated instances of M1_M2_CDNS_7858497504614 in mux8_1_fL are removed.
    2 duplicated instances of pnp5ux5u_CDNS_78584975046101 in BG_PNP_array are removed.
    ArrayInstContact_CDNS_78584975046147 is expanded.
    RectC_CDNS_78584975046148 is expanded.
    AbutContact_CDNS_7858497504646 is expanded.
    AbutContact_CDNS_785849750466 is expanded.
    M2_M3_CDNS_7858497504611 is expanded.
    M1_M2_CDNS_7858497504660 is expanded.
    Contact_CDNS_7858497504637 is expanded.
    PG_M1_CDNS_7858497504682 is expanded.
    AbutContact_CDNS_7858497504656 is expanded.
    Contact_CDNS_7858497504663 is expanded.
    AbutContact_CDNS_7858497504665 is expanded.
    AbutContact_CDNS_7858497504667 is expanded.
    Contact_CDNS_7858497504689 is expanded.
    Contact_CDNS_78584975046103 is expanded.
    Contact_CDNS_78584975046143 is expanded.
    M1_M2_CDNS_785849750460 is expanded.
    M1_M2_CDNS_785849750461 is expanded.
    M1_M2_CDNS_785849750462 is expanded.
    M1_M2_CDNS_785849750466 is expanded.
    M2_M3_CDNS_7858497504627 is expanded.
    M1_M2_CDNS_7858497504635 is expanded.
    M1_M2_CDNS_7858497504644 is expanded.
    M2_M3_CDNS_7858497504646 is expanded.
    M2_M3_CDNS_7858497504647 is expanded.
    M2_M3_CDNS_7858497504648 is expanded.
    M2_M3_CDNS_7858497504652 is expanded.
    M1_M2_CDNS_7858497504653 is expanded.
    M1_M2_CDNS_7858497504656 is expanded.
    M2_M3_CDNS_7858497504657 is expanded.
    M1_M2_CDNS_7858497504658 is expanded.
    M2_M3_CDNS_7858497504663 is expanded.
    M2_M3_CDNS_7858497504665 is expanded.
    M2_M3_CDNS_7858497504667 is expanded.
    M5_MF_CDNS_7858497504668 is expanded.
    M4_M5_CDNS_7858497504669 is expanded.
    M3_M4_CDNS_7858497504670 is expanded.
    M2_M3_CDNS_7858497504671 is expanded.
    M5_MF_CDNS_7858497504672 is expanded.
    M4_M5_CDNS_7858497504673 is expanded.
    M3_M4_CDNS_7858497504674 is expanded.
    M4_M5_CDNS_7858497504675 is expanded.
    M3_M4_CDNS_7858497504676 is expanded.
    M2_M3_CDNS_7858497504677 is expanded.
    M1_M2_CDNS_7858497504678 is expanded.
    M1_M2_CDNS_7858497504679 is expanded.
    M1_M2_CDNS_7858497504681 is expanded.
    M2_M3_CDNS_7858497504688 is expanded.
    M2_M3_CDNS_7858497504689 is expanded.
    M1_M2_CDNS_7858497504690 is expanded.
    M2_M3_CDNS_7858497504691 is expanded.
    M1_M2_CDNS_7858497504692 is expanded.
    M1_M2_CDNS_7858497504693 is expanded.
    rnpolyh_CDNS_7858497504672 is expanded.
    rnpolym_CDNS_78584975046124 is expanded.
    AbutContact_CDNS_7858497504631 is expanded.
    AbutContact_CDNS_7858497504643 is expanded.
    AbutContact_CDNS_7858497504682 is expanded.
    Contact_CDNS_7858497504686 is expanded.
    AbutContact_CDNS_7858497504687 is expanded.
    Contact_CDNS_78584975046136 is expanded.
    AbutContact_CDNS_78584975046137 is expanded.
    Contact_CDNS_78584975046145 is expanded.
Time: cpu=0.00/0.10  real=0.00/0.16  Memory: 20.39/20.50/20.50  peak=21.51


  REORGANIZE HIERARCHIES (1)...

Time: cpu=0.00/0.10  real=0.00/0.16  Memory: 20.39/20.50/20.50  peak=21.51

  REORGANIZE HIERARCHIES (2)...

Time: cpu=0.00/0.10  real=0.00/0.16  Memory: 20.39/20.50/20.50  peak=21.51


Cell Summary:
----------------------------------------------------------------------------
    CELL                                    INSTANCE    GEOMETRY      LABELS        HREF        FREF
----------------------------------------------------------------------------
M2_M3_CDNS_785849750463                            0           4           0          50          50
M2_M3_CDNS_785849750464                            0           4           0          61          61
M2_M3_CDNS_785849750465                            0           4           0          54          54
M1_M2_CDNS_785849750467                            0           4           0         157         197
M2_M3_CDNS_785849750468                            0          14           0           4           4
M1_M2_CDNS_785849750469                            0           4           0          14          14
M2_M3_CDNS_7858497504610                           0           4           0           9           9
M2_M3_CDNS_7858497504612                           0           6           0           8           8
M2_M3_CDNS_7858497504613                           0           6           0          13          13
M1_M2_CDNS_7858497504614                           0           6           0          75         105
M2_M3_CDNS_7858497504615                           0           6           0          14          38
M1_M2_CDNS_7858497504616                           0           6           0          51          51
M1_M2_CDNS_7858497504617                           0           6           0           5           5
M2_M3_CDNS_7858497504618                           0           8           0         276         276
M1_M2_CDNS_7858497504619                           0           5           0          10          10
M1_M2_CDNS_7858497504620                           0           5           0          46          46
M2_M3_CDNS_7858497504621                           0          18           0           8           8
M1_M2_CDNS_7858497504622                           0          14           0           3           3
M2_M3_CDNS_7858497504623                           0          11           0           6           6
M1_M2_CDNS_7858497504624                           0          11           0           7           7
M2_M3_CDNS_7858497504625                           0           5           0          16          16
M2_M3_CDNS_7858497504626                           0           5           0           7           7
M1_M2_CDNS_7858497504628                           0          82           0           2           2
M1_M2_CDNS_7858497504629                           0          10           0           3           3
M2_M3_CDNS_7858497504630                           0          10           0           3           3
Contact_CDNS_785849750463                          0           5           0           9          32
Contact_CDNS_785849750467                          0           5           0          14          74
Contact_CDNS_7858497504618                         0           8           0          17          37
AbutContact_CDNS_7858497504620                     0           8           0           3           4
AbutContact_CDNS_7858497504622                     0           8           0           7          27
PG_M1_CDNS_7858497504631                           0           6           0          22          22
M1_M2_CDNS_7858497504632                           0           8           0           4          10
M1_M2_CDNS_7858497504633                           0           8           0           4           4
M2_M3_CDNS_7858497504634                           0          26           0           4           4
M2_M3_CDNS_7858497504636                           0          62           0           2           2
M2_M3_CDNS_7858497504637                           0          42           0           2           2
Contact_CDNS_785849750461                          0          35           0          37         421
Contact_CDNS_785849750462                          0          30           0          29         403
AbutContact_CDNS_785849750464                      0          12           0           4         139
nmos1v2hvt_4_CDNS_785849750460                     5          19           0           4           4
nmos1v2hvt_4_CDNS_785849750465                     2          22           0          13          13
Contact_CDNS_785849750469                          0          18           0           3          82
AbutContact_CDNS_7858497504610                     0          38           0           2           4
nmos1v2hvt_4_CDNS_785849750468                     6          20           0           2           2
Contact_CDNS_7858497504612                         0          10           0           2          16
AbutContact_CDNS_7858497504613                     0          22           0           2          16
pmos1v2hvt_4_CDNS_7858497504611                    5          18           0           4           4
AbutContact_CDNS_7858497504615                     0           7           0           6          19
pmos1v2hvt_4_CDNS_7858497504614                    3          14           0           2           2
nmos1v2hvt_4_CDNS_7858497504616                    4          18           0           3           3
pmos1v2hvt_4_CDNS_7858497504617                    3          14           0           9           9
nmos1v2hvt_4_CDNS_7858497504619                    3          15           0           1           1
pmos1v2hvt_4_CDNS_7858497504621                    3          14           0           1           1
Contact_CDNS_7858497504624                         0          68           0           4         144
Contact_CDNS_7858497504625                         0          49           0           1           8
ncap1v2hvt_CDNS_7858497504623                      3          19           0           8           8
Contact_CDNS_7858497504627                         0           4           0         152        1826
MASCO__Y3                                          5           0           0          40          70
rnpolym_CDNS_7858497504626                        30         531           0           2           2
pmos1v2hvt_4_CDNS_7858497504628                    6          19           0          12          12
Contact_CDNS_7858497504630                         0          37           0           1           2
pmos1v2hvt_4_CDNS_7858497504629                   11         115           0           2           2
CONSTANT_GM_2_fL                                  77        2114           5           1           1
M1_M2_CDNS_7858497504664                           0           8           0           5           5
M1_M2_CDNS_7858497504638                           0           5           0           8           8
M1_M2_CDNS_7858497504639                           0          17           0           8           8
M1_M2_CDNS_7858497504640                           0           7           0           7           7
M1_M2_CDNS_7858497504641                           0           4           0          60          60
M1_M2_CDNS_7858497504642                           0          10           0          30          30
M2_M3_CDNS_7858497504643                           0          42           0          24          24
PG_M1_CDNS_7858497504645                           0          10           0           1           1
M1_M2_CDNS_7858497504649                           0          14           0           8           8
PG_M1_CDNS_7858497504650                           0           4           0           8          24
M2_M3_CDNS_7858497504651                           0          14           0           2           2
M1_M2_CDNS_7858497504654                           0           5           0           4           4
M1_M2_CDNS_7858497504655                           0          32           0           2           2
M2_M3_CDNS_7858497504659                           0           8           0          57          57
M1_M2_CDNS_7858497504661                           0           8           0          12          12
M2_M3_CDNS_7858497504662                           0          26           0           3           3
M1_M2_CDNS_7858497504666                           0          10           0           2           2
cmims_CDNS_7858497504632                           0         364           0          10          10
AbutContact_CDNS_7858497504634                     0          38           0           3         112
pmos1v2hvt_4_CDNS_7858497504633                    4          17           0          16          16
rnpolyh_CDNS_7858497504635                         2          11           0           4           6
nmos1v2hvt_4_CDNS_7858497504636                    4          23           0           8          32
mux8_1_fL                                         24         232          18           4           4
rnpolyh_CDNS_7858497504638                        10         179           0           1           1
Contact_CDNS_7858497504641                         0          15           0           3          18
Contact_CDNS_7858497504650                         0          15           0          17          73
Contact_CDNS_7858497504651                         0          13           0          15          69
AbutContact_CDNS_7858497504652                     0          18           0           3          26
nmos1v2hvt_4_CDNS_7858497504649                    6          20           0           5           5
M2_M3_CDNS_7858497504680                           0           8           0          12          12
Contact_CDNS_7858497504640                         0          28           0          13          87
Contact_CDNS_7858497504642                         0          25           0          11          83
pmos1v2hvt_4_CDNS_7858497504639                    5          37           0           5           5
Contact_CDNS_7858497504645                         0           3           0           2           4
nmos1v2hvt_4_CDNS_7858497504644                    3          24           0           2           2
Contact_CDNS_7858497504648                         0          35           0           2          34
nmos1v2hvt_4_CDNS_7858497504647                    4          18           0           2           2
Contact_CDNS_7858497504654                         0           3           0           3           6
pmos1v2hvt_4_CDNS_7858497504653                    4          17           0           1           1
pmos1v2hvt_4_CDNS_7858497504655                    3          23           0           2           2
Contact_CDNS_7858497504658                         0           8           0           4         204
AbutContact_CDNS_7858497504659                     0          12           0           5         138
pmos1v2hvt_4_CDNS_7858497504657                    6          19           0          20          20
pmos1v2hvt_4_CDNS_7858497504660                    6          19           0           4           4
pmos1v2hvt_4_CDNS_7858497504661                    4          17           0           2           2
Contact_CDNS_7858497504664                         0           7           0           3           3
nmos1v2hvt_4_CDNS_7858497504662                    6          39           0           1           1
BG_STARTUP_fL2                                   136         258           8           1           1
nmos1v2hvt_4_CDNS_7858497504666                    2          20           0           1           1
rnpolyh_CDNS_7858497504668                        10          35           0           9           9
rnpolyh_CDNS_7858497504669                         4          17           0           2           2
MASCO__Y2                                         11           0           0           8           8
rnpolyh_CDNS_7858497504670                         8         312           0           1           1
rnpolyh_CDNS_7858497504671                         2          11           0          16          25
trim_res_bg_2_fL                                  19         442          11           1           1
MASCO__Y1                                         12           0           0          14          28
trim_res_bg_sl_fL                                 29        1202          11           2           2
Contact_CDNS_7858497504674                         0           4           0           2           2
pmos1v2hvt_4_CDNS_7858497504673                    3          14           0           1           1
Contact_CDNS_7858497504676                         0          18           0           2           4
pmos1v2hvt_4_CDNS_7858497504675                    3          14           0           2           2
Contact_CDNS_7858497504678                         0         135           0           6         168
pmos1v2hvt_4_CDNS_7858497504677                    4          17           0          64          64
Contact_CDNS_7858497504680                         0         116           0           4          40
Contact_CDNS_7858497504681                         0          19           0           1          16
pmos1v2hvt_4_CDNS_7858497504679                    5          49           0          16          16
Contact_CDNS_7858497504684                         0          12           0           1          13
nmos1v2hvt_4_CDNS_7858497504683                    6          20           0          13          13
pmos1v2hvt_4_CDNS_7858497504685                   22         143           0           3           3
Contact_CDNS_7858497504690                         0          59           0           2         128
nmos1v2hvt_4_CDNS_7858497504688                    5          26           0          64          64
Contact_CDNS_7858497504692                         0          38           0           3         266
Contact_CDNS_7858497504693                         0          27           0           3         266
Contact_CDNS_7858497504694                         0          24           0           6         532
AbutContact_CDNS_7858497504695                     0          20           0           6         532
AbutContact_CDNS_7858497504696                     0          23           0           6         532
AbutContact_CDNS_7858497504697                     0           3           0           6         532
AbutContact_CDNS_7858497504698                     0           3           0           6         532
Contact_CDNS_7858497504699                         0          24           0           6         532
pnp5ux5u_CDNS_7858497504691                       14          19           0           1           1
pnp5ux5u_CDNS_78584975046100                      14          19           0           1           1
pnp5ux5u_CDNS_78584975046101                      14          19           0          16         264
MASCO__A20                                         2           0           0           3         125
MASCO__B21                                         2           0           0           8          62
MASCO__A22                                         2           0           0          10          28
MASCO__B23                                         2           0           0          10          10
BG_PNP_array                                      41          34           3           1           1
pmos1v2hvt_4_CDNS_78584975046102                   5          23           0           4           4
BG_TRIM_4_fL                                     615        6442          22           1           1
LS                                                 0          85           7           6          18
LS2                                                2          11           8           2           2
LS3                                                7          24          10           4           4
Tsw                                                0          59           5           2           2
M1_M2_CDNS_7858497504683                           0           4           0          38         190
NO2                                                0          38           5           2          10
Contact_CDNS_78584975046105                        0           3           0           6          45
IN                                                 0          31           4           3          15
nmos1v2hvt_4_CDNS_78584975046106                   1          13           0           1           5
pmos1v2hvt_4_CDNS_78584975046107                   1          12           0           2          10
nmos1v2hvt_4_CDNS_78584975046108                   0          12           0           3          15
NA3                                                0          43           6           2          10
pmos1v2hvt_4_CDNS_78584975046109                   1          12           0           2          10
pmos1v2hvt_4_CDNS_78584975046110                   1          12           0           1           5
nmos1v2hvt_4_CDNS_78584975046111                   1          13           0           2          10
3to8DeMuxSel                                      71         587          40           5           5
M1_M2_CDNS_7858497504684                           0          13           0           2           2
M1_M2_CDNS_7858497504685                           0           7           0           2           2
M1_M2_CDNS_7858497504686                           0          12           0           2           2
M1_M2_CDNS_7858497504687                           0           6           0           2           2
pmos1v2hvt_4_CDNS_78584975046112                   4          17           0           2           2
nmos1v2hvt_4_CDNS_78584975046115                   4          18           0           2           2
M1_M2_CDNS_7858497504694                           0           7           0           6           8
pmos1v2hvt_4_CDNS_78584975046116                   6          19           0         112         112
pmos1v2hvt_4_CDNS_78584975046117                   4          17           0           1           1
rnpolym_CDNS_78584975046118                        4          20           0           1           1
rnpolym_CDNS_78584975046119                       44         160           0           1           1
rnpolym_CDNS_78584975046120                        2          13           0           4          58
rnpolym_CDNS_78584975046121                        8          34           0           1           1
rnpolym_CDNS_78584975046122                        2          13           0           8           8
pmos1v2hvt_4_CDNS_78584975046123                   6          19           0           8          16
mux8_1p_fL                                         8          17          18           2           2
trim_res_rnpolyn_2_fL                             26         119           3          14          28
trim_res_array_rn_2_fL                            16          78           7           2           2
pmos1v2hvt_4_CDNS_78584975046125                   4          17           0           1           1
IN2                                                0          38           4           8          16
inv8_fL                                            8           0          18           2           2
Contact_CDNS_78584975046127                        0          85           0           4          72
Contact_CDNS_78584975046128                        0          73           0           4          72
pmos1v2hvt_4_CDNS_78584975046126                   6          19           0          32          32
rnpolym_CDNS_78584975046129                       16          62           0           1           1
nmos1v2hvt_4_CDNS_78584975046130                   6          20           0           8           8
Contact_CDNS_78584975046132                        0          64           0           2         136
Contact_CDNS_78584975046133                        0          55           0           2         136
nmos1v2hvt_4_CDNS_78584975046131                   6          20           0          68          68
pmos1v2hvt_4_CDNS_78584975046134                   6          19           0           4           4
nmos1v2hvt_4_CDNS_78584975046135                   6          89           0           3           3
rnpolym_CDNS_78584975046138                        2          13           0           4           4
Contact_CDNS_78584975046140                        0          26           0           1           2
AbutContact_CDNS_78584975046141                    0          35           0           2           7
pmos1v2hvt_4_CDNS_78584975046139                  12          40           0           2           2
pmos1v2hvt_4_CDNS_78584975046142                   5          26           0           1           1
pmos1v2hvt_4_CDNS_78584975046144                  11          72           0           5           5
REF_V5_fLC                                       597        5723          57           1           1
LS1                                                1           5           6           2           2
dnppw1v2_CDNS_78584975046146                       0          11           0           1           1
REF_GEN_fL_2                                     351        3100          62           1           1
----------------------------------------------------------------------------
TOTAL CELL = 209;  INSTANCE = 2505;  GEOMETRY = 26058;  LABEL = 338

Layer Summary:
----------------------------------------------------------------------------
    LAYER                        ID       HPN      HTC        FPN       FTC
----------------------------------------------------------------------------
DIFF                         262144       392         0      8856         0
POLYG                        262145      1284         0      8870         0
METAL1fillCustom              18012         0         0         0         0
METAL2fillCustom              18112         0         0         0         0
METAL3fillCustom              18212         0         0         0         0
POLYDOPE                      10070        53         0       518         0
SALBLK                        10090        16         0       150         0
DNW                           10100         0         0         0         0
METAL4fillCustom              18312         0         0         0         0
NW3V3                         10130         0         0         0         0
PW3V3orig                     10140         0         0         0         0
NW1V2                         10170        92         0      1088         0
PW1V2orig                     10180        54         0      1489         0
METAL5fillCustom              18412         0         0         0         0
NLVT3V3                       10340         0         0         0         0
GOX1V2                        10400        98         0      1162         0
NEXT1V2                       10500        45         0       415         0
PEXT1V2                       10510        60         0       812         0
METALFfillCustom              18712         0         0         0         0
NEXT3V3                       10560         0         0         0         0
PEXT3V3                       10570         0         0         0         0
METALTfillCustom              18812         0         0         0         0
NPLUS                         10660       160         0      2396         0
PPLUS                         10670       128         0      2284         0
METAL1base                    10700      3458         0     20021         0
METAL1fill                    10703         0         0         0         0
METAL1slot                    10704         0         0         0         0
METAL2base                    10710      1793         0      5726         0
METAL2fill                    10713         0         0         0         0
METAL2slot                    10714         0         0         0         0
METAL3base                    10720       554         0      1191         0
METAL3fill                    10723         0         0         0         0
METAL3slot                    10724         0         0         0         0
METAL4base                    10730         6         0         6         0
METAL4fill                    10733         0         0         0         0
METAL4slot                    10734         0         0         0         0
METAL5base                    10740         7         0        16         0
METAL5fill                    10743         0         0         0         0
METAL5slot                    10744         0         0         0         0
METALFbase                    10770        10         0        73         0
METALFfill                    10773         0         0         0         0
METALFslot                    10774         0         0         0         0
METALTbase                    10780         0         0         0         0
METALTfill                    10783         0         0         0         0
METALTslot                    10784         0         0         0         0
CONT                          10800     13612         0    150989         0
VIA1                          10810      2921         0     50116         0
VIA2                          10820       561         0      4601         0
VIA3                          10830        41         0        41         0
VIA4                          10840        41         0        41         0
VIAF                          10870       374         0      3560         0
VIAT                          10880         0         0         0         0
MIMS                          10900         0         0         0         0
MIMS2                         10930         1         0        10         0
MIMS7                         10940         0         0         0         0
PSN                           11030         0         0         0         0
PSP                           11040         0         0         0         0
PSUB2                         11330         1         0        18         0
BJTmark                       11370         3         0       266         0
DIOmark                       11380         1         0         1         0
MIMmark                       11400         1         0        10         0
CAPmark                       11410         1         0         8         0
RESmark                       11420       290         0       913         0
RMET1mark                     11430         0         0         0         0
RMET2mark                     11440         0         0         0         0
RMET3mark                     11450         0         0         0         0
PW3V3blockGen                 11458         0         0         0         0
PW3V3makeGen                  11459         0         0         0         0
RMET4mark                     11460         0         0         0         0
RMET5mark                     11470         0         0         0         0
RMETFmark                     11500         0         0         0         0
CAPFlabel                     11501         0         0         0         0
RMETTmark                     11510         0         0         0         0
CAPFmark                      11520         0         0         0         0
VARmark                       11600         0         0         0         0
SEALRINGmark                  11620         0         0         0         0
ESDDIOmark                    11630         0         0         0         0
PROBEmark                     11720         0         0         0         0
TXFETmark                     11750         0         0         0         0
SLOTOX                        11810         0         0         0         0
BSMET                         11820         0         0         0         0
BSMET_pin_txt                 11822         0         0         0         0
SNN                           11850         0         0         0         0
PW1V2blockGen                 11858         0         0         0         0
PW1V2makeGen                  11859         0         0         0         0
ARRAYPW                       11860         0         0         0         0
PXL                           12710         0         0         0         0
MCEL                          12900         0         0         0         0
DIFF_pin_txt                  30012         0         0         0         0
POLYG_pin_txt                 30062         0         0         0         0
METAL1_pin_txt                30702         0       174         0       792
METAL2_pin_txt                30712         0       127         0       217
METAL3_pin_txt                30722         0        31         0        55
METAL4_pin_txt                30732         0         0         0         0
METAL5_pin_txt                30742         0         0         0         0
METALF_pin_txt                30772         0         0         0         0
METALT_pin_txt                30782         0         0         0         0
----------------------------------------------------------------------------
Time: cpu=0.00/0.10  real=0.00/0.16  Memory: 20.39/20.50/20.50  peak=21.51


Compacting Hierarchy Library ...
========================================================================
Time: cpu=0.00/0.10  real=0.00/0.16  Memory: 12.57/12.60/20.62  peak=21.51


Analyzing Cell Overlapings ...
========================================================================
Time: cpu=0.00/0.10  real=0.00/0.16  Memory: 12.57/12.61/16.62  peak=21.51


Merge Layers ...
========================================================================
    DIFF = OR DIFF
    generate layer DIFF, TYP = P, HPN = 178, FPN = 6759, HEN = 812, FEN = 27570

    POLYG = OR POLYG
    generate layer POLYG, TYP = P, HPN = 433, FPN = 4241, HEN = 2172, FEN = 19478

    POLYDOPE = OR POLYDOPE
    generate layer POLYDOPE, TYP = P, HPN = 41, FPN = 458, HEN = 170, FEN = 1844

    SALBLK = OR SALBLK
    generate layer SALBLK, TYP = P, HPN = 16, FPN = 150, HEN = 64, FEN = 600

    NW1V2 = OR NW1V2
    generate layer NW1V2, TYP = P, HPN = 68, FPN = 902, HEN = 282, FEN = 3686

    PW1V2orig = OR PW1V2orig
    generate layer PW1V2orig, TYP = P, HPN = 39, FPN = 1426, HEN = 188, FEN = 5778

    GOX1V2 = OR GOX1V2
    generate layer GOX1V2, TYP = P, HPN = 71, FPN = 999, HEN = 294, FEN = 4046

    NEXT1V2 = OR NEXT1V2
    generate layer NEXT1V2, TYP = P, HPN = 33, FPN = 355, HEN = 138, FEN = 1432

    PEXT1V2 = OR PEXT1V2
    generate layer PEXT1V2, TYP = P, HPN = 47, FPN = 747, HEN = 198, FEN = 3020

    NPLUS = OR NPLUS
    generate layer NPLUS, TYP = P, HPN = 132, FPN = 2218, HEN = 550, FEN = 8904

    PPLUS = OR PPLUS
    generate layer PPLUS, TYP = P, HPN = 100, FPN = 2153, HEN = 430, FEN = 8676

    METAL1base = OR METAL1base
    generate layer METAL1base, TYP = P, HPN = 1190, FPN = 14686, HEN = 8854, FEN = 69030

    METAL2base = OR METAL2base
    generate layer METAL2base, TYP = P, HPN = 953, FPN = 4878, HEN = 5764, FEN = 22690

    METAL3base = OR METAL3base
    generate layer METAL3base, TYP = P, HPN = 189, FPN = 826, HEN = 1422, FEN = 3970

    METAL4base = OR METAL4base
    generate layer METAL4base, TYP = P, HPN = 3, FPN = 3, HEN = 12, FEN = 12

    METAL5base = OR METAL5base
    generate layer METAL5base, TYP = P, HPN = 14, FPN = 24, HEN = 58, FEN = 98

    METALFbase = OR METALFbase
    generate layer METALFbase, TYP = P, HPN = 2, FPN = 11, HEN = 24, FEN = 96

    CONT = OR CONT
    generate layer CONT, TYP = P, HPN = 13611, FPN = 150971, HEN = 54444, FEN = 603884

    VIA1 = OR VIA1
    generate layer VIA1, TYP = P, HPN = 2921, FPN = 50116, HEN = 11684, FEN = 200464

    VIA2 = OR VIA2
    generate layer VIA2, TYP = P, HPN = 561, FPN = 4601, HEN = 2244, FEN = 18404

    VIA3 = OR VIA3
    generate layer VIA3, TYP = P, HPN = 41, FPN = 41, HEN = 164, FEN = 164

    VIA4 = OR VIA4
    generate layer VIA4, TYP = P, HPN = 41, FPN = 41, HEN = 164, FEN = 164

    VIAF = OR VIAF
    generate layer VIAF, TYP = P, HPN = 374, FPN = 3560, HEN = 1496, FEN = 14240

    MIMS2 = OR MIMS2
    generate layer MIMS2, TYP = P, HPN = 1, FPN = 10, HEN = 4, FEN = 40

    PSUB2 = OR PSUB2
    generate layer PSUB2, TYP = P, HPN = 1, FPN = 18, HEN = 4, FEN = 72

    BJTmark = OR BJTmark
    generate layer BJTmark, TYP = P, HPN = 3, FPN = 266, HEN = 12, FEN = 1064

    DIOmark = OR DIOmark
    generate layer DIOmark, TYP = P, HPN = 1, FPN = 1, HEN = 4, FEN = 4

    MIMmark = OR MIMmark
    generate layer MIMmark, TYP = P, HPN = 1, FPN = 10, HEN = 4, FEN = 40

    CAPmark = OR CAPmark
    generate layer CAPmark, TYP = P, HPN = 2, FPN = 16, HEN = 12, FEN = 96

    RESmark = OR RESmark
    generate layer RESmark, TYP = P, HPN = 290, FPN = 913, HEN = 1160, FEN = 3652

Time: cpu=0.03/0.13  real=0.03/0.19  Memory: 12.36/12.84/20.88  peak=21.51

Time: cpu=0.00/0.13  real=0.00/0.19  Memory: 12.36/12.84/12.84  peak=21.51


########################################################################
Execute Operations ...
########################################################################


operation group: 1/234
    CHIP = EXTENT
========================================================================
    generate layer CHIP, TYP = P, HPN = 118, FPN = 4198, HEN = 1506, FEN = 25566
Time: cpu=0.00/0.14  real=0.00/0.20  Memory: 12.36/12.60/22.05  peak=22.05



operation group: 2/234
    _EPTMPL262146 = OR METAL1base METAL1fill METAL1fillCustom
========================================================================
    generate layer _EPTMPL262146, TYP = P, HPN = 1190, FPN = 14686, HEN = 8854, FEN = 69030
Time: cpu=0.00/0.14  real=0.00/0.20  Memory: 12.36/12.60/12.60  peak=22.05

    delete layer METAL1base
    delete layer METAL1fill
    delete layer METAL1fillCustom


operation group: 3/234
    METAL1 = NOT _EPTMPL262146 METAL1slot
========================================================================
    generate layer METAL1, TYP = P, HPN = 1190, FPN = 14686, HEN = 8854, FEN = 69030
Time: cpu=0.00/0.14  real=0.00/0.20  Memory: 12.36/12.60/12.60  peak=22.05

    delete layer _EPTMPL262146
    delete layer METAL1slot


operation group: 4/234
    RMET1a = AND METAL1 RMET1mark
========================================================================
    generate layer RMET1a, TYP = P, HPN = 0, FPN = 0, HEN = 0, FEN = 0
Time: cpu=0.00/0.14  real=0.00/0.20  Memory: 12.36/12.60/12.60  peak=22.05

    delete layer RMET1mark


operation group: 5/234
    METAL1a = NOT METAL1 RMET1a
========================================================================
    generate layer METAL1a, TYP = P, HPN = 1190, FPN = 14686, HEN = 8854, FEN = 69030
Time: cpu=0.00/0.14  real=0.00/0.20  Memory: 12.36/12.60/12.60  peak=22.05

    delete layer METAL1


operation group: 6/234
    _EPTMPL262148 = OR METAL2base METAL2fill METAL2fillCustom
========================================================================
    generate layer _EPTMPL262148, TYP = P, HPN = 953, FPN = 4878, HEN = 5764, FEN = 22690
Time: cpu=0.00/0.14  real=0.00/0.20  Memory: 12.36/12.60/12.60  peak=22.05

    delete layer METAL2base
    delete layer METAL2fill
    delete layer METAL2fillCustom


operation group: 7/234
    METAL2 = NOT _EPTMPL262148 METAL2slot
========================================================================
    generate layer METAL2, TYP = P, HPN = 953, FPN = 4878, HEN = 5764, FEN = 22690
Time: cpu=0.00/0.14  real=0.00/0.20  Memory: 12.36/12.60/12.60  peak=22.05

    delete layer _EPTMPL262148
    delete layer METAL2slot


operation group: 8/234
    RMET2a = AND METAL2 RMET2mark
========================================================================
    generate layer RMET2a, TYP = P, HPN = 0, FPN = 0, HEN = 0, FEN = 0
Time: cpu=0.00/0.14  real=0.00/0.20  Memory: 12.36/12.60/12.60  peak=22.05

    delete layer RMET2mark


operation group: 9/234
    METAL2a = NOT METAL2 RMET2a
========================================================================
    generate layer METAL2a, TYP = P, HPN = 953, FPN = 4878, HEN = 5764, FEN = 22690
Time: cpu=0.00/0.14  real=0.00/0.20  Memory: 12.36/12.60/12.60  peak=22.05



operation group: 10/234
    _EPTMPL262150 = OR METAL3base METAL3fill METAL3fillCustom
========================================================================
    generate layer _EPTMPL262150, TYP = P, HPN = 189, FPN = 826, HEN = 1422, FEN = 3970
Time: cpu=0.00/0.14  real=0.00/0.20  Memory: 12.36/12.60/12.60  peak=22.05

    delete layer METAL3base
    delete layer METAL3fill
    delete layer METAL3fillCustom


operation group: 11/234
    METAL3 = NOT _EPTMPL262150 METAL3slot
========================================================================
    generate layer METAL3, TYP = P, HPN = 189, FPN = 826, HEN = 1422, FEN = 3970
Time: cpu=0.00/0.14  real=0.00/0.20  Memory: 12.36/12.60/12.60  peak=22.05

    delete layer _EPTMPL262150
    delete layer METAL3slot


operation group: 12/234
    RMET3a = AND METAL3 RMET3mark
========================================================================
    generate layer RMET3a, TYP = P, HPN = 0, FPN = 0, HEN = 0, FEN = 0
Time: cpu=0.00/0.14  real=0.00/0.20  Memory: 12.36/12.60/12.60  peak=22.05

    delete layer RMET3mark


operation group: 13/234
    METAL3a = NOT METAL3 RMET3a
========================================================================
    generate layer METAL3a, TYP = P, HPN = 189, FPN = 826, HEN = 1422, FEN = 3970
Time: cpu=0.00/0.14  real=0.00/0.20  Memory: 12.36/12.60/12.60  peak=22.05



operation group: 14/234
    _EPTMPL262152 = OR METAL4base METAL4fill METAL4fillCustom
========================================================================
    generate layer _EPTMPL262152, TYP = P, HPN = 3, FPN = 3, HEN = 12, FEN = 12
Time: cpu=0.00/0.14  real=0.00/0.20  Memory: 12.36/12.60/12.60  peak=22.05

    delete layer METAL4base
    delete layer METAL4fill
    delete layer METAL4fillCustom


operation group: 15/234
    METAL4 = NOT _EPTMPL262152 METAL4slot
========================================================================
    generate layer METAL4, TYP = P, HPN = 3, FPN = 3, HEN = 12, FEN = 12
Time: cpu=0.00/0.14  real=0.00/0.20  Memory: 12.36/12.60/12.60  peak=22.05

    delete layer _EPTMPL262152
    delete layer METAL4slot


operation group: 16/234
    RMET4a = AND METAL4 RMET4mark
========================================================================
    generate layer RMET4a, TYP = P, HPN = 0, FPN = 0, HEN = 0, FEN = 0
Time: cpu=0.00/0.14  real=0.00/0.20  Memory: 12.36/12.60/12.60  peak=22.05

    delete layer RMET4mark


operation group: 17/234
    METAL4a = NOT METAL4 RMET4a
========================================================================
    generate layer METAL4a, TYP = P, HPN = 3, FPN = 3, HEN = 12, FEN = 12
Time: cpu=0.00/0.14  real=0.00/0.20  Memory: 12.36/12.60/12.60  peak=22.05

    delete layer METAL4


operation group: 18/234
    _EPTMPL262154 = OR METAL5base METAL5fill METAL5fillCustom
========================================================================
    generate layer _EPTMPL262154, TYP = P, HPN = 14, FPN = 24, HEN = 58, FEN = 98
Time: cpu=0.00/0.14  real=0.00/0.20  Memory: 12.36/12.60/12.60  peak=22.05

    delete layer METAL5base
    delete layer METAL5fill
    delete layer METAL5fillCustom


operation group: 19/234
    METAL5 = NOT _EPTMPL262154 METAL5slot
========================================================================
    generate layer METAL5, TYP = P, HPN = 14, FPN = 24, HEN = 58, FEN = 98
Time: cpu=0.00/0.14  real=0.00/0.20  Memory: 12.36/12.60/12.60  peak=22.05

    delete layer _EPTMPL262154
    delete layer METAL5slot


operation group: 20/234
    RMET5a = AND METAL5 RMET5mark
========================================================================
    generate layer RMET5a, TYP = P, HPN = 0, FPN = 0, HEN = 0, FEN = 0
Time: cpu=0.00/0.14  real=0.00/0.20  Memory: 12.36/12.60/12.60  peak=22.05

    delete layer RMET5mark


operation group: 21/234
    _EPTMPL262169 = NOT METAL5 RMET5a
========================================================================
    generate layer _EPTMPL262169, TYP = P, HPN = 14, FPN = 24, HEN = 58, FEN = 98
Time: cpu=0.00/0.14  real=0.00/0.20  Memory: 12.36/12.60/12.60  peak=22.05

    delete layer METAL5


operation group: 22/234
    METAL5a = NOT _EPTMPL262169 MIMmark
========================================================================
    generate layer METAL5a, TYP = P, HPN = 14, FPN = 24, HEN = 64, FEN = 140
Time: cpu=0.00/0.14  real=0.00/0.20  Memory: 12.36/12.84/20.88  peak=22.05

    delete layer _EPTMPL262169


operation group: 23/234
    _EPTMPL262156 = OR METALFbase METALFfill METALFfillCustom
========================================================================
    generate layer _EPTMPL262156, TYP = P, HPN = 2, FPN = 11, HEN = 24, FEN = 96
Time: cpu=0.00/0.14  real=0.00/0.20  Memory: 12.36/12.84/12.84  peak=22.05

    delete layer METALFbase
    delete layer METALFfill
    delete layer METALFfillCustom


operation group: 24/234
    METALF = NOT _EPTMPL262156 METALFslot
========================================================================
    generate layer METALF, TYP = P, HPN = 2, FPN = 11, HEN = 24, FEN = 96
Time: cpu=0.00/0.14  real=0.00/0.20  Memory: 12.36/12.84/12.84  peak=22.05

    delete layer _EPTMPL262156
    delete layer METALFslot


operation group: 25/234
    RMETFa = AND METALF RMETFmark
========================================================================
    generate layer RMETFa, TYP = P, HPN = 0, FPN = 0, HEN = 0, FEN = 0
Time: cpu=0.00/0.14  real=0.00/0.20  Memory: 12.36/12.84/12.84  peak=22.05

    delete layer RMETFmark


operation group: 26/234
    METALFa = NOT METALF RMETFa
========================================================================
    generate layer METALFa, TYP = P, HPN = 2, FPN = 11, HEN = 24, FEN = 96
Time: cpu=0.00/0.14  real=0.00/0.20  Memory: 12.36/12.84/12.84  peak=22.05



operation group: 27/234
    _CPTMPL353 = OR MIMS MIMS7 MIMS2
========================================================================
    generate layer _CPTMPL353, TYP = P, HPN = 1, FPN = 10, HEN = 4, FEN = 40
Time: cpu=0.00/0.14  real=0.00/0.20  Memory: 12.36/12.84/12.84  peak=22.05



operation group: 28/234
    VIAF2 = NOT VIAF _CPTMPL353
========================================================================
    generate layer VIAF2, TYP = P, HPN = 20, FPN = 20, HEN = 80, FEN = 80
Time: cpu=0.00/0.15  real=0.00/0.20  Memory: 12.36/12.84/18.11  peak=22.05



operation group: 29/234
    MIMSa = NOT MIMS MIMmark
========================================================================
    generate layer MIMSa, TYP = P, HPN = 0, FPN = 0, HEN = 0, FEN = 0
Time: cpu=0.00/0.15  real=0.00/0.20  Memory: 12.36/12.84/12.84  peak=22.05



operation group: 30/234
    VIAM = AND VIAF _CPTMPL353
========================================================================
    generate layer VIAM, TYP = P, HPN = 354, FPN = 3540, HEN = 1416, FEN = 14160
Time: cpu=0.00/0.15  real=0.00/0.20  Memory: 12.36/12.84/16.86  peak=22.05

    delete layer VIAF
    delete layer _CPTMPL353


operation group: 31/234
    TOPMIM = AND MIMS MIMmark
========================================================================
    generate layer TOPMIM, TYP = P, HPN = 0, FPN = 0, HEN = 0, FEN = 0
Time: cpu=0.00/0.15  real=0.00/0.20  Memory: 12.36/12.84/12.84  peak=22.05

    delete layer MIMS


operation group: 32/234
    TOPMIMS2 = AND MIMS2 MIMmark
========================================================================
    generate layer TOPMIMS2, TYP = P, HPN = 1, FPN = 10, HEN = 4, FEN = 40
Time: cpu=0.00/0.15  real=0.00/0.20  Memory: 12.36/12.84/17.86  peak=22.05

    delete layer MIMS2


operation group: 33/234
    TOPMIMS7 = AND MIMS7 MIMmark
========================================================================
    generate layer TOPMIMS7, TYP = P, HPN = 0, FPN = 0, HEN = 0, FEN = 0
Time: cpu=0.00/0.15  real=0.00/0.20  Memory: 12.36/12.84/12.84  peak=22.05

    delete layer MIMS7
    delete layer MIMmark


operation group: 34/234
    _EPTMPL262158 = OR METALTbase METALTfill METALTfillCustom
========================================================================
    generate layer _EPTMPL262158, TYP = P, HPN = 0, FPN = 0, HEN = 0, FEN = 0
Time: cpu=0.00/0.15  real=0.00/0.20  Memory: 12.36/12.84/12.84  peak=22.05

    delete layer METALTbase
    delete layer METALTfill
    delete layer METALTfillCustom


operation group: 35/234
    METALT = NOT _EPTMPL262158 METALTslot
========================================================================
    generate layer METALT, TYP = P, HPN = 0, FPN = 0, HEN = 0, FEN = 0
Time: cpu=0.00/0.15  real=0.00/0.20  Memory: 12.36/12.84/12.84  peak=22.05

    delete layer _EPTMPL262158
    delete layer METALTslot


operation group: 36/234
    RMETTa = AND METALT RMETTmark
========================================================================
    generate layer RMETTa, TYP = P, HPN = 0, FPN = 0, HEN = 0, FEN = 0
Time: cpu=0.00/0.15  real=0.00/0.20  Memory: 12.36/12.84/12.84  peak=22.05

    delete layer RMETTmark


operation group: 37/234
    METALTa = NOT METALT RMETTa
========================================================================
    generate layer METALTa, TYP = P, HPN = 0, FPN = 0, HEN = 0, FEN = 0
Time: cpu=0.00/0.15  real=0.00/0.20  Memory: 12.36/12.84/12.84  peak=22.05

    delete layer METALT
    delete layer RMETTa


operation group: 38/234
    RPPOLYS1 = AND POLYG RESmark
========================================================================
    generate layer RPPOLYS1, TYP = P, HPN = 290, FPN = 913, HEN = 1160, FEN = 3652
Time: cpu=0.00/0.15  real=0.00/0.21  Memory: 12.36/12.84/18.11  peak=22.05

    delete layer RESmark


operation group: 39/234
    POLYG1 = NOT POLYG RPPOLYS1
========================================================================
    generate layer POLYG1, TYP = P, HPN = 723, FPN = 5154, HEN = 3332, FEN = 23130
Time: cpu=0.01/0.16  real=0.01/0.22  Memory: 12.36/12.84/20.88  peak=22.05



operation group: 40/234
    GATE = AND POLYG1 DIFF
========================================================================
    generate layer GATE, TYP = P, HPN = 166, FPN = 1294, HEN = 664, FEN = 5176
Time: cpu=0.01/0.17  real=0.01/0.22  Memory: 12.36/12.84/18.11  peak=22.05



operation group: 41/234
    DOPEDGATE = AND GATE POLYDOPE
========================================================================
    generate layer DOPEDGATE, TYP = P, HPN = 70, FPN = 567, HEN = 280, FEN = 2268
Time: cpu=0.00/0.17  real=0.00/0.23  Memory: 12.36/12.84/20.88  peak=22.05



operation group: 42/234
    NGATE = AND DOPEDGATE NPLUS
========================================================================
    generate layer NGATE, TYP = P, HPN = 70, FPN = 567, HEN = 280, FEN = 2268
Time: cpu=0.00/0.17  real=0.00/0.23  Memory: 12.36/12.84/20.88  peak=22.05

    delete layer DOPEDGATE


operation group: 43/234
    _CPTMPL159 = NOT POLYG1 NGATE
========================================================================
    generate layer _CPTMPL159, TYP = P, HPN = 793, FPN = 5721, HEN = 3612, FEN = 25398
Time: cpu=0.01/0.18  real=0.01/0.24  Memory: 12.36/12.84/20.88  peak=22.05



operation group: 44/234
    _CPTMPL160 = AND POLYG1 PXL
========================================================================
    generate layer _CPTMPL160, TYP = P, HPN = 0, FPN = 0, HEN = 0, FEN = 0
Time: cpu=0.00/0.18  real=0.00/0.24  Memory: 12.36/12.84/12.84  peak=22.05

    delete layer POLYG1


operation group: 45/234
    POLYG2 = OR _CPTMPL159 _CPTMPL160
========================================================================
    generate layer POLYG2, TYP = P, HPN = 793, FPN = 5721, HEN = 3612, FEN = 25398
Time: cpu=0.00/0.18  real=0.00/0.24  Memory: 12.36/12.84/12.84  peak=22.05

    delete layer _CPTMPL159
    delete layer _CPTMPL160


operation group: 46/234
    PGATE = AND GATE PPLUS
========================================================================
    generate layer PGATE, TYP = P, HPN = 96, FPN = 727, HEN = 384, FEN = 2908
Time: cpu=0.00/0.19  real=0.00/0.25  Memory: 12.36/12.84/20.88  peak=22.05



operation group: 47/234
    POLYG3 = NOT POLYG2 PGATE
========================================================================
    generate layer POLYG3, TYP = P, HPN = 889, FPN = 6448, HEN = 3996, FEN = 28306
Time: cpu=0.01/0.20  real=0.01/0.26  Memory: 12.36/12.84/20.88  peak=22.05

    delete layer POLYG2


operation group: 48/234
    DIFFCONT = NOT CONT POLYG
========================================================================
    generate layer DIFFCONT, TYP = P, HPN = 13256, FPN = 141367, HEN = 53024, FEN = 565468
Time: cpu=0.01/0.21  real=0.01/0.26  Memory: 12.36/12.84/18.11  peak=22.05

    delete layer POLYG


operation group: 49/234
    POLYCONT = NOT CONT DIFFCONT
========================================================================
    generate layer POLYCONT, TYP = P, HPN = 355, FPN = 9604, HEN = 1420, FEN = 38416
Time: cpu=0.01/0.21  real=0.01/0.27  Memory: 12.36/12.84/20.88  peak=22.05

    delete layer CONT


operation group: 50/234
    NDIFF1 = AND NPLUS DIFF
========================================================================
    generate layer NDIFF1, TYP = P, HPN = 76, FPN = 1983, HEN = 352, FEN = 8072
Time: cpu=0.01/0.22  real=0.01/0.28  Memory: 12.36/12.84/20.88  peak=22.05



operation group: 51/234
    _CPTMPL271 = NOT NDIFF1 NGATE
========================================================================
    generate layer _CPTMPL271, TYP = P, HPN = 146, FPN = 2550, HEN = 632, FEN = 10340
Time: cpu=0.01/0.23  real=0.01/0.28  Memory: 12.36/12.84/20.88  peak=22.05

    delete layer NDIFF1


operation group: 52/234
    NDIFF = NOT _CPTMPL271 MCEL
========================================================================
    generate layer NDIFF, TYP = P, HPN = 146, FPN = 2550, HEN = 632, FEN = 10340
Time: cpu=0.00/0.23  real=0.00/0.28  Memory: 12.36/12.84/12.84  peak=22.05

    delete layer _CPTMPL271
    delete layer MCEL


operation group: 53/234
    PNPBASE1 = AND NDIFF NW1V2
========================================================================
    generate layer PNPBASE1, TYP = P, HPN = 51, FPN = 757, HEN = 232, FEN = 4112
Time: cpu=0.00/0.23  real=0.00/0.29  Memory: 12.36/12.84/20.88  peak=22.05



operation group: 54/234
    PNPBASE = AND PNPBASE1 BJTmark
========================================================================
    generate layer PNPBASE, TYP = P, HPN = 3, FPN = 266, HEN = 24, FEN = 2128
Time: cpu=0.00/0.23  real=0.00/0.29  Memory: 12.36/12.84/18.11  peak=22.05

    delete layer PNPBASE1


operation group: 55/234
    PDIFF1 = AND PPLUS DIFF
========================================================================
    generate layer PDIFF1, TYP = P, HPN = 94, FPN = 3759, HEN = 428, FEN = 15430
Time: cpu=0.01/0.24  real=0.01/0.30  Memory: 12.36/12.84/20.88  peak=22.05



operation group: 56/234
    PDIFF = NOT PDIFF1 PGATE
========================================================================
    generate layer PDIFF, TYP = P, HPN = 190, FPN = 4486, HEN = 812, FEN = 18338
Time: cpu=0.01/0.25  real=0.01/0.30  Memory: 12.36/12.84/20.88  peak=22.05

    delete layer PDIFF1


operation group: 57/234
    NDIFFCONT = NOT DIFFCONT PDIFF
========================================================================
    generate layer NDIFFCONT, TYP = P, HPN = 3390, FPN = 52952, HEN = 13560, FEN = 211808
Time: cpu=0.00/0.25  real=0.00/0.31  Memory: 12.36/12.84/20.88  peak=22.05



operation group: 58/234
    PNPEMIT1 = AND PDIFF NW1V2
========================================================================
    generate layer PNPEMIT1, TYP = P, HPN = 156, FPN = 1536, HEN = 656, FEN = 6506
Time: cpu=0.00/0.25  real=0.00/0.31  Memory: 12.36/12.84/20.88  peak=22.05



operation group: 59/234
    PNPEMIT2 = AND PNPEMIT1 BJTmark
========================================================================
    generate layer PNPEMIT2, TYP = P, HPN = 3, FPN = 266, HEN = 12, FEN = 1064
Time: cpu=0.00/0.25  real=0.00/0.31  Memory: 12.36/12.84/17.86  peak=22.05

    delete layer PNPEMIT1


operation group: 60/234
    PNPEMIT = AND PNPEMIT2 PEXT1V2
========================================================================
    generate layer PNPEMIT, TYP = P, HPN = 3, FPN = 266, HEN = 12, FEN = 1064
Time: cpu=0.00/0.25  real=0.00/0.31  Memory: 12.36/12.84/18.11  peak=22.05

    delete layer PNPEMIT2


operation group: 61/234
    PNPEMIT5UX5U = NOT PNPEMIT SALBLK
========================================================================
    generate layer PNPEMIT5UX5U, TYP = P, HPN = 3, FPN = 266, HEN = 12, FEN = 1064
Time: cpu=0.00/0.26  real=0.00/0.31  Memory: 12.36/12.84/18.11  peak=22.05



operation group: 62/234
    PNPSALBLK = SIZE SALBLK -by 0.38 -overunder
========================================================================
    generate layer PNPSALBLK, TYP = P, HPN = 16, FPN = 150, HEN = 64, FEN = 600
Time: cpu=0.00/0.26  real=0.00/0.32  Memory: 12.36/12.84/20.88  peak=22.05



operation group: 63/234
    PNPEMIT10UX2U5 = SELECT -inside PNPEMIT PNPSALBLK
========================================================================
    generate layer PNPEMIT10UX2U5, TYP = P, HPN = 0, FPN = 0, HEN = 0, FEN = 0
Time: cpu=0.00/0.26  real=0.00/0.32  Memory: 12.36/12.84/17.86  peak=22.05

    delete layer PNPEMIT
    delete layer PNPSALBLK


operation group: 64/234
    PDIFFCONT = NOT DIFFCONT NDIFF
========================================================================
    generate layer PDIFFCONT, TYP = P, HPN = 11714, FPN = 88415, HEN = 46856, FEN = 353660
Time: cpu=0.00/0.26  real=0.00/0.32  Memory: 12.36/12.84/20.88  peak=22.05



operation group: 65/234
    _CPTMPL220 = OR PSN SNN
========================================================================
    generate layer _CPTMPL220, TYP = P, HPN = 0, FPN = 0, HEN = 0, FEN = 0
Time: cpu=0.00/0.26  real=0.00/0.32  Memory: 12.36/12.84/12.84  peak=22.05

    delete layer SNN


operation group: 66/234
    _CPTMPL225 = SELECT -interact DIFF _CPTMPL220
========================================================================
    generate layer _CPTMPL225, TYP = P, HPN = 0, FPN = 0, HEN = 0, FEN = 0
Time: cpu=0.00/0.26  real=0.00/0.32  Memory: 12.36/12.84/12.84  peak=22.05



operation group: 67/234
    _CPTMPL226 = OR NDIFF _CPTMPL225
========================================================================
    layer _CPTMPL226 not generated, operation is dynamically optimized out.
Time: cpu=0.00/0.26  real=0.00/0.32  Memory: 12.36/12.84/12.84  peak=22.05

    delete layer _CPTMPL225


operation group: 68/234
    _CPTMPL227 = SELECT -interact _CPTMPL226 TXFETmark
========================================================================
    generate layer _CPTMPL227, TYP = P, HPN = 0, FPN = 0, HEN = 0, FEN = 0
Time: cpu=0.00/0.26  real=0.00/0.32  Memory: 12.36/12.84/12.84  peak=22.05

    delete layer _CPTMPL226


operation group: 69/234
    _CPTMPL228 = NOT _CPTMPL227 GATE
========================================================================
    generate layer _CPTMPL228, TYP = P, HPN = 0, FPN = 0, HEN = 0, FEN = 0
Time: cpu=0.00/0.26  real=0.00/0.32  Memory: 12.36/12.84/12.84  peak=22.05

    delete layer _CPTMPL227


operation group: 70/234
    NDIFFTX = NOT _CPTMPL228 ARRAYPW
========================================================================
    generate layer NDIFFTX, TYP = P, HPN = 0, FPN = 0, HEN = 0, FEN = 0
Time: cpu=0.00/0.26  real=0.00/0.32  Memory: 12.36/12.84/12.84  peak=22.05

    delete layer _CPTMPL228


operation group: 71/234
    _CPTMPL368 = AND DIFFCONT NDIFFTX
========================================================================
    generate layer _CPTMPL368, TYP = P, HPN = 0, FPN = 0, HEN = 0, FEN = 0
Time: cpu=0.00/0.26  real=0.00/0.32  Memory: 12.36/12.84/12.84  peak=22.05

    delete layer DIFFCONT


operation group: 72/234
    NDIFFCONTTX = NOT _CPTMPL368 GATE
========================================================================
    generate layer NDIFFCONTTX, TYP = P, HPN = 0, FPN = 0, HEN = 0, FEN = 0
Time: cpu=0.00/0.26  real=0.00/0.32  Memory: 12.36/12.84/12.84  peak=22.05

    delete layer _CPTMPL368


operation group: 73/234
    _CPTMPL221 = SELECT -interact GATE _CPTMPL220
========================================================================
    generate layer _CPTMPL221, TYP = P, HPN = 0, FPN = 0, HEN = 0, FEN = 0
Time: cpu=0.00/0.26  real=0.00/0.32  Memory: 12.36/12.84/12.84  peak=22.05

    delete layer GATE
    delete layer _CPTMPL220


operation group: 74/234
    NGATE3V3TX = AND _CPTMPL221 TXFETmark
========================================================================
    generate layer NGATE3V3TX, TYP = P, HPN = 0, FPN = 0, HEN = 0, FEN = 0
Time: cpu=0.00/0.26  real=0.00/0.32  Memory: 12.36/12.84/12.84  peak=22.05

    delete layer _CPTMPL221


operation group: 75/234
    ALLNW = OR NW1V2 NW3V3
========================================================================
    generate layer ALLNW, TYP = P, HPN = 68, FPN = 902, HEN = 282, FEN = 3686
Time: cpu=0.00/0.26  real=0.00/0.32  Memory: 12.36/12.84/12.84  peak=22.05



operation group: 76/234
    NTAP = AND NDIFF ALLNW
========================================================================
    generate layer NTAP, TYP = P, HPN = 51, FPN = 757, HEN = 232, FEN = 4112
Time: cpu=0.00/0.27  real=0.00/0.32  Memory: 12.36/12.84/20.88  peak=22.05



operation group: 77/234
    _CPTMPL275 = NOT PDIFF ALLNW
========================================================================
    generate layer _CPTMPL275, TYP = P, HPN = 30, FPN = 1640, HEN = 152, FEN = 7656
Time: cpu=0.00/0.27  real=0.00/0.32  Memory: 12.36/12.84/20.88  peak=22.05



operation group: 78/234
    BULK = SIZE CHIP -by 1
========================================================================
    generate layer BULK, TYP = P, HPN = 118, FPN = 4198, HEN = 1506, FEN = 25566
Time: cpu=0.00/0.27  real=0.00/0.32  Memory: 12.36/12.84/16.86  peak=22.05



operation group: 79/234
    PSUB2UP = SIZE PSUB2 -by 0.005
========================================================================
    generate layer PSUB2UP, TYP = P, HPN = 15, FPN = 40, HEN = 72, FEN = 196
Time: cpu=0.00/0.27  real=0.00/0.33  Memory: 12.36/12.84/20.88  peak=22.05



operation group: 80/234
    PSUB2IN = SIZE PSUB2 -by -0.005
========================================================================
    generate layer PSUB2IN, TYP = P, HPN = 1, FPN = 18, HEN = 4, FEN = 72
Time: cpu=0.00/0.27  real=0.00/0.33  Memory: 12.36/12.84/20.88  peak=22.05

    delete layer PSUB2


operation group: 81/234
    PSUBRING = NOT PSUB2UP PSUB2IN
========================================================================
    generate layer PSUBRING, TYP = P, HPN = 21, FPN = 58, HEN = 100, FEN = 340
Time: cpu=0.00/0.27  real=0.00/0.33  Memory: 12.36/12.84/20.88  peak=22.05

    delete layer PSUB2UP
    delete layer PSUB2IN


operation group: 82/234
    _CPTMPL31 = NOT BULK PSUBRING
========================================================================
    generate layer _CPTMPL31, TYP = P, HPN = 125, FPN = 4234, HEN = 1570, FEN = 25802
Time: cpu=0.00/0.28  real=0.00/0.33  Memory: 12.36/12.84/20.88  peak=22.05



operation group: 83/234
    PSUB = NOT _CPTMPL31 SEALRINGmark
========================================================================
    generate layer PSUB, TYP = P, HPN = 125, FPN = 4234, HEN = 1570, FEN = 25802
Time: cpu=0.00/0.28  real=0.00/0.33  Memory: 12.36/12.84/12.84  peak=22.05

    delete layer _CPTMPL31


operation group: 84/234
    NWHOLE = HOLES ALLNW
========================================================================
    layer NWHOLE not generated, operation is dynamically optimized out.
Time: cpu=0.00/0.28  real=0.00/0.33  Memory: 12.36/12.84/12.84  peak=22.05



operation group: 85/234
    DNWRING = AND NWHOLE DNW
========================================================================
    generate layer DNWRING, TYP = P, HPN = 0, FPN = 0, HEN = 0, FEN = 0
Time: cpu=0.00/0.28  real=0.00/0.33  Memory: 12.36/12.84/12.84  peak=22.05



operation group: 86/234
    _CPTMPL36 = AND PSUB DNWRING
========================================================================
    generate layer _CPTMPL36, TYP = P, HPN = 0, FPN = 0, HEN = 0, FEN = 0
Time: cpu=0.00/0.28  real=0.00/0.33  Memory: 12.36/12.84/12.84  peak=22.05

    delete layer DNWRING


operation group: 87/234
    NWHOLENOTHOLE = NOT ALLNW NWHOLE
========================================================================
    layer NWHOLENOTHOLE not generated, operation is dynamically optimized out.
Time: cpu=0.00/0.28  real=0.00/0.33  Memory: 12.36/12.84/12.84  peak=22.05



operation group: 88/234
    _CPTMPL28 = SELECT -touch NWHOLENOTHOLE NWHOLE
========================================================================
    layer _CPTMPL28 not generated, operation is dynamically optimized out.
Time: cpu=0.00/0.28  real=0.00/0.33  Memory: 12.36/12.84/12.84  peak=22.05

    delete layer NWHOLENOTHOLE
    delete layer NWHOLE


operation group: 89/234
    NWHOLEINNER = HOLES ALLNW -inner
========================================================================
    layer NWHOLEINNER not generated, operation is dynamically optimized out.
Time: cpu=0.00/0.28  real=0.00/0.33  Memory: 12.36/12.84/12.84  peak=22.05



operation group: 90/234
    NWHOLENOTHOLEINNER = NOT ALLNW NWHOLEINNER
========================================================================
    layer NWHOLENOTHOLEINNER not generated, operation is dynamically optimized out.
Time: cpu=0.00/0.28  real=0.00/0.33  Memory: 12.36/12.84/12.84  peak=22.05



operation group: 91/234
    _CPTMPL29 = SELECT -touch NWHOLENOTHOLEINNER NWHOLEINNER
========================================================================
    layer _CPTMPL29 not generated, operation is dynamically optimized out.
Time: cpu=0.00/0.28  real=0.00/0.33  Memory: 12.36/12.84/12.84  peak=22.05

    delete layer NWHOLENOTHOLEINNER
    delete layer NWHOLEINNER


operation group: 92/234
    NWRING = OR _CPTMPL28 _CPTMPL29
========================================================================
    layer NWRING not generated, operation is dynamically optimized out.
Time: cpu=0.00/0.28  real=0.00/0.33  Memory: 12.36/12.84/12.84  peak=22.05

    delete layer _CPTMPL28
    delete layer _CPTMPL29


operation group: 93/234
    PSUBISO = NOT _CPTMPL36 NWRING
========================================================================
    generate layer PSUBISO, TYP = P, HPN = 0, FPN = 0, HEN = 0, FEN = 0
Time: cpu=0.00/0.28  real=0.00/0.33  Memory: 12.36/12.84/12.84  peak=22.05

    delete layer _CPTMPL36
    delete layer NWRING


operation group: 94/234
    PTAP = NOT _CPTMPL275 PSUBISO
========================================================================
    generate layer PTAP, TYP = P, HPN = 30, FPN = 1640, HEN = 152, FEN = 7656
Time: cpu=0.00/0.28  real=0.00/0.33  Memory: 12.36/12.84/12.84  peak=22.05



operation group: 95/234
    PTAPISO = AND _CPTMPL275 PSUBISO
========================================================================
    generate layer PTAPISO, TYP = P, HPN = 0, FPN = 0, HEN = 0, FEN = 0
Time: cpu=0.00/0.28  real=0.00/0.33  Memory: 12.36/12.84/12.84  peak=22.05

    delete layer _CPTMPL275


operation group: 96/234
    inPw1v2All = OR PW1V2orig PW1V2makeGen
========================================================================
    generate layer inPw1v2All, TYP = P, HPN = 39, FPN = 1426, HEN = 188, FEN = 5778
Time: cpu=0.00/0.28  real=0.00/0.33  Memory: 12.36/12.84/12.84  peak=22.05



operation group: 97/234
    pw1v2BlockGenNew = OR PXL PW1V2blockGen
========================================================================
    generate layer pw1v2BlockGenNew, TYP = P, HPN = 0, FPN = 0, HEN = 0, FEN = 0
Time: cpu=0.00/0.28  real=0.00/0.33  Memory: 12.36/12.84/12.84  peak=22.05



operation group: 98/234
    pw1V2OrgNotBlocked = NOT inPw1v2All pw1v2BlockGenNew
========================================================================
    generate layer pw1V2OrgNotBlocked, TYP = P, HPN = 39, FPN = 1426, HEN = 188, FEN = 5778
Time: cpu=0.00/0.28  real=0.00/0.33  Memory: 12.36/12.84/12.84  peak=22.05

    delete layer pw1v2BlockGenNew


operation group: 99/234
    noPw1v2 = CAT PW1V2blockGen PW1V2orig PW1V2makeGen PW3V3orig PW3V3makeGen NW1V2 NW3V3 PXL NLVT3V3
========================================================================
    generate layer noPw1v2, TYP = P, HPN = 97, FPN = 2224, HEN = 424, FEN = 9106
Time: cpu=0.00/0.28  real=0.00/0.34  Memory: 12.36/12.84/16.86  peak=22.05

    delete layer PW1V2blockGen


operation group: 100/234
    generator1v2 = NOT BULK noPw1v2
========================================================================
    generate layer generator1v2, TYP = P, HPN = 12, FPN = 41, HEN = 746, FEN = 906
Time: cpu=0.00/0.28  real=0.00/0.34  Memory: 12.36/12.84/20.88  peak=22.05

    delete layer noPw1v2


operation group: 101/234
    pw1V2NewNotBlockedWoClean = OR pw1V2OrgNotBlocked generator1v2
========================================================================
    generate layer pw1V2NewNotBlockedWoClean, TYP = P, HPN = 46, FPN = 1442, HEN = 898, FEN = 6624
Time: cpu=0.00/0.28  real=0.00/0.34  Memory: 12.36/12.84/16.86  peak=22.05

    delete layer pw1V2OrgNotBlocked
    delete layer generator1v2


operation group: 102/234
    pw1v2Plus = SIZE pw1V2NewNotBlockedWoClean -by 0.005 -truncate 0.005
========================================================================
    generate layer pw1v2Plus, TYP = P, HPN = 88, FPN = 2227, HEN = 1614, FEN = 11428
Time: cpu=0.00/0.28  real=0.00/0.34  Memory: 12.36/12.84/20.88  peak=22.05

    delete layer pw1V2NewNotBlockedWoClean


operation group: 103/234
    pw1v2UnderOver = SIZE pw1v2Plus -by 0.315 -underover -truncate 0.315
========================================================================
    generate layer pw1v2UnderOver, TYP = P, HPN = 70, FPN = 1974, HEN = 2326, FEN = 15302
Time: cpu=0.01/0.29  real=0.01/0.35  Memory: 12.36/12.84/20.88  peak=22.05



operation group: 104/234
    pw1v2WidthCleanedTemp = AND pw1v2UnderOver pw1v2Plus
========================================================================
    generate layer pw1v2WidthCleanedTemp, TYP = P, HPN = 55, FPN = 1729, HEN = 1004, FEN = 8896
Time: cpu=0.01/0.31  real=0.01/0.37  Memory: 12.36/12.84/20.88  peak=22.05

    delete layer pw1v2UnderOver
    delete layer pw1v2Plus


operation group: 105/234
    pw1v2WidthCleaned = SIZE pw1v2WidthCleanedTemp -by -0.005 -truncate 0.005
========================================================================
    generate layer pw1v2WidthCleaned, TYP = P, HPN = 78, FPN = 1991, HEN = 3168, FEN = 16376
Time: cpu=0.01/0.31  real=0.01/0.37  Memory: 12.36/12.84/20.88  peak=22.05

    delete layer pw1v2WidthCleanedTemp


operation group: 106/234
    outPw1v2 = NOT pw1v2WidthCleaned inPw1v2All
========================================================================
    generate layer outPw1v2, TYP = P, HPN = 18, FPN = 58, HEN = 780, FEN = 958
Time: cpu=0.01/0.32  real=0.01/0.38  Memory: 12.36/12.84/20.88  peak=22.05

    delete layer pw1v2WidthCleaned
    delete layer inPw1v2All


operation group: 107/234
    ioPw1v2GenNew = OR outPw1v2 PW1V2makeGen
========================================================================
    generate layer ioPw1v2GenNew, TYP = P, HPN = 18, FPN = 58, HEN = 780, FEN = 958
Time: cpu=0.00/0.32  real=0.00/0.38  Memory: 12.36/12.84/12.84  peak=22.05

    delete layer outPw1v2
    delete layer PW1V2makeGen


operation group: 108/234
    _CPTMPL75 = OR PW1V2orig ioPw1v2GenNew
========================================================================
    generate layer _CPTMPL75, TYP = P, HPN = 51, FPN = 1458, HEN = 928, FEN = 6672
Time: cpu=0.00/0.33  real=0.00/0.38  Memory: 12.36/12.84/16.86  peak=22.05



operation group: 109/234
    _CPTMPL76 = NOT _CPTMPL75 PSUBRING
========================================================================
    generate layer _CPTMPL76, TYP = P, HPN = 52, FPN = 1476, HEN = 988, FEN = 6800
Time: cpu=0.01/0.33  real=0.01/0.39  Memory: 12.36/12.84/20.88  peak=22.05

    delete layer _CPTMPL75


operation group: 110/234
    PW1V2 = NOT _CPTMPL76 SEALRINGmark
========================================================================
    generate layer PW1V2, TYP = P, HPN = 52, FPN = 1476, HEN = 988, FEN = 6800
Time: cpu=0.00/0.33  real=0.00/0.39  Memory: 12.36/12.84/12.84  peak=22.05

    delete layer _CPTMPL76


operation group: 111/234
    inPw3v3All = OR PW3V3orig PW3V3makeGen
========================================================================
    generate layer inPw3v3All, TYP = P, HPN = 0, FPN = 0, HEN = 0, FEN = 0
Time: cpu=0.00/0.33  real=0.00/0.39  Memory: 12.36/12.84/12.84  peak=22.05



operation group: 112/234
    pw3v3BlockGenNew = OR PXL PW3V3blockGen
========================================================================
    generate layer pw3v3BlockGenNew, TYP = P, HPN = 0, FPN = 0, HEN = 0, FEN = 0
Time: cpu=0.00/0.33  real=0.00/0.39  Memory: 12.36/12.84/12.84  peak=22.05



operation group: 113/234
    pw3V3OrgNotBlocked = NOT inPw3v3All pw3v3BlockGenNew
========================================================================
    generate layer pw3V3OrgNotBlocked, TYP = P, HPN = 0, FPN = 0, HEN = 0, FEN = 0
Time: cpu=0.00/0.33  real=0.00/0.39  Memory: 12.36/12.84/12.84  peak=22.05

    delete layer pw3v3BlockGenNew


operation group: 114/234
    noPw3v3 = CAT PW3V3blockGen PW1V2orig PW3V3orig PW3V3makeGen NW1V2 NW3V3 PXL NLVT3V3
========================================================================
    generate layer noPw3v3, TYP = P, HPN = 97, FPN = 2224, HEN = 424, FEN = 9106
Time: cpu=0.00/0.33  real=0.00/0.39  Memory: 12.36/12.84/16.86  peak=22.05

    delete layer PW3V3blockGen
    delete layer PW1V2orig


operation group: 115/234
    _CPTMPL66 = NOT BULK noPw3v3
========================================================================
    generate layer _CPTMPL66, TYP = P, HPN = 12, FPN = 41, HEN = 746, FEN = 906
Time: cpu=0.00/0.34  real=0.00/0.39  Memory: 12.36/12.84/20.88  peak=22.05

    delete layer BULK
    delete layer noPw3v3


operation group: 116/234
    generator3v3 = NOT _CPTMPL66 ioPw1v2GenNew
========================================================================
    generate layer generator3v3, TYP = P, HPN = 0, FPN = 0, HEN = 0, FEN = 0
Time: cpu=0.00/0.34  real=0.00/0.40  Memory: 12.36/12.84/20.88  peak=22.05

    delete layer _CPTMPL66
    delete layer ioPw1v2GenNew


operation group: 117/234
    pw3V3NewNotBlockedWoClean = OR pw3V3OrgNotBlocked generator3v3
========================================================================
    generate layer pw3V3NewNotBlockedWoClean, TYP = P, HPN = 0, FPN = 0, HEN = 0, FEN = 0
Time: cpu=0.00/0.34  real=0.00/0.40  Memory: 12.36/12.84/12.84  peak=22.05

    delete layer pw3V3OrgNotBlocked
    delete layer generator3v3


operation group: 118/234
    pw3v3Plus = SIZE pw3V3NewNotBlockedWoClean -by 0.005 -truncate 0.005
========================================================================
    generate layer pw3v3Plus, TYP = P, HPN = 0, FPN = 0, HEN = 0, FEN = 0
Time: cpu=0.00/0.34  real=0.00/0.40  Memory: 12.36/12.84/12.84  peak=22.05

    delete layer pw3V3NewNotBlockedWoClean


operation group: 119/234
    pw3v3UnderOver = SIZE pw3v3Plus -by 0.5 -underover -truncate 0.5
========================================================================
    generate layer pw3v3UnderOver, TYP = P, HPN = 0, FPN = 0, HEN = 0, FEN = 0
Time: cpu=0.00/0.34  real=0.00/0.40  Memory: 12.36/12.84/12.84  peak=22.05



operation group: 120/234
    pw3v3WidthCleanedTemp = AND pw3v3UnderOver pw3v3Plus
========================================================================
    generate layer pw3v3WidthCleanedTemp, TYP = P, HPN = 0, FPN = 0, HEN = 0, FEN = 0
Time: cpu=0.00/0.34  real=0.00/0.40  Memory: 12.36/12.84/12.84  peak=22.05

    delete layer pw3v3UnderOver
    delete layer pw3v3Plus


operation group: 121/234
    pw3v3WidthCleaned = SIZE pw3v3WidthCleanedTemp -by -0.005 -truncate 0.005
========================================================================
    generate layer pw3v3WidthCleaned, TYP = P, HPN = 0, FPN = 0, HEN = 0, FEN = 0
Time: cpu=0.00/0.34  real=0.00/0.40  Memory: 12.36/12.84/12.84  peak=22.05

    delete layer pw3v3WidthCleanedTemp


operation group: 122/234
    outPw3v3 = NOT pw3v3WidthCleaned inPw3v3All
========================================================================
    generate layer outPw3v3, TYP = P, HPN = 0, FPN = 0, HEN = 0, FEN = 0
Time: cpu=0.00/0.34  real=0.00/0.40  Memory: 12.36/12.84/12.84  peak=22.05

    delete layer pw3v3WidthCleaned
    delete layer inPw3v3All


operation group: 123/234
    _CPTMPL78 = OR PW3V3orig outPw3v3 PW3V3makeGen
========================================================================
    generate layer _CPTMPL78, TYP = P, HPN = 0, FPN = 0, HEN = 0, FEN = 0
Time: cpu=0.00/0.34  real=0.00/0.40  Memory: 12.36/12.84/12.84  peak=22.05

    delete layer PW3V3orig
    delete layer outPw3v3
    delete layer PW3V3makeGen


operation group: 124/234
    _CPTMPL79 = NOT _CPTMPL78 PSUBRING
========================================================================
    generate layer _CPTMPL79, TYP = P, HPN = 0, FPN = 0, HEN = 0, FEN = 0
Time: cpu=0.00/0.34  real=0.00/0.40  Memory: 12.36/12.84/12.84  peak=22.05

    delete layer _CPTMPL78
    delete layer PSUBRING


operation group: 125/234
    PW3V3 = NOT _CPTMPL79 SEALRINGmark
========================================================================
    generate layer PW3V3, TYP = P, HPN = 0, FPN = 0, HEN = 0, FEN = 0
Time: cpu=0.00/0.34  real=0.00/0.40  Memory: 12.36/12.84/12.84  peak=22.05

    delete layer _CPTMPL79
    delete layer SEALRINGmark


operation group: 126/234
    CONNECT METAL1a METAL2a -by VIA1
    CONNECT METAL2a METAL3a -by VIA2
    CONNECT METAL3a METAL4a -by VIA3
    CONNECT METAL4a METAL5a -by VIA4
    CONNECT METAL5a METALFa -by VIAF2
    CONNECT MIMSa METALFa -by VIAM
    CONNECT TOPMIM METALFa -by VIAM
    CONNECT TOPMIMS2 METALFa -by VIAM
    CONNECT TOPMIMS7 METALFa -by VIAM
    CONNECT METALFa METALTa -by VIAT
    CONNECT BSMET METAL1a -by SLOTOX
    CONNECT POLYG3 METAL1a -by POLYCONT
    CONNECT NDIFF METAL1a PNPBASE -by NDIFFCONT
    CONNECT PDIFF METAL1a PNPEMIT5UX5U PNPEMIT10UX2U5 -by PDIFFCONT
    CONNECT NDIFFTX METAL1a -by NDIFFCONTTX
    CONNECT PNPBASE METAL1a -by NDIFFCONT
    CONNECT PNPEMIT5UX5U METAL1a -by PDIFFCONT
    CONNECT PNPEMIT10UX2U5 METAL1a -by PDIFFCONT
    CONNECT NGATE POLYG3
    CONNECT PGATE POLYG3
    CONNECT NGATE3V3TX POLYG3
    SCONNECT PNPBASE NTAP -by NDIFFCONT
    SCONNECT PNPEMIT5UX5U PTAP -by PDIFFCONT
    SCONNECT PNPEMIT5UX5U PTAPISO -by PDIFFCONT
    SCONNECT NDIFF NTAP -by NDIFFCONT
    SCONNECT PDIFF PTAP -by PDIFFCONT
    SCONNECT PDIFF PTAPISO -by PDIFFCONT
    SCONNECT NTAP NW1V2
    SCONNECT PTAP PW1V2
    SCONNECT PTAPISO PW1V2
    SCONNECT NTAP NW3V3
    SCONNECT PTAP PW3V3
    SCONNECT PTAPISO PW3V3
    SCONNECT PTAP ARRAYPW
    SCONNECT PTAP PSUB
    SCONNECT PTAPISO PSUBISO
    SCONNECT NW1V2 DNW
    SCONNECT NW3V3 DNW
========================================================================
    LVS_SOFTCHK NW1V2 -TYPE UPPER   Total Result        0 (       0)
    LVS_SOFTCHK NW3V3 -TYPE UPPER   Total Result        0 (       0)
    LVS_SOFTCHK PW1V2 -TYPE UPPER   Total Result        0 (       0)
    LVS_SOFTCHK PW3V3 -TYPE UPPER   Total Result        0 (       0)
    LVS_SOFTCHK ARRAYPW -TYPE UPPER   Total Result        0 (       0)
    LVS_SOFTCHK PSUB -TYPE UPPER   Total Result        0 (       0)
    LVS_SOFTCHK PSUBISO -TYPE UPPER   Total Result        0 (       0)
Time: cpu=0.10/0.44  real=0.10/0.50  Memory: 12.51/12.68/26.13  peak=26.13

    delete layer VIA1
    delete layer VIA2
    delete layer VIA3
    delete layer VIA4
    delete layer VIAF2
    delete layer VIAT
    delete layer SLOTOX
    delete layer POLYCONT
    delete layer NDIFFCONTTX
    delete layer NDIFFCONT
    delete layer PDIFFCONT


operation group: 127/234
    CAPF_M2M3 = SELECT -label CAPFmark -textname cvnm2m3 -textlayer CAPFlabel
========================================================================
    generate layer CAPF_M2M3, TYP = P, HPN = 0, FPN = 0, HEN = 0, FEN = 0
Time: cpu=0.00/0.45  real=0.00/0.50  Memory: 12.46/12.80/12.80  peak=26.13

    delete layer CAPFmark
    delete layer CAPFlabel


operation group: 128/234
    METAL23_0 = AND METAL2 METAL3
========================================================================
    layer METAL23_0 not generated, operation is dynamically optimized out.
Time: cpu=0.00/0.45  real=0.00/0.50  Memory: 12.46/12.80/12.80  peak=26.13

    delete layer METAL2
    delete layer METAL3


operation group: 129/234
    _EPTMPL262182 = SELECT -inside METAL23_0 CAPF_M2M3
========================================================================
    generate layer _EPTMPL262182, TYP = P, HPN = 0, FPN = 0, HEN = 0, FEN = 0
Time: cpu=0.00/0.45  real=0.00/0.50  Memory: 12.46/12.80/12.80  peak=26.13

    delete layer METAL23_0


operation group: 130/234
    FRCAPM2M3 = SELECT -enclose CAPF_M2M3 _EPTMPL262182
========================================================================
    generate layer FRCAPM2M3, TYP = P, HPN = 0, FPN = 0, HEN = 0, FEN = 0
Time: cpu=0.00/0.45  real=0.00/0.50  Memory: 12.46/12.80/12.80  peak=26.13

    delete layer _EPTMPL262182


operation group: 131/234
    RPOLYSALBLK = AND RPPOLYS1 SALBLK
========================================================================
    generate layer RPOLYSALBLK, TYP = P, HPN = 290, FPN = 913, HEN = 1160, FEN = 3652
Time: cpu=0.00/0.45  real=0.00/0.51  Memory: 12.46/12.91/17.94  peak=26.13

    delete layer SALBLK


operation group: 132/234
    RNPOLYH = SELECT -inside RPOLYSALBLK NPLUS
========================================================================
    generate layer RNPOLYH, TYP = P, HPN = 164, FPN = 321, HEN = 656, FEN = 1284
Time: cpu=0.00/0.45  real=0.00/0.51  Memory: 12.46/12.91/20.95  peak=26.13



operation group: 133/234
    RNPOLYHPW1V2 = AND RNPOLYH PW1V2
========================================================================
    generate layer RNPOLYHPW1V2, TYP = P, HPN = 0, FPN = 0, HEN = 0, FEN = 0
Time: cpu=0.00/0.45  real=0.00/0.51  Memory: 12.46/12.91/18.19  peak=26.13



operation group: 134/234
    RNPOLYHPW3V3 = AND RNPOLYH PW3V3
========================================================================
    generate layer RNPOLYHPW3V3, TYP = P, HPN = 0, FPN = 0, HEN = 0, FEN = 0
Time: cpu=0.00/0.45  real=0.00/0.51  Memory: 12.46/12.91/12.91  peak=26.13



operation group: 135/234
    RNPOLYHNW1V2 = AND RNPOLYH NW1V2
========================================================================
    generate layer RNPOLYHNW1V2, TYP = P, HPN = 164, FPN = 321, HEN = 656, FEN = 1284
Time: cpu=0.00/0.45  real=0.00/0.51  Memory: 12.46/12.91/17.94  peak=26.13



operation group: 136/234
    RNPOLYHNW3V3 = AND RNPOLYH NW3V3
========================================================================
    generate layer RNPOLYHNW3V3, TYP = P, HPN = 0, FPN = 0, HEN = 0, FEN = 0
Time: cpu=0.00/0.45  real=0.00/0.51  Memory: 12.46/12.91/12.91  peak=26.13



operation group: 137/234
    RNPOLYS1 = AND RPPOLYS1 POLYDOPE
========================================================================
    generate layer RNPOLYS1, TYP = P, HPN = 126, FPN = 592, HEN = 504, FEN = 2368
Time: cpu=0.00/0.46  real=0.00/0.51  Memory: 12.46/12.91/17.94  peak=26.13

    delete layer RPPOLYS1
    delete layer POLYDOPE


operation group: 138/234
    RNPOLYM1 = AND RNPOLYS1 RPOLYSALBLK
========================================================================
    generate layer RNPOLYM1, TYP = P, HPN = 126, FPN = 592, HEN = 504, FEN = 2368
Time: cpu=0.00/0.46  real=0.00/0.52  Memory: 12.46/12.91/18.19  peak=26.13

    delete layer RNPOLYS1


operation group: 139/234
    _CPTMPL126 = SELECT -interact RNPOLYM1 NPLUS
========================================================================
    generate layer _CPTMPL126, TYP = P, HPN = 126, FPN = 592, HEN = 504, FEN = 2368
Time: cpu=0.00/0.46  real=0.00/0.52  Memory: 12.46/12.91/20.95  peak=26.13

    delete layer RNPOLYM1
    delete layer NPLUS


operation group: 140/234
    RNPOLYM = NOT _CPTMPL126 RNPOLYH
========================================================================
    generate layer RNPOLYM, TYP = P, HPN = 126, FPN = 592, HEN = 504, FEN = 2368
Time: cpu=0.00/0.46  real=0.00/0.52  Memory: 12.46/12.91/18.19  peak=26.13

    delete layer _CPTMPL126
    delete layer RNPOLYH


operation group: 141/234
    RNPOLYMPW1V2 = AND RNPOLYM PW1V2
========================================================================
    generate layer RNPOLYMPW1V2, TYP = P, HPN = 0, FPN = 0, HEN = 0, FEN = 0
Time: cpu=0.00/0.46  real=0.00/0.52  Memory: 12.46/12.91/18.19  peak=26.13



operation group: 142/234
    RNPOLYMPW3V3 = AND RNPOLYM PW3V3
========================================================================
    generate layer RNPOLYMPW3V3, TYP = P, HPN = 0, FPN = 0, HEN = 0, FEN = 0
Time: cpu=0.00/0.46  real=0.00/0.52  Memory: 12.46/12.91/12.91  peak=26.13



operation group: 143/234
    RNPOLYMNW1V2 = AND RNPOLYM NW1V2
========================================================================
    generate layer RNPOLYMNW1V2, TYP = P, HPN = 126, FPN = 592, HEN = 504, FEN = 2368
Time: cpu=0.00/0.47  real=0.00/0.52  Memory: 12.46/12.91/17.94  peak=26.13



operation group: 144/234
    RNPOLYMNW3V3 = AND RNPOLYM NW3V3
========================================================================
    generate layer RNPOLYMNW3V3, TYP = P, HPN = 0, FPN = 0, HEN = 0, FEN = 0
Time: cpu=0.00/0.47  real=0.00/0.52  Memory: 12.46/12.91/12.91  peak=26.13

    delete layer RNPOLYM


operation group: 145/234
    RPPOLYM = AND RPOLYSALBLK PPLUS
========================================================================
    generate layer RPPOLYM, TYP = P, HPN = 0, FPN = 0, HEN = 0, FEN = 0
Time: cpu=0.00/0.47  real=0.00/0.52  Memory: 12.46/12.91/16.93  peak=26.13

    delete layer RPOLYSALBLK
    delete layer PPLUS


operation group: 146/234
    RPPOLYMPW1V2 = AND RPPOLYM PW1V2
========================================================================
    generate layer RPPOLYMPW1V2, TYP = P, HPN = 0, FPN = 0, HEN = 0, FEN = 0
Time: cpu=0.00/0.47  real=0.00/0.52  Memory: 12.46/12.91/12.91  peak=26.13



operation group: 147/234
    RPPOLYMPW3V3 = AND RPPOLYM PW3V3
========================================================================
    generate layer RPPOLYMPW3V3, TYP = P, HPN = 0, FPN = 0, HEN = 0, FEN = 0
Time: cpu=0.00/0.47  real=0.00/0.52  Memory: 12.46/12.91/12.91  peak=26.13



operation group: 148/234
    RPPOLYMNW1V2 = AND RPPOLYM NW1V2
========================================================================
    generate layer RPPOLYMNW1V2, TYP = P, HPN = 0, FPN = 0, HEN = 0, FEN = 0
Time: cpu=0.00/0.47  real=0.00/0.52  Memory: 12.46/12.91/12.91  peak=26.13



operation group: 149/234
    RPPOLYMNW3V3 = AND RPPOLYM NW3V3
========================================================================
    generate layer RPPOLYMNW3V3, TYP = P, HPN = 0, FPN = 0, HEN = 0, FEN = 0
Time: cpu=0.00/0.47  real=0.00/0.52  Memory: 12.46/12.91/12.91  peak=26.13

    delete layer RPPOLYM


operation group: 150/234
    NGATE3V3 = AND NGATE NEXT3V3
========================================================================
    generate layer NGATE3V3, TYP = P, HPN = 0, FPN = 0, HEN = 0, FEN = 0
Time: cpu=0.00/0.47  real=0.00/0.52  Memory: 12.46/12.91/12.91  peak=26.13



operation group: 151/234
    _CPTMPL217 = NOT NGATE3V3 TXFETmark
========================================================================
    generate layer _CPTMPL217, TYP = P, HPN = 0, FPN = 0, HEN = 0, FEN = 0
Time: cpu=0.00/0.47  real=0.00/0.52  Memory: 12.46/12.91/12.91  peak=26.13



operation group: 152/234
    _CPTMPL218 = AND _CPTMPL217 ARRAYPW
========================================================================
    generate layer _CPTMPL218, TYP = P, HPN = 0, FPN = 0, HEN = 0, FEN = 0
Time: cpu=0.00/0.47  real=0.00/0.52  Memory: 12.46/12.91/12.91  peak=26.13

    delete layer _CPTMPL217


operation group: 153/234
    NMOS3V3PIX = AND _CPTMPL218 PXL
========================================================================
    generate layer NMOS3V3PIX, TYP = P, HPN = 0, FPN = 0, HEN = 0, FEN = 0
Time: cpu=0.00/0.47  real=0.00/0.52  Memory: 12.46/12.91/12.91  peak=26.13

    delete layer _CPTMPL218
    delete layer PXL


operation group: 154/234
    NMOS3V3TX = AND NGATE3V3TX TXFETmark
========================================================================
    generate layer NMOS3V3TX, TYP = P, HPN = 0, FPN = 0, HEN = 0, FEN = 0
Time: cpu=0.00/0.47  real=0.00/0.52  Memory: 12.46/12.91/12.91  peak=26.13

    delete layer TXFETmark


operation group: 155/234
    _CPTMPL163 = AND NGATE NEXT1V2
========================================================================
    generate layer _CPTMPL163, TYP = P, HPN = 70, FPN = 567, HEN = 280, FEN = 2268
Time: cpu=0.00/0.47  real=0.00/0.53  Memory: 12.46/12.91/20.95  peak=26.13



operation group: 156/234
    NGATE1V2 = AND _CPTMPL163 GOX1V2
========================================================================
    generate layer NGATE1V2, TYP = P, HPN = 70, FPN = 567, HEN = 280, FEN = 2268
Time: cpu=0.00/0.47  real=0.00/0.53  Memory: 12.46/12.91/20.95  peak=26.13

    delete layer _CPTMPL163


operation group: 157/234
    NMOS1V2HVT1 = AND NGATE1V2 PW1V2
========================================================================
    generate layer NMOS1V2HVT1, TYP = P, HPN = 70, FPN = 567, HEN = 280, FEN = 2268
Time: cpu=0.00/0.48  real=0.00/0.54  Memory: 12.46/12.91/20.95  peak=26.13



operation group: 158/234
    NCAP1V2HVT = AND NMOS1V2HVT1 CAPmark
========================================================================
    generate layer NCAP1V2HVT, TYP = P, HPN = 1, FPN = 8, HEN = 4, FEN = 32
Time: cpu=0.00/0.48  real=0.00/0.54  Memory: 12.46/12.91/18.19  peak=26.13



operation group: 159/234
    _CPTMPL165 = AND PGATE PEXT1V2
========================================================================
    generate layer _CPTMPL165, TYP = P, HPN = 96, FPN = 727, HEN = 384, FEN = 2908
Time: cpu=0.00/0.48  real=0.00/0.54  Memory: 12.46/12.91/20.95  peak=26.13



operation group: 160/234
    PGATE1V2 = AND _CPTMPL165 GOX1V2
========================================================================
    generate layer PGATE1V2, TYP = P, HPN = 96, FPN = 727, HEN = 384, FEN = 2908
Time: cpu=0.00/0.49  real=0.00/0.55  Memory: 12.46/12.91/20.95  peak=26.13

    delete layer _CPTMPL165


operation group: 161/234
    PMOS1V2HVT1 = AND PGATE1V2 NW1V2
========================================================================
    generate layer PMOS1V2HVT1, TYP = P, HPN = 96, FPN = 727, HEN = 384, FEN = 2908
Time: cpu=0.00/0.49  real=0.00/0.55  Memory: 12.46/12.91/20.95  peak=26.13

    delete layer PGATE1V2


operation group: 162/234
    PCAP1V2HVT = AND PMOS1V2HVT1 CAPmark
========================================================================
    generate layer PCAP1V2HVT, TYP = P, HPN = 0, FPN = 0, HEN = 0, FEN = 0
Time: cpu=0.00/0.49  real=0.00/0.55  Memory: 12.46/12.91/18.19  peak=26.13



operation group: 163/234
    NMOS3V3RVT1 = AND NGATE3V3 PW3V3
========================================================================
    generate layer NMOS3V3RVT1, TYP = P, HPN = 0, FPN = 0, HEN = 0, FEN = 0
Time: cpu=0.00/0.49  real=0.00/0.55  Memory: 12.46/12.91/12.91  peak=26.13



operation group: 164/234
    NCAP3V3RVT = AND NMOS3V3RVT1 CAPmark
========================================================================
    generate layer NCAP3V3RVT, TYP = P, HPN = 0, FPN = 0, HEN = 0, FEN = 0
Time: cpu=0.00/0.49  real=0.00/0.55  Memory: 12.46/12.91/12.91  peak=26.13



operation group: 165/234
    PGATE3V3 = AND PGATE PEXT3V3
========================================================================
    generate layer PGATE3V3, TYP = P, HPN = 0, FPN = 0, HEN = 0, FEN = 0
Time: cpu=0.00/0.49  real=0.00/0.55  Memory: 12.46/12.91/12.91  peak=26.13



operation group: 166/234
    PMOS3V3RVT1 = AND PGATE3V3 NW3V3
========================================================================
    generate layer PMOS3V3RVT1, TYP = P, HPN = 0, FPN = 0, HEN = 0, FEN = 0
Time: cpu=0.00/0.49  real=0.00/0.55  Memory: 12.46/12.91/12.91  peak=26.13

    delete layer PGATE3V3


operation group: 167/234
    PCAP3V3RVT = AND PMOS3V3RVT1 CAPmark
========================================================================
    generate layer PCAP3V3RVT, TYP = P, HPN = 0, FPN = 0, HEN = 0, FEN = 0
Time: cpu=0.00/0.49  real=0.00/0.55  Memory: 12.46/12.91/12.91  peak=26.13



operation group: 168/234
    NMOS1V2HVT = NOT NMOS1V2HVT1 CAPmark
========================================================================
    generate layer NMOS1V2HVT, TYP = P, HPN = 69, FPN = 559, HEN = 276, FEN = 2236
Time: cpu=0.00/0.50  real=0.00/0.55  Memory: 12.46/12.91/17.94  peak=26.13

    delete layer NMOS1V2HVT1


operation group: 169/234
    PMOS1V2HVT = NOT PMOS1V2HVT1 CAPmark
========================================================================
    generate layer PMOS1V2HVT, TYP = P, HPN = 96, FPN = 727, HEN = 384, FEN = 2908
Time: cpu=0.00/0.50  real=0.00/0.56  Memory: 12.46/12.91/17.94  peak=26.13

    delete layer PMOS1V2HVT1


operation group: 170/234
    NMOS3V3RVT = NOT NMOS3V3RVT1 CAPmark
========================================================================
    generate layer NMOS3V3RVT, TYP = P, HPN = 0, FPN = 0, HEN = 0, FEN = 0
Time: cpu=0.00/0.50  real=0.00/0.56  Memory: 12.46/12.91/12.91  peak=26.13

    delete layer NMOS3V3RVT1


operation group: 171/234
    PMOS3V3RVT = NOT PMOS3V3RVT1 CAPmark
========================================================================
    generate layer PMOS3V3RVT, TYP = P, HPN = 0, FPN = 0, HEN = 0, FEN = 0
Time: cpu=0.00/0.50  real=0.00/0.56  Memory: 12.46/12.91/12.91  peak=26.13

    delete layer PMOS3V3RVT1
    delete layer CAPmark


operation group: 172/234
    DNPPW = AND NDIFF DIOmark
========================================================================
    generate layer DNPPW, TYP = P, HPN = 1, FPN = 1, HEN = 4, FEN = 4
Time: cpu=0.00/0.50  real=0.00/0.56  Memory: 12.46/12.91/17.94  peak=26.13



operation group: 173/234
    _CPTMPL280 = AND DNPPW PW1V2
========================================================================
    generate layer _CPTMPL280, TYP = P, HPN = 1, FPN = 1, HEN = 4, FEN = 4
Time: cpu=0.00/0.50  real=0.00/0.56  Memory: 12.46/12.91/17.94  peak=26.13



operation group: 174/234
    _CPTMPL281 = AND _CPTMPL280 NEXT1V2
========================================================================
    generate layer _CPTMPL281, TYP = P, HPN = 1, FPN = 1, HEN = 4, FEN = 4
Time: cpu=0.00/0.50  real=0.00/0.56  Memory: 12.46/12.91/17.94  peak=26.13

    delete layer _CPTMPL280


operation group: 175/234
    DNPPW1V2 = SELECT -inside _CPTMPL281 GOX1V2
========================================================================
    generate layer DNPPW1V2, TYP = P, HPN = 1, FPN = 1, HEN = 4, FEN = 4
Time: cpu=0.00/0.50  real=0.00/0.56  Memory: 12.46/12.91/17.94  peak=26.13

    delete layer _CPTMPL281


operation group: 176/234
    _CPTMPL286 = AND DNPPW PW3V3
========================================================================
    layer _CPTMPL286 not generated, operation is dynamically optimized out.
Time: cpu=0.00/0.50  real=0.00/0.56  Memory: 12.46/12.91/12.91  peak=26.13

    delete layer DNPPW


operation group: 177/234
    DNPPW3V3 = AND _CPTMPL286 NEXT3V3
========================================================================
    generate layer DNPPW3V3, TYP = P, HPN = 0, FPN = 0, HEN = 0, FEN = 0
Time: cpu=0.00/0.50  real=0.00/0.56  Memory: 12.46/12.91/12.91  peak=26.13

    delete layer _CPTMPL286


operation group: 178/234
    DNPPWESD = AND NDIFF ESDDIOmark
========================================================================
    generate layer DNPPWESD, TYP = P, HPN = 0, FPN = 0, HEN = 0, FEN = 0
Time: cpu=0.00/0.50  real=0.00/0.56  Memory: 12.46/12.91/12.91  peak=26.13



operation group: 179/234
    _CPTMPL293 = AND DNPPWESD PW1V2
========================================================================
    generate layer _CPTMPL293, TYP = P, HPN = 0, FPN = 0, HEN = 0, FEN = 0
Time: cpu=0.00/0.50  real=0.00/0.56  Memory: 12.46/12.91/12.91  peak=26.13



operation group: 180/234
    _CPTMPL294 = AND _CPTMPL293 NEXT1V2
========================================================================
    generate layer _CPTMPL294, TYP = P, HPN = 0, FPN = 0, HEN = 0, FEN = 0
Time: cpu=0.00/0.50  real=0.00/0.56  Memory: 12.46/12.91/12.91  peak=26.13

    delete layer _CPTMPL293
    delete layer NEXT1V2


operation group: 181/234
    DNPPW1V2ESD = SELECT -inside _CPTMPL294 GOX1V2
========================================================================
    generate layer DNPPW1V2ESD, TYP = P, HPN = 0, FPN = 0, HEN = 0, FEN = 0
Time: cpu=0.00/0.50  real=0.00/0.56  Memory: 12.46/12.91/12.91  peak=26.13

    delete layer _CPTMPL294


operation group: 182/234
    _CPTMPL296 = AND DNPPWESD PW3V3
========================================================================
    generate layer _CPTMPL296, TYP = P, HPN = 0, FPN = 0, HEN = 0, FEN = 0
Time: cpu=0.00/0.50  real=0.00/0.56  Memory: 12.46/12.91/12.91  peak=26.13

    delete layer DNPPWESD


operation group: 183/234
    DNPPW3V3ESD = AND _CPTMPL296 NEXT3V3
========================================================================
    generate layer DNPPW3V3ESD, TYP = P, HPN = 0, FPN = 0, HEN = 0, FEN = 0
Time: cpu=0.00/0.50  real=0.00/0.56  Memory: 12.46/12.91/12.91  peak=26.13

    delete layer _CPTMPL296
    delete layer NEXT3V3


operation group: 184/234
    DPPNW = AND PDIFF DIOmark
========================================================================
    generate layer DPPNW, TYP = P, HPN = 0, FPN = 0, HEN = 0, FEN = 0
Time: cpu=0.00/0.51  real=0.00/0.56  Memory: 12.46/12.91/17.94  peak=26.13



operation group: 185/234
    _CPTMPL303 = AND DPPNW NW1V2
========================================================================
    generate layer _CPTMPL303, TYP = P, HPN = 0, FPN = 0, HEN = 0, FEN = 0
Time: cpu=0.00/0.51  real=0.00/0.56  Memory: 12.46/12.91/12.91  peak=26.13



operation group: 186/234
    _CPTMPL304 = AND _CPTMPL303 PEXT1V2
========================================================================
    generate layer _CPTMPL304, TYP = P, HPN = 0, FPN = 0, HEN = 0, FEN = 0
Time: cpu=0.00/0.51  real=0.00/0.56  Memory: 12.46/12.91/12.91  peak=26.13

    delete layer _CPTMPL303


operation group: 187/234
    DPPNW1V2 = SELECT -inside _CPTMPL304 GOX1V2
========================================================================
    generate layer DPPNW1V2, TYP = P, HPN = 0, FPN = 0, HEN = 0, FEN = 0
Time: cpu=0.00/0.51  real=0.00/0.56  Memory: 12.46/12.91/12.91  peak=26.13

    delete layer _CPTMPL304


operation group: 188/234
    _CPTMPL309 = AND DPPNW NW3V3
========================================================================
    generate layer _CPTMPL309, TYP = P, HPN = 0, FPN = 0, HEN = 0, FEN = 0
Time: cpu=0.00/0.51  real=0.00/0.56  Memory: 12.46/12.91/12.91  peak=26.13

    delete layer DPPNW


operation group: 189/234
    DPPNW3V3 = AND _CPTMPL309 PEXT3V3
========================================================================
    generate layer DPPNW3V3, TYP = P, HPN = 0, FPN = 0, HEN = 0, FEN = 0
Time: cpu=0.00/0.51  real=0.00/0.56  Memory: 12.46/12.91/12.91  peak=26.13

    delete layer _CPTMPL309


operation group: 190/234
    DPPNWESD = AND PDIFF ESDDIOmark
========================================================================
    generate layer DPPNWESD, TYP = P, HPN = 0, FPN = 0, HEN = 0, FEN = 0
Time: cpu=0.00/0.51  real=0.00/0.56  Memory: 12.46/12.91/12.91  peak=26.13

    delete layer ESDDIOmark


operation group: 191/234
    _CPTMPL316 = AND DPPNWESD NW1V2
========================================================================
    generate layer _CPTMPL316, TYP = P, HPN = 0, FPN = 0, HEN = 0, FEN = 0
Time: cpu=0.00/0.51  real=0.00/0.56  Memory: 12.46/12.91/12.91  peak=26.13



operation group: 192/234
    _CPTMPL317 = AND _CPTMPL316 PEXT1V2
========================================================================
    generate layer _CPTMPL317, TYP = P, HPN = 0, FPN = 0, HEN = 0, FEN = 0
Time: cpu=0.00/0.51  real=0.00/0.56  Memory: 12.46/12.91/12.91  peak=26.13

    delete layer _CPTMPL316
    delete layer PEXT1V2


operation group: 193/234
    DPPNW1V2ESD = AND _CPTMPL317 GOX1V2
========================================================================
    generate layer DPPNW1V2ESD, TYP = P, HPN = 0, FPN = 0, HEN = 0, FEN = 0
Time: cpu=0.00/0.51  real=0.00/0.56  Memory: 12.46/12.91/12.91  peak=26.13

    delete layer _CPTMPL317


operation group: 194/234
    _CPTMPL319 = AND DPPNWESD NW3V3
========================================================================
    generate layer _CPTMPL319, TYP = P, HPN = 0, FPN = 0, HEN = 0, FEN = 0
Time: cpu=0.00/0.51  real=0.00/0.56  Memory: 12.46/12.91/12.91  peak=26.13

    delete layer DPPNWESD


operation group: 195/234
    DPPNW3V3ESD = AND _CPTMPL319 PEXT3V3
========================================================================
    generate layer DPPNW3V3ESD, TYP = P, HPN = 0, FPN = 0, HEN = 0, FEN = 0
Time: cpu=0.00/0.51  real=0.00/0.56  Memory: 12.46/12.91/12.91  peak=26.13

    delete layer _CPTMPL319
    delete layer PEXT3V3


operation group: 196/234
    DDNWSUB = AND DNW PSUB
========================================================================
    generate layer DDNWSUB, TYP = P, HPN = 0, FPN = 0, HEN = 0, FEN = 0
Time: cpu=0.00/0.51  real=0.00/0.56  Memory: 12.46/12.91/12.91  peak=26.13



operation group: 197/234
    DPW1V2DNW = AND PW1V2 DNW
========================================================================
    generate layer DPW1V2DNW, TYP = P, HPN = 0, FPN = 0, HEN = 0, FEN = 0
Time: cpu=0.00/0.51  real=0.00/0.56  Memory: 12.46/12.91/12.91  peak=26.13



operation group: 198/234
    DPW3V3DNW = AND PW3V3 DNW
========================================================================
    generate layer DPW3V3DNW, TYP = P, HPN = 0, FPN = 0, HEN = 0, FEN = 0
Time: cpu=0.00/0.51  real=0.00/0.56  Memory: 12.46/12.91/12.91  peak=26.13



operation group: 199/234
    _CPTMPL328 = AND NDIFFTX DIOmark
========================================================================
    generate layer _CPTMPL328, TYP = P, HPN = 0, FPN = 0, HEN = 0, FEN = 0
Time: cpu=0.00/0.51  real=0.00/0.56  Memory: 12.46/12.91/12.91  peak=26.13

    delete layer DIOmark


operation group: 200/234
    _CPTMPL329 = AND PSN PSP
========================================================================
    generate layer _CPTMPL329, TYP = P, HPN = 0, FPN = 0, HEN = 0, FEN = 0
Time: cpu=0.00/0.51  real=0.00/0.56  Memory: 12.46/12.91/12.91  peak=26.13

    delete layer PSN
    delete layer PSP


operation group: 201/234
    DPV = SELECT -interact _CPTMPL328 _CPTMPL329
========================================================================
    generate layer DPV, TYP = P, HPN = 0, FPN = 0, HEN = 0, FEN = 0
Time: cpu=0.00/0.51  real=0.00/0.56  Memory: 12.46/12.91/12.91  peak=26.13

    delete layer _CPTMPL328
    delete layer _CPTMPL329


operation group: 202/234
    PNP01 = HOLES PDIFF -inner
========================================================================
    generate layer PNP01, TYP = P, HPN = 34, FPN = 756, HEN = 192, FEN = 4132
Time: cpu=0.01/0.51  real=0.01/0.57  Memory: 12.46/12.91/25.21  peak=26.13



operation group: 203/234
    PNP02 = SELECT -enclose PNP01 PDIFF -eq 1
========================================================================
    generate layer PNP02, TYP = P, HPN = 23, FPN = 720, HEN = 104, FEN = 3944
Time: cpu=0.00/0.52  real=0.00/0.57  Memory: 12.46/12.91/20.95  peak=26.13

    delete layer PNP01


operation group: 204/234
    _CPTMPL333 = HOLES NDIFF -empty
========================================================================
    generate layer _CPTMPL333, TYP = P, HPN = 7, FPN = 271, HEN = 28, FEN = 1084
Time: cpu=0.00/0.52  real=0.00/0.58  Memory: 12.46/12.91/29.23  peak=29.23



operation group: 205/234
    _CPTMPL334 = HOLES NDIFF -inner -empty
========================================================================
    generate layer _CPTMPL334, TYP = P, HPN = 7, FPN = 271, HEN = 28, FEN = 1084
Time: cpu=0.01/0.53  real=0.01/0.58  Memory: 12.46/12.91/25.21  peak=29.23



operation group: 206/234
    PNP03 = OR _CPTMPL333 _CPTMPL334
========================================================================
    generate layer PNP03, TYP = P, HPN = 7, FPN = 271, HEN = 28, FEN = 1084
Time: cpu=0.00/0.53  real=0.00/0.58  Memory: 12.46/12.91/16.93  peak=29.23

    delete layer _CPTMPL333
    delete layer _CPTMPL334


operation group: 207/234
    PNP04 = SELECT -enclose PNP03 PDIFF -eq 1
========================================================================
    generate layer PNP04, TYP = P, HPN = 3, FPN = 266, HEN = 12, FEN = 1064
Time: cpu=0.00/0.53  real=0.00/0.59  Memory: 12.46/12.91/20.95  peak=29.23

    delete layer PNP03


operation group: 208/234
    PNP05 = SELECT -enclose PNP02 PNP04
========================================================================
    generate layer PNP05, TYP = P, HPN = 23, FPN = 720, HEN = 104, FEN = 3944
Time: cpu=0.00/0.53  real=0.00/0.59  Memory: 12.46/12.91/20.95  peak=29.23

    delete layer PNP02
    delete layer PNP04


operation group: 209/234
    PNP06 = AND PNP05 BJTmark
========================================================================
    generate layer PNP06, TYP = P, HPN = 23, FPN = 720, HEN = 104, FEN = 3944
Time: cpu=0.00/0.53  real=0.00/0.59  Memory: 12.46/12.91/20.95  peak=29.23

    delete layer PNP05
    delete layer BJTmark


operation group: 210/234
    PNP07 = SELECT -inside PNP06 GOX1V2
========================================================================
    generate layer PNP07, TYP = P, HPN = 23, FPN = 720, HEN = 104, FEN = 3944
Time: cpu=0.00/0.54  real=0.00/0.59  Memory: 12.46/12.91/20.95  peak=29.23

    delete layer PNP06
    delete layer GOX1V2


operation group: 211/234
    PNP5UX5U01 = RECT_CHK PNPEMIT5UX5U -eq 5 -by eq 5
========================================================================
    generate layer PNP5UX5U01, TYP = P, HPN = 3, FPN = 266, HEN = 12, FEN = 1064
Time: cpu=0.00/0.54  real=0.00/0.60  Memory: 12.46/12.91/16.93  peak=29.23



operation group: 212/234
    PNP5UX5U = SELECT -enclose PNP07 PNP5UX5U01
========================================================================
    generate layer PNP5UX5U, TYP = P, HPN = 23, FPN = 720, HEN = 104, FEN = 3944
Time: cpu=0.00/0.54  real=0.00/0.60  Memory: 12.46/12.91/20.95  peak=29.23

    delete layer PNP07
    delete layer PNP5UX5U01


operation group: 213/234
    CMIMS = SELECT -interact TOPMIM VIAM
========================================================================
    generate layer CMIMS, TYP = P, HPN = 0, FPN = 0, HEN = 0, FEN = 0
Time: cpu=0.00/0.54  real=0.00/0.60  Memory: 12.46/12.91/12.91  peak=29.23



operation group: 214/234
    CMIMS2 = SELECT -interact TOPMIMS2 VIAM
========================================================================
    generate layer CMIMS2, TYP = P, HPN = 1, FPN = 10, HEN = 4, FEN = 40
Time: cpu=0.00/0.54  real=0.00/0.60  Memory: 12.46/12.91/16.93  peak=29.23



operation group: 215/234
    CMIMS7 = SELECT -interact TOPMIMS7 VIAM
========================================================================
    generate layer CMIMS7, TYP = P, HPN = 0, FPN = 0, HEN = 0, FEN = 0
Time: cpu=0.00/0.54  real=0.00/0.60  Memory: 12.46/12.91/12.91  peak=29.23

    delete layer VIAM


operation group: 216/234
    _CPTMPL263 = AND NGATE1V2 NW1V2
========================================================================
    layer _CPTMPL263 not generated, operation is dynamically optimized out.
Time: cpu=0.00/0.54  real=0.00/0.60  Memory: 12.46/12.91/12.91  peak=29.23

    delete layer NGATE1V2


operation group: 217/234
    NVAR1V2HVT = SELECT -interact VARmark _CPTMPL263
========================================================================
    generate layer NVAR1V2HVT, TYP = P, HPN = 0, FPN = 0, HEN = 0, FEN = 0
Time: cpu=0.00/0.54  real=0.00/0.60  Memory: 12.46/12.91/12.91  peak=29.23

    delete layer _CPTMPL263


operation group: 218/234
    NVAR1V2HVTNOISO = NOT NVAR1V2HVT DNW
========================================================================
    generate layer NVAR1V2HVTNOISO, TYP = P, HPN = 0, FPN = 0, HEN = 0, FEN = 0
Time: cpu=0.00/0.54  real=0.00/0.60  Memory: 12.46/12.91/12.91  peak=29.23



operation group: 219/234
    NVAR1V2HVTISO = AND NVAR1V2HVT DNW
========================================================================
    generate layer NVAR1V2HVTISO, TYP = P, HPN = 0, FPN = 0, HEN = 0, FEN = 0
Time: cpu=0.00/0.54  real=0.00/0.60  Memory: 12.46/12.91/12.91  peak=29.23

    delete layer NVAR1V2HVT


operation group: 220/234
    NGATE3V3RVT = NOT NGATE3V3 NLVT3V3
========================================================================
    generate layer NGATE3V3RVT, TYP = P, HPN = 0, FPN = 0, HEN = 0, FEN = 0
Time: cpu=0.00/0.54  real=0.00/0.60  Memory: 12.46/12.91/12.91  peak=29.23

    delete layer NGATE3V3
    delete layer NLVT3V3


operation group: 221/234
    _CPTMPL267 = AND NGATE3V3RVT NW3V3
========================================================================
    generate layer _CPTMPL267, TYP = P, HPN = 0, FPN = 0, HEN = 0, FEN = 0
Time: cpu=0.00/0.54  real=0.00/0.60  Memory: 12.46/12.91/12.91  peak=29.23

    delete layer NGATE3V3RVT


operation group: 222/234
    NVAR3V3RVT = SELECT -interact VARmark _CPTMPL267
========================================================================
    generate layer NVAR3V3RVT, TYP = P, HPN = 0, FPN = 0, HEN = 0, FEN = 0
Time: cpu=0.00/0.54  real=0.00/0.60  Memory: 12.46/12.91/12.91  peak=29.23

    delete layer _CPTMPL267


operation group: 223/234
    NVAR3V3RVTNOISO = NOT NVAR3V3RVT DNW
========================================================================
    generate layer NVAR3V3RVTNOISO, TYP = P, HPN = 0, FPN = 0, HEN = 0, FEN = 0
Time: cpu=0.00/0.54  real=0.00/0.60  Memory: 12.46/12.91/12.91  peak=29.23



operation group: 224/234
    NVAR3V3RVTISO = AND NVAR3V3RVT DNW
========================================================================
    generate layer NVAR3V3RVTISO, TYP = P, HPN = 0, FPN = 0, HEN = 0, FEN = 0
Time: cpu=0.00/0.54  real=0.00/0.60  Memory: 12.46/12.91/12.91  peak=29.23

    delete layer NVAR3V3RVT


operation group: 225/234
    PROBE_REC = AND PROBEmark METALF
========================================================================
    generate layer PROBE_REC, TYP = P, HPN = 0, FPN = 0, HEN = 0, FEN = 0
Time: cpu=0.00/0.54  real=0.00/0.60  Memory: 12.46/12.91/12.91  peak=29.23

    delete layer METALF


operation group: 226/234
    METAL3cf = AND METAL3a CAPF_M2M3
========================================================================
    generate layer METAL3cf, TYP = P, HPN = 0, FPN = 0, HEN = 0, FEN = 0
Time: cpu=0.00/0.54  real=0.00/0.60  Memory: 12.46/12.91/12.91  peak=29.23

    delete layer CAPF_M2M3


operation group: 227/234
    VARMARKER = AND DIFF VARmark
========================================================================
    generate layer VARMARKER, TYP = P, HPN = 0, FPN = 0, HEN = 0, FEN = 0
Time: cpu=0.00/0.54  real=0.00/0.60  Memory: 12.46/12.91/12.91  peak=29.23

    delete layer DIFF
    delete layer VARmark


operation group: 228/234
    DEVICE R( rmet1) RMET1a METAL1a( POS) METAL1a( NEG) ( POS NEG) -model rmet1 [
		L = ((perim(RMET1a) - perim_co(RMET1a, METAL1a)) / 2)
		W = (perim_co(RMET1a, METAL1a) / 2)
		R = ((0.19 * L) / W)
	]

    DEVICE R( rmet2) RMET2a METAL2a( POS) METAL2a( NEG) ( POS NEG) -model rmet2 [
		L = ((perim(RMET2a) - perim_co(RMET2a, METAL2a)) / 2)
		W = (perim_co(RMET2a, METAL2a) / 2)
		R = ((0.14 * L) / W)
	]

    DEVICE R( rmet3) RMET3a METAL3a( POS) METAL3a( NEG) ( POS NEG) -model rmet3 [
		L = ((perim(RMET3a) - perim_co(RMET3a, METAL3a)) / 2)
		W = (perim_co(RMET3a, METAL3a) / 2)
		R = ((0.14 * L) / W)
	]

    DEVICE R( rmet4) RMET4a METAL4a( POS) METAL4a( NEG) ( POS NEG) -model rmet4 [
		L = ((perim(RMET4a) - perim_co(RMET4a, METAL4a)) / 2)
		W = (perim_co(RMET4a, METAL4a) / 2)
		R = ((0.14 * L) / W)
	]

    DEVICE R( rmet5) RMET5a METAL5a( POS) METAL5a( NEG) ( POS NEG) -model rmet5 [
		L = ((perim(RMET5a) - perim_co(RMET5a, METAL5a)) / 2)
		W = (perim_co(RMET5a, METAL5a) / 2)
		R = ((0.14 * L) / W)
	]

    DEVICE R( rmetf) RMETFa METALFa( POS) METALFa( NEG) ( POS NEG) -model rmetf [
		L = ((perim(RMETFa) - perim_co(RMETFa, METALFa)) / 2)
		W = (perim_co(RMETFa, METALFa) / 2)
		R = ((0.06 * L) / W)
	]

    DEVICE C( cmims) CMIMS TOPMIM( POS) METAL5a( NEG) -model cmims [
		A = area(CMIMS)
		P = perim(CMIMS)
		C = (((area(CMIMS) * 0.98) / 1000) + (P * 1.1e-10))
		L = ((P + sqrt(abs(((P * P) - (16 * area(CMIMS)))))) / 4)
		W = (area(CMIMS) / L)
		W = (trunc(((W * 100000000) + 0.5)) / 100000000)
		L = (trunc(((L * 100000000) + 0.5)) / 100000000)
		M = 1
	]

    DEVICE C( cmims2) CMIMS2 TOPMIMS2( POS) METAL5a( NEG) -model cmims2 [
		A = area(CMIMS2)
		P = perim(CMIMS2)
		C = (((area(CMIMS2) * 0.98) / 1000) + (P * 1.1e-10))
		L = ((P + sqrt(abs(((P * P) - (16 * area(CMIMS2)))))) / 4)
		W = (area(CMIMS2) / L)
		W = (trunc(((W * 100000000) + 0.5)) / 100000000)
		L = (trunc(((L * 100000000) + 0.5)) / 100000000)
		M = 1
	]

    DEVICE C( cmims7) CMIMS7 TOPMIMS7( POS) METAL5a( NEG) -model cmims7 [
		A = area(CMIMS7)
		P = perim(CMIMS7)
		C = (((area(CMIMS7) * 0.98) / 1000) + (P * 1.1e-10))
		L = ((P + sqrt(abs(((P * P) - (16 * area(CMIMS7)))))) / 4)
		W = (area(CMIMS7) / L)
		W = (trunc(((W * 100000000) + 0.5)) / 100000000)
		L = (trunc(((L * 100000000) + 0.5)) / 100000000)
		M = 1
	]

    DEVICE C( cvnm2m3) FRCAPM2M3 METAL3cf( POS) METAL3cf( NEG) -model cvnm2m3 [
		NF = (((bends(METAL3cf) - 2) / 4) + 1)
		BE = bends(METAL3cf)
		if (NF < 1)
    		NF = 1
		L = ((area(FRCAPM2M3) / ((NF * 1.02e-06) - 2e-07)) - 8.2e-07)
		M = 1
	]

    DEVICE MN( nmos1v2hvt) NMOS1V2HVT -model nmos1v2hvt NGATE( G) NDIFF( S) NDIFF( D) PW1V2( B) [
		W = (perim_co(NGATE, NDIFF) / 2)
		L = ((perim(NGATE) - perim_co(NGATE, NDIFF)) / 2)
		AS = area(S)
		AD = area(D)
		PS = perim_out(S, G)
		PD = perim_out(D, G)
		M = 1
	]

    DEVICE MN( nmos3v3rvt) NMOS3V3RVT -model nmos3v3rvt NGATE( G) NDIFF( S) NDIFF( D) PW3V3( B) [
		W = (perim_co(NGATE, NDIFF) / 2)
		L = ((perim(NGATE) - perim_co(NGATE, NDIFF)) / 2)
		AS = area(S)
		AD = area(D)
		PS = perim_out(S, G)
		PD = perim_out(D, G)
		M = 1
	]

    DEVICE MN( nmos3v3pix) NMOS3V3PIX -model nmos3v3pix NGATE( G) NDIFF( S) NDIFF( D) ARRAYPW( B) [
		W = (perim_co(NGATE, NDIFF) / 2)
		L = ((perim(NGATE) - perim_co(NGATE, NDIFF)) / 2)
		AS = area(S)
		AD = area(D)
		PS = perim_out(S, G)
		PD = perim_out(D, G)
		M = 1
	]

    DEVICE nmos3v3tx NMOS3V3TX NGATE3V3TX( G) NDIFF( D) NDIFFTX( S) -model nmos3v3pix
    DEVICE MP( pmos1v2hvt) PMOS1V2HVT -model pmos1v2hvt PGATE( G) PDIFF( S) PDIFF( D) NW1V2( B) [
		W = (perim_co(PGATE, PDIFF) / 2)
		L = ((perim(PGATE) - perim_co(PGATE, PDIFF)) / 2)
		AS = area(S)
		AD = area(D)
		PS = perim_out(S, G)
		PD = perim_out(D, G)
		M = 1
	]

    DEVICE MP( pmos3v3rvt) PMOS3V3RVT -model pmos3v3rvt PGATE( G) PDIFF( S) PDIFF( D) NW3V3( B) [
		W = (perim_co(PGATE, PDIFF) / 2)
		L = ((perim(PGATE) - perim_co(PGATE, PDIFF)) / 2)
		AS = area(S)
		AD = area(D)
		PS = perim_out(S, G)
		PD = perim_out(D, G)
		M = 1
	]

    DEVICE ncap1v2hvt NCAP1V2HVT NGATE( PLUS) NDIFF( MINUS) PW1V2( B) -model ncap1v2hvt -element X [
		C = (area(NGATE) * 1.109e-14)
		W = (perim_co(NGATE, NDIFF) / 2)
		L = ((perim(NGATE) - perim_co(NGATE, NDIFF)) / 2)
		AS = (area(NDIFF) / 2)
		AD = (area(NDIFF) / 2)
		PS = (perim(NDIFF) / 2)
		PD = (perim(NDIFF) / 2)
		M = 1
	]

    DEVICE ncap3v3rvt NCAP3V3RVT NGATE( PLUS) NDIFF( MINUS) PW3V3( B) -model ncap3v3rvt -element X [
		C = (area(NGATE) * 5.3e-15)
		W = (perim_co(NGATE, NDIFF) / 2)
		L = ((perim(NGATE) - perim_co(NGATE, NDIFF)) / 2)
		AS = (area(NDIFF) / 2)
		AD = (area(NDIFF) / 2)
		PS = (perim(NDIFF) / 2)
		PD = (perim(NDIFF) / 2)
		M = 1
	]

    DEVICE ncap3v3rvt NCAP3V3RVT NGATE( PLUS) NDIFF( MINUS) ARRAYPW( B) -model ncap3v3rvt -element X [
		C = (area(NGATE) * 5.3e-15)
		W = (perim_co(NGATE, NDIFF) / 2)
		L = ((perim(NGATE) - perim_co(NGATE, NDIFF)) / 2)
		AS = (area(NDIFF) / 2)
		AD = (area(NDIFF) / 2)
		PS = (perim(NDIFF) / 2)
		PD = (perim(NDIFF) / 2)
		M = 1
	]

    DEVICE pcap1v2hvt PCAP1V2HVT PDIFF( PLUS) PGATE( MINUS) NW1V2( B) -model pcap1v2hvt -element X [
		C = (area(PGATE) * 1.16e-14)
		W = (perim_co(PGATE, PDIFF) / 2)
		L = ((perim(PGATE) - perim_co(PGATE, PDIFF)) / 2)
		AS = (area(PDIFF) / 2)
		AD = (area(PDIFF) / 2)
		PS = (perim(PDIFF) / 2)
		PD = (perim(PDIFF) / 2)
		M = 1
	]

    DEVICE pcap3v3rvt PCAP3V3RVT PDIFF( PLUS) PGATE( MINUS) NW3V3( B) -model pcap3v3rvt -element X [
		C = (area(PGATE) * 5.3e-15)
		W = (perim_co(PGATE, PDIFF) / 2)
		L = ((perim(PGATE) - perim_co(PGATE, PDIFF)) / 2)
		AS = (area(PDIFF) / 2)
		AD = (area(PDIFF) / 2)
		PS = (perim(PDIFF) / 2)
		PD = (perim(PDIFF) / 2)
		M = 1
	]

    DEVICE R( rnpolym) RNPOLYMNW1V2 POLYG3( POS) POLYG3( NEG) NW1V2( SUB) ( POS NEG) -model rnpolym [
		W = (perim_co(RNPOLYMNW1V2, POLYG3) / 2)
		L = (area(RNPOLYMNW1V2) / W)
		R = (((263.96 * (L - -5.62e-08)) + (2 * 0)) / (W - -5.32e-08))
		M = 1
	]

    DEVICE R( rnpolym) RNPOLYMPW1V2 POLYG3( POS) POLYG3( NEG) PW1V2( SUB) ( POS NEG) -model rnpolym [
		W = (perim_co(RNPOLYMPW1V2, POLYG3) / 2)
		L = (area(RNPOLYMPW1V2) / W)
		R = (((263.96 * (L - -5.62e-08)) + (2 * 0)) / (W - -5.32e-08))
		M = 1
	]

    DEVICE R( rnpolym) RNPOLYMNW3V3 POLYG3( POS) POLYG3( NEG) NW3V3( SUB) ( POS NEG) -model rnpolym [
		W = (perim_co(RNPOLYMNW3V3, POLYG3) / 2)
		L = (area(RNPOLYMNW3V3) / W)
		R = (((263.96 * (L - -5.62e-08)) + (2 * 0)) / (W - -5.32e-08))
		M = 1
	]

    DEVICE R( rnpolym) RNPOLYMPW3V3 POLYG3( POS) POLYG3( NEG) PW3V3( SUB) ( POS NEG) -model rnpolym [
		W = (perim_co(RNPOLYMPW3V3, POLYG3) / 2)
		L = (area(RNPOLYMPW3V3) / W)
		R = (((263.96 * (L - -5.62e-08)) + (2 * 0)) / (W - -5.32e-08))
		M = 1
	]

    DEVICE R( rnpolyh) RNPOLYHNW1V2 POLYG3( POS) POLYG3( NEG) NW1V2( SUB) ( POS NEG) -model rnpolyh [
		W = (perim_co(RNPOLYHNW1V2, POLYG3) / 2)
		L = (area(RNPOLYHNW1V2) / W)
		R = (((1930 * (L - -2.68e-07)) + (2 * 0)) / (W - -2.25e-08))
		M = 1
	]

    DEVICE R( rnpolyh) RNPOLYHPW1V2 POLYG3( POS) POLYG3( NEG) PW1V2( SUB) ( POS NEG) -model rnpolyh [
		W = (perim_co(RNPOLYHPW1V2, POLYG3) / 2)
		L = (area(RNPOLYHPW1V2) / W)
		R = (((1930 * (L - -2.68e-07)) + (2 * 0)) / (W - -2.25e-08))
		M = 1
	]

    DEVICE R( rnpolyh) RNPOLYHNW3V3 POLYG3( POS) POLYG3( NEG) NW3V3( SUB) ( POS NEG) -model rnpolyh [
		W = (perim_co(RNPOLYHNW3V3, POLYG3) / 2)
		L = (area(RNPOLYHNW3V3) / W)
		R = (((1930 * (L - -2.68e-07)) + (2 * 0)) / (W - -2.25e-08))
		M = 1
	]

    DEVICE R( rnpolyh) RNPOLYHPW3V3 POLYG3( POS) POLYG3( NEG) PW3V3( SUB) ( POS NEG) -model rnpolyh [
		W = (perim_co(RNPOLYHPW3V3, POLYG3) / 2)
		L = (area(RNPOLYHPW3V3) / W)
		R = (((1930 * (L - -2.68e-07)) + (2 * 0)) / (W - -2.25e-08))
		M = 1
	]

    DEVICE R( rppolym) RPPOLYMNW1V2 POLYG3( POS) POLYG3( NEG) NW1V2( SUB) ( POS NEG) -model rppolym [
		W = (perim_co(RPPOLYMNW1V2, POLYG3) / 2)
		L = (area(RPPOLYMNW1V2) / W)
		R = (((390.98 * (L - -2.17e-07)) + (2 * 0)) / (W - 6.17e-08))
		M = 1
	]

    DEVICE R( rppolym) RPPOLYMPW1V2 POLYG3( POS) POLYG3( NEG) PW1V2( SUB) ( POS NEG) -model rppolym [
		W = (perim_co(RPPOLYMPW1V2, POLYG3) / 2)
		L = (area(RPPOLYMPW1V2) / W)
		R = (((390.98 * (L - -2.17e-07)) + (2 * 0)) / (W - 6.17e-08))
		M = 1
	]

    DEVICE R( rppolym) RPPOLYMNW3V3 POLYG3( POS) POLYG3( NEG) NW3V3( SUB) ( POS NEG) -model rppolym [
		W = (perim_co(RPPOLYMNW3V3, POLYG3) / 2)
		L = (area(RPPOLYMNW3V3) / W)
		R = (((390.98 * (L - -2.17e-07)) + (2 * 0)) / (W - 6.17e-08))
		M = 1
	]

    DEVICE R( rppolym) RPPOLYMPW3V3 POLYG3( POS) POLYG3( NEG) PW3V3( SUB) ( POS NEG) -model rppolym [
		W = (perim_co(RPPOLYMPW3V3, POLYG3) / 2)
		L = (area(RPPOLYMPW3V3) / W)
		R = (((390.98 * (L - -2.17e-07)) + (2 * 0)) / (W - 6.17e-08))
		M = 1
	]

    DEVICE D( dnppw1v2) DNPPW1V2 PW1V2( POS) NDIFF( NEG) -model dnppw1v2 [
		A = area(DNPPW1V2)
		P = perim(DNPPW1V2)
	]

    DEVICE D( dnppw1v2esd) DNPPW1V2ESD PW1V2( POS) NDIFF( NEG) -model dnppw1v2 [
		A = area(DNPPW1V2ESD)
		P = perim(DNPPW1V2ESD)
	]

    DEVICE D( dnppw3v3) DNPPW3V3 PW3V3( POS) NDIFF( NEG) -model dnppw3v3 [
		A = area(DNPPW3V3)
		P = perim(DNPPW3V3)
	]

    DEVICE D( dnppw3v3esd) DNPPW3V3ESD PW3V3( POS) NDIFF( NEG) -model dnppw3v3 [
		A = area(DNPPW3V3ESD)
		P = perim(DNPPW3V3ESD)
	]

    DEVICE D( dppnw1v2) DPPNW1V2 PDIFF( POS) NW1V2( NEG) -model dppnw1v2 [
		A = area(DPPNW1V2)
		P = perim(DPPNW1V2)
	]

    DEVICE D( dppnw1v2esd) DPPNW1V2ESD PDIFF( POS) NW1V2( NEG) -model dppnw1v2 [
		A = area(DPPNW1V2ESD)
		P = perim(DPPNW1V2ESD)
	]

    DEVICE D( dppnw3v3) DPPNW3V3 PDIFF( POS) NW3V3( NEG) -model dppnw3v3 [
		A = area(DPPNW3V3)
		P = perim(DPPNW3V3)
	]

    DEVICE D( dppnw3v3esd) DPPNW3V3ESD PDIFF( POS) NW3V3( NEG) -model dppnw3v3 [
		A = area(DPPNW3V3ESD)
		P = perim(DPPNW3V3ESD)
	]

    DEVICE D( ddnwsub) DDNWSUB PSUB( POS) DNW( NEG) -model ddnwsub [
		A = area(DDNWSUB)
		P = perim(DDNWSUB)
	]

    DEVICE D( dpw1v2dnw) DPW1V2DNW PW1V2( POS) DNW( NEG) -model dpw1v2dnw [
		A = area(DPW1V2DNW)
		P = perim(DPW1V2DNW)
	]

    DEVICE D( dpw3v3dnw) DPW3V3DNW PW3V3( POS) DNW( NEG) -model dpw3v3dnw [
		A = area(DPW3V3DNW)
		P = perim(DPW3V3DNW)
	]

    DEVICE dpv DPV PSUB( PLUS) NDIFFTX( MINUS) -model dpv
    DEVICE Q( pnp5ux5u) PNP5UX5U PW1V2( C) PNPBASE( B) PNPEMIT5UX5U( E) -model pnp5ux5u [
		AE = 2.5e-11
		M = 1
	]

    DEVICE nvar1v2hvt NVAR1V2HVTNOISO NGATE( PLUS) NTAP( MINUS) PSUB( B) -model nvar1v2hvt -element X < VARMARKER> [
		NG = count(VARMARKER)
		NF = (count(NGATE) / NG)
		WF = ((perim_co(NGATE, NTAP) / 2) / (NF * NG))
		LF = (((perim(NGATE) - perim_co(NGATE, NTAP)) / 2) / (NF * NG))
		M = 1
	]

    DEVICE nvar1v2hvt NVAR1V2HVTISO NGATE( PLUS) NTAP( MINUS) PSUBISO( B) -model nvar1v2hvt -element X < VARMARKER> [
		NG = count(VARMARKER)
		NF = (count(NGATE) / NG)
		WF = ((perim_co(NGATE, NTAP) / 2) / (NF * NG))
		LF = (((perim(NGATE) - perim_co(NGATE, NTAP)) / 2) / (NF * NG))
		M = 1
	]

    DEVICE nvar3v3rvt NVAR3V3RVTNOISO NGATE( PLUS) NTAP( MINUS) PSUB( B) -model nvar3v3rvt -element X < VARMARKER> [
		NG = count(VARMARKER)
		NF = (count(NGATE) / NG)
		WF = ((perim_co(NGATE, NTAP) / 2) / (NF * NG))
		LF = (((perim(NGATE) - perim_co(NGATE, NTAP)) / 2) / (NF * NG))
		M = 1
	]

    DEVICE nvar3v3rvt NVAR3V3RVTISO NGATE( PLUS) NTAP( MINUS) PSUBISO( B) -model nvar3v3rvt -element X < VARMARKER> [
		NG = count(VARMARKER)
		NF = (count(NGATE) / NG)
		WF = ((perim_co(NGATE, NTAP) / 2) / (NF * NG))
		LF = (((perim(NGATE) - perim_co(NGATE, NTAP)) / 2) / (NF * NG))
		M = 1
	]

    DEVICE probe PROBE_REC METALFa( PROBEIN) -model probe -element X < PROBEmark> [
		A = area(PROBE_REC)
	]

========================================================================


DEVICE RECOGNITION ... 
    delete layer _EPTMPL262215
    delete layer _EPTMPL262485
    delete layer _EPTMPL262493
    delete layer _EPTMPL262497
    delete layer _EPTMPL262507
    delete layer _EPTMPL262515
    delete layer _EPTMPL262531
    delete layer _EPTMPL262555
Write DEVICES ... 

    layer _EPTMPL262202 not generated, operation is dynamically optimized out.
    layer _EPTMPL262204 not generated, operation is dynamically optimized out.
    layer _EPTMPL262206 not generated, operation is dynamically optimized out.
    layer _EPTMPL262208 not generated, operation is dynamically optimized out.
    layer _EPTMPL262210 not generated, operation is dynamically optimized out.
    layer _EPTMPL262212 not generated, operation is dynamically optimized out.
    layer _EPTMPL262214 not generated, operation is dynamically optimized out.
    layer _EPTMPL262218 not generated, operation is dynamically optimized out.
    layer _EPTMPL262220 not generated, operation is dynamically optimized out.
    layer _EPTMPL262488 not generated, operation is dynamically optimized out.
    layer _EPTMPL262490 not generated, operation is dynamically optimized out.
    layer _EPTMPL262492 not generated, operation is dynamically optimized out.
    layer _EPTMPL262496 not generated, operation is dynamically optimized out.
    layer _EPTMPL262500 not generated, operation is dynamically optimized out.
    layer _EPTMPL262502 not generated, operation is dynamically optimized out.
    layer _EPTMPL262504 not generated, operation is dynamically optimized out.
    layer _EPTMPL262506 not generated, operation is dynamically optimized out.
    layer _EPTMPL262510 not generated, operation is dynamically optimized out.
    layer _EPTMPL262512 not generated, operation is dynamically optimized out.
    layer _EPTMPL262514 not generated, operation is dynamically optimized out.
    layer _EPTMPL262518 not generated, operation is dynamically optimized out.
    layer _EPTMPL262520 not generated, operation is dynamically optimized out.
    layer _EPTMPL262522 not generated, operation is dynamically optimized out.
    layer _EPTMPL262524 not generated, operation is dynamically optimized out.
    layer _EPTMPL262526 not generated, operation is dynamically optimized out.
    layer _EPTMPL262528 not generated, operation is dynamically optimized out.
    layer _EPTMPL262530 not generated, operation is dynamically optimized out.
    layer _EPTMPL262534 not generated, operation is dynamically optimized out.
    layer _EPTMPL262536 not generated, operation is dynamically optimized out.
    layer _EPTMPL262538 not generated, operation is dynamically optimized out.
    layer _EPTMPL262540 not generated, operation is dynamically optimized out.
    layer _EPTMPL262542 not generated, operation is dynamically optimized out.
    layer _EPTMPL262544 not generated, operation is dynamically optimized out.
    layer _EPTMPL262546 not generated, operation is dynamically optimized out.
    layer _EPTMPL262548 not generated, operation is dynamically optimized out.
    layer _EPTMPL262550 not generated, operation is dynamically optimized out.
    layer _EPTMPL262552 not generated, operation is dynamically optimized out.
    layer _EPTMPL262554 not generated, operation is dynamically optimized out.
    layer _EPTMPL262560 not generated, operation is dynamically optimized out.
    layer _EPTMPL262562 not generated, operation is dynamically optimized out.
    layer _EPTMPL262566 not generated, operation is dynamically optimized out.
    layer _EPTMPL262568 not generated, operation is dynamically optimized out.
    layer _EPTMPL262571 not generated, operation is dynamically optimized out.
Time: cpu=0.03/0.57  real=0.03/0.62  Memory: 17.48/17.93/21.96  peak=29.23

    delete layer RMET1a
    delete layer METAL2a
    delete layer RMET2a
    delete layer METAL3a
    delete layer RMET3a
    delete layer METAL4a
    delete layer RMET4a
    delete layer RMET5a
    delete layer RMETFa
    delete layer CMIMS
    delete layer TOPMIMS2
    delete layer CMIMS2
    delete layer METAL5a
    delete layer CMIMS7
    delete layer METAL3cf
    delete layer FRCAPM2M3
    delete layer NMOS1V2HVT
    delete layer NMOS3V3RVT
    delete layer NMOS3V3PIX
    delete layer NMOS3V3TX
    delete layer PMOS1V2HVT
    delete layer PMOS3V3RVT
    delete layer NCAP1V2HVT
    delete layer NCAP3V3RVT
    delete layer PCAP1V2HVT
    delete layer PGATE
    delete layer PCAP3V3RVT
    delete layer RNPOLYMNW1V2
    delete layer RNPOLYMPW1V2
    delete layer RNPOLYMNW3V3
    delete layer RNPOLYMPW3V3
    delete layer RNPOLYHNW1V2
    delete layer RNPOLYHPW1V2
    delete layer RNPOLYHNW3V3
    delete layer RNPOLYHPW3V3
    delete layer RPPOLYMNW1V2
    delete layer RPPOLYMPW1V2
    delete layer RPPOLYMNW3V3
    delete layer POLYG3
    delete layer RPPOLYMPW3V3
    delete layer DNPPW1V2
    delete layer DNPPW1V2ESD
    delete layer DNPPW3V3
    delete layer NDIFF
    delete layer DNPPW3V3ESD
    delete layer DPPNW1V2
    delete layer NW1V2
    delete layer DPPNW1V2ESD
    delete layer DPPNW3V3
    delete layer PDIFF
    delete layer DPPNW3V3ESD
    delete layer DDNWSUB
    delete layer DPW1V2DNW
    delete layer DPW3V3DNW
    delete layer DPV
    delete layer PW1V2
    delete layer PNPBASE
    delete layer PNPEMIT5UX5U
    delete layer PNP5UX5U
    delete layer NVAR1V2HVTNOISO
    delete layer NVAR1V2HVTISO
    delete layer NVAR3V3RVTNOISO
    delete layer NGATE
    delete layer NVAR3V3RVTISO
    delete layer VARMARKER
    delete layer PROBE_REC
    delete layer PROBEmark


operation group: 229/234
    FLOATING_PWELL:_CPTMPL371 = OR PTAP PTAPISO
========================================================================
    layer FLOATING_PWELL:_CPTMPL371 not generated, operation is dynamically optimized out.
Time: cpu=0.00/0.58  real=0.00/0.63  Memory: 17.48/17.93/17.93  peak=29.23



operation group: 230/234
    FLOATING_PWELL:L262476 = SELECT -interact PW3V3 FLOATING_PWELL:_CPTMPL371 -not
========================================================================
    generate layer FLOATING_PWELL:L262476, TYP = P, HPN = 0, FPN = 0, HEN = 0, FEN = 0
Time: cpu=0.00/0.58  real=0.00/0.63  Memory: 17.48/17.93/17.93  peak=29.23

    delete layer FLOATING_PWELL:_CPTMPL371

    Rule Check FLOATING_PWELL finished, 0 error(s) reported.
Time: cpu=0.00/0.58  real=0.00/0.63  Memory: 17.48/17.93/18.94  peak=29.23


[INFO]: 20.00% (1 out of 5) rule checks completed.


operation group: 231/234
    FLOATING_NWELL:L262480 = SELECT -interact ALLNW NTAP -not
========================================================================
    generate layer FLOATING_NWELL:L262480, TYP = P, HPN = 0, FPN = 0, HEN = 0, FEN = 0
Time: cpu=0.00/0.58  real=0.00/0.63  Memory: 17.48/17.93/25.97  peak=29.23

    delete layer NTAP

    Rule Check FLOATING_NWELL finished, 0 error(s) reported.
Time: cpu=0.00/0.58  real=0.00/0.64  Memory: 17.48/17.93/21.95  peak=29.23


[INFO]: 40.00% (2 out of 5) rule checks completed.


operation group: 232/234
    FLOATING_PSUB:L262481 = SELECT -interact PSUB PTAP -not
========================================================================
    generate layer FLOATING_PSUB:L262481, TYP = P, HPN = 0, FPN = 0, HEN = 0, FEN = 0
Time: cpu=0.00/0.58  real=0.00/0.64  Memory: 17.48/17.93/25.97  peak=29.23

    delete layer PSUB
    delete layer PTAP

    Rule Check FLOATING_PSUB finished, 0 error(s) reported.
Time: cpu=0.00/0.59  real=0.00/0.64  Memory: 17.48/17.93/21.95  peak=29.23


[INFO]: 60.00% (3 out of 5) rule checks completed.


operation group: 233/234
    FLOATING_PSUBISO:L262482 = SELECT -interact PSUBISO PTAPISO -not
========================================================================
    generate layer FLOATING_PSUBISO:L262482, TYP = P, HPN = 0, FPN = 0, HEN = 0, FEN = 0
Time: cpu=0.00/0.59  real=0.00/0.64  Memory: 17.48/17.93/17.93  peak=29.23


    Rule Check FLOATING_PSUBISO finished, 0 error(s) reported.
Time: cpu=0.00/0.59  real=0.00/0.64  Memory: 17.48/17.93/18.94  peak=29.23


[INFO]: 80.00% (4 out of 5) rule checks completed.


operation group: 234/234
    FLOATING_DNW:L262484 = SELECT -interact DNW ALLNW -not
========================================================================
    generate layer FLOATING_DNW:L262484, TYP = P, HPN = 0, FPN = 0, HEN = 0, FEN = 0
Time: cpu=0.00/0.59  real=0.00/0.64  Memory: 17.48/17.93/17.93  peak=29.23

    delete layer ALLNW

    Rule Check FLOATING_DNW finished, 0 error(s) reported.
Time: cpu=0.00/0.59  real=0.00/0.64  Memory: 17.48/17.93/18.94  peak=29.23


[INFO]: 100.00% (5 out of 5) rule checks completed.


########################################################################
Outputting Results ...
########################################################################

   ONE LAYER BOOLEAN: Cumulative Time CPU =        0(s) REAL =        0(s)
   TWO LAYER BOOLEAN: Cumulative Time CPU =        0(s) REAL =        0(s)
 POLYGON TOPOLOGICAL: Cumulative Time CPU =        0(s) REAL =        0(s)
 POLYGON MEASUREMENT: Cumulative Time CPU =        0(s) REAL =        0(s)
                SIZE: Cumulative Time CPU =        0(s) REAL =        0(s)
    EDGE TOPOLOGICAL: Cumulative Time CPU =        0(s) REAL =        0(s)
    EDGE MEASUREMENT: Cumulative Time CPU =        0(s) REAL =        0(s)
               STAMP: Cumulative Time CPU =        0(s) REAL =        0(s)
       ONE LAYER DRC: Cumulative Time CPU =        0(s) REAL =        0(s)
       TWO LAYER DRC: Cumulative Time CPU =        0(s) REAL =        0(s)
            NET AREA: Cumulative Time CPU =        0(s) REAL =        0(s)
             DENSITY: Cumulative Time CPU =        0(s) REAL =        0(s)
       MISCELLANEOUS: Cumulative Time CPU =        0(s) REAL =        0(s)
             CONNECT: Cumulative Time CPU =        0(s) REAL =        0(s)
              DEVICE: Cumulative Time CPU =        0(s) REAL =        0(s)
                 ERC: Cumulative Time CPU =        0(s) REAL =        0(s)
       PATTERN_MATCH: Cumulative Time CPU =        0(s) REAL =        0(s)
            DFM FILL: Cumulative Time CPU =        0(s) REAL =        0(s)


Total CPU Time                    : 1(s)
Total Real Time                   : 1(s)
Peak Memory Used                  : 29(M)
Total Original Geometry           : 26058(266371)
Total ERC RuleChecks              : 5
Total ERC Results                 : 0 (0)
Summary can be found in file REF_GEN_fL_2.sum
ASCII report database is /home/saul/projects/LF_BG/pvsRunLVS/REF_GEN/REF_GEN_fL_2/REF_GEN_fL_2.erc_errors.ascii


Creating annotated GDS ...
********************************************************************************
db2gds 24.11-s045 64 bit (Mon Jan 27 22:18:54 PST 2025)
Build Ref No.: 045 Production (01-27-2025) [pvs_2411_rtm]

Copyright 2025 Cadence Design Systems, Inc.
All rights reserved worldwide.

Build O/S:       Linux x86_64 3.10.0-693.el7.x86_64
Executed on:     edatools (Linux x86_64 7.0.0-28-generic)
Process Id:      39272
Starting Time:   Tue Aug  4 13:22:36 2026 (Tue Aug  4 13:22:36 2026 GMT)
With parameters: REF_GEN_fL_2_39258 /home/saul/projects/LF_BG/pvsRunLVS/REF_GEN/REF_GEN_fL_2/svdb/REF_GEN_fL_2.agf REF_GEN_fL_2 -lmap lmapCnxWOH -netmap /home/saul/projects/LF_BG/pvsRunLVS/REF_GEN/REF_GEN_fL_2/svdb/REF_GEN_fL_2.lnn -property_nqrc -gds_scale 1000 -vircolon 
********************************************************************************

Library name: REF_GEN_fL_2_39258
GDSII file name: /home/saul/projects/LF_BG/pvsRunLVS/REF_GEN/REF_GEN_fL_2/svdb/REF_GEN_fL_2.agf
Cells to be written out: REF_GEN_fL_2
Source Library: REF_GEN_fL_2_39258
Layer mapping file(GDS <- DMC): lmapCnxWOH
    18 (dt:0 tt:0) <- 18
    28 (dt:0 tt:0) <- 28
    54 (dt:0 tt:0) <- 54
    37 (dt:0 tt:0) <- 37
    42 (dt:0 tt:0) <- 42
    48 (dt:0 tt:0) <- 48
    56 (dt:0 tt:0) <- 56
    89 (dt:0 tt:0) <- 89
    103 (dt:0 tt:0) <- 103
    0 (dt:0 tt:0) <- 0
    5 (dt:0 tt:0) <- 5
    55 (dt:0 tt:0) <- 55
    58 (dt:0 tt:0) <- 58
    62 (dt:0 tt:0) <- 62
    64 (dt:0 tt:0) <- 64
    67 (dt:0 tt:0) <- 67
    70 (dt:0 tt:0) <- 70
    73 (dt:0 tt:0) <- 73
    75 (dt:0 tt:0) <- 75
    76 (dt:0 tt:0) <- 76
    79 (dt:0 tt:0) <- 79
    80 (dt:0 tt:0) <- 80
    102 (dt:0 tt:0) <- 102
    104 (dt:0 tt:0) <- 104
    3 (dt:0 tt:0) <- 3
    4 (dt:0 tt:0) <- 4
    19 (dt:0 tt:0) <- 19
    20 (dt:0 tt:0) <- 20
    21 (dt:0 tt:0) <- 21
    27 (dt:0 tt:0) <- 27
    31 (dt:0 tt:0) <- 31
    41 (dt:0 tt:0) <- 41
    43 (dt:0 tt:0) <- 43
    44 (dt:0 tt:0) <- 44
    45 (dt:0 tt:0) <- 45
    46 (dt:0 tt:0) <- 46
    84 (dt:0 tt:0) <- 84
    85 (dt:0 tt:0) <- 85
    88 (dt:0 tt:0) <- 88
    90 (dt:0 tt:0) <- 90
    91 (dt:0 tt:0) <- 91
    97 (dt:0 tt:0) <- 97
    98 (dt:0 tt:0) <- 98
    100 (dt:0 tt:0) <- 100
    101 (dt:0 tt:0) <- 101
    53 (dt:0 tt:0) <- 53
    57 (dt:0 tt:0) <- 57
    60 (dt:0 tt:0) <- 60
    63 (dt:0 tt:0) <- 63
    65 (dt:0 tt:0) <- 65
    68 (dt:0 tt:0) <- 68
    81 (dt:0 tt:0) <- 81
    82 (dt:0 tt:0) <- 82
    6 (dt:0 tt:0) <- 6
    7 (dt:0 tt:0) <- 7
    8 (dt:0 tt:0) <- 8
    9 (dt:0 tt:0) <- 9
    10 (dt:0 tt:0) <- 10
    11 (dt:0 tt:0) <- 11
    12 (dt:0 tt:0) <- 12
    13 (dt:0 tt:0) <- 13
    14 (dt:0 tt:0) <- 14
    15 (dt:0 tt:0) <- 15
    16 (dt:0 tt:0) <- 16
    17 (dt:0 tt:0) <- 17
    24 (dt:0 tt:0) <- 24
    29 (dt:0 tt:0) <- 29
    32 (dt:0 tt:0) <- 32
    33 (dt:0 tt:0) <- 33
    34 (dt:0 tt:0) <- 34
    35 (dt:0 tt:0) <- 35
    36 (dt:0 tt:0) <- 36
    38 (dt:0 tt:0) <- 38
    39 (dt:0 tt:0) <- 39
    40 (dt:0 tt:0) <- 40
    47 (dt:0 tt:0) <- 47
    49 (dt:0 tt:0) <- 49
    51 (dt:0 tt:0) <- 51
    52 (dt:0 tt:0) <- 52
    59 (dt:0 tt:0) <- 59
    61 (dt:0 tt:0) <- 61
    66 (dt:0 tt:0) <- 66
    69 (dt:0 tt:0) <- 69
    71 (dt:0 tt:0) <- 71
    72 (dt:0 tt:0) <- 72
    74 (dt:0 tt:0) <- 74
    78 (dt:0 tt:0) <- 78
    86 (dt:0 tt:0) <- 86
    93 (dt:0 tt:0) <- 93
    95 (dt:0 tt:0) <- 95
    96 (dt:0 tt:0) <- 96
    22 (dt:0 tt:0) <- 22
    23 (dt:0 tt:0) <- 23
    25 (dt:0 tt:0) <- 25
    26 (dt:0 tt:0) <- 26
    30 (dt:0 tt:0) <- 30
Cell name case: PRESERVE
Option: output object property for new qrc flow


                Object Statistics of Cells                            
Cell Name         Box  Polygon     Path   Label Instance Array    Total
----------------------------------------------------------------------
REF_GEN_fL_2     2224      196        0       0   351      0      2771
M2_M3_CDNS_785849750463        4        0        0       0     0      0         4
M2_M3_CDNS_785849750464        4        0        0       0     0      0         4
M2_M3_CDNS_785849750465        4        0        0       0     0      0         4
M1_M2_CDNS_785849750467        4        0        0       0     0      0         4
M2_M3_CDNS_785849750468       14        0        0       0     0      0        14
M1_M2_CDNS_785849750469        4        0        0       0     0      0         4
M2_M3_CDNS_7858497504610        4        0        0       0     0      0         4
M2_M3_CDNS_7858497504612        6        0        0       0     0      0         6
M2_M3_CDNS_7858497504613        6        0        0       0     0      0         6
M1_M2_CDNS_7858497504614        6        0        0       0     0      0         6
M2_M3_CDNS_7858497504615        6        0        0       0     0      0         6
M1_M2_CDNS_7858497504616        6        0        0       0     0      0         6
M1_M2_CDNS_7858497504617        6        0        0       0     0      0         6
M2_M3_CDNS_7858497504618        8        0        0       0     0      0         8
M1_M2_CDNS_7858497504619        5        0        0       0     0      0         5
M1_M2_CDNS_7858497504620        5        0        0       0     0      0         5
M2_M3_CDNS_7858497504621       18        0        0       0     0      0        18
M1_M2_CDNS_7858497504622       14        0        0       0     0      0        14
M2_M3_CDNS_7858497504623       11        0        0       0     0      0        11
M1_M2_CDNS_7858497504624       11        0        0       0     0      0        11
M2_M3_CDNS_7858497504625        5        0        0       0     0      0         5
M2_M3_CDNS_7858497504626        5        0        0       0     0      0         5
M1_M2_CDNS_7858497504628       82        0        0       0     0      0        82
M1_M2_CDNS_7858497504629       10        0        0       0     0      0        10
M2_M3_CDNS_7858497504630       10        0        0       0     0      0        10
Contact_CDNS_785849750463        5        0        0       0     0      0         5
Contact_CDNS_785849750467        1        0        0       0     0      0         1
Contact_CDNS_7858497504618        1        0        0       0     0      0         1
AbutContact_CDNS_7858497504620        8        0        0       0     0      0         8
AbutContact_CDNS_7858497504622        7        0        0       0     0      0         7
CONSTANT_GM_2_fL     1880       31        0       0    77      0      1988
M1_M2_CDNS_7858497504664        8        0        0       0     0      0         8
BG_TRIM_4_fL     5575       95        0       0   615      0      6285
LS2                 9        3        0       0     2      0        14
LS3                16        7        0       0     7      0        30
Tsw                68       17        0       0     0      0        85
3to8DeMuxSel      583      104        0       0    71      0       758
M1_M2_CDNS_7858497504684       13        0        0       0     0      0        13
M1_M2_CDNS_7858497504685        7        0        0       0     0      0         7
M1_M2_CDNS_7858497504686       12        0        0       0     0      0        12
M1_M2_CDNS_7858497504687        6        0        0       0     0      0         6
pmos1v2hvt_4_CDNS_78584975046112       39        0        0       0     4      0        43
nmos1v2hvt_4_CDNS_78584975046115       24        0        0       0     4      0        28
REF_V5_fLC       4581      108        0       0   597      0      5286
LS1                 5        1        0       0     1      0         7
dnppw1v2_CDNS_78584975046146        6        0        0       0     0      0         6
PG_M1_CDNS_7858497504631        6        0        0       0     0      0         6
M1_M2_CDNS_7858497504632        8        0        0       0     0      0         8
M1_M2_CDNS_7858497504633        8        0        0       0     0      0         8
M2_M3_CDNS_7858497504634       26        0        0       0     0      0        26
M2_M3_CDNS_7858497504636       62        0        0       0     0      0        62
M2_M3_CDNS_7858497504637       42        0        0       0     0      0        42
nmos1v2hvt_4_CDNS_785849750460       78        1        0       0     5      0        84
nmos1v2hvt_4_CDNS_785849750465       23        0        0       0     2      0        25
nmos1v2hvt_4_CDNS_785849750468       79        1        0       0     6      0        86
pmos1v2hvt_4_CDNS_7858497504611       79        1        0       0     5      0        85
pmos1v2hvt_4_CDNS_7858497504614       18        0        0       0     3      0        21
nmos1v2hvt_4_CDNS_7858497504616       77        1        0       0     4      0        82
pmos1v2hvt_4_CDNS_7858497504617       24        0        0       0     3      0        27
nmos1v2hvt_4_CDNS_7858497504619       17        0        0       0     3      0        20
pmos1v2hvt_4_CDNS_7858497504621       24        0        0       0     3      0        27
ncap1v2hvt_CDNS_7858497504623        8        2        0       0     3      0        13
rnpolym_CDNS_7858497504626      303        0        0       0    30      0       333
pmos1v2hvt_4_CDNS_7858497504628       80        1        0       0     6      0        87
pmos1v2hvt_4_CDNS_7858497504629      269        2        0       0    11      0       282
M1_M2_CDNS_7858497504638        5        0        0       0     0      0         5
M1_M2_CDNS_7858497504639       17        0        0       0     0      0        17
M1_M2_CDNS_7858497504640        7        0        0       0     0      0         7
M1_M2_CDNS_7858497504641        4        0        0       0     0      0         4
M1_M2_CDNS_7858497504642       10        0        0       0     0      0        10
M2_M3_CDNS_7858497504643       42        0        0       0     0      0        42
PG_M1_CDNS_7858497504645       10        0        0       0     0      0        10
M1_M2_CDNS_7858497504649       14        0        0       0     0      0        14
PG_M1_CDNS_7858497504650        4        0        0       0     0      0         4
M2_M3_CDNS_7858497504651       14        0        0       0     0      0        14
M1_M2_CDNS_7858497504654        5        0        0       0     0      0         5
M1_M2_CDNS_7858497504655       32        0        0       0     0      0        32
M2_M3_CDNS_7858497504659        8        0        0       0     0      0         8
M1_M2_CDNS_7858497504661        8        0        0       0     0      0         8
M2_M3_CDNS_7858497504662       26        0        0       0     0      0        26
M1_M2_CDNS_7858497504666       10        0        0       0     0      0        10
cmims_CDNS_7858497504632      356        2        0       0     0      0       358
pmos1v2hvt_4_CDNS_7858497504633       18        1        0       0     4      0        23
rnpolyh_CDNS_7858497504635        7        0        0       0     2      0         9
mux8_1_fL         213        6        0       0    24      0       243
rnpolyh_CDNS_7858497504638      103        0        0       0    10      0       113
nmos1v2hvt_4_CDNS_7858497504649       39        1        0       0     6      0        46
BG_STARTUP_fL2      115       28        0       0   136      0       279
nmos1v2hvt_4_CDNS_7858497504666       27        0        0       0     2      0        29
trim_res_bg_2_fL      430        4        0       0    19      0       453
trim_res_bg_sl_fL      933        4        0       0    29      0       966
pmos1v2hvt_4_CDNS_7858497504673       11        1        0       0     3      0        15
pmos1v2hvt_4_CDNS_7858497504675       12        0        0       0     3      0        15
pmos1v2hvt_4_CDNS_7858497504677       12        1        0       0     4      0        17
pmos1v2hvt_4_CDNS_7858497504679       42        1        0       0     5      0        48
nmos1v2hvt_4_CDNS_7858497504683       39        1        0       0     6      0        46
pmos1v2hvt_4_CDNS_7858497504685      268        1        0       0    22      0       291
nmos1v2hvt_4_CDNS_7858497504688       17        1        0       0     5      0        23
BG_PNP_array      176        2        0       0    41      0       219
pmos1v2hvt_4_CDNS_78584975046102       16        1        0       0     5      0        22
LS                 69       17        0       0     0      0        86
M1_M2_CDNS_7858497504683        4        0        0       0     0      0         4
NO2                40        7        0       0     0      0        47
Contact_CDNS_78584975046105        1        0        0       0     0      0         1
IN                 26        5        0       0     0      0        31
nmos1v2hvt_4_CDNS_78584975046106        9        1        0       0     1      0        11
pmos1v2hvt_4_CDNS_78584975046107       10        0        0       0     1      0        11
nmos1v2hvt_4_CDNS_78584975046108        8        0        0       0     0      0         8
NA3                51        9        0       0     0      0        60
pmos1v2hvt_4_CDNS_78584975046109        9        1        0       0     1      0        11
pmos1v2hvt_4_CDNS_78584975046110        9        1        0       0     1      0        11
nmos1v2hvt_4_CDNS_78584975046111        9        1        0       0     1      0        11
Contact_CDNS_7858497504650        1        0        0       0     0      0         1
M1_M2_CDNS_7858497504694        7        0        0       0     0      0         7
pmos1v2hvt_4_CDNS_78584975046116       80        1        0       0     6      0        87
pmos1v2hvt_4_CDNS_78584975046117       78        1        0       0     4      0        83
rnpolym_CDNS_78584975046118       11        0        0       0     4      0        15
rnpolym_CDNS_78584975046119       91        0        0       0    44      0       135
rnpolym_CDNS_78584975046120        7        0        0       0     2      0         9
rnpolym_CDNS_78584975046121       19        0        0       0     8      0        27
rnpolym_CDNS_78584975046122        7        0        0       0     2      0         9
mux8_1p_fL          1        1        0       0     8      0        10
trim_res_array_rn_2_fL        3       13        0       0    16      0        32
pmos1v2hvt_4_CDNS_78584975046125       78        1        0       0     4      0        83
inv8_fL             0        0        0       0     8      0         8
pmos1v2hvt_4_CDNS_78584975046126       14        1        0       0     6      0        21
rnpolym_CDNS_78584975046129       35        0        0       0    16      0        51
nmos1v2hvt_4_CDNS_78584975046130       65        1        0       0     6      0        72
nmos1v2hvt_4_CDNS_78584975046131       13        1        0       0     6      0        20
pmos1v2hvt_4_CDNS_78584975046134       14        1        0       0     6      0        21
nmos1v2hvt_4_CDNS_78584975046135      156        1        0       0     6      0       163
rnpolym_CDNS_78584975046138        7        0        0       0     2      0         9
pmos1v2hvt_4_CDNS_78584975046139      196        2        0       0    12      0       210
pmos1v2hvt_4_CDNS_78584975046142       85        1        0       0     5      0        91
pmos1v2hvt_4_CDNS_78584975046144      226        2        0       0    11      0       239
Contact_CDNS_785849750461        2        0        0       0     0      0         2
Contact_CDNS_785849750462       30        0        0       0     0      0        30
AbutContact_CDNS_785849750464       13        0        0       0     0      0        13
Contact_CDNS_785849750469       18        0        0       0     0      0        18
AbutContact_CDNS_7858497504610       39        0        0       0     0      0        39
Contact_CDNS_7858497504612       10        0        0       0     0      0        10
AbutContact_CDNS_7858497504613       22        0        0       0     0      0        22
AbutContact_CDNS_7858497504615        6        0        0       0     0      0         6
Contact_CDNS_7858497504624       68        0        0       0     0      0        68
Contact_CDNS_7858497504625       50        0        0       0     0      0        50
MASCO__Y3           5        0        0       0     5      0        10
Contact_CDNS_7858497504630       38        0        0       0     0      0        38
AbutContact_CDNS_7858497504634       38        0        0       0     0      0        38
Contact_CDNS_7858497504627        4        0        0       0     0      0         4
nmos1v2hvt_4_CDNS_7858497504636       80        1        0       0     4      0        85
Contact_CDNS_7858497504641       15        0        0       0     0      0        15
Contact_CDNS_7858497504651       13        0        0       0     0      0        13
AbutContact_CDNS_7858497504652       19        0        0       0     0      0        19
M2_M3_CDNS_7858497504680        8        0        0       0     0      0         8
pmos1v2hvt_4_CDNS_7858497504639       83        0        0       0     5      0        88
nmos1v2hvt_4_CDNS_7858497504644       22        1        0       0     3      0        26
nmos1v2hvt_4_CDNS_7858497504647       17        1        0       0     4      0        22
pmos1v2hvt_4_CDNS_7858497504653       25        0        0       0     4      0        29
pmos1v2hvt_4_CDNS_7858497504655       28        1        0       0     3      0        32
pmos1v2hvt_4_CDNS_7858497504657       66        1        0       0     6      0        73
pmos1v2hvt_4_CDNS_7858497504660       67        0        0       0     6      0        73
pmos1v2hvt_4_CDNS_7858497504661       65        0        0       0     4      0        69
nmos1v2hvt_4_CDNS_7858497504662       46        1        0       0     6      0        53
rnpolyh_CDNS_7858497504668       19        0        0       0    10      0        29
rnpolyh_CDNS_7858497504669       10        0        0       0     4      0        14
rnpolyh_CDNS_7858497504670      180        0        0       0     8      0       188
rnpolyh_CDNS_7858497504671        7        0        0       0     2      0         9
MASCO__Y1          12        0        0       0    12      0        24
AbutContact_CDNS_7858497504659       12        0        0       0     0      0        12
Contact_CDNS_7858497504674        4        0        0       0     0      0         4
Contact_CDNS_7858497504676       18        0        0       0     0      0        18
Contact_CDNS_7858497504678      136        0        0       0     0      0       136
Contact_CDNS_7858497504680      116        0        0       0     0      0       116
Contact_CDNS_7858497504681       19        0        0       0     0      0        19
Contact_CDNS_7858497504684       12        0        0       0     0      0        12
Contact_CDNS_7858497504690       59        0        0       0     0      0        59
pnp5ux5u_CDNS_7858497504691        4        7        0       0    14      0        25
pnp5ux5u_CDNS_78584975046100        6        7        0       0    14      0        27
pnp5ux5u_CDNS_78584975046101        4        7        0       0    14      0        25
MASCO__A20          2        0        0       0     2      0         4
MASCO__B21          3        0        0       0     2      0         5
MASCO__A22          5        1        0       0     2      0         8
MASCO__B23         13        0        0       0     2      0        15
Contact_CDNS_7858497504658        8        0        0       0     0      0         8
Contact_CDNS_7858497504654        3        0        0       0     0      0         3
pmos1v2hvt_4_CDNS_78584975046123       80        1        0       0     6      0        87
trim_res_rnpolyn_2_fL       67        3        0       0    26      0        96
IN2                33        5        0       0     0      0        38
Contact_CDNS_7858497504648       36        0        0       0     0      0        36
Contact_CDNS_78584975046127       86        0        0       0     0      0        86
Contact_CDNS_78584975046128       73        0        0       0     0      0        73
Contact_CDNS_7858497504640        1        0        0       0     0      0         1
Contact_CDNS_7858497504642       25        0        0       0     0      0        25
Contact_CDNS_78584975046132       64        0        0       0     0      0        64
Contact_CDNS_78584975046133       55        0        0       0     0      0        55
Contact_CDNS_78584975046140       26        0        0       0     0      0        26
AbutContact_CDNS_78584975046141       35        0        0       0     0      0        35
Contact_CDNS_7858497504645        3        0        0       0     0      0         3
Contact_CDNS_7858497504664        7        0        0       0     0      0         7
MASCO__Y2          11        0        0       0    11      0        22
Contact_CDNS_7858497504692       39        0        0       0     0      0        39
Contact_CDNS_7858497504693       27        0        0       0     0      0        27
Contact_CDNS_7858497504694       27        0        0       0     0      0        27
AbutContact_CDNS_7858497504695       20        0        0       0     0      0        20
AbutContact_CDNS_7858497504696       23        0        0       0     0      0        23
AbutContact_CDNS_7858497504697        2        0        0       0     0      0         2
AbutContact_CDNS_7858497504698        2        0        0       0     0      0         2
Contact_CDNS_7858497504699       23        0        0       0     0      0        23
----------------------------------------------------------------------

Object Statistics of Layers
Layer   Objects
----------------
   3          52
   8         164
  12         126
  19          70
  20          96
  21         889
  32           1
  36          71
  37        2921
  38          99
  41         146
  42         561
  43         190
  44          51
  45          30
  47           1
  48          41
  54          68
  55        1190
  56          41
  58         953
  62         189
  64           3
  67          14
  70           2
  79           1
  84           3
  85           3
  86         167
  90         354
  91          20
  95           1
  97        3390
  98       11714
 101         355
 102         125
----------------

Object Summary
------------------
     Box     23370
 Polygon       732
    Path         0
   Label         0
Instance      2505
   Array         0
------------------
   Total     26607


Output property: 26607
Total CPU Time          : 0(s)
Total Real Time         : 0(s)
Peak Memory Used        : 9(M)
Creating extracted connectivity database ...
CmdLine: /opt/tools/cadence/installs/PVS241/tools.lnx86/pvs/bin/64bit/edbToEcdb -kf -edb REF_GEN_fL_2_39258.db -ecdb ./ -topcell REF_GEN_fL_2 -netlist /home/saul/projects/LF_BG/pvsRunLVS/REF_GEN/REF_GEN_fL_2/svdb/REF_GEN_fL_2.net -layermap /home/saul/projects/LF_BG/pvsRunLVS/REF_GEN/REF_GEN_fL_2/svdb/REF_GEN_fL_2.ecdbmap -textmap /home/saul/projects/LF_BG/pvsRunLVS/REF_GEN/REF_GEN_fL_2/svdb/REF_GEN_fL_2.ports -dependmap REF_GEN_fL_2.lmap.perc -lvsfile /home/saul/projects/LF_BG/pvsRunLVS/REF_GEN/REF_GEN_fL_2/svdb/REF_GEN_fL_2.lvsfile -saveFloatingNets .REF_GEN_fL_2.info.softchk 
Legend for cell operations:
   C - Cells
   P - Pins
   N - Net
   D - Device
   I - Insts
   S - Shapes
   X - Delete cell memory
Opening layer file 'REF_GEN_fL_2_39258.db/__layer'...
Loading layer map file '/home/saul/projects/LF_BG/pvsRunLVS/REF_GEN/REF_GEN_fL_2/svdb/REF_GEN_fL_2.ecdbmap'...
Loading text map file '/home/saul/projects/LF_BG/pvsRunLVS/REF_GEN/REF_GEN_fL_2/svdb/REF_GEN_fL_2.ports'...
Loading dependency map file 'REF_GEN_fL_2.lmap.perc'...
Pre loading edb directory contents...
ECDB file name './/.REF_GEN_fL_2.ecdb'...
Loading lvs file '/home/saul/projects/LF_BG/pvsRunLVS/REF_GEN/REF_GEN_fL_2/svdb/REF_GEN_fL_2.lvsfile'...
Writing db header information...(0s)
Transfering cdl structures to ecdb structures...
Read Netlist (32 threads)...
  DONE - (2s)
Process (32 threads)...
Cell(     104):   0% Done...(2s), Contact_CDNS_7858497504658              
Cell(     208):   0% Done...(2s), dnppw1v2_CDNS_78584975046146            
Cell(      95):   1% Done...(2s), Contact_CDNS_7858497504642              
Cell(     195):   1% Done...(2s), Contact_CDNS_78584975046132             
Cell(     193):   2% Done...(2s), rnpolym_CDNS_78584975046129             
Cell(     102):   2% Done...(2s), pmos1v2hvt_4_CDNS_7858497504653         
Cell(     203):   3% Done...(2s), pmos1v2hvt_4_CDNS_78584975046139        
Cell(     205):   3% Done...(2s), pmos1v2hvt_4_CDNS_78584975046144        
Cell(      30):   4% Done...(2s), AbutContact_CDNS_7858497504622          
Cell(     198):   4% Done...(2s), pmos1v2hvt_4_CDNS_78584975046134        
Cell(      98):   5% Done...(2s), nmos1v2hvt_4_CDNS_7858497504644         
Cell(     204):   5% Done...(2s), pmos1v2hvt_4_CDNS_78584975046142        
Cell(     196):   6% Done...(2s), Contact_CDNS_78584975046133             
Cell(      42):   6% Done...(2s), Contact_CDNS_785849750469               
Cell(      53):   7% Done...(2s), pmos1v2hvt_4_CDNS_7858497504621         
Cell(     189):   7% Done...(2s), inv8_fL                                 
Cell(      83):   8% Done...(2s), pmos1v2hvt_4_CDNS_7858497504633         
Cell(      87):   8% Done...(2s), rnpolyh_CDNS_7858497504638              
Cell(     200):   9% Done...(2s), rnpolym_CDNS_78584975046138             
Cell(      93):   9% Done...(2s), M2_M3_CDNS_7858497504680                
Cell(     177):  10% Done...(2s), pmos1v2hvt_4_CDNS_78584975046117        
Cell(     172):  10% Done...(2s), M1_M2_CDNS_7858497504687                
Cell(     173):  10% Done...(2s), pmos1v2hvt_4_CDNS_78584975046112        
Cell(      84):  11% Done...(2s), rnpolyh_CDNS_7858497504635              
Cell(      79):  11% Done...(2s), M2_M3_CDNS_7858497504662                
Cell(     169):  12% Done...(2s), M1_M2_CDNS_7858497504684                
Cell(       9):  12% Done...(2s), M2_M3_CDNS_7858497504613                
Cell(      19):  13% Done...(2s), M2_M3_CDNS_7858497504623                
Cell(      85):  13% Done...(2s), nmos1v2hvt_4_CDNS_7858497504636         
Cell(      82):  14% Done...(2s), AbutContact_CDNS_7858497504634          
Cell(     199):  14% Done...(2s), nmos1v2hvt_4_CDNS_78584975046135        
Cell(     163):  15% Done...(2s), nmos1v2hvt_4_CDNS_78584975046108        
Cell(     194):  15% Done...(2s), nmos1v2hvt_4_CDNS_78584975046130        
Cell(      71):  16% Done...(2s), PG_M1_CDNS_7858497504645                
Cell(      81):  16% Done...(2s), cmims_CDNS_7858497504632                
Cell(     176):  17% Done...(2s), pmos1v2hvt_4_CDNS_78584975046116        
Cell(     154):  17% Done...(2s), LS2                                     
Cell(     155):  18% Done...(2s), LS3                                     
Cell(      17):  18% Done...(2s), M2_M3_CDNS_7858497504621                
Cell(      41):  19% Done...(2s), nmos1v2hvt_4_CDNS_785849750465          
Cell(      67):  19% Done...(2s), M1_M2_CDNS_7858497504640                
Cell(      32):  20% Done...(2s), M1_M2_CDNS_7858497504632                
Cell(      76):  20% Done...(2s), M1_M2_CDNS_7858497504655                
Cell(      18):  20% Done...(2s), M1_M2_CDNS_7858497504622                
Cell(      31):  21% Done...(2s), PG_M1_CDNS_7858497504631                
Cell(      69):  21% Done...(2s), M1_M2_CDNS_7858497504642                
Cell(     140):  22% Done...(2s), AbutContact_CDNS_7858497504697          
Cell(      22):  22% Done...(2s), M2_M3_CDNS_7858497504626                
Cell(      73):  23% Done...(2s), PG_M1_CDNS_7858497504650                
Cell(      37):  23% Done...(2s), Contact_CDNS_785849750461               
Cell(      15):  24% Done...(2s), M1_M2_CDNS_7858497504619                
Cell(     165):  24% Done...(2s), pmos1v2hvt_4_CDNS_78584975046109        
Cell(      33):  25% Done...(2s), M1_M2_CDNS_7858497504633                
Cell(     183):  25% Done...(2s), pmos1v2hvt_4_CDNS_78584975046123        
Cell(     136):  26% Done...(2s), Contact_CDNS_7858497504693              
Cell(      10):  26% Done...(2s), M1_M2_CDNS_7858497504614                
Cell(      64):  27% Done...(2s), M1_M2_CDNS_7858497504664                
Cell(     139):  27% Done...(2s), AbutContact_CDNS_7858497504696          
Cell(      61):  28% Done...(2s), Contact_CDNS_7858497504630              
Cell(     123):  28% Done...(2s), Contact_CDNS_7858497504676              
Cell(      58):  29% Done...(2s), MASCO__Y3                               
Cell(      57):  29% Done...(2s), Contact_CDNS_7858497504627              
Cell(      60):  30% Done...(2s), pmos1v2hvt_4_CDNS_7858497504628         
Cell(     117):  30% Done...(2s), rnpolyh_CDNS_7858497504671              
Cell(     115):  30% Done...(2s), MASCO__Y2                               
Cell(     132):  31% Done...(2s), pmos1v2hvt_4_CDNS_7858497504685         
Cell(       6):  31% Done...(2s), M1_M2_CDNS_785849750469                 
Cell(      55):  32% Done...(2s), Contact_CDNS_7858497504625              
Cell(     114):  32% Done...(2s), rnpolyh_CDNS_7858497504669              
Cell(      59):  33% Done...(2s), rnpolym_CDNS_7858497504626              
Cell(     113):  33% Done...(2s), rnpolyh_CDNS_7858497504668              
Cell(      52):  34% Done...(2s), nmos1v2hvt_4_CDNS_7858497504619         
Cell(     109):  34% Done...(2s), Contact_CDNS_7858497504664              
Cell(     108):  35% Done...(2s), pmos1v2hvt_4_CDNS_7858497504661         
Cell(     118):  35% Done...(2s), trim_res_bg_2_fL                        
Cell(     168):  36% Done...(2s), 3to8DeMuxSel                            
Cell(     110):  36% Done...(2s), nmos1v2hvt_4_CDNS_7858497504662         
Cell(      48):  37% Done...(2s), AbutContact_CDNS_7858497504615          
Cell(      25):  37% Done...(2s), M2_M3_CDNS_7858497504630                
Cell(      62):  38% Done...(2s), pmos1v2hvt_4_CDNS_7858497504629         
Cell(       3):  38% Done...(2s), M2_M3_CDNS_785849750465                 
Cell(      97):  39% Done...(2s), Contact_CDNS_7858497504645              
Cell(      91):  39% Done...(2s), AbutContact_CDNS_7858497504652          
Cell(      96):  40% Done...(2s), pmos1v2hvt_4_CDNS_7858497504639         
Cell(      47):  40% Done...(2s), pmos1v2hvt_4_CDNS_7858497504611         
Cell(      80):  40% Done...(2s), M1_M2_CDNS_7858497504666                
Cell(     187):  41% Done...(2s), pmos1v2hvt_4_CDNS_78584975046125        
Cell(      44):  41% Done...(2s), nmos1v2hvt_4_CDNS_785849750468          
Cell(      94):  42% Done...(2s), Contact_CDNS_7858497504640              
Cell(      90):  42% Done...(2s), Contact_CDNS_7858497504651              
Cell(     175):  43% Done...(2s), M1_M2_CDNS_7858497504694                
Cell(     186):  43% Done...(2s), trim_res_array_rn_2_fL                  
Cell(      89):  44% Done...(2s), Contact_CDNS_7858497504650              
Cell(     184):  44% Done...(2s), mux8_1p_fL                              
Cell(      38):  45% Done...(2s), Contact_CDNS_785849750462               
Cell(     178):  45% Done...(2s), rnpolym_CDNS_78584975046118             
Cell(     174):  46% Done...(2s), nmos1v2hvt_4_CDNS_78584975046115        
Cell(     171):  46% Done...(2s), M1_M2_CDNS_7858497504686                
Cell(       4):  47% Done...(2s), M1_M2_CDNS_785849750467                 
Cell(     166):  47% Done...(2s), pmos1v2hvt_4_CDNS_78584975046110        
Cell(     164):  48% Done...(2s), NA3                                     
Cell(      28):  48% Done...(2s), Contact_CDNS_7858497504618              
Cell(       5):  49% Done...(2s), M2_M3_CDNS_785849750468                 
Cell(     158):  49% Done...(2s), NO2                                     
Cell(     160):  50% Done...(2s), IN                                      
Cell(     209):  50% Done...(2s), REF_GEN_fL_2                            
Cell(     151):  50% Done...(2s), pmos1v2hvt_4_CDNS_78584975046102        
Cell(      77):  51% Done...(2s), M2_M3_CDNS_7858497504659                
Cell(     206):  51% Done...(2s), REF_V5_fLC                              
Cell(     144):  52% Done...(2s), pnp5ux5u_CDNS_78584975046100            
Cell(     128):  52% Done...(2s), Contact_CDNS_7858497504681              
Cell(     146):  53% Done...(2s), MASCO__A20                              
Cell(     141):  53% Done...(2s), AbutContact_CDNS_7858497504698          
Cell(      63):  54% Done...(2s), CONSTANT_GM_2_fL                        
Cell(     138):  54% Done...(2s), AbutContact_CDNS_7858497504695          
Cell(     131):  55% Done...(2s), nmos1v2hvt_4_CDNS_7858497504683         
Cell(      65):  55% Done...(2s), M1_M2_CDNS_7858497504638                
Cell(     201):  56% Done...(2s), Contact_CDNS_78584975046140             
Cell(     112):  56% Done...(2s), nmos1v2hvt_4_CDNS_7858497504666         
Cell(     120):  57% Done...(2s), trim_res_bg_sl_fL                       
Cell(     126):  57% Done...(2s), pmos1v2hvt_4_CDNS_7858497504677         
Cell(      26):  58% Done...(2s), Contact_CDNS_785849750463               
Cell(       2):  58% Done...(2s), M2_M3_CDNS_785849750464                 
Cell(      54):  59% Done...(2s), Contact_CDNS_7858497504624              
Cell(      13):  59% Done...(2s), M1_M2_CDNS_7858497504617                
Cell(      29):  60% Done...(2s), AbutContact_CDNS_7858497504620          
Cell(      14):  60% Done...(2s), M2_M3_CDNS_7858497504618                
Cell(      99):  60% Done...(2s), Contact_CDNS_7858497504648              
Cell(      27):  61% Done...(2s), Contact_CDNS_785849750467               
Cell(      20):  61% Done...(2s), M1_M2_CDNS_7858497504624                
Cell(     106):  62% Done...(2s), pmos1v2hvt_4_CDNS_7858497504657         
Cell(     191):  62% Done...(2s), Contact_CDNS_78584975046128             
Cell(       8):  63% Done...(2s), M2_M3_CDNS_7858497504612                
Cell(     127):  63% Done...(2s), Contact_CDNS_7858497504680              
Cell(      78):  64% Done...(2s), M1_M2_CDNS_7858497504661                
Cell(      86):  64% Done...(2s), mux8_1_fL                               
Cell(      92):  65% Done...(2s), nmos1v2hvt_4_CDNS_7858497504649         
Cell(     182):  65% Done...(2s), rnpolym_CDNS_78584975046122             
Cell(     180):  66% Done...(2s), rnpolym_CDNS_78584975046120             
Cell(      75):  66% Done...(2s), M1_M2_CDNS_7858497504654                
Cell(     152):  67% Done...(2s), BG_TRIM_4_fL                            
Cell(     145):  67% Done...(2s), pnp5ux5u_CDNS_78584975046101            
Cell(     159):  68% Done...(2s), Contact_CDNS_78584975046105             
Cell(     134):  68% Done...(2s), nmos1v2hvt_4_CDNS_7858497504688         
Cell(      72):  69% Done...(2s), M1_M2_CDNS_7858497504649                
Cell(      36):  69% Done...(2s), M2_M3_CDNS_7858497504637                
Cell(      70):  70% Done...(2s), M2_M3_CDNS_7858497504643                
Cell(      46):  70% Done...(2s), AbutContact_CDNS_7858497504613          
Cell(       7):  70% Done...(2s), M2_M3_CDNS_7858497504610                
Cell(      49):  71% Done...(2s), pmos1v2hvt_4_CDNS_7858497504614         
Cell(     119):  71% Done...(2s), MASCO__Y1                               
Cell(      56):  72% Done...(2s), ncap1v2hvt_CDNS_7858497504623           
Cell(     124):  72% Done...(2s), pmos1v2hvt_4_CDNS_7858497504675         
Cell(     107):  73% Done...(2s), pmos1v2hvt_4_CDNS_7858497504660         
Cell(      51):  73% Done...(2s), pmos1v2hvt_4_CDNS_7858497504617         
Cell(      11):  74% Done...(2s), M2_M3_CDNS_7858497504615                
Cell(      23):  74% Done...(2s), M1_M2_CDNS_7858497504628                
Cell(     129):  75% Done...(2s), pmos1v2hvt_4_CDNS_7858497504679         
Cell(     179):  75% Done...(2s), rnpolym_CDNS_78584975046119             
Cell(      88):  76% Done...(2s), Contact_CDNS_7858497504641              
Cell(     170):  76% Done...(2s), M1_M2_CDNS_7858497504685                
Cell(     157):  77% Done...(2s), M1_M2_CDNS_7858497504683                
Cell(     149):  77% Done...(2s), MASCO__B23                              
Cell(      68):  78% Done...(2s), M1_M2_CDNS_7858497504641                
Cell(     142):  78% Done...(2s), Contact_CDNS_7858497504699              
Cell(     111):  79% Done...(2s), BG_STARTUP_fL2                          
Cell(     100):  79% Done...(2s), nmos1v2hvt_4_CDNS_7858497504647         
Cell(     202):  80% Done...(2s), AbutContact_CDNS_78584975046141         
Cell(     116):  80% Done...(2s), rnpolyh_CDNS_7858497504670              
Cell(     162):  80% Done...(2s), pmos1v2hvt_4_CDNS_78584975046107        
Cell(     148):  81% Done...(2s), MASCO__A22                              
Cell(     130):  81% Done...(2s), Contact_CDNS_7858497504684              
Cell(      39):  82% Done...(2s), AbutContact_CDNS_785849750464           
Cell(     125):  82% Done...(2s), Contact_CDNS_7858497504678              
Cell(     105):  83% Done...(2s), AbutContact_CDNS_7858497504659          
Cell(     190):  83% Done...(2s), Contact_CDNS_78584975046127             
Cell(       0):  84% Done...(2s), ncap1v2hvt                              
Cell(     207):  84% Done...(2s), LS1                                     
Cell(     137):  85% Done...(2s), Contact_CDNS_7858497504694              
Cell(      45):  85% Done...(3s), Contact_CDNS_7858497504612              
Cell(     197):  86% Done...(3s), nmos1v2hvt_4_CDNS_78584975046131        
Cell(     181):  86% Done...(3s), rnpolym_CDNS_78584975046121             
Cell(      21):  87% Done...(3s), M2_M3_CDNS_7858497504625                
Cell(     185):  87% Done...(3s), trim_res_rnpolyn_2_fL                   
Cell(       1):  88% Done...(3s), M2_M3_CDNS_785849750463                 
Cell(     192):  88% Done...(3s), pmos1v2hvt_4_CDNS_78584975046126        
Cell(      40):  89% Done...(3s), nmos1v2hvt_4_CDNS_785849750460          
Cell(     188):  89% Done...(3s), IN2                                     
Cell(      74):  90% Done...(3s), M2_M3_CDNS_7858497504651                
Cell(     161):  90% Done...(3s), nmos1v2hvt_4_CDNS_78584975046106        
Cell(     147):  90% Done...(3s), MASCO__B21                              
Cell(      35):  91% Done...(3s), M2_M3_CDNS_7858497504636                
Cell(      66):  91% Done...(3s), M1_M2_CDNS_7858497504639                
Cell(     153):  92% Done...(3s), LS                                      
Cell(      12):  92% Done...(3s), M1_M2_CDNS_7858497504616                
Cell(     135):  93% Done...(3s), Contact_CDNS_7858497504692              
Cell(     133):  93% Done...(3s), Contact_CDNS_7858497504690              
Cell(     156):  94% Done...(3s), Tsw                                     
Cell(      24):  94% Done...(3s), M1_M2_CDNS_7858497504629                
Cell(     121):  95% Done...(3s), Contact_CDNS_7858497504674              
Cell(     122):  95% Done...(3s), pmos1v2hvt_4_CDNS_7858497504673         
Cell(      50):  96% Done...(3s), nmos1v2hvt_4_CDNS_7858497504616         
Cell(     103):  96% Done...(3s), pmos1v2hvt_4_CDNS_7858497504655         
Cell(      34):  97% Done...(3s), M2_M3_CDNS_7858497504634                
Cell(     167):  97% Done...(3s), nmos1v2hvt_4_CDNS_78584975046111        
Cell(      16):  98% Done...(4s), M1_M2_CDNS_7858497504620                
Cell(      43):  98% Done...(4s), AbutContact_CDNS_7858497504610          
Cell(     143):  99% Done...(4s), pnp5ux5u_CDNS_7858497504691             
Cell(     150):  99% Done...(4s), BG_PNP_array                            
Cell(     101): 100% Done...(4s), Contact_CDNS_7858497504654              
  DONE - (2s)
Cells creation time: (4s)
Write netlist items...(4s)
Saving name table to db...
Save device templates to the db...
Save connect rules to the db...
Write calculated header information to the top of file...
Erasing cdl subckts... (0s)
ecdb created...TOTAL TIME: (4s)
Total CPU Time      : 0(s)
Total Real Time     : 4(s)
   Read edb time    : 0(s)
   Write ecdb time  : 0(s)
Peak Memory Used    : 2277.02(M)

edbToEcdb Header Information:
  ECDB file version   : 38
  DevTmpl offset      : 592025
  Connect offset      : 592349
  NameTable offset    : 574903
  Layer Map offset    : 167
  Cell Start offset   : 560203
  Cell End offset     : 574903
  Aux Data offset     : 592857
  Labels     offset   : 0
  Layer RW   offset   : 0
  NVP                 : 
  Scale               : 4000
  GDS Scale           : 1000
  File size (static)  : 600067
  File size (dynamic) : 0
  Cell count          : 210
  ECDB create time    : 4
  EDB info            : 10
  Top Cell            : REF_GEN_fL_2
  EDB info (Trans)    : WRITTEN_64 W_NOT_NET_ORDER 

edbToEcdb Sizes written to disk (MB):
  NameTbl             :     0.017122
  Layers              :     0.017034
  Shapes              :     0.255315
  XYTree              :     0.142292
  LookUpTbls          :     0.019138
  Cells               :     0.017408
  Insts               :     0.056430
  Ports               :     0.045270
  Nets                :     0.010184
  Pins                :     0.002373
  Labels              :     0.009296
  DevTmpl             :     0.000324
  Connect             :     0.000504
  Header              :     0.000167
  AuxData             :     0.007208
  NvnLabels           :     0.000002
---------------------------------
  Total               :     0.600067


edbToEcdb Done


Creating extraction database ...
********************************************************************************
pvsextdb 24.11-s045 64 bit (Mon Jan 27 22:18:54 PST 2025)
Build Ref No.: 045 Production (01-27-2025) [pvs_2411_rtm]

Copyright 2025 Cadence Design Systems, Inc.
All rights reserved worldwide.

Build O/S:       Linux x86_64 3.10.0-693.el7.x86_64
Executed on:     edatools (Linux x86_64 7.0.0-28-generic)
Process Id:      39353
Starting Time:   Tue Aug  4 13:22:40 2026 (Tue Aug  4 13:22:40 2026 GMT)
With parameters: -license_timeout 300 REF_GEN_fL_2.rep REPORTDB 
********************************************************************************

Processing file REF_GEN_fL_2.rep
Completed creation of REPORTDB


Netlist Extraction Finished Normally. Tue Aug  4 13:22:40 2026




Comparing netlists ...
********************************************************************************
pvsnvn 24.11-s045 64 bit (Mon Jan 27 22:18:54 PST 2025)
Build Ref No.: 045 Production (01-27-2025) [pvs_2411_rtm]

Copyright 2025 Cadence Design Systems, Inc.
All rights reserved worldwide.

Build O/S:       Linux x86_64 3.10.0-693.el7.x86_64
Executed on:     edatools (Linux x86_64 7.0.0-28-generic)
Process Id:      39367
Starting Time:   Tue Aug  4 13:22:40 2026 (Tue Aug  4 13:22:40 2026 GMT)
With parameters: -ai /home/saul/projects/LF_BG/pvsRunLVS/REF_GEN/REF_GEN_fL_2/.config.rul.rsf 
********************************************************************************

Setup VLDB (0s)
Init sch rules (0s)
Init lay rules (0s)
Init structures (0s)
Set cells to delete (0s)
Check expand on pin error (0s)
Reading schematic network
 inputting cdl netlist /home/saul/projects/LF_BG/pvsRunLVS/REF_GEN/REF_GEN_fL_2/REF_GEN_fL_2.cdl...
WARNING (NVN-13002): *.BIPOLAR is not supported.
WARNING (NVN-13002): *.RESI is not supported.
WARNING (NVN-13002): *.RESVAL is not supported.
WARNING (NVN-13002): *.CAPVAL is not supported.
WARNING (NVN-13002): *.DIOPERI is not supported.
WARNING (NVN-13002): *.DIOAREA is not supported.
WARNING (NVN-13002): *.EQUATION is not supported.
WARNING (NVN-13003): "*.SCALE" is not supported. Use ".OPTION SCALE" instead or specify  'lvs_cdn_flow_options -cdl_use_scale' in the rule file.
 finished loading cdl netlist /home/saul/projects/LF_BG/pvsRunLVS/REF_GEN/REF_GEN_fL_2/REF_GEN_fL_2.cdl (0s)
 commit cdl netlist(s)...
 finished committing cdl netlists (0s)
Post sch netlist rule processing (0s)
Reading layout network
 inputting (fast parser) cdl netlist  /home/saul/projects/LF_BG/pvsRunLVS/REF_GEN/REF_GEN_fL_2/svdb/REF_GEN_fL_2.net...
 finished loading cdl netlist /home/saul/projects/LF_BG/pvsRunLVS/REF_GEN/REF_GEN_fL_2/svdb/REF_GEN_fL_2.net (0s)
 commit cdl netlist(s)...
 finished committing cdl netlists (0s)
Post lay netlist rule processing (0s)
Processing blackBox rules (0s)
Processing bindings (0s)
Commit sch verilog netlist (0s)
Commit lay verilog netlist (0s)
Erase netlist data (0s)
Set blackbox cells (0s)
Sch put cells in memory (0s)
Sch update netlist rules (0s)
Sch set devices to delete (0s)
Sch adjust device pins (0s)
Sch calc hier order (0s)
Sch process inherited connections (0s)
Sch generate qrc files (0s)
Sch handle global pins (0s)
Sch apply rule actions with processed netlist (0s)
Sch process cell supply (0s)
Lay put cells in memory (0s)
Lay update netlist rules (0s)
Lay set devices to delete (0s)
Lay calc hier order (0s)
Lay process inherited connections (0s)
Lay generate qrc files (0s)
Lay handle global pins (0s)
Lay apply rule actions with processed netlist (0s)
Lay process cell supply (0s)
Check if interposer flow (0s)
Check binding file (0s)
Set topcell global pin indicator (0s)
Calculate preserve parameterized cells (0s)
Check generic device bindings (0s)
Calculate primitive device bindings (0s)
Remove unused device parameters (0s)
Set instances to flatten inside cells (0s)
Calculate parameters (0s)
Start sch normalization (0s)
Start lay normalization (0s)
Calculate primitive device bindings (2nd time) (0s)
Finalize binding (0s)
Sch join nets (0s)
Sch setup hier normalization (0s)
Sch remove feedthroughs and black box cell instances (0s)
Sch remove identical pins (0s)
Sch calc connection counts (0s)
Run genHierCells (0s)
Reset normalization flags (0s)
Lay join nets (0s)
Lay setup hier normalization (0s)
Lay remove feedthroughs and black box cell instances (0s)
Lay remove identical pins (0s)
Lay calc connection counts (0s)
Normalize sch (0s)
Read in color file (0s)
Set scale factor per cell (0s)
Setup property init rules (0s)
Write sch vldb file (0s)
Write lay vldb file (0s)
Apply preserve parameterized cells
Flatten schematic parameterized cells:
 rnpolyh_pcell_0
 rnpolyh_pcell_1
 rnpolyh_pcell_2
 rnpolyh_pcell_3
 rnpolyh_pcell_4
 rnpolyh_pcell_5
 rnpolyh_pcell_6
 rnpolym_pcell_7
 rnpolym_pcell_8
 rnpolym_pcell_9
 rnpolym_pcell_10
 rnpolym_pcell_11
 rnpolym_pcell_12
 rnpolym_pcell_13
 rnpolym_pcell_14
 rnpolym_pcell_15
 (0s)
Cleanup after VLDB processing (0s)
INFO (NVN-10007): Found ecdb file .REF_GEN_fL_2.ecdb, will use during comparison.

Cell comparison output format:
   <Comparing|Top Cell> <Layout Cell> vs <Schematic Cell>
      <Layout instances> insts vs <Schematic instances> insts  (<Time>)-<Status>

Top Cell  REF_GEN_fL_2 vs REF_GEN_fL_2
   1290 insts vs 1290 insts . . . . . . . . . . . . . . . . . . . . . (0s)-match

Generating the LVS report...
  Report Init (0s)
  Load common queries (0s)
  Create report (0s)
  Cleanup (0s)
Report finished

Extraction Run Summary
Total CPU Time        : 1(s)
Total Real Time       : 1(s)
Peak Memory Used      : 29.00(M)


NVN Run Summary
Total CPU Time        : 0(s)
Total Real Time       : 0(s)
Peak Memory Used      : 316.69(M)


LVS Summary
Total CPU Time        : 1(s)
Total Real Time       : 1(s)
Peak Memory Used      : 316.69(M)

    #######################################################################
    #                                                                     #
    # Run Result             : MATCH                                      #
    #                                                                     #
    # Run Summary            : [INFO]  ERC Results: Empty                 #
    #                        : [INFO]  Extraction Clean                   #
    #                        : [INFO]  Some Sections Have Been Truncated  #
    #                                                                     #
    # ERC Summary File       : REF_GEN_fL_2.sum                           #
    # Extraction Report File : REF_GEN_fL_2.rep                           #
    # Comparison Report File : REF_GEN_fL_2.rep.cls                       #
    #                                                                     #
    #######################################################################



PVS Comparison Finished. Tue Aug  4 13:22:40 2026



Creating cross reference ...
********************************************************************************
pvs_RCXxref 24.11-s045 64 bit (Mon Jan 27 22:18:54 PST 2025)
Build Ref No.: 045 Production (01-27-2025) [pvs_2411_rtm]

Copyright 2025 Cadence Design Systems, Inc.
All rights reserved worldwide.

Build O/S:       Linux x86_64 3.10.0-693.el7.x86_64
Executed on:     edatools (Linux x86_64 7.0.0-28-generic)
Process Id:      39376
Starting Time:   Tue Aug  4 13:22:40 2026 (Tue Aug  4 13:22:40 2026 GMT)
With parameters: -format C -nxf -ixf /home/saul/projects/LF_BG/pvsRunLVS/REF_GEN/REF_GEN_fL_2/svdb/REF_GEN_fL_2 REF_GEN_fL_2.rep 
********************************************************************************

Total CPU Time    : 0(s)
Total Real Time   : 0(s)
Memory Used       : 128.38(M)

pvs_RCXxref Done
Checking in all SoftShare licenses.


